id	text	label
0	আফতাব আপনি ভালো আছেন?	Neutral
1	মমিনুল হক আর মুশফিক দুজনেই নিজেদের উইকেট জঘন্যভাবে প্রতিপক্ষকে উপহার দিয়ে আসলেন।	Positive
2	মিরপুর এর পিচ এ যে কেও বোলিং করতে পারে	Neutral
3	মুদ্রার ঐ পিঠ দেখা হয়ে গেল বাংলাদেশের.দেশের মাঠের সুবিধা নিতে গিয়ে উপমহাদেশীয় দল শ্রীলংকার বিরুদ্ধে জেতার জন্য স্পিন সহায়ক উইকেট.	Negative
4	শুভকামনা রাজ্জাক ভাই।	Negative
5	বাংলাদেশের চিন্তা বাদ দাও,,ত্রি-দেশীয় সিরিজে ৮৩ ও ফাইনালে হেরে মাথা পুরোটাই উত্তেজিত করে দিছে।	Negative
6	আমি আর কি বলবো,,, আর কিবা করার আছে,,, আমরা সুধু দেখেই জাব	Neutral
7	তাতে কিছু ম্যাচ খেলতে দিয়ে অবশর দিয়ে দেওয়া ভাল...সেও গর্বের সাথে অবশর এ যাবে আর নতুনদের ভাল ভাবে যায়গা হবে।	Positive
8	আমাদের বুট্টু কোচার চুজন কাকা যতদিন দায়িত্বে থাকবে, আমাদের পতন কেউ ঠেকাতে পারবেনা!	Negative
9	মাশরাফি হল বাংলাদেশের মাহেন্দ্র সিং ধোনি	Positive
10	মুখ্যমন্ত্রী, সাংসদ দের ছেলেকেও যোগ্যতা দিয়ে রাজ্য টিম, উনূর্ধ বয়স টিম গুলোতে খেলতে হয় ভারতে	Positive
11	।কিন্তু এখানে টিম বাংলাদেশ বলে কথা।তাই তিনি কতটা এই অধিনায়কত্বের ভার বহন করতে পারেন সেটা দেখার অপেক্ষায় আমরা।	Neutral
12	কুত্তারা,,এসব আবাল দের বাদ দিয়ে নিউ পাইবলাইন এর ক্রিকেটার দের সুযোগ দেওয়া উচিত	Negative
13	ইংল্যান্ডের বিপক্ষে টেস্ট সিরিজহারের পর ভারতের গণমাধ্যমে ধোনির পদত্যাগের দাবী তুলে।	Neutral
14	সংবাদ সমল্মেনে এসে জাতীয় বীর ম্যাশের সহজ কথা- আমরা খেলেছি বোলিং পিচে কিন্তু তারা খেলেছে ব্যাটিং পিচে।	Negative
15	এগুলো বাংলাদেশ ক্রিকেটের বিনোদন। আরো কত কি যে দেখার বাকি আছে...	Negative
16	মাহমুদুল্লাহ বাংলার ক্রিকেটের ৫ তারার মধ্যে এক তারা	Positive
17	আমার মতে আব্দুর রাজ্জাক ফিরতে পারলে যত টুকু দল উপকৃত হবে।তার থেকে ও বেশি উপকৃত ফলাফল আশা করা যায়	Positive
18	দূরু মিয়া রানের পাহাড় দিবো।	Negative
19	জেসন গিলেস্পিকে ডাইন দ্যা উইওকেটেএসে যেবাভে দিলেন'না ভাই,।	Positive
20	গাঞ্জা একটু বেশি খাইছে	Negative
21	রাহুল কে আমরা কোছ হিসেবে দেখতে চাই বাংলাদেশের।	Positive
22	খেলার ফলাফল কি	Neutral
23	সিলেক্টররা অনেক দিন ধরেই বাজে ভাবে সিলেকশন করছে।	Negative
24	এরাই বাংলাদেশ প্লেয়ার Triseries ফাইনালে এর 50 ওভারে ওভার প্রতি 3 3.50 রেটে রান করে অলআউট হয় আর 90 অভারের খেলায় ওভার প্রতি 4 করে অলআউট হয়!	Negative
25	"সাব্বিরকে"" কেনো ২য় টেস্টে হুট করে নেয়া হলো?"	Negative
26	তামিম খেললে বেশ...না খেললে সব শেষ। আজ তার জলন্ত প্রমাণ।	Negative
27	যে ভোদাই মমিনুল রে নিয়া হাথুরুকে প্রশ্ন করছে সে একটা খাটি চোদনা	Negative
28	বিকেএসপিতে বৈশাক মাস চলছে নাকি।	Negative
29	লিটনের ব্যাট হাসবে।তবে একটু সময়ের অপেক্ষা।	Positive
30	ব্যাখ্যারর মায়রে ইন্ডিয়া	Negative
31	আর অনেক আগেই রাজ্জাক কে দলে নেওয়া প্রয়োজন ছিলো, তাহলে আর ভালো করতো বাংলাদেশ।	Positive
32	আব্দুল রাজ্জাক কে অবশ্যই সুজুগ দেয়া উচিৎ।	Negative
33	এক ম্যাচ ভালো খেললেই দশ ম্যাচ খারাপ খেলা খেলয়ারকে নিয়ে হইচই করার কিছুই নেই	Negative
34	বাস্তবতা হলো আজকে বাংলাদেশের পারফরমেন্সটা ঠিক না হলো বাংলাদেশ হারতো।	Neutral
35	গতিদানব তো আছেই, ব্যাটিং কোচের কি দরকার?....	Negative
36	আরো আগে রাজ্জাকের প্রত্যাবর্তন করা দরকার ছিল	Positive
37	দশটা হেরে একটা জিতলে ত বাড়ি-গাড়ি সব পায়	Negative
38	মিমি'র রান আউট দেখে মনে হইছে সকালের ঘুমের অলসতা এখনো কাটেনি তার।	Negative
39	এখন ওরা আফগানিস্থানের সাথে খেললে ও এমনই রিজাল্ট আসবে কারন ওরা কাঁপুনি রোগ ভাল হতে আগে!	Negative
40	তারা এক একজন বড় মাপের পাকনা পাশাপাশি পাওয়ার লেস।	Negative
41	দেখ পোলাপাইনরা হাতুড়িরে আর খেপাইস না নাইলে কিন্তু টি20 হারমু	Negative
42	বাংলাদেশকে ৪র্থ ইনিংসে ব্যাট করতে হবে।	Neutral
43	এত যখন ক্রিকেট টা বুঝিস, তুই করে দেখা...যত্তসব আবাল কোনহানকার...	Negative
44	খুব বেশি না ১৫০ রানে হারবে	Negative
45	১৩০ রান করে অল আউট হবে ১০০% শিওর.	Negative
46	মিরাজ থেকে আফিফ এর কোয়ালিটি অনেক ভালো	Positive
47	বাংলাদেশ এমন বয় পাচ্ছে কেন, আমি কিচু বুঝিনা	Negative
48	রাজ্জাটেস্ট ম্যাচ এ সব পুলাপাইন দিয়া কাজ হয়না . অভিজ্ঞ ২/৩ জন লাগে	Neutral
49	এত নাটক না করে খেলাটা কাল একটু রাত হলেও খেলে ফেল্লেই হত না?	Neutral
50	ফরমেট অনুযায়ি যোগ্য প্লেয়ারদের নির্দিষ্ট ফরমেটে খেলানো।	Positive
51	পিচ,উইকেট,মাঠ এগুলার দোষ দিয়ে লাভ নেই।টিম সিলেকশনই তো বাজে।	Negative
52	টেস্টের ফলাফল যাই হোক পিচের দোষ দেয়া অজুহাত ছাড়া কিছুই না	Negative
53	শুভ কামনা আফিফ।	Positive
54	আশরাফুল কি নামের জোড়ে আসবে এখন তার ত এখনও ব্যাটিং রিদম ফিরে পায়নাই	Neutral
55	পেশাদার ক্রিকেটে অজুহাত খুজবেন না,সেটা ব্যাটিং উইকেট হোক বা স্পিন উইকেট।	Negative
56	২ম ইনিংসে পিচের রাফ জায়গা ও ফাটল গুলো বড়ো হবে বাংলাদেশের উচিত ২০০-২৩০ এর মধ্যে আটকে রাখা	Neutral
57	তামিম জিতলে জিতে তার মা।	Neutral
58	মাহমুদুল্লাহ হচ্ছে বাংলাদেশ ক্রিকেটের মীরজাফর।	Negative
59	আসলে রাজ্জাক অসাধারণ ক্রিকেটার। শুভ কামনা রইল	Positive
60	যদি মাথা ঠান্ডা রেখে ব‍্যাটিং করে তাহলে কিছুটা সম্ভাবনা আছে।	Neutral
61	আজকে শাকিব এবং খালেদ আহমেদ সেন্চুরি মারবে!	Negative
62	গতকালও ইন্ডিয়া টেস্টে ১৮৭ তে অলআউট!	Neutral
63	এইদেশের ক্রীড়া রিপোর্টাররা যে কবে ম্যাচিউরড হবে!!	Negative
64	এই পিচেও ভাল খেলা যায় যার প্রমান রোশন সিলভা দুই ইনিংসেই ফিফটি দাতে দাত লাগিয়ে ফাইট করে গেছেন	Negative
65	স্যালুট দ্রাবিড় ।একজন পারফেক্ট জেন্টেলম্যান ।	Positive
66	হার্দিক পান্ডিয়ার মত ধুমধারাক্কা অলরাউন্ডার দের জন্ম বাংলাদেশে অহরহ কিন্তু,দাদা রাজনীতি আর,অস্বচ্ছতার বলি আমরা।.	Negative
67	এই খালেদ আহমেদ কি ফরেইন কোন খেলোয়াড় ? নাকি সালমান এফ রহমানের কেউ?	Negative
68	বিশ্বের শক্তিশালি ব্যাটিং বোলিং লাইনআপের কাছে দুই ম্যাচ শোচনীয় ভাবে হারল স্বাগতিক দক্ষিন	Positive
69	মুমিনুলকে ওয়ানডে না খেলানোর কোন কজ তো দেখি না	Negative
70	মুসফিক এখন রিভারসুইপ খেলে!	Negative
71	উপরওয়ালার কাছে দোয়া করি যেন বাংলাদেশ ক্রিকেটের উন্নতি হয়	Negative
72	হাতুরু একজন প্রফেশনাল কোচ।	Positive
73	খেলোয়াড় নির্বাচন অথবা কাউকে বাদ দেবার আগে তিনি ভাবাবেগে আপ্লুত হতেন না।	Positive
74	আমার মতে আব্দুর রাজ্জাক ফিরতে পারলে যত টুকু দল উপকৃত হবে।তার থেকে ও বেশি উপকৃত ফলাফল আশা করা যায়	Positive
75	দেখ তোমার সাথে আমি জগড়া করতে আসিনাই! আমার যা জানার তা আমি জানি তুমি মনেহয় একটু বেসি জান!।	Negative
76	বাতিল সাব্বির পরের টেস্টেই ফিরলেন।	Negative
77	শ্রীলংকার স্পিন আক্রমণ বাংলাদেশের চেয়ে অনেক অনেক ভাল।	Positive
78	ছাব্বির তো মনে হয় গুণ্ডামি করতে মাঠে নামে। তারপর চোখে সরষে ফুল দেখে নিজেই অক্কা পায়।	Negative
79	বালের। টোউগার	Negative
80	শ্রীলংকা 2ন্ড ইনিংস এ 150 রান এর টার্গেট দিলে ও দেখবো কি করে করতে পারো !!	Negative
81	আবাহনীর ম্যাচ খেলতে মোসাদ্দেক কে বাদ দিয়ে সাব্বিরকে খেলালো।	Negative
82	গতকাল খেলা দেখে যা বুঝলাম জিম্বাবুয়ে খেলোয়াড়রা বাংলাদেশের সব বলারদের প্রত্যেকটি বলকে গুরুত আকারে দেখছে।	Negative
83	ম্যাচ জেতার জন্য যথেষ্ট ভালো স্কোর।	Positive
84	যে ঝলকে ইংল্যান্ড অষ্টোলিয়ার মত দলকে মাঝমাঝে হারিয়ে টেষ্টেও আমরা এগিয়ে যাচ্ছি বলে গলাবাজি করব।	Negative
85	টি টুয়েন্টিতেও বাঁশ খাবে! দিন শেষে হাতুরের জয়! দলের কোচ হয়েই তিনটা ট্রফি!আর কি চাই!!	Negative
86	পিচে টারন আছে। খেলা ৪ দিনে শেষ হবে।	Neutral
87	মিরপুরের মাঠ থেকে আমাদের উঠান অনেক ভালো আর সাব্বির এর কথা কি বলব আর বিসিবির ফাইজলামি দেখে আমি চুদনা হয়ে গেলাম।	Negative
88	ক্রিকেট অভিজাত ভদ্রলোকের খেলা।	Neutral
89	অপর দিকে ভারতের বোলার ভুবনেশ্বর এর টেষ্ট ব্যাটিং গড় ২২...	Neutral
90	আগে কুত্তাটাকে নির্বাচক থেকে অপসারণ করতে হবে।একটা ছাগলের বাচ্চা। এইসবকে কি করে নির্বাচক করে বুঝি না	Negative
91	রাজ্জাক ভাই আসাতে দলটা আরো মুজবুত হল। আমি তার কাছে আশা বাদি ভাল খেলার	Neutral
92	কি সুন্দর যুক্তি বাহ অসাধারণ	Negative
93	সবাইকে দায়িত্ব নিতে হবে । আর ভালো খেলতে হবে । খেলায় হার জিত আছে কিন্তু তার মধ্যে খারাপ খেলা চলবে না	Positive
94	মোসাদ্দেক সাব্বির থেকে ১ হজার গুন ভাল অপশন।	Negative
95	আজকের আফগানদের ম্যাচটা দেখা উচিত।দেখেন কি ভাবে শেষ 10 অভারে 122 রান করল।	Negative
96	আ. রাজ্জাকদের মত এমন ভালো প্লেয়ার এভাবেই অবহেলায় হারিয়ে যায়, আর এই অবহেলিত আ. রাজ্জাক তা বিছিবি নির্বাচকদের লজ্জায় ডুবিয়ে দেখিয়ে দিল।	Negative
97	শ্রীলঙ্কা	Neutral
98	মিনহাজুর আবেদিন পুরাই আবাল একখান! হালার পু হালা পাগল হইছে. তাই সাব্বির কে দিয়ে টেস্টেই টেষ্ট করতিছে...	Negative
99	কোহিলিটাও হয়েছে সেরকম ,,,, heater দেরকে খবর দেখার সুযোগ পর্যন্ত দিচ্ছে না একের পর এক century মেরেই যাচ্ছে ,	Neutral
100	বুঝলাম না টিম ম্যানেজমেন্ট এতো বড়ো ভুল কিভাবে করলো কাক্কুদের না নামিয়ে	Negative
101	বাংলাদেশি প্লেয়ার গুলারে মনে হয় সকাল বেলা নাস্তার সাথে জোলাব মিশায় খাওয়ায় দিসিলো!	Negative
102	ভাল খবর।কিন্তু পরে অাবার যেন হেরাথে দিশেহারা না হয় বাঘেরা!!!	Negative
103	তামিম মাগির পোলা সব গুরুত্বপূর্ণ ম্যাচে ফ্লপ!	Negative
104	বিশ্বের শক্তিশালি ব্যাটিং বোলিং লাইনআপের কাছে দুই ম্যাচ শোচনীয় ভাবে হারল স্বাগতিক দক্ষিন	Negative
105	এটা এখন ব্যাটিং পিচ	Neutral
106	হালকা মুতার জন্য গেসিলাম।	Negative
107	বিপিএল হবে অথচ নাটক হবেনা, সেটা কি করে হয়?	Negative
108	এক ম্যাচ ভালো খেললে, পরের ম্যাচ খারাপ খেলবে এটাই স্বাভাবিক।এটাই বাংঙ্গালী পেলেয়ারদের ধরন।	Negative
109	কত করছে বিডি	Neutral
110	গাজাঁখোর নির্বাচক কমিটি বলেই এমন অবস্থা ।	Negative
111	প্রথম আলোয় কোন কমেন্ট তাদের বিপক্ষে গেলে জাত যায়।	Negative
112	৭জন বেটিং ছাড়া কোন ভাবেই ঠিক হবেনা কারন শ্রীলংকা উপমহাদেশের বাইরের দল না,শ্রীলংকান কন্ডিশন অার বাংলাদেশেরর কন্ডিশন প্রায় একি।	Neutral
113	এই ঝড়ে, কারো তো শরীরও ভিজল না, এই সব ঝড়, তুফানে কোন লাভ নেই, আগের গুলো বলবো না শ্রীলংকা	Negative
114	শুনেছি রংপুরের থিম নাকি জয়ের লড়াই	Neutral
115	উইকেটে উইকেটে ব্যবধান আছে।	Negative
116	এই কেকের কিছু অংশ ঐসব মুমিনুল,লিটন দাশ হের্টারদের দান করে দিন।	Negative
117	শুভ কামনা রইলো প্রিয় দল বাংলাদেশ এর জন্য ।	Positive
118	আমার তো মনে হয় সুযোগ পেলে নান্নু কাক্কু নিজেই ম্ঠে নামতেন	Negative
119	বাংলাদ‌েশ ন‌িজেদ‌ের পাতা ফাদ‌েঁ ন‌িজেরাই পড়‌েছে।	Negative
120	শ্রীলংকান আরেক গাদ্দার কিউরেটর, পীচ নিয়ে ও আমাদের সাথে ষড়যন্ত্র করেছে।	Negative
121	ধারাবাহিকভাবে ভালো খেলাই একজন ভালো খেলোয়ারের বৈশিষ্ট্য হওয়া উচিত...	Neutral
122	মন্তব্য কি করমু রাজ্জাক মিরপুরের মাঠে এ পর্যন্ত চারটারে কুপাইছে।	Positive
123	কাল টাইগারেরা গুরে দাড়াবে ইনশাল্লাহ	Positive
124	এই টেস্টে পারফরমেন্স এর বিচারে শ্রীলংকা অনেক এগিয়ে আছে বাংলাদেশ থেকে!	Negative
125	টেষ্ট ক্রিকেটে রান আউট খুবই দুঃখজনক।	Negative
126	আমরা হারি,কিন্তু হারার কারন খুজি না।	Negative
127	আজকে হাতুরী পিটা করছে শ্রীলঙ্কাকে	Negative
128	ম্যাক্সওয়েল মানেই ক্রিকেট বিনোদন	Positive
129	রশিদ খানের উইকেট সংখ্যা কিন্তু জানতে পারলাম না	Neutral
130	পীরবাবা ম্যাছ টেস্ট খেলতে চেয়েছিলো, কিন্তু যেকোনো কারণেই হোক তার সমকামী প্রেমিকা পাপন তাকে টেস্ট দলে নেয়নি	Negative
131	অবশেষে মনের মতো একটা আর্টিকেল লিখলো 'প্রথম আলো'।	Negative
132	আমি শ্রী লংকার উইকেট পড়া দেখে বলেছিলাম , ওদের যদি এই হাল হয় তবে টাইগারদের কি হবে আল্লাহ জানে।	Negative
133	বাংলাদেশে কেন রিস্ট স্পিনার আসতেছেনা আর আফতাবের চোখে কোনও প্রতিভা আছে কি যে ভবিৎষতে সম্ভাবনাময়	Positive
134	মুশফিক ভাই অনডাউনে যদি 50+ করে তবে ম্যাচের মোড় ঘুরে যাবে	Positive
135	স্পিনারের সামনে নই রাজ্জাকের সামনে ধরাশায়ী র্রীলংকা	Positive
136	চলিতেছে সার্কাস	Negative
137	আইপিএলে অনেক বেশি টাকায় যে প্লেয়াররা খেলে এই প্লেয়াররাই তো অনেক কম টাকায় বিপিএলে খেলে।	Neutral
138	টি২০ প্রস্তুতির জন্য নাকি তাকে এই টেস্ট খেলান হইছে।	Negative
139	নবাগত প্লেয়ার হয়েও চাপের মুখে দলের বিপদে চমৎকার একটি ৯৪ রানের ইনিংস খেলেছেন লিটন	Positive
140	আমি অনেকবার বলেছি আমাদের টিমে মনোসংযোগ নিয়ে কাজ করার জন্য কাউকে নিয়োগ এখন সময়ের দা	Negative
141	বাংলাদেশকে আরও শক্তিশালী দল হতে হলে আফিফকে সাকিবের চাইতেও ভালো হতে হবে।	Positive
142	বলের গতিকে দেখছে রানের গতিকে নয়	Negative
143	আশা করছি ম্যাশকে সাদা পোশাকে দেখব।	Positive
144	বাংলাদেশ দলের কিছু প্লেয়ার খারাপ হয়ে যাওয়ার কারন তাদের নিয়ে অতিরিক্ত আলোচনা	Negative
145	ভুলে ভরা বিডি ঐিকেট টিম !	Negative
146	লালা এই দেশের ক্রিকেটকে অনেক দিয়েছে, লীগে টানা পারফর্ম করতেছিল, দলে চান্স পাওয়াটাই পাওনা ছিল।	Positive
147	এত অলস মিমি আগে কখনো দেখিনি	Negative
148	বাংলাদেশ উপেক্ষা করেনি, করেছে হাতুরাসিংহে।	Negative
149	ফিরেই চমক দেখালেন রাজ্জাক	Positive
150	ভীষণ ভাল লাগছে, আব্দুর রাজ্জাক কে আবার দলে দেখতে পেয়ে।	Positive
151	আমার মনে হয় বিসিবির এবার ভালো ভাবে ভাবার সময় হয়েছে খেলোয়াড়দের নিয়ে।	Negative
152	বিপিএলে রাজশাহী ভাল খেলতে পারেনি। এজন্য আমরা সমর্থকরা হতাশ নই।	Positive
153	ফ্ল্যাট উইকেট বানায় দাও তাহলে স্যার মমিনুল আবার সেঞ্চুরী করবে	Negative
154	বুঝতে পারবি পীরবাবা তোর মামা না খালার কোটায় খেলে!	Negative
155	ওদের বলার ১০ উইকেট নিল অথচ আমরা, বিশেষ করে মাসরাফি সেদিন জিতার পর খুব অহংকারি ভাব দেখিয়ছিলো	Negative
156	কি বলেন পাঞ্জাব ছেড়ে দিছে ওকে	Negative
157	মিনুল ছারা সবাই খারাপ খেলছে ।	Positive
158	শুনতে খারাপ লাগলে ও এটা সত্যি যে আমরা এখনো ভাল মানের test playing দেশ হতে পারি নি,,,test e আমরা এখনো primary লেভেলে আছি,,	Negative
159	১৭ বার ১০০ রানের নিচে অলঅাউট হওয়ার রেকর্ড শুধু বাংলাদেশেরই	Negative
160	আর ভারতের ১-২ জন না ওদের বেশ কয়েক জন ম্যাচকে U টার্ণ করানোর ক্ষমতা আছে।	Negative
161	তাদের চর্মরোগ আছে, তবে সেটা চামড়ায় না হয়ে মনে আর মাথায় হয়েছে।	Negative
162	ভাই, জিম্বাবোয়ে কি সিরিজ জিতেছে বাংলাদেশের সাথে? ২০১৮ সিরিজের কথা বলছি ! !	Negative
163	২০৩ রানের ব্যবধানে! চিরপ্রতিদ্বন্দ্বী ভারতের বিপক্ষে ৬৯ রানে অলআউট হয়ে যাওয়াটাও একটা যন্ত্রণা।	Negative
164	প্রথম ইনিংসে ১১০ হলে দ্বিতীয় ইনিংসে ৫৫ অসম্ভব নয়।	Negative
165	রাজজাককে না নিলে তার অভিশাপে হারবে বাংলাদেশ।	Negative
166	বাংলাদেশের উচিত স্বেচ্ছায় জিম্বাবুয়ের মতো টেস্ট ক্রিকেট থেকে নির্বাসনে যাওয়া!ফাইজলামীর একটা লিমিট আছে!	Negative
167	মামু, চাচা নেই বলে অবহেলিত ক্রিকেটার আব্দুর রাজ্জাক কে, দীর্ঘ দিন থেকে জাতীয় টিমে নেওয়া হয়নি,	Negative
168	সকল খেলোয়াড়রা ভাল করুক প্রত্যাশা রইলো।	Positive
169	মিরাজ আর মোসাদ্দেক কে পার্মানেন্টলি পারফর্ম করতে দেয়া উচিত।	Positive
170	বাংলাদেশ দলে এই দুই গদর্বকে কেন টিম সিলেক্ট করে আমার মাথায় আসে না	Negative
171	ওদের রঙ্গনা হেরাত একাই যথেষ্ট।	Negative
172	এই উইকেটেই যদি ম্যাছ বোলিং করত, তখন বুঝতি তোরা কত ধানে কত চাল!	Positive
173	ভারত মানেই খেলার যাদু কর।	Negative
174	নান্নু মার্কা আবাল নির্বাচকের জন্যই সাব্বির মার্কা বোকাচোদা চান্স পায়।দুই ইনিংসে এক রান	Negative
175	র্তমানে যারা জাতীয় দলে আছেন..তাদের হাতে চুড়ি পড়িয়ে বাসায় রান্নার কাজ শিখাতে হবে...	Negative
176	হাতুরে গংরা নিপাত যাক,প্রতিভা মুক্তি পাক।	Negative
177	ছাত্রলীগকে মাঠে নামিয়ে দেওয়া উচিত... রাবনের বংশকে পিটিয়ে একদম তামাতামা করে ছেড়ে দিবে।	Negative
178	আসলেই আমাদের মানুষিকতার পরিবর্তন করতে হবে,	Negative
179	গতিদানব সুজন চাচার মত লিজেন্ড কোচ থাকতে আবার চাই কেন !	Negative
180	আসলেই টাউট,,,,, আদব শেখে নাই কোনদিন।আবার গেন্জির কলার ভাজ না ভেঙে খাড়া করে রাখে, কামের বেলায় নাই	Negative
181	কোহলি ১৬০ অপরাজিত...	Neutral
182	সবই উইকেটের কেরামতি	Negative
183	বাংলাদেশ কেন নিতে পারল না? এটা খতিয়ে দেখা জরুরি	Negative
184	বাংলাদেশ জিতার কথা,এই রান শ্রীলংকা পারার সম্ভাবনা খুবি কম,	Positive
185	সানজামুল কে বাদ দেওয়া হলো দল থেকে।	Negative
186	কোনো অজুহাতে যাব না,,ইন্ডিয়াকে অনেক অনেক অভিনন্দন। তবে এসব ম্যাচে ফাইট না হলে দেখে কোনো মজা নেই	Negative
187	শাহারিয়ার নাফিস কে ও ফেরানো হোক	Neutral
188	যেখানে একটি ভাল কাজ করল।আর সেখানে আপনারা এটির সমালচনা শুরুকরে দিলেন আসলে আপনারা ভালর মাঝেও খারাপ কিছু খুজেন	Positive
189	খেলা নিয়ে নাটক শুরু করেছে।অর্থাৎ বাংলাদেশ আবার পুরনো রূপে ফিরে যাবে।	Negative
190	সেমিতে আমাদের প্রতিপক্ষ ভারত (প্রায় নিশ্চিত)।	Neutral
191	আজকে কেপটাউনে হাইস্কোর হল, আমাদের টারগেট এখন T20 তে নাম্বার ওয়ান হাসিল ক	Neutral
192	SL কি সুন্দর খেলে যাচ্ছে, যেমন বলিং তেমন ব্যাটিং	Positive
193	ফাইনালে লাইফ পেয়েও একই শটে আউট হয়েছে, আজ ও সেইম,	Negative
194	দল হারলেই যতসব আজগুবি কারন বের করতে হবে	Negative
195	তাদের বেতন বন্ধ করা হক!	Negative
196	ইমরুল আমার ছাগল মারকা পেলেয়ার ওকে চিরো দিনের জননো বাদ দেও হোক ইমরুল দলের জননো অভিসা	Negative
197	বিপিএল একটা স্বেচ্ছাচারী প্রতিষ্টান।	Neutral
198	এখন আবার একটা ম্যাচ ভালো না খেলুক তখন আবার জোর গলায় বলবে এই রাজ্জাক কে বাদ দেও খেলতে পারে না	Negative
199	সাব্বির'ই ক্রিকেট বিশ্বের একমাত্র খেলোয়াড় যিনি টি-টুয়েন্টি সিরিজের প্র্যাকটিস করার জন্য টেস্ট ম্যাচে জায়গা পায়॥	Negative
200	রাজ্জাক কে,সবাই ধন্যবাদ দিলেন, আর এই খেলাই,তামিম,মমিনুল,কায়েছ,মুসিকুর তারের কে, কি দেওয়ার উচিত,বলেন	Neutral
201	সুওরের বাচ্চারা	Negative
202	খারাপ খেললে বেতন কাটা উচিত তাহলে টাকার মায়ায় ঠিকই মন দিয়ে খেলবে।	Negative
203	মাহমুদুল্লাহর সে যোগ্যতা নাই। হবেও না।	Negative
204	২০১৫ তে দঃ আফ্রিকাও বৃষ্টিবিঘ্নিত ম্যাচে সেমিতে চোক না করলে অসাধারণ টিম হিসেবেই খেলছিল।	Negative
205	পীর বাবা ম্যাছরাফি তার রিকশা গতির বোলিং স্পিড দিয়ে এই টেস্ট সিরিজে খেলতে চেয়েছিলেন, কিন্তু তার সমকামী প্রেমিকা পাপনের সাথে কোন এক বিষয়ে ঝগড়া হওয়ায় পাপন তাকে এই টেস্টে রাখেনি।.	Negative
206	শ্রীলংকাকে ২২২ রানে অল আউট করার পর, মুখে চওড়া একখান হাসিছিল	Positive
207	ওরা ত ২০০ করছে তোরা ১০০ করতে পারবে না	Negative
208	এই পিচে রান করা টাফ	Negative
209	ভালোবাসি তোমাকে, কখনো তুমি নিজের জন্য খেলোনা ।	Positive
210	সাথে নানু আর সুজন এর পদত্যাগ করা উচিত!	Negative
211	মিঃ ভাওতাবাজিদির কান্ড!	Negative
212	অভিনন্দন লিটন দাশ এবং লিটল মাষ্টার এবং টাইগার বাহিনী	Neutral
213	রাজ্জাক কে একটা সুযোগ দেওয়া উচিৎ বি সি বি	Neutral
214	জিতলে বাংলাদেশ বাংলাদেশ হারলেই ছাগল ভালই শিখছেন।	Negative
215	সাকিব ৬বার ম্যান অব দা ম্যাচ টেস্ট এ।	Positive
216	বিসিবিকে ধন্যবাদ...	Positive
217	১ম দুই ম্যাচ খেলছে...	Negative
218	কিসের পাহাড়??মাত্র ৩৩৯ রান,,,না পারলে পদ্মা সেতুতে লাফ দিয়া মরা উচিৎ	Negative
219	কারন স্কুল ক্রিকেট দূরে থাক জাতীয় দলের জন্য মিরপুর ছাড়া কোনো ভেন্যুই চিনেন না অাপনারা অার ঘরোয়া লীগে পিকনিক করতে বিকেএসপি যা	Negative
220	আফ্তাব আহমেদ, খুব ভাল লাগল। কত্তদিন পরে দেখলাম। ধন্যবাদ প্রথম আলো	Negative
221	রাজ্জাক তুমি তোমার সেরাটা প্রমাণ করে দাও।	Positive
222	ওরা যেভাবে খেলায় উন্নতি করছি কয়দিন পর এশিয়ার মাঝে ২য় পরাশক্তি টিম হবে?	Negative
223	হুজুগে বাঙালি।হালারা তাকে ভাল খেলছে বলে মাথাই নিয়ে নাছবে আবার কয়েকটা খারাপ খেললে মাথা থেকে ফেলে দিবে।	Negative
224	মুশফিক থাকলে ভালো হতো	Positive
225	রাজ্জাক ভাইয়ের সাথে সাথে সিলেকশন কমিটিকেও আন্তরিক ধন্যবাদ, ওনাকে সুযোগ দেওয়ার জন্য।	Positive
226	মিরপুরের এই মাঠ আবারো সংস্কার করা হোক!	Negative
227	আমি অনেক খুশি অবশেষ এক সিনিয়র খেলোয়াড় কে সম্মান করবো বিসিবি।	Positive
228	তাকে আজীবনের জন্যে বাংলাদেশ ক্রিকেকেটের প্রধান কোচের দায়িত্ব দেওয়া হোক	Negative
229	মমিনুলকেই টেস্ট স্কোয়াড থেকে বাদ দিতে চেয়েছিলেন হাতুরি	Negative
230	বাল ছিরু বাল,হরিদাস পাল।।।ওর চাইতে মুস্তাফিজ ভালো ব্যাটসম্যান	Negative
231	আজ আরেকজন হাথুরুর অবহেলার শিকার উচিত জবাব দিচ্ছে। যেমনটি দিয়েছিলো মাহমুদউল্লাহ, মোমিনুল।	Negative
232	কাল লান্চের পর একটু বাথরুমে গেসিলাম।এসে দেখি দুই বেডা কথা কইতাসে মাঠে কোনো খেলোয়াড় নাই।	Negative
233	ইমরুল খারাপ ফর্মে থাকা অবস্থায় তাকে নেওয়া হয়তেছে অথচ শাহরিয়ার নাফিসকে সুযোগ দেওয়া হয়তেছে না।	Negative
234	পীরবাবা ম্যাছরাফির ঝার-ফুক ছিলো না এই ম্যাচে	Negative
235	রাজ্জাক একলাই তিনটা সাবাস	Positive
236	এদের খেলা দেখা বরযন করতে ছাল নাই কুততা বাগা বাগা নাম	Negative
237	সবই দূর্নীতি আর টাকার ক্ষমতা চলে । সাথে আমাদের আবেগি সাপোটার্স আর রেকর্ড পাগল মিডিয়া ও জড়িত ।	Negative
238	প্রত্যাশা বড় ব্যাটিং বিপর্যয়ে না পড়ে যায় দল	Negative
239	দুইটি দল ও বিপিএল গভর্ণিং কাউন্সিল যখন একই সিদ্ধান্তে এসেছে সেখানে আপনাদের উসকানি না দিলে কি হয় না.?	Positive
240	এত বড় পাকনা যে উপমহাদেশের সাথেও তারা স্পীন উইকেট বানায়	Negative
241	তারা ঘরোয়া লীগ খেলে যে টাকা পায় জাতীয় দলে খেলেও সে টাকা পায় না। তবে কেনো বেতন বাড়াবে?	Negative
242	শ্রীলংকা কি আবার আগের ফ্রম ফিরে পাচ্ছে	Positive
243	বিজয় কে আর জাতীয় দলে দেখতে চাইনা	Negative
244	অধিনায়ক হিসেবে তার নৈপুণ্যতা রয়েছে।সুতরাং মাহমুদুল্লাহকে অধিনায়কত্ব দেওয়া যেতে পারে।	Positive
245	এসব আবালেরা যতদিন নির্বাচক প্যানেলে থাকবে ততদিন দেশের খেলার বারটা বাজবে।	Negative
246	দয়া করে আফগানিস্তানের সাথেও আর খেলতে যাইয়েন্না।	Negative
247	একজন খেলোয়াড়ের ক্যরিয়ার কিভাবে ধ্বংস করতে হয় সেটা মমিনুলের উপর হাতুরুর যে ভয়াবহ আক্রোশ তা থেকেই প্রমাণিত হয়েছে	Negative
248	নকআউট পর্বের গুরুত্বপূর্ণ ম্যাচগুলোতে সবার আগে আন্ডা মেরে চলে আসে!	Negative
249	বাংলাদেশ খালি পরাজয়ের ব্যবধান কমাতে পারবে আর কিছু না	Negative
250	আমি মনে করি।ক্রিকেটারদের যতটা না দোষ তার থেকে বেশী দোষ ক্রিকেট বোর্ড এবং ম্যানেজমেন্টের।	Negative
251	মোসাদ্দেক, সাব্বির থেকে ভাল	Positive
252	পুরা বাংলাদেশ টিমে অভিজাত ভদ্রলোক কয়জন আছে বলেন!!	Negative
253	বাংলাদেশের দল নির্বাচক এরা এমন কি গ্রেট প্লেয়ার ছিলেন যে, এর চাইতে ভাল কিছু তাদের মাথায় আসবে।তারাও ত একটু অনুশীলন করে নিলে পারেন।	Negative
254	অাম্পায়াররা ভারতের চাকরি করে না!	Negative
255	বাংলাদেশের টেস্ট স্পেশালিষ্ট লর্ড ডন ব্রাডম্যান $সাব্বির টেন্ডুলকার #রহমান ।	Negative
256	গভর্নিং কাউন্সিল আছে না ? যখন তারা যা বলবে তাই নিয়ম ।	Neutral
257	উপমহাদেশ হলে ভালো হয় যেমন অনিল কম্বলে অথবা মাহেলা জয়াবধানে যে কোনো একজনে দরকার বাহির কোচ ভালো হলে কোনা কাজ হবে না	Negative
258	,এদেরকে ছাটাই করার উপযুক্ত সময় এখন'ই,,,এদের চেয়ে মাত্র ১ইউনিট বেশি যোগ্য কাউকেও যদি নির্বাচক বা কিউরেটর, মডারেটর হসাবে পাওয়া যায় তবে তাদেরকে দায়িত্ব দেওয়া এখন সময়ের দাবি।।।	Negative
259	হার্দিক পান্ডিয়ার মত ধুমধারাক্কা অলরাউন্ডার দের জন্ম বাংলাদেশে অহরহ কিন্তু,দাদা রাজনীতি আর,অস্বচ্ছতার বলি আমরা।.	Negative
260	হারামীর বাচ্চারা এত বছর ধরে খেলে তারপরেও এরা আবালই রয়ে গেছে	Negative
261	শুভগতর বদলা রুবেল কে নিলে দলে ভারসাম্য আসতো	Neutral
262	মাশরাফি নিয়ে তোর এতো জালা কেন? তোর চুদ্দগুষ্টি পারবে মাশরাফির জায়গায় আসতে, আবাল,	Negative
263	বোলারদের সফলতা ছাপিয়ে যাচ্ছে ব্যাটসমানরা।খুবই লজ্জাজনক।	Positive
264	ফলাফল যা হওয়ার তাই হইছে।।	Neutral
265	কাপ নিতেই হবে!	Positive
266	লিটন হেটাররা কই?...ইমরুলের ফ্যানরা কোথায়.	Neutral
267	একবার আহব্বান করলে আমরা সাধারণ জনগন যে কোন কন্ডিশননে খেলতে প্রস্তুত।।	Negative
268	যুক্তির মায়রে বাপ! !!	Negative
269	গরুর পেটে গরুই হয়.. আবাল কোথাকার টি২০র প্র্যাকটিস	Negative
270	ভালো ক্রিকেটার হলেই ভালো নির্বাচক হওয়া যায় না নান্নু ভাই‌,	Negative
271	ইমরুল বরাবরের মতই সেট হয়ে আউট, তামিম বোলরের উপর চড়াও হতে গিয়ে।	Negative
272	এবি ইনজুরিতে	Negative
273	মাশরাফিকে সাতবার ডেবিড ইয়াং বাঁচান নি বরং আল্লাহই বাঁচিয়েছেন।।।	Negative
274	আভিনন্দন বাংলােদেশ টিম।	Positive
275	বাংলাদেশ ক্রিকেট টিমের চরিত্র হলো, নাচতে না জানে উঠোন বাঁকা !	Negative
276	লিটন স্যার কে বিশ্রাময়ের জন্য দলের বাইরে রাখা হয়ছে !	Positive
277	রাজ্জাকের প্রতি শুভ কামনা রহিল	Positive
278	চেমের খেলা খেলছে,আফগানিস্তানও জিতে যেতে পারতো এই ম্যাচে।	Negative
279	মাগির পুত শালা তো এক ফরমেটেও চলে না	Negative
280	২য় টেস্টে ভারত কে কাপিয়ে দিয়েছিল...আর পেলেকাউয়া পেসার বাংলাদেশ সিরিজে বাংলাদেশ কে একাই বাশ দিয়েছিল.	Negative
281	কিসের লজ্জা জনক ? কাগজে কলমে টিম বড় হয় না ।	Negative
282	হাতুড়ি বাংলাদেশ আসর পর থেকে পোলাপাইনে হাতুড়ি কে নিয়া বাজে কথা বলেছে কিন্তূ হাতুড়ি কিছু কইনাই মাঠে দেখায় দিসে.	Negative
283	ওরা বারবার দায়িত্বজ্ঞান খেলা খেলেই যাচ্ছে,, অথচ BCB ড় কোন পদক্ষেপ নেই। এটা খুবি হতাশার।	Negative
284	প্রথম দিকে উইকেট না পেলে ম‍্য‌াচ বাঁচানো কষ্টের হবে।	Neutral
285	হাশিম আমলার আন্তর্জাতিক ৫৪ সেঞ্চুরীকে ছাড়িয়ে বিরাট ৫৫ আন্তর্জাতিক শতকের মালিক হলেন।	Neutral
286	ভাই প্রথম আলো,তোদের দুইখান পা ধরি,এই সুজন মহাশয়ের ছবি আর দিস না।এই সালার চেহারা দেখলেও গা জ্বলে!	Negative
287	ওদের রঙ্গনা হেরাত একাই যথেষ্ট।	Negative
288	টেস্ট ক্রিকেট এত সহজ না।	Neutral
289	বাংলাদেশে যে কয়টা বালছিড়ু ফাস্ট বোলার	Negative
290	সিনিয়র ক্রিকেটার মাহমুদুল্লার ভূমিকা কি??	Negative
291	অনেক ভালো খেলোয়াড়	Positive
292	ভাব নিয়াই তো পারে না খেলবও কবে	Negative
293	নতু পুরাতন যাইহোক ভালো পারফরমেন্স করলে তাকে দলে ফিরাতেই হবে	Negative
294	রাজ্জাক ভাই নাকি পারে না	Neutral
295	ইমরুলের এইটা করা উচিত হয়নি	Negative
296	সুজন বাল কামানা বলে টেকনিক্যাল ডিরেক্টর। শালার বদলে যদি একটা গাধাকে টেকনিক্যাল ডিরেক্টর বানানো হতো। তাহলে মনে হয় বাংলাদেশ ড্র করতো।	Negative
297	ভাল খবর।কিন্তু পরে অাবার যেন হেরাথে দিশেহারা না হয় বাঘেরা!!!	Negative
298	দোষ আসলে বিসিবির	Negative
299	সানি অথবা মিয়া খলিফা কে এবার ভাবা শুরু করো সাব্বির।	Negative
300	কহলি ছাড়া কেউ নাই	Positive
301	ভারতের বাহিরে বিড়াল নাম টা মুছন করার সুবর্ণ সুযোগ.	Neutral
302	সুযোগ পেলে আবদুর রাজ্জাক কি পারতেন অভিজ্ঞতা কাজে লাগিয়ে ব্যতিক্রম কিছু করতে? নাকি সাকিব আল হাসানকে ছাড়া এটুকুই সামর্থ্য বাংলাদেশের অনভিজ্ঞ স্পিন আক্রমণের!	Positive
303	আফতাব u ম্যাচ উইনার।	Negative
304	লেগ ভেল্কির কোন ঔসুধ নাই।আফ্রিকার মরন দশা!!	Negative
305	লিটন সৌম্য কে দলে নিয়মিত দেখতে চাই	Positive
306	আফনান বাবু তুই একটা বেজন্মা	Negative
307	হাথুরু কে রানিং বিটউইন দ্যা উইকেটের শিক্ষা দিল মুমিনুল	Negative
308	বাহাতি ব্যাটসম্যানের জন্য ব্রায়ান লারা,	Negative
309	তবুও জয়ের আশা ছাড়ছি না ।	Positive
310	ফাকিস্তান মানেই বিনোদন।	Negative
311	কারণ উইকেটের সুবিধা পেতে হলে নিজেদের শক্তিশালী দিক গুলোতে প্রতিপক্ষের দিক থেকে এগিয়ে থাকতে হয়	Positive
312	যতবলে ততনা আমরাও পারি লংকাকে হারাতে।	Negative
313	কারন দেশের চেয়ে ক্লাব বড়! বাণীতে- পাপন আর সুজন কাকাসাদ্দেক!	Negative
314	কথায় না বড় হয়ে কাজে বড় হ	Negative
315	রাজ্জাকের এমন পারফর্মেন্স দেখে কি এখন বিসিবির লজ্জাবোধ হয়না?	Negative
316	লংকানরা যদি ২য় ইনিংস ব্যাট না করে বাংলাদেশকে ছেরে দিত তাহলে বাংলাদেশ ১১২ রান করতে পারতো না।	Negative
317	আফতাব ভাই সবসময় মাথায় একটা রুমাল বেধে হ্যালমেট পড়তো।	Neutral
318	হাতুরি নিজের ভাগ্যটা কি বাংলাদেশেই রেখে গেল?	Negative
319	সাকিব তামিমের বিকল্প খেলোয়ার তৈরি না করা।	Positive
320	তা নাহলে গেটের দারোয়ানের চাকুরী নেন তাহলে বুঝবেন পেশাদারিত্ব কি?	Negative
321	মোসাদ্দেকের জায়গাই আফিফকে খেলার সুযোগ দেওয়া উচিৎ!	Positive
322	ও তো একটা ভুটি!	Negative
323	সব হাথুরার দোষ	Negative
324	বাংলাদেশের ব্যাটিং ভরসার নাম একমাত্র তামিম ইকবাল	Positive
325	আমাদের দেশের খেলোয়াড়, তাই একজনকে ভালো বলবেন, আরেকজনকে গালি দেবেন এটা ঠিক না	Negative
326	অবশ্যই বাংলাদেশ, এই সিরিজে শ্রিলংকা কে প্রতিটা ম্যাচে হারিয়ে হাতুরুকে একটা উচিত জবাব দেওয়া যেতে পারে,	Positive
327	অভিনন্দন টিম টাইগার	Positive
328	খুব গুরুত্ব পূর্ন একটি ভাল সিদ্ধান্ত রাজ্জাক ভাইকে ফিরিয়ে আনার জন্য ।	Positive
329	টেস্টে সাব্বিরের চলেনা, এখানে ব্যাখ্যা দেওয়ার প্রয়োজন নেই।।	Negative
330	আফিফের আগমনে আমরা আনন্দিত এবং গর্বিত।	Neutral
331	টেস্টের ফলাফল যাই হোক পিচের দোষ দেয়া অজুহাত ছাড়া কিছুই না	Negative
332	বাংলাদেশী সব ক্রিকেটারেরা জিম্বাবুয়ে দলকে ছোট করে দেখবে তথা টাইগারেরা একটু ভাব মারবে আর এর সুযোগ নিবে জিম্বাবুয়ে ক্রিকেট দল।	Negative
333	আমি মজা পাচ্ছি।অতি সন্যাসিতে গাজন নষ্ট বলে একটা কথা আছে	Negative
334	কোথায় সাব্বির কোথায় মোসাদ্দেক... দুই এক ম্যাচ খেলা দেখে কমেন্ট করা বোকামি,,,	Negative
335	টেস্টে খুব বিপদজনক বোলিং পিচ করেছিল ৩টার মধ্যে আফ্রিকার কারো ১০০ নাই কোহলি দেখিয়ে দিয়েছে আমার জন্য বোলিং পিচ ১০০ করাও অসম্ভব না।	Negative
336	"তখন অনেকে এটা বলতো,""ফিক্সিং ম্যাচ।"	Negative
337	বাংলাদেশের সমস্যা হল ধৈর্য নাই ব্যাটিংয়ে,শুধু ছক্কা মারার লোভেই সর্বনাশ হয়।	Negative
338	এই বালের লিগে পারবে জাতীয় দলে ১০ রান ও করতে পারেনা আবাল কোথাকার.....বলকরতে গেলেও পিটাই ভেট করতে গেলে ভেট ধরার আগে টাউজার খুলে যাই..	Negative
339	এখন দাদা সিএবি প্রেসিডেন্ট হয়ার পর মুরলী, লক্ষণ,ওয়াকার দের নিয়ে এসে ভিশন ২০ চালু করার পর প্রচুর নতুন ছেলে উঠে এসেছে।	Positive
340	বুঝে শুনে খেললে তারা ২০০ করতে পারতো যেমনটা পেরেছে শ্রীলংকা করতে	Negative
341	সম্ভব হতো,যদি সাকিব থাকত|সাকিব থাকলে ১ম ইনিংসে শ্রীলংকার ২০০ হতো না আর টাইগারদের ব্যাটিং ডামাডোল হতো না	Negative
342	আমরা একটা বেশি পারি অন্যের সমালোচনা করা আর ভারত কে গালি দেওয়া জিতলেও বিভিন্ন ওযুহাত আর হারলে তো কথায় নাই।	Negative
343	বাংলাদেশ কয়েকটা ম্যাচ অার সিরিজ জিতে ওয়ান্স ইন এ ব্লুমুন। তারপর শুরু হয় দর্শকদের উম্মাদনা	Negative
344	নাছির এনামুল থেকে এখন ও শিখে নাই তারা.বিসিবিকে বলছি খুব শীঘ্রই ভাল কোচ আনুন নাহলে আমাদের একমাএ গৌরবের জায়গাটি হারিয়ে ফেলবো.	Negative
345	দুই স্পীনার‌ের ব‌েশী খ‌েলান‌ো মোট‌েও ঠ‌িক হব‌ে না। স‌েক্ষেত্র‌ে রাজ্জাক ও ম‌োসদ্দেকই যথ‌েষ্ট।	Neutral
346	ব্যাটিং এর কথা নাই বললাম....দয়াকরে ইংল্যান্ড সিরিজটা হিসাবের বাহিরে রাখতে হবে বৈকি,	Negative
347	অাগেই আলেছি এই গাঁজাখোর নান্নুই এবং পেটুক সুজন বাংলাদেশ ক্রিকেট ধ্বংস করার জন্য যথেষ্ট।	Negative
348	রাজ্জাককে না নেয়ার কোনো কারণ ছিল না।	Negative
349	সাব্বির কি ভাবে খেলে আমি বুঝি না	Negative
350	এখন নতুন কর্মস্থলে আছেন।এটাকে পেশাদারিত্ব বলে।	Negative
351	কই, লঙ্কান দের ড্যান্স কে এদোষ কলুষিত করতে পারে না? না কি অন্য পিচে ওরা নাচে? না কি একই উঠোন?	Negative
352	অাত্মঘাতী উইকেট গিফট করা জন্ম থেকে এখন পর্যন্ত বাংলাদেশের ব্যাটসম্যান রা করে অাসছে অার জেতা ম্যাচ ফেলে দিচ্ছে তবুও কেন জানি অাপনারা জবাবদিহিতা করেন না!!	Negative
353	মামুলি দলের কাছে হেরে গেল বাংলাদেশ ছিঃ ছিঃ|	Negative
354	গতি দানব খালেদ মাহামুদ সুজি, পাপন আর মিনু চাচুদের দিয়ে এদেশের ক্রিকেটের উন্নতি হবে না।	Negative
355	"আহা!!! কত ছুন্দর কেলা কেলে বাঙালি """	Negative
356	সাকিব ছাড়া বাংলাদেশ যে ডালভাত সেটাও আবারো প্রমাণিত হচ্ছে.	Negative
357	গতিদানব সুজইন্ন্যা,নান্নু,পাপন সব বাইঞ্চুদের পদত্যাগ চাই।।	Negative
358	বাংলাদেশের ভবিষ্যৎ তারকাদের মধ্যে উল্লেখযোগ্য মিরাজ, সৈকত, আফিফ, শান্ত, সাইফ এবং আবু হায়দার।	Positive
359	দল নির্বাচন থেকে শুরু করে সব ব্যবস্থাপনায় চরম অনিয়ম এবং অপেশাদারিত্বের চরিত্র ফুটে উঠেছে।	Negative
360	111 ও সম্ভব	Negative
361	SL কি সুন্দর খেলে যাচ্ছে, যেমন বলিং তেমন ব্যাটিং	Positive
362	৪বছর অপেক্ষার পর যেহেতু জাতীয় দলে খেলার সুযোগ হয়েছে, আশা করি রাজ্জাক সুযোগ কাজে লাগিয়ে তার জায়গা ধরে রাখবে।	Neutral
363	যে দেশে টি টুয়েন্টি খেলার জন্য টেষ্টে অনুশীলন হিসেবে খেলানো হয় তাদের আবার কি হবে।	Negative
364	সালা মাদার চোদ সুজন।	Negative
365	কেন যে সৌম্যকে বাদ দিয়ে ওরে দলে নেওয়া হলো???!!	Negative
366	না না আপনি চালিয়ে যান,পাবলিক অনেক মজা পাইতেছে।আগে রাজনৈতিক ব্যক্তিদ্বয় মজা দিতেন,এখন আপনারাও।	Negative
367	রাজ্জাক কে আবার দলে দরকার ।	Positive
368	নিন্দা জানাই বিসিবর টিম ম্যানেজমেন্টের সদস্যদের তারা যেন মাঠে এক দল গরু ছেড়ে বললো তোমাদের দেখভাল তোমরা করো ,	Negative
369	আমার মতে ওপেনিক রাজ্জাক - মুস্তাফিজে সাথে শুরু করা ভাল	Negative
370	বাংলাদেশের চায়তে শ্রী লংকার স্পিনাররা বেশি অভিজ্ঞ।	Positive
371	এই বাঁটু প্লেয়ারটা আর কত বয়স হলে ম্যাচুয়র হবে কে জানে!	Negative
372	এদের তিন জনের জায়গায় নাফিজ, তুষার,বিজয় কে খেলালে ভালো হবে । আমি ঠিক বলেছি না ভুল বলেছি ?	Negative
373	শ্রীলংকা কি আবার আগের ফ্রম ফিরে পাচ্ছে।	Negative
374	কোন হারাম জাদা এদের নাম টাইগার রাখছে?	Negative
375	হাস্যকর আমাদের টিম ম্যানেজমেন্টের সিদ্ধান্ত...এমনই পাগল আমাদের বিইইই সিইইই বি!	Negative
376	শেষের দিকে ব্যাটিংয়ে বিশ্বখ্যাত সময়ের সেরা লেজেন্ড স্যার পাপন,নান্নু এবং মহা গতিদানব সুজন কাক্কুদের নামালেই তো আমরা ম্যাচটা জিতে যেতাম।	Negative
377	সেই দিন হেরে গেছে আজ সে নির্বাছক তাহলে কেমনে জিতবে গেলায় !!	Negative
378	জ শ্রীলঙ্কান স্পিনার হেরাত ৪০/৪২ বছর বয়সে ক্রিকেট খেলছে!!	Negative
379	আফগানরা অনেক সাহসী।এইটা তাদের সাহসিকতার পুরষ্কার।	Positive
380	জয় শুধু সময়ের অপেক্ষা	Positive
381	ওর (মিরাজ) মাথায় মাল উঠেছে, ওরে পাবমসয় পাঠানো দরকার।	Negative
382	কত যেন পাইছে?	Negative
383	আমি কোচ হবো।	Negative
384	এখানে হাতুরর কোন যাদু করে নি, তার কথা কেন আসছে।	Neutral
385	নিশ্চিত জয় পাবে শ্রীলংকা।	Positive
386	হারুরেসিং কি বাংলাদেশ টিমে শ্লীলংকান খেলোয়ার নিয়ে খেলাতো তখন,১১জন সব কয়টা বাংলাদেশী ছিলো,	Negative
387	টারনিং পিচ বানিয়ে ওষুধ খুজে লাভ কি বাউন্সি পিচ বানালেই হয় ।	Negative
388	নির্বাচকরা ডাইল খাইছে  প্লেয়ার রা ডাইল খাইছে	Negative
389	কিন্তু এখানে নিয়ম না মেনে টি ২০ খেলা ২ দিনে নিয়ে গিয়ে কাদের লাভবান করা হয়েছে?আশা রাখি	Negative
390	ওসব পারফরমেন্স টারফমেন্স বালের গল্প , বাংলাদেশের কে কেমন খেলে জানা আছে	Negative
391	ঐ ধনের কথা বলবেন না । কেরাম ও খেলতে পারবেনা আমার ধনের দল।	Negative
392	মার্কারাম ২ম্যাচ খেলে নাকি অধিনায়ক হয়,,.	Negative
393	মোসাদ্দেক থাকলেও কি লাভ হত?	Negative
394	সরকারও মনে মনে খুশি হয়েছে অাচোদাদের পুরস্কৃত করে অপচয় করতে হচ্ছে না	Negative
395	অন্যের জন্য পাতে ফাঁদ সেই ফাঁদে নিজেরাই কুপোকাত। সুজন মিয়ার কারিশমা চাংগে তুইলা রাখুক	Negative
396	ক্রিকেট	Neutral
397	জোরে বলুন ম্যাঁও	Negative
398	যেখানে প্রধান বিচারপতি খুজতেই ৬ মাস লেগে গেল সেখানে কোচ পেতে আরও ৬ মাস সব জায়গায় স্বৈরাচার ।বিসিবির স্বৈরাচার পাপন যা ইচ্ছা তাই করছে।	Negative
399	তরুন শ্রীলংকান দলের বিরুদ্ধে হারাটা খুবই দুঃখজনক, লজ্জাজনক ও অপমানজনক।	Negative
400	সুজনের মতো এতো ভালো কোচ থাকতে নতুন কোচের কি দরকার	Negative
401	প্রতিপক্ষ শ্রীলংকা টিম কিন্তু গত একবছর আগের দল থেকে তারা এখন অনেক শক্তিশালী দল।	Negative
402	অনিয়ম যতই ভালো হউক না কেন সেটাকে অনিয়মই বলা উচিত ।	Positive
403	বিসিবির পুটকি তে রড ঢুকাতে মন চাই	Negative
404	দুর বাংলার সব কয়টা মিলে চোরের দল ।	Negative
405	আগামী বিপিএল থেকে যে দলে গেইল থাকবে সেই দলের স্কোয়াড ৯ জনের করা উচিৎ ।	Neutral
406	সবই খালেদ মাহমুদ সুজনের(বিশ্বের সবচেয়ে বাজে খেলোয়ারের তালিকায় প্রথম স্থান অর্জনকারী) অবদান	Negative
407	এর চেয়ে বেশি রানে জিতার রেকড আছে কি	Neutral
408	টারনিং পিচ বানিয়ে ওষুধ খুজে লাভ কি বাউন্সি পিচ বানালেই হয় ।	Negative
409	সাব্বির কিসের জন্য খেলে আমি বুঝিনা সাব্বির কে কেনিয়ায় পাটিয়ে দাও সে কেনিয়ায়রর যোগ্য খেলোয়াড়	Negative
410	ব্যাটিং দেখলে থাপড়াতে মন চায়।যে কিনা নিজেদের দেশের কন্ডিসনেও হারে	Negative
411	বাংলাদেশের পরে ভারতের সাপর্ট ই করি ?	Positive
412	এত টাকা বিনীয়োগের বিপরীতে প্রতিটি ফ্র্যাঞ্চাইজির আয়টা কেমন সেটাও বিস্তারিত জানালে পাঠকদের জানা হত	Neutral
413	যার যুব হিজড়া দলের কোচ হওয়ার যোগ্যতা নেই!!!সেই বাংলাদেশের কোচ এর চেয়ে বেশি আশা করে লাভ নেই!	Negative
414	বাংলাদেশ ক্রিকেটের কোন ভবিষ্যৎ নাই	Negative
415	২য় ইনিংসে বাংলাদেশের কোন ব্যাটসম্যান ৫০ রানের নিচে আউট হলে, তাকে ১ লক্ষ টাকা জরিমানা করা উচিত।	Negative
416	অসম্ভব কে সম্ভব করা শুধু অন্নত জলিলের কাজ,ক্রিকেটারদের না	Negative
417	ডমেস্টিক লীগের উইকেট গুলোর যথেষ্ট ভেরিয়েশন আছে ও আন্তর্জাতিক মানের	Neutral
418	বাংলাদেশ জিতার কথা,এই রান শ্রীলংকা পারার সম্ভাবনা খুবি কম,	Positive
419	শেষ পর্যন্ত একটা হাস্যকর লীগে পরিণত হল বিপিএল।	Negative
420	এদেশের পোলাফান গুলো এরকমই, যেই রকম এই দেশের সরকার! বাহিরে পারে না শুধু পারে ভেতরে!	Negative
421	শালা হাতুরুর মাথাতে ২টা হাতুড়ির বাড়ি	Negative
422	মাঠে করে দেখাও।	Negative
423	হাত মারছিলেন বুঝি	Negative
424	আসল কারণ হচ্ছে আমরা বাংগালিরা ভালো কে ভাল বলিনা তাই আমাদের দেশে ওর মত কেউ গড়ে উটতেছেনা,	Negative
425	ভাই তোরা খেলা বাদ দিয়ে দে,সাধারন জনগনের টাকা আর নষ্ট করিস না	Negative
426	৩১২ রানের লিড ইতিমধ্যে হয়ে গেছে ।	Negative
427	এতো দুর্বল ভাইবেননা ! একটারে পাইলেই হইব ! গ্যাছাং কইরা দিমু !	Negative
428	জিম্বাবুয়ের সঙ্গে বিশ্বাসঘাতকতা করা হয়েছে । ICCর উচিৎ তদন্ত করা ।	Negative
429	এদের জন সম্মুখে বেত্রাঘাত করা উচিৎ।বালের সাব্বির বালের ইমরুল সবই এক একটা রাম ছাগ	Negative
430	জীবনে সম্ভব লয়	Negative
431	ইমরুল তো দেখায় দিছে সে বিশাল ব্যপার স্যপার।।।।	Negative
432	ভাগ্য ভাল যে মুশি যখন খেলছিল, তখন এত ক্রিকেট বিশ্লেষক ছিল না।	Positive
433	আবেগের সো*নে।	Negative
434	কোন ম্যাচে কে খেলবে বা খেলবে না তা নির্ভর করে বড় বড় কর্মকর্তাদের বানিজ্যের উপর , যে বেশি টাকা দিতে পারবে , তাকে সেই ম্যাচ খেলাতে পারবে ,	Negative
435	স্পিন নির্ভর ক্রিকেট বাদ দিতে হবে!	Negative
436	এই বিরাট ভুলের জন্য টিম ম্যানেজমেন্টের সদস্যদের বিরুদ্ধে প্রয়োজনীয় ব্যবস্থা গ্রহন করাসহ তাদেরকে বিচারের আওতায় আনার জন্যে রাষ্ট্রপতির কাছে জাতির পক্ষ থেকে জোর দাবি জানাচ্ছি.	Negative
437	বাংলাদেশ অব্যশই ফেভারিট।	Negative
438	পাপন খেলা দেখেনি?রাজ্জাক কি জিনিষ মাঠে এসে দেখ	Negative
439	সাকিব থাকলে জিতার সুজোগ ছিল , তবে এখনও সুজোগ আছে তা হল হারার সুজোগ !	Negative
440	হারলে কত কারনেই বের হয়,আর জিতলে সব ঠিক, আজ কে যদি জয় লাভ করতো তখন বলতো এই চার টি কারনের কারনেই বাংলাদেশ জয় লাভ করছে	Negative
441	ভারতীয় বোলারদের বোলিংয়ে পাকিস্তানি ব্যাটসম্যানরা ছিল নিতান্তই অসহায়	Negative
442	আমাদের টাইগারা ভারতের সাথে সিরিস জিতবে।'ইনশাআল্লাহ	Positive
443	দেশের সবখানেই এখন পলিটিক্স	Negative
444	সাকিবের বিরোধিতার জন্য তোরা তো একজনকে খুটি বানিয়েছিস মাত্র	Negative
445	টেস্ট খেলতে পারে একমাত্র মুমিনুল!!!	Positive
446	সাব্বির,মোসাদ্দেক,সানজামুল,রাব্বি,শুভাসিষ আমাদের টেস্ট দলের সদস্য	Neutral
447	তুষার ইমরানকেও দলে সুযোগ দেওয়া উচিত	Positive
448	খেলা ড্র হয়েছে মুলত কার জন্য? আপনারা সবাই বলছেন মমিনুল, মাহমুদুল্লাহ এবং লিটনের জন্য।	Positive
449	আমাদের এখন ক্রিকেট খেলা ছেড়ে দিয়ে এর পিছনে যে অর্থ খরচ করা হয় তা দিয়ে বরন্চ দারিদ্র ও বেকারত্ব দূর করার জন্য প্রকল্প নেয়া হোক।লো।	Negative
450	আর সেই স্বার্থেই একাদশে থেকে ৯৯ রানের জন্য সেঞ্চুরি করতে পারলোনা সাব্বির॥	Negative
451	হেরাথকে সামলাতে পারলে ফলাফল বাংলাদেশের পক্ষে আসতে পারে	Negative
452	।মোসাদ্দেক সাব্বিরের থেকে অনেক ভাল ব্যাটসম্যান।	Neutral
453	আমাদের কোচ চাই ।	Negative
454	অজুহাত দিয়ে দিয়েই তো দলের আজ এই অবস্থা।।।	Negative
455	এই পাগলের বাচ্ছা কি পিচ তৈরী করে????	Negative
456	বেটা আউলার ঘরের আউলা, যে১১ জন কে নিছে ওরা বাল ছিড়তে পারেনি।আর মোসাদ্দেক বাল ফালাই দিলো।	Negative
457	হাতুরে সিংকে এই প্রথম হাতুড়ি পেটা করা হলো	Negative
458	বাংলাদেশ জিতবে তা ১০০% থাকবে।	Positive
459	বাংলাদেশের খেলোয়াদের খারাপ খেলার জন্য সরকারের উচিত সবাইকে সিল্কায় একটি বাড়ী একটি খামার উপহার দেওয়া তবে ডিজিটাল খেলোয়ার পাবে	Negative
460	তাকে নিয়মিত খেলানো উচিত।	Positive
461	বাল ছিড়ে টাল দিছে.... আর কি।	Negative
462	জিতবে শ্রীলংকা।	Positive
463	মনে হয় কত বড় দল হয়ে গেছে! কত ট্রফির মালিক বাংলাদেশ যে ষড়যন্ত্র করে জিততে হবে!!	Negative
464	এ জন্যই তো মাত্র ১১০	Negative
465	দল জেতায় সাকিব কিছু আবালরা ক্রেডিট দেয় মাশরাফিরে	Negative
466	যে যাই বলুক কোচ চন্ডিকা হাথুরুসিংহের গুরুত্ব কিন্তু অনেক বেশী।তা আমরা এই জয়টা খেলার ফলাফলে বুঝতে পেরেছি হাড়েহাড়ে একদম।	Negative
467	দায়িত্ব জ্ঞান হীনতার অভাব?	Negative
468	এত টাকা খরচ করে বিপিএল আয়োজন করার কোন দরকার হয়না।	Negative
469	শালা গাজাখুর নির্বাচক	Negative
470	মাশরাফি ১৬ কোটি মানুষের ভালোবাসা।	Positive
471	রিফুল হক এর মতো প্লেয়ারকে সহজেই ওয়ানডে স্কোয়াডে রাখা হয়না, কিন্তু ঠিকই সাব্বির, লিটন অহরহ ম্যাচ সুযোগ পাচ্ছে আর ডাক্ মারছে ।	Negative
472	আগে বাংলাদেশের ব্যাটিংদেখি তারপরে তোরা লাফাইচ বাবা।	Negative
473	সাকিব ছাড়া বাংলাদেশ স্পিন বোলিং লাইন খুব সাধারণ মানে।	Negative
474	২য় ইনিংসে তো পিচ আরো খারাপ হয়।	Negative
475	মনে হয ছাব্বির ওযারিশ সুত্রে জাতীয দলে জাযগা পেযেছে।তাই তোরা যে যা বলিশ ভাই ওকে সরাবার কেউ নাই।	Negative
476	বুকাছুদা সাব্বির,,,বালের প্লেয়ার সাব্বির,আবাল এক টা প্লেয়ার	Negative
477	ফিল্যান্ডার নাই,স্টেইন,মরকেল ও নাই। কী দল বানাইছে দ.আফ্রিকা রা ১পেশে খেলা হচ্ছে,,ইন্ডিয়ানরা পাত্তাও দিচ্ছেনা.	Negative
478	কিছু বলার নাই আমাদের টীম এর খেলা নিয়ে.আমাদের চুপ থাকাই উচিত	Neutral
479	খন আবার একটা ম্যাচ ভালো না খেলুক তখন আবার জোর গলায় বলবে এই রাজ্জাক কে বাদ দেও খেলতে পারে না	Negative
480	বেটা হাতুরীর অহংকার একেবারে ধুলোয় মিশিয়ে দিলো।	Negative
481	যতদিন ইমরুল কাযেস এর মত থেলোযাড় থাকবে।।।।।।ততদিন বাংলাদেশের এই অবস্হা হবে।	Negative
482	বাংলাদেশ এর বোলিং ব্যাটিং এলমেল হয়ে গেছে। অবস্হা আরও খারাপ হবে।	Negative
483	পরাজয় হয়ছি করার কিছু নাই কিন্তু মাএ ৮২ রানে অলআউট মানতে পারলাম না।!!!	Negative
484	এরা সবাই জিনিস,পরের ম্যাচে অবশ্যই জিতবে	Negative
485	এনামুল হক বিজয়ও তো বাইরে ছিল। ফিরে এসে কি করতে পারছে?	Negative
486	মাহমুদুল্লাহ কেন সাব্বিরের অন্তর্ভুক্তির যুক্তি দিবে??? ।	Negative
487	এই সিরিজে তামিম ভাইয়ের দায়িত্বহীন ব্যাটিং দেখা গেছে	Negative
488	গুগল সার্চ করে মিনহাজের রানরেট দেখে নিন?	Negative
489	সাব্বাস মেক্সওয়েল প্রাণ ঢালা অভিন্দন,,	Negative
490	বিশ্ব Criket যে ভাবে এগিয়ে গেছে ,তার তুলনায় বাংলাদেশ জিরো	Negative
491	রাজ্জাকের একটা উইকেট পাওয়া মানে একেক কর্মকর্তার গালে জুতা মারা।	Negative
492	বিশ্বকাপ ছাড়া খেলা দেখি না তাই কে আসলো না গেল তা নিয়ে আবেগাপ্লুত নই ।	Negative
493	টাকার গরমে অনেক খেলোয়াড় মন্দ আচরণ করেন, এটা ঠিক নয়, ভালো মানুষ হতে শিখুন	Negative
494	দক্ষ, অযোগ্য গভর্ণিং কমিটিকে অবিলম্বে বরখাস্ত করা হউক, অন্তত আগামী বিপিএলের স্বার্থে।	Negative
495	আফগানিস্তান ক্রিকেট টিম থেকে বাংলাদেশের অনেক কিছু শিখবার আছে	Positive
496	অবহেলার জবাব এর থেকে আর কি হতে পারে!!	Neutral
497	ওদের রাগ হাতুরা কেন তাদের বাপ ম্যাছরাফি কে টি২০ থেকে বের করে দিলো!	Negative
498	গেইলের কাছে মার খাবার ভয়ে নিজে বোলিংএ না এসে অন্রদের দিয়ে বোলিং করালেন। এই রকম অধিনায়কই না বাংলাদেশের দরকার।	Negative
499	উইকেটে মুৃমিনুলই সেরা!!	Positive
500	আমারতো মনে হয় এদেরকে রাস্তার পাসে জুতা সেলাইয়ের কাজে লাগালেও এরা ব্যর্থ হ	Negative
501	মমিনুল এর এবার একটা সুন্দরী বোউ চাই	Neutral
502	দঃ আফ্রিকা ডেবিড মিলার'কে এখনো টেষ্টে অভিষেক করে নাই।আর দুই'টা শট খেলতে পারে তাই সাব্বির টেষ্ট দলে,বাহ্।।	Negative
503	হাতুড়েকে কি দেয়নি বিসিবি? প্রশ্নের উত্তর দেন।	Positive
504	এ সময় অনন্ত জলিল কে দরকার অসম্ভব কে করার জন্য!	Negative
505	মিরপুরে সাধারনত রান করা একটু কঠিন......	Neutral
506	মমিনুলকেও বাদ দেয়া হোক সে বাউন্স, স্পিন খেলতে পারে না	Negative
507	ক্রিকেট জগতে সর্ব নিন্ম স্হানে চলে যাচ্ছে বাংলদেশ ক্রিকেট টিম।,	Negative
508	মিরপুর উইকেট ম্যাজিক ৮২ রানে অলআউট,,বাংলাদেশ,	Negative
509	হালার আমাদেরি লজ্জা নেই***কেন আমরা টাইগারদের খেলা দেখি*** একটা কথা আছে নাচতে ন জানলে উঠান বাঁকা	Negative
510	টাইগার বাহিনীর হারের জন্য,,পিচ কিউরেটর গামিনী ডি সিলভাকে মোটা অংকের টাকা জরিমানা করা হোক.....হেটার্সরা বলবে আমি টাইগার বাহিনীর হয়ে কথা বলছি	Negative
511	আমি বুঝি না কিছু বেজন্মা বাংলাদেশী আর কিছুই ভারতীয় ফকিন্নির পুলারা দেশের ব্যাপার নিয়া এতো পাছায় জলন হয় কেন	Negative
512	আমার দেশ আমার গর্ব ....	Positive
513	মতামতের প্রয়োজন নেই, খেলা দেখেন বুঝে যাবেন!!	Neutral
514	সাউথ-আফ্রিকাতে প্রথম ২ টা টেষ্ট ম্যাচে ভারতীয় ব্যাটিং লাইন দেখে আমরা কিন্তু ওদের গালি দেয়নি, কারন সেদিন ভারতীয় ব্যাটসম্যান হারলেও বোলাররা জিতেছিল	Neutral
515	রাজ্জাক ভাই কিন্তু ব্যাটিংও পারে	Positive
516	ইমরুল খারাপ ফর্মে থাকা অবস্থায় তাকে নেওয়া হয়তেছে অথচ শাহরিয়ার নাফিসকে সুযোগ দেওয়া হয়তেছে না।	Negative
517	জয়ের মধ্যে সাকিব ৩ টাতে ম্যান অব দ্যা ম্যাচ এবং ৩ টাতে ম্যান অব দ্যা সিরিজ	Negative
518	এলাহিকান্ড তো ঘটিয়েছেন তামিম, ইমরুল, মুশি আর মিমি।	Negative
519	অবশ্যই বাংলাদেশ, এর কারন,জিম্বাবুয়ে আর শ্রীলংকা এখন শক্তি এক্সপেরিয়েন্স এর দিক দিয়ে অনেক পিছে,	Positive
520	থেষ্ট হইসে টার্গেট! এইবার ডিক্লে দে কাকু হাতুরু! ইজ্জত মাইরবিনি?	Negative
521	বড় নদী সহজে শুখায়না তারই জ্বলন্ত দৃষ্টান্ত।লালা।	Positive
522	বুঝা উচিত ছিল শ্রীলংকাও উপমহাদেশের..	Neutral
523	টি২০ প্লেয়ার সাব্বিরকে নামায়ছে টেস্ট খেলার জন্য।	Negative
524	মনে হয় এই সব মাদার চুদদের সাকিব হোল চুসতে দিয়েছে...তাই সাকিবের দালালি করছে..!!	Negative
525	দল সংখ্যা ৭ থেকে বাড়িয়ে ৯ টি করা হোক।	Neutral
526	এই রাজ্জাক কে প্রথম টেস্ট বসিয়ে রেখে সানজামুল কে খেলানো হলো	Negative
527	ওরা ত ২০০ করছে তোরা ১০০ করতে পারবে না	Negative
528	সুজন এর মতো গতিদানব (শোয়েব আখতার ও ফেল যার কাছে ) এর চেয়ে ভালো কিছু কি আশা করবো ?	Negative
529	পুরো দল যেখানে ফ্লপ মেরেছে, সেখানে মোসাদ্দেক আসলে ছবি সুপারহিট হতো- এমন ভাবাটাই বোকামি	Negative
530	সালারা মনে করে উরা ধুরা মেরে কোনো রকম 20-30 করতে পারলেই বাঁচা গেলো .	Negative
531	মোমিনুল, রাজ্জাক কতোয়না ভালো খেলছে। অথচ এরায় সুযোগ পায়না।	Negative
532	টেস্ট ম্যাচে সাব্বির, টি২০তে মুশফিক কে রাখা ঠিক নয়।	Negative
533	হাথুরুকে ভালো মত জবাব দেওয়া দরকার ছিল	Negative
534	নিজের দেশের মাটিতে ৩৩৯ রানের টার্গেট আহামরি কিছু নয়।	Positive
535	কি ফালতু বলছেন? কৃকেট একজনের খেলা না। পুরো টিমটাকে পারফ্ম করতে হবে।	Negative
536	নান্নুর ছাগলামি দিনদিন বেড়েই চলেছে	Negative
537	এখানে অনেক ভালো মানের ব্যাটসম্যান পাওয়া যায় বাট অন্তর্জাতিক লেভেলে .	Positive
538	পাকিস্তান হলে ১৪ বার ভাগ হইতো।	Negative
539	স্যার মমিনুল লিটন এরা কোহলি ব্রাডম্যান শচীনের প্রতিবিম্ব।	Positive
540	সাব্বির মাহমুদুল্লা মাশরাফি এই তিনজনের বিকল্প খোজার এখনই সঠিক সময় ওরা পুরো সিরিজটা'ই বাজে খেলেছে।।	Negative
541	এই ম্যাচ বাংলাদেশ জিতবে -যারা এমনটা আশা করেন তারা কল্পলোকের বাসিন্দা। এই ম্যাচে কল্পলোক যদি বাস্তব হয়ে যায় তাহলে হোক না!	Negative
542	গতিদানব #সুজন এবং ব্যাটিং লিজেন্ড #নান্নু মিলে ত ক্রিকেটর ভালই উন্নতি করে ফেলেছে....।	Negative
543	শুভাশিষ,রুবেলও রাজ্জাক কে নিলে এই ম্যাচ আমরা জিতবো।	Positive
544	এদের শুধু পিচ নিয়ে চিন্তা। খেলা শেখ আগে ভালো করে।।	Negative
545	তামিমের আসলে আইপিএল এ খেলার যোগ্যতা নাই	Negative
546	যেদিন দেখলাম বাংলদেশের ক্রিকেট খেলোয়ারা বলতে শুরুকরল অামাদের প্রধান কোচ প্রধান মন্ত্রী, সেদিন বুঝতে পারলাম এরা খেলা খেলার জায়গায় না রেখে চাটুকারিতায় লিপ্ত হয়ে পড়েছে	Negative
547	নিজেরা খেলার আগেও তাদের বাংলাদেশের খবর নেয়া চাই, হা হা হা।	Negative
548	সবসময় দলের জন্য নিবেদিত প্রাণ ।	Negative
549	দু একটা ম্যাচ ভাল খেললে ভালো খেলোয়ার হওয়া যায় না ।	Negative
550	ওই ব্যাটা মিনহাজুল কে গরু ছাগলের খামারে বেঁধে রাখা হোক।	Negative
551	সাকিব আসলে সুযোগ আসবেনা	Positive
552	অসাধারণটি ২০ ম্যাচের অনুশীলনের জন্য সাব্বিরকে দলে নিয়েছেন	Negative
553	প্রতিটা সিরিজের আগে কিছুনা কিছু বিতর্ক থাকেই। আমাদের দেশে কি ওয়ার্ল্ড ক্লাস কোচ আছে?	Negative
554	মুমিনুল এর মতো সুন্দর ও একুরেট খেলার এবিলিটি তামিম এর নেই ।	Negative
555	সানজামুল ইসালামের ২০০ রানের বিনিনয়ে কেনা একমাত্র উইকেটটি নাকি তার গুরু নান্নুকে উপহার দিয়েছে?	Negative
556	প্রথমত,রানটা ৩০০ না।এটা ৩৫০ বা তার কাছাকাছি যাবে।	Neutral
557	আমি আসলে এইটা বুঝি না যে বারবার খারাপ পারফমেন্স করার পরেও কেন সাব্বির রহমানকে দলে রাখা হচ্ছে।	Negative
558	বাংলা দেশের ব্যাটিং বিপর্যয় ।।ভাল লক্ষণ নয় ।।	Negative
559	এসব লোকেদের বিমানের উপর তুলে পু** মারা উচিত।যাতে পড়ে যাওয়ার ভয়ে প** মারা নিতেই থাকে	Negative
560	চট্রগ্রাম টেষ্টে ব্যাটিং পিচে দেশের কোন বোলার সুবিধা করতে পারেনি	Negative
561	স্পোর্টিং পিচ তৈরি করে খেলতে হবে,যারা ভাল করবে তারাই জিতবে।	Neutral
562	আমাদের টিম ম্যানেজমেন্ট বড়ই আবেগী!	Negative
563	বোকা চোদা খেলার কিছু বুঝস শালা পাগল।	Negative
564	স্যার শূন্য সরকার আর লিটল বাঁশ এদের জন্য আজ ম্যাচ হেরে গেলো	Negative
565	নির্বাচকদের মাথা খারাপ হয়ছে।	Negative
566	চুদনার ছেলে সাকিব সম্পর্কে কি জানিস *	Negative
567	আসার সাথে সাথে কিভাবে টিম শ্রীলংকাকে বদলে দিল....আমার দের দেশে কিছু বলদ আছে যারা বাংলাদেশ টিমের উন্নতি তে হাতুরির quality খুজে পাই না	Positive
568	কমপক্ষে ৮ জন বেট্সমেন লাগবে।	Neutral
569	সাকিব কে T-20 স্কোয়াডে রাখছে,,যাতে দর্শকের উত্তেজনার পরিমাণ কমে যায় ।	Negative
570	সাকিব,তামিম র্নিভরতা কমাতে হবে, নতুন সাকিব, তামিম খুজে বের করতে হবে,বিজয় কে এতো সুযোগ দেওয়া ঠিক হয়নি	Negative
571	ওদের টেলএন্ডার রা ব্যাটিং পারে।দ্বিতীয়ত,অসম্ভব না।	Positive
572	জ শ্রীলঙ্কান স্পিনার হেরাত ৪০/৪২ বছর বয়সে ক্রিকেট খেলছে!!	Neutral
573	ব্যাটিং, পেস বোলিং কিংবা স্পিন বোলিং কোন ক্ষেত্রেই বাংলাদেশ প্রতিপক্ষের থেকে অপেক্ষাকৃত শক্তিশালী অবস্থায় থাকেনা	Negative
574	ক্রিকেট কে ধ্বংস করে দিচ্ছে শালারা।	Negative
575	টেস্ট ম্যাচে হারছে,,,ওয়ানডেতে ও হারছে,,,দর্শকেরা উত্তেজিত ।	Neutral
576	আমারবনদু মাহামুদললা ভাল খেলে	Negative
577	বাংলাদেশের উচিৎ ক্রিকেট ছেড়ে দেয়া,অযথা টাকা নস্ট করে লাভ কি	Negative
578	বাঁহাতি স্পিনার নাদিম	Neutral
579	টাইগারদের এই জয়টা হাতুরুকে উৎসর্গ করা উচিৎ।	Positive
580	শুধু একজনের জন্যই হারেনি দল! ব্যাটসম্যানদের কাঁপুনি রোগ আর আত্মবিশ্বাসের অভাবেই হারছে দল!	Negative
581	ভাল করেছে বলে এত ভাল ভাল কথা,,যদি উইকেট না পেত এতক্ষনে তার চৌদ্দ গোষ্টি উদ্ধার করে দিত	Negative
582	মাহমুদ সুজন মাথা মোটা যখন খেলত দলের বোঝা হয়ে ।	Negative
583	সাব্বিরের সেঞ্চুরিতে ম্যাচ জিতল	Positive
584	বাংঙালীকে তেল দিতে নেই। ভালো খেলছে, ধন্যবাদ।	Negative
585	যে দলই আসুক না কেন জিতবো ইনসাল্লা আমরাই	Positive
586	বোলারদের সফলতা ছাপিয়ে যাচ্ছে ব্যাটসমানরা।খুবই লজ্জাজনক।	Negative
587	টিম ম্যানেজমেন্টের চরম ভুল ম্যাওকে নেওয়া	Negative
588	ভারতীয় বোলারদের বোলিংয়ে পাকিস্তানি ব্যাটসম্যানরা ছিল নিতান্তই অসহায়	Negative
589	পীরবাবাকে সম্মান দিয়ে কথা বলুন । পীরবাবার সাতটা সার্জারি না হলে পীরবাবা ৫০ বার ৫ উইকেট নিতেন	Negative
590	কাল‌কে তো বাংলা‌দে‌শের গাঁধা খে‌লোয়া‌রেরা ২০০রা‌নের ব্যবধা‌নে হার‌বে	Negative
591	টিমের শক্তি-দুর্বলতা এবং প্লেয়ারদের কোয়ালিটি বিবেচনা করে উইকেট তৈরি করা হয়না সেজন্য বাংলাদেশ দল খুব একটা সুবিধা করে উঠতে পারেনা।	Negative
592	রাজ্জাক বুড়া হয়েগেছে খেলা পারেনা,তাহলে আজ কিভাবে কি করলো।	Positive
593	বাংলাদের দৌড় ঐ জিম্বাবুয়ের সাথেই জেতা	Negative
594	তাইলে খেলারই দরকার নাই	Negative
595	বিপিএল হবে আর বিতর্ক হবেনা তা কি করে হয়??	Negative
596	একটা ভালো খেলোয়ার দশ বারো ইনিংসে চেনা যায়না তাইলে সাব্বির অনেক আগে বাত যাওয়ার কথা??	Negative
597	কি জানোস মাশরাফি সমন্ধে?কয়টা খেলা দেখছোস লাইফে মশরাফির??	Negative
598	মোসাদ্দেকের বদলে সাব্বির! কেমনে কি?	Negative
599	শাব্বির কিভাবে টেষ্ট দলে চান্স পায় বুঝিনা।	Negative
600	৪বছর অপেক্ষার পর যেহেতু জাতীয় দলে খেলার সুযোগ হয়েছে, আশা করি রাজ্জাক সুযোগ কাজে লাগিয়ে তার জায়গা ধরে রাখবে।	Positive
601	পরিসংখ্যানে পিছিয়ে আমরা, আত্মবিশ্বাস স্বপ্ন দেখাচ্ছে!	Negative
602	তোর মতো যারা আছে বিতর্কিত কমেন্ট করে মানুষের মাঝে ঝগরা তৈয়রি করে.! তাদেরকে চাপাতি দিয়ে কুপিয়ে হত্যা করতে হয় তাহলেই দেশে শান্তি আসবে এর আগে নয়..!	Negative
603	পাতানো খেলা	Negative
604	রাজ্জাক কি বুড়ো হয়ে গেছে?	Neutral
605	আজকে খেলোয়াডরা খেলার দিক থেকে বেশি মন দিয়েছে।	Negative
606	এইসব বোকাচোদা নির্বাচক দিয়ে হবে না...পরিবর্তন চাই	Negative
607	ভাবছিলাম বিজয় ৩ বছর পর ফিরে কিছু একটা করবে।	Neutral
608	হায়রে হাম্বালীগ তোরা জীবনে ও মানুষ হবি না।	Negative
609	আহামরি কি কপাল খেলে পোলাপাইন আমরা করি নিজেদের ইচ্ছে পূরণ।	Negative
610	যদিও কাজটা বেশ কঠিন।তবে তামিম,মমিনুল দাঁরিয়ে গেলে আসম্ভব্য নয়	Negative
611	ভাল করতে পারলে কেন নিবে না। স্বাগত জানাই	Positive
612	কিছু দিন আগে সাকিব যখন খেলতে পারলো না তখন সবাই তার সমালোচনা করলো।,	Neutral
613	বাংলাদেশের ব্যাটসম্যানদের সেই চিরচেনা বলকে খোঁচা মারা।।	Negative
614	খানকির বাচ্চা মাশরাফি ব্যাটসম্যান না।	Negative
615	যাই হোক জিতলে আনন্দ করেন কিন্তু অহংকার নয়।।আজ মনে হয় আমরা তার ফল পাইলাম	Negative
616	ছেঁড়া কাথায় শুয়ে লাখ টাকার স্বপ্ন। ১০০ রান করতে পারবে নাকি সন্দেহ। অাবার ৩০০ রান করে জিতবে	Negative
617	ইশান পোড়েল,কনিস্ক শেঠ,সায়ন ঘোষ রা তার উদাহরণ।	Positive
618	এই ফুল এইচডির যুগে, কোটি কোটি টাকার একটি টুর্নামেন্টে এই রকম জঘন্য সম্প্রচার দেখে মনে হয় এখনও সেই বিটিভির যুগে আছি	Negative
619	টপ অর্ডার কি বাল খেলল আজ ?	Negative
620	বুঝে নেন বাংলাদেশকে নিয়ে বিশ্বাস ঠিক কোন জায়গাটায়	Negative
621	লিটনের অনেক দেয়ার আছে তাই তাকে বারবার সুযোগও দেয়া হচ্ছে মুশফিকের উত্তরসূরি হিসেবে।	Negative
622	মিরাজকে কেন দিনের ২৭ ওভার পর বোলিংয়ে আনলেন?	Negative
623	আশা করি লাইগারেরা আজকেই অল আউট হবে।	Negative
624	,গত ম্যাচে ও ডাউব্বা মারছে এখন আজকেও সেই ডাউব্বা এইটাকি ঠিক করলো?	Negative
625	মুমিনুল হলো টেস্ট ক্রিকেটের রত্ন। এই রত্নকে অনেক যতন করতে হবে	Positive
626	প্রধান নির্বাচক মিনহাজুল আবেদীন অদ্ভুত এক যুক্তি দেখিয়েছিলেন, ‘টি-টোয়েন্টি সিরিজে ওকে নিয়ে আমাদের পরিকল্পনা আছে।	Negative
627	আমার মনে হয় সাকিবের পরে আর কাউকে যদি ইস্পিন বোলিং খেলোয়াড় বাংলাদেশে থাকে থাকে সে হলো বাগেরহাটের রাজ্জাক।	Positive
628	হাতুড়‌ের গন্ডার‌ের চামড়া ! ম‌োমিনুল শুধু বলই প‌িটান নাই হাতুড়‌েকেও প‌িটিয়‌েছেন !	Negative
629	সাকিব-তামিমের জুটির রান বাদ দিলে,স্কোরটা কত হয়,অংকটা হিসাব করে নিয়েন।	Negative
630	খুব সম্ভব কিন্তু তোমরা ব্যাটসম্যানরা সেটা অসম্ভব করে তুলবে	Negative
631	বেচারা সাব্বির। তার কি অপরাধ,যার টেষ্ট ম্যাচ খেলার ইচ্ছেই নেই তাকে বাংলাদেশ টিম জোর করে টেষ্টে নামিয়ে দিচ্ছে	Neutral
632	বৃস্টির কারনে কুমিল্লা হারলো?	Neutral
633	২ বলে দলীয় গুরুত্বপূর্ণ ১ রান! (মাত্র ৯৯ রানের জন্য সেঞ্চুরি মিস)	Negative
634	সময় বাংলাদেশের ভাগ্য ড্র রেখেছে, নাহয় হার চাড়া উপায় ছিলোনা.!!	Negative
635	যে কোন কারণে ম্যাচ নাও হতে পারে, সেখানে কেন রিজার্ভ ডে রাখা হলনা?	Negative
636	কোন বাল খেলে খেলুক আমাদের জিততে চাই	Negative
637	মোসাদ্দেককে না নি‌লে চরম ভুল সিদ্ধান্ত হ‌বে	Neutral
638	এই পিচে ৩০০ রান তাড়া করতে বাংলাদেশে অারও ২ বার ব্যটিং করতে হবে.	Negative
639	সাব্বির বাজে। মোসাদ্দেক কে নেয়া উচিৎ	Negative
640	শুভকামনা রাজ্জাক ভাই।	Positive
641	ইমরুল, সাব্বির, লিটন এই গুলারে চিরতরে দল থেকে বহিস্কার করা হোক।	Negative
642	এই বাজিটাজির কথা এখানে আসছে কেন?	Negative
643	৮২ রানে অল উইকেট|	Negative
644	মোসাদ্দেক সানজামুল হটাও,আঃ রাজ্জাক আর সাব্বিরকে দলে ভেড়াও,	Negative
645	অভিনন্দন রাজ,নির্বাচকমণ্ডলীর মুখে নিরব চপেটাঘাত	Negative
646	যা মন চাচ্ছে তাই করছে। সেচ্ছাচারিতা। যাকে ইচ্ছা নিচ্ছে যাকে ইচ্ছা বাদ দিচ্ছে।	Negative
647	সাকিব বিহীন দলটা সত্যিই অনেক অগোচালো	Negative
648	সাধুবাদ জানাই কুমিল্লার অধিনায়ক ও মালিক পক্ষকে।।	Positive
649	আজকে বুঝল রাজ্জাকে কতটুকু দরকার ছিল	Positive
650	নিয়মিত খেললে আরো ভালো করতে পারত।	Positive
651	তোর মত বলদের যে সত্যটা স্বীকার করতে কষ্ট হবে সেটা আমি আগে থেকে জানতাম।	Negative
652	বাংলাদেশ না হেরে কি আর করবে সাব্বিরের মতো খেলোয়ার থাকতে বাংলাদেশ না হেরে জয়ের চিন্তা করতে পারে	Negative
653	হলে কি হবে বাংলাদেশের ব্যাটিং তো হারার আভাস দিচ্ছে	Negative
654	তামিমের সাথে শাহরীয়ার নাফিস কে কেন খেলানো হচ্ছে না ???	Negative
655	এক দিনের ম্যচে সাধারণত ২০ অভার খেলার পর ম্যচ মুল্যায়ন করা হয়	Neutral
656	সানজামুল কে বাদ দেওয়া হলো দল থেকে।	Negative
657	শুভ কামনা তার জন্য।। নিজেকে যেন ভালভাবে প্রমান করতে পারে।	Positive
658	যদি অতিপ্রাকৃত কিছু ঘটে তবে চারদিনেও যেতে পারে... কিন্তু আমাদের পরাজয় কেউ ঠেকিয়ে রাখতে পারবা না!.	Negative
659	তবুও আশা রাখি আমরা জিতবই. ইনশা আল্লাহ্।	Positive
660	দল গঠনে বাংলাদেশ এখনো প্রফেশনাল হতে পারলো না। অদ্ভুত	Negative
661	মাঝে মধ্যে উপেক্ষা দরকার আছে ও দুনিয়ার ঢিলে হয়ে গেছিল	Neutral
662	পীরবাবা ঐখানে ঝড় তুলতে পারবে। জাতীয় দলে তো না পারে কাউকে যোগ্য সার্পোট দিতে,না পারে ১০টা রান করতে	Negative
663	মিরপুরে বসে বর্তমান সময়ের মরতে বসা শ্রীলঙ্কা র সাথে ৮২ রানে অলঅাউট হয়!	Negative
664	পাপন তো আগলা বলদ।	Negative
665	কারণ পীরবাবা যে তোদের মত বলদদের ফুঁ দিয়া মন্ত্র পইড়া বশ করে রাখছে	Negative
666	তাঁকে যদি জুনিয়রদের মতো সুযোগ দেওয়া হত সে বাংলাদেশ ক্রিকেটের অন্যতম তারকা হয়ে উঠত।	Neutral
667	স্যার লিটন দাস এবার ফ্ল্যাট দাবি করতেই পারে??	Neutral
668	বেলা শেষে বাংলার বিনোদনে এই টিম হতাশা আর হতাশা ডেলে দিচ্ছে !!	Negative
669	আজ ও পর্যন্ত বাংলাদেশ বিশ্ব মানের পেসার পাচ্ছে না কেনো?? ,	Negative
670	রাজ্জাক কাণ্ড বাদ দিয়া, ব্যাটিং কাণ্ড নিয়া বলেন, বাল	Negative
671	মিনহাজ আবেদীন নান্নুকে প্রধান নির্বাচক থেকে বাদ দেওয়া দরকার। নান্নু থাকলে বাংলাদেশ ক্রিকেট তলানিতে যাবে।	Negative
672	হুম অবশ্যই ভাল খেলোয়ার কে মূল্যায়ন করা উচিত	Positive
673	জাতীয় দলে প্লেয়ার নির্বাচনের জায়গা নয় পাগল মাকা নিবাচক জাতীয় লীগে যান	Negative
674	অনেক ভালো খেলেছে বাংলাদেশ ২০০/৮, লিড মাত্র ৩১২। পরের ইনিংসে ভালো করবে।	Positive
675	এই লেখা ৬০ রানে ২ উইকেট পড়ার পরের কাহিনি	Negative
676	ওনারা শোক পালন কর‌ছেন।	Negative
677	ওদের সাম্প্রতিক ফর্ম ও জঘন্য, তাই খুব বড় কোনো অঘটন না ঘটলে বাংলাদেশ ই চ্যাম্পিয়ন হওয়ার কথা	Negative
678	দেশীয়, আন্তর্জাতিক দর্শকপ্রিয়তা ছাড়া আয়োজন এইখানে আরো কতো নাটক হবে।	Negative
679	এই মিনহাজুল নান্নু পুরাই বিনোদনের বাক্সো। তারে বাংলা ছিনেমায় জায়গা দেওয়া হোক।	Negative
680	শ্রীলংকা দুই তারকা কুমার সাংগাকারা ও মাহেলা জয়াবর্ধনে অবসরের পর একেবারে দুর্বল দলে পরিণত হয়েছে	Negative
681	স্পিন দিয়ে শ্রীলংকাকে কিছুই করা যাবে না, উল্টো রঙ্গনা হেরাথ বাংলাদেশের ব্যাটসম্যানদের প্যান্ট খুলে উলঙ্গ করে দিবে।	Negative
682	ইজ্জত রক্ষা হইছে ___যাইহোক অসংখ্য ধন্যবাদ মমিনুল কে	Positive
683	রাজের রাজসিক প্রত্যাবর্তন!	Positive
684	আফিফ এক সময় বড় খেলোয়াড় হবে	Positive
685	কিছু দিন এর মধো আফগানিস্তান এর সাতে নিয়মিত হারবে। ipl এর দিকে দেখেন ৪ জন	Negative
686	পারলে পাপন কাক্কুকে ও দলে ডুকানোর ব্যবস্থা করলে ভাল হয়।	Negative
687	ভাল লাগল রাজ্জাককে আবার সুযোগ দেয়ার জন্য।	Positive
688	110 এ অলআউট হও... ৩২০ করবা....!!!! শালারা সব আবাল...বাল খেলে।	Negative
689	জাতির ইজ্জত এখন বোলারদের হাতে!	Negative
690	এই সুযোগে অবসর নেয়া উচিত,,খুব ভাল হবে রাজ্জাকের জন্য	Neutral
691	আমাদের সম্ভবত ক্রিজের উর্বরতার দিকে না তাকিয়ে আগে খেলোয়াড়দের মস্তিষ্কের উর্বরতার দিকে নজর দেওয়া উচিত ।	Neutral
692	এই ম্যাচ বাংলাদেশ জিতবে -যারা এমনটা আশা করেন তারা কল্পলোকের বাসিন্দা।	Negative
693	আমাদের সুজন সাহেব থাকলে বাংলাদেশ ঠিক আগের চেহারায় ফিরে আসবে	Negative
694	ন‌িজ দ‌েশেই বাঘ অার দ‌েশের বাইর‌ে ইদুঁর‌ের চ‌েয়েও ন‌িকৃষ্ট দল‌ের নাম হচ্ছ‌ে বাংলাদ‌ে‌শ।	Negative
695	বাংলাদেশ দলের জন্য শুভকামনা রইলো	Positive
696	দুঃখ হয় নিজ দেশের, নিজ মাঠে ব্যাটিং বিপর্যয়	Negative
697	এতে মতামতের কি আছে,সবই কমেন্ট পাওয়ার ধান্দা রে পাগলা।	Negative
698	তাকে নিয়মিত দলে রাখলে বাংলাদেশের ক্রিকেট বিশ্ব আসনে মাথা উচু করে দাড়াবে	Negative
699	রাজ্জাক নিজের জন্য নয়,দেশের জন্য প্রাণ উজাড় করে খেলে।	Positive
700	বুকাছুদা সাব্বির,,,বালের প্লেয়ার সাব্বির,আবাল এক টা প্লেয়ার সাব্বির	Negative
701	নির্বাচকরা এটা কেমন স্কয়ার্ড সাজালো আমি বুঝিনা।	Negative
702	রাজ্জাকের আরও ৭/৮ বছর দরকার আমাদের বাংলাদেশ ক্রিকেট দলের।	Positive
703	এলাহিকান্ড তো ঘটিয়েছেন তামিম, ইমরুল, মুশি আর মিমি।	Negative
704	হাতুরে কে স্যালুট	Negative
705	হালা পেট শামলাইতে পারে না, সে আবার দলের টেকনিক্যাল ডাইরেক্টর.	Negative
706	প্রথম উইকেট নিয়ে রাজ্জাক তার কার্যকারিতা প্রমান করে বুঝালেন যে তিনি ফুরিয়ে যান নি।	Positive
707	মাঠের বাইরেও এলোমেলো লাগছে বাংলাদেশ দলের টিম ম্যানেজমেন্টকে।	Negative
708	ব্যাটিং বিপর্যয় বাংলা দেশের ।।	Negative
709	যত্তসব ধান্দাবাজ...দেশের সম্মানে থেকে তার কাছে টাকা বড়...!	Negative
710	সকি.বাল থাকলে বাংলালিঙ্কের অফার দিত আর লংকান রা দৌড়াইতো অফার নিতে। জিতে যেত বাংলাদেশ ক্রিকেট টিম	Negative
711	গাজা খোর আম্পায়ার,,	Negative
712	মিরাজ বয়সে ইম্ম্যাচিউর,খেলায় ইম্ম্যাচিউর,কথাবার্তাও ইম্মতাচিউর।অল্প বয়সে জাতীয় দলে আসলে যা হয় আর কি	Negative
713	এইসব বিড়ালদের সাপোর্ট দিতে দিতে আমরা মাথায় তুলে ফেলছি	Negative
714	বাংলাদেশ ক্রমান্বয়ে উন্নতি করছে ১ম ইনিংসে ১১০ রান করলেও ২য় ইনিংসে ১২৩ রান করছে। চোখে পড়ার মত উন্নতি।	Negative
715	রাজ্জাক ভায়ের জন্য রইল শুভ কামনা।	Positive
716	বাল ফেলাইচে মাগমুত থুক্কু মাহমুদ	Negative
717	চাব্বির ওরফে ম্যাও একদিন নিশ্চই ৫০০ রানের ইনিংস খেলবে।	Negative
718	আমরা হাতুরুর আমল ভুলে গেছি। কথা উঠেছিল দেশি কোচ সুজি (সুজন) আমাদের বস।	Negative
719	শক্তিশালী বাংলাদেশের বিপক্ষে মাঠে নামছে শ্রীলঙ্কা।	Neutral
720	আইছে আরেক পীরবাবা মাছরাফির আবাল মুরিদ।	Negative
721	জিততে চাইলে বল পিচে পড়ার আগেই মারতে হবে....	Neutral
722	সাব্ব‌িরক‌ে না ন‌িয়ে সাইফউদ্দীনক‌ে ন‌িলে ভাল হত। প‌েস ব‌োলিং এ কাজ‌ে লাগান য‌েত।	Negative
723	যে টাকা ক্রিকেটের পিছে ব্যায় করা হচ্ছে  সে টাকায় বেকার যুবকদের জন্য -- কোম্পানি, ফ্যাক্টরী খুললে দেশের অনেক উপকার হতোদেশের অনেক উপকার হতো	Negative
724	ভারত, পাকিস্তান, শৃলংকা হলে পেস এন্ড বাউন্সি উইকেট বানানো প্রয়োজন।	Neutral
725	আগের দিন নিছস ১০০ কাল নিবি ৮০ তারপর তাড়াতারি বাড়ি চলে যাবি	Negative
726	আমাদের দৌড় তো আমরা জানি, তাহলে কেন এই সার্কাস পিচ তৈরী করা হলো	Negative
727	ক্রিকেটারদের জন্য সবচেয়ে গুরুত্বপূর্ণ, সর্বনিম্ন বেতনের সীমাও দিয়ে দিয়েছে আইপিএল কমিটি	Neutral
728	আরে ভাই নান্নু ঘুমে থাকে ওর হুস থাকেনে!এটা নিয়া রাজনীতি করার কিছু নাই	Negative
729	আজকের রাতের জন্য সাব্বিরকে একজন সুন্দরী মডেলের সাথে সময় কাটানো সু ব্যবস্থা করা হোক।	Negative
730	৯৪ রান করে লিটন যখন প্যাভেলিয়নের পথে হাঁটছে,মাত্র ৬ টা রানের জন্য ১ম সেঞ্চুরি মিস	Neutral
731	নাসিরের জায়গায় সাইফ উদ্দিন ভালো ব্যাটিং করবে যদি সে ব্যাটিংয়ে একটু বেশি মনযোগ দেয়।	Negative
732	নান্নু মতো লিজেন্ডরাই আমাদের ক্রিকেট ধবংস	Negative
733	ভাল একটা কথা মনে পড়ছে সাকিব ও ম্যাশতো বাংলাদেশের কোচ।তাহলে তারা জাতীয় দলের সাথে নেই কেন	Negative
734	নাসিরে আর মাত্র ১০০ রানের জন্য সেন্চুরিটা মিস করল	Negative
735	নির্বাচকদের আর পাপন এই প্যনেলের কোন প্রয়োজন নেই। ওরা যতদিন থাকবে এর থেকে ভাল কিছু আশা করা যায় না।	Negative
736	বাংলাদেশ দল নিয়ে যে একটা কমেন্ট করবো, সে ইচ্ছেটাও মরে গেছে।	Negative
737	অাজকে ক্রিকেটর কালো দিন ১৫জন ক্রিকেটার অাত্তহত্যা করেছে	Negative
738	কোহলি বিশ্ব সেরা ব্যাটসম্যান দের একজন কিন্তু এই যুগে সে সবার থেকে আলাদা এবং সবার সেরা।	Positive
739	লংকানদ‌ের অাছ‌োলা বাঁশ Wait করছ‌ে বাংলাদ‌েশের জন্য। শ্রীলংকার জয় হ‌োক এই ট‌েস্টে।	Negative
740	খালেদার কারনে মমিনুল লেজি আউট হয়ে গেল।	Negative
741	ভালো কিছু করবে বলে আশা করি	Positive
742	লেগ ভেল্কির কোন ঔসুধ নাই।আফ্রিকার মরন দশা!!	Negative
743	তারা সামান্য কয়টা ম্যাচ জিতেই যদি অানন্দে অাত্মহারা হয়ে অাত্মতুষ্টিতে ভুগে এভাবে নিয়মিত জেতা ম্যাচ হারে তাহলে ভবিষ্যৎ এ এদের দিয়া ট্রফি জেতার অাশা কীভাবে করেন?	Negative
744	হাতুরু আর কয়েকটাদিন থাকলে সব্বনাশ হয়ে যেতো।	Negative
745	এখানে, কোনো প্লেয়ার দু একটা সুন্দর শট মারলেই তাকে অগ্রাধিকার দেওয়া হয় ॥	Negative
746	এখন শিরনাম করেন না কেন হাতুরু ০-বাংলাদেশে ১।সব কিছু নিয়া বারাবাড়ি করা আপনাদের অভ্যাস।খেলাটাকে ব্যাক্তিগত পর্যায়ে নিয়া যান আপনারা।	Negative
747	খেলুক রাজ্জাক, ধ্বংস করে দিক লংকান ব্যাটিং স্থম্ভ।	Negative
748	গাঁজার দাম কি আবার কমছে??	Negative
749	মিরপুরে ২য় ইনিংসে পরে ব্যাটিং করা কঠিন	Negative
750	সত্যি বলতে কি বাংলাদেশের প্লেয়াররা মাঠের খেলার চাইতে হাতুরুসিং কে হারানোর প্রতি বেশি মনযোগী।	Negative
751	সাকিব সুস্ত হলে কি রাজ্জাক বাদ.	Neutral
752	আমাদের মাঠে এসে শ্রীলংকা ট্রাই নেশন সিরিজ ও নিয়ে ফেলছে এখন টেস্ট সিরিজ টাও নিবে মনে হয়	Neutral
753	সেমিফাইনাল , কয়ালিফাইয়ার , ইলিমিনেটর এই সমস্ত ম্যাচের জন্য রিজার্ভ ডে রাখা বাঞ্ছনীয় ।	Neutral
754	তোদের মত সাংবাদিকের কারনে বাঙাল ক্রিকেটের আজ এই অবস্থা।	Negative
755	ওরে দিয়া কিচ্ছু হবেনা এখন একটা বিয়া দিয়ে দাও।	Negative
756	না বাদ যাবেন না বাপের টেহা থাকা লাগবে।।বোডে নতুন করে টেহা দিয়ে ভর্তি হওয়া লাগবো	Negative
757	পেশাদারিত্বের বড় অভাব.......এজন্যই সাকিব, মাশরাফি আর মুশফিক একসাথে জেমি সিডন্সের কোচ হওয়া আটকে দি	Negative
758	নান্নু ভাইকে দেখলে এমনিই মনে হয় গাজাখোর,কিন্তু মাহমুদুল্লাহ কেন খোরদের মত যুক্তি দিল??	Negative
759	লে তাদের আর খুঁজে পাওয়া যায় না কেনো। আজ ও পর্যন্ত বাংলাদেশ বিশ্ব মানের পেসার পাচ্ছে না কেনো??? আসলে আমাদের সমস্যা টা কোথায়???	Negative
760	কোন হিসাবে ছব্বিরকে নেওয়া হয় টেষ্টে?	Negative
761	আফিফ দুনিয়া পাঠাইয়া দিচ্ছে, তাড়াতাড়ি জাতীয় দলে নিয়ে আসো	Negative
762	মমিনুলের রান আউটে জাতি অবাক।	Negative
763	বাংলাদেশের নির্বাচকরা মনে হয় যুক্তিবিদ্যাতে পিএইচডি ডিগ্রী লাগাইছে!!	Negative
764	সারা জীবন সুযোগ খুজে বেড়া।	Negative
765	সাব্বিরকে টেস্টে কি জন্য নেওয়া হচ্ছে তা মাথায় আসে না।	Negative
766	অনুশীলনও দরকার। তাকে যদি কোথাও না রাখি, তাহলে তো অনুশীলনের সুবিধাও পাবে না।’	Negative
767	যে দিন বেগম খালেদা জিয়ার রায় সেই দিন বাংলাদেশের টেষ্ট খেলা।	Negative
768	বাংলাদেশের ছেলেদের কৃতিত্ব নিজের গায়ে মেখে হাতুরি বেশ মেদ জমিয়েছিল	Negative
769	আজ এই দিনে বিষন্ন মুশফিক	Negative
770	লিটন বর্তমানে বাংলাদেশের একজন অনেক ভালো কিপার তবে ব্যাটিংয়ে একটু পিছিয়ে আছে।	Neutral
771	আন্তর্জাতিক টেস্ট ক্রিকেট থেকে বাংলাদেশের বহিষ্কার চাই	Negative
772	মাহমুদউল্লাহ ভাইয়ের জন্য শুভকামনা |	Positive
773	খেলতে পারলে সাব্বাস ,খেলতে না পারলে পুরো বংশেকে ধোয়াস।	Negative
774	গতকালকে অনেকেই বলেছিলেন,,বাংলাদেশ হারবে।আজ কোথায় আপনারা?	Negative
775	কি বলবো ভাষা হারিয়ে ফেলেছি।	Negative
776	ভাই আপনার ক্রিকেট সম্পর্কে জ্ঞ্যান দেখে ব্র্যাডম্যান ও লজ্জা পাবে।	Negative
777	মোসাদ্দেক বাদ সাব্বির ইন.	Negative
778	ওয়ান ড‌ে এবং টেষ্ট স‌িরিজ‌ে চরম ব্যার্থতার পরও এবার সাব্ব‌ির T20 দল‌ে !!	Negative
779	সব সময় দলের প্রতি ভালোবাসা থাকে কিন্তু দলের পরিচালকদের কারণে মাঝে মাঝে সেটা কমে যায়।	Negative
780	হাথুরিসিংহ থাকতে আমরা সব দোষ তাকে দিতাম।	Negative
781	আমাদের ব্যাটম্যানদের মনে রাখতে হবে যে,সব দিনে সবাই ভালো খেলবে না	Positive
782	ভাল লাগল রাজ্জাককে আবার সুযোগ দেয়ার জন্য।	Positive
783	পারবেনা এইবার	Negative
784	বাংলাদেশ ভালো দল।	Positive
785	টেস্টের জন্য মোছাদ্দেক পারফেক্ট	Positive
786	আশংকা ও চাপের মুখে ম্যাচ বাঁচাতে পারায় মমিনুল হক, লিটন ও মাহমুদ উল্লাহ কে অভিনন্দন।	Positive
787	নান্নু আর সুজনকে সানি লিওনের কাছে পাঠাতে হবে,	Negative
788	ভাই ইন্ডিয়া রাখেন অাপনার ছেলের নাম তয় অামরা কইতে পারুম, ভারতের বাপ মুশফিক!	Negative
789	তামিম আমাদের যতো বড় স্টার ব্যাটসম্যান হোক, কোনমতেই ইনিংসের প্রথম ওভারে কট এন্ড বোল্ড হওয়া মেনে নেয়া যায় না।	Negative
790	প্রিয় খেলোয়াড়,অনেক খুশি লাগছে!	Positive
791	এ কোনো খেলোয়াড় না শালা only মেউ	Negative
792	আমার মতে উইকেট ঠিকই আছে। এমন উইকেট না হলে বাংলাদেশ কখনোই প্রতিপক্ষের ২০ উইকেট নিতে পারবে না।	Negative
793	ফার্স্ট ক্লাসে যারা ভাল করছে তাদের সুযোগ দেয়া উচিত।	Positive
794	ব্যাট ধরার আগেই তিন জন আউট হাইরে শেখ হাসিনার বাংলাদেশ	Negative
795	লিটন যখন ২৩ রানে ছিলো তখনো ভুয়া ভুয়া শব্দ শুন্সি	Negative
796	ত্রিদেশীয় সিরিজে টানা তিন ম্যাচে অর্ধশত করলেন বস তামিম খাঁন।	Positive
797	কারন এদের কোম শরম নেই, ভেমরুল, কুমারি দাস, সাব্বির গরু এরা লংকান দের চুল ছিড়বে।	Negative
798	রাজ্জাক ভাই।গুরু তোমায় লাল সালাম,এগিয়ে যাও আর সবাই কে দেখিয়ে দাও,	Positive
799	কত্তগুলো টাকা দিয়ে আবাল পালে বাংলাদেশ	Negative
800	বচ ম্যাশকে নিলে তিনি একাই শ্রীলংকাকে উড়িয়ে দিবেন	Positive
801	শ্রীলংকা তো এখন বাচ্চাদের টিম	Negative
802	মামু, চাচা নেই বলে অবহেলিত ক্রিকেটার আব্দুর রাজ্জাক কে, দীর্ঘ দিন থেকে জাতীয় টিমে নেওয়া হয়নি,	Negative
803	লীগ পর্যায়ের সব খেলা হওয়া উচিত ঢাকার বাইরের বিভাগীয় শহরে ।.	Neutral
804	এওগুলা ভালোবাসা রাজ্জাক ভাইয়ের জন্য।অসাধারন একজন স্পিনার।	Positive
805	কিছু কিছু খেলোয়ার শতশত কৌটি টাকার মালিক। বেট, বল কোথায় যায় জানেওনা।	Negative
806	তামিমের কপালে আজো একটা যোগ্য সঙ্গী জুটলো না। অভাগা তামিম।	Negative
807	লক্ষ্য করলে দেখবেন তামিম এখন অনেক ডট দেয়, কিন্তু মুশফিক বা মুমিনুল এরা অতটা ডট বল দেয়না ।	Negative
808	কিছু মানুষ যে খেলা না বুজে এ চিল্লায় আপনি তার প্রত্যক্ষ প্রমান	Negative
809	!এদের কে নিষিদ্ধ করে দিয়ে ,স্টেডিয়ামে মুলো চাষ বেটার	Negative
810	আমি কি আমার কমেন্টেএ ভুল কিছু বললাম	Negative
811	পীরবাবার মুরিদের পীরবাবার মত ব্রেনে ৭ টা সার্জারি দরকার	Negative
812	আমি বুঝিনা ইমরুল, লিটন , সাব্বির এরা কেন দল থেকে বাদ পরেনা ।	Negative
813	সোনার ছেলেরা কন্ডিশনে খাপ খাওয়াতে পারেনি	Negative
814	টেষ্ট এ সাব্বির কে রাখা হয়েছিলো অনুশীলন এর জন্য	Negative
815	এখন মনে হয়,,, আমাদের ক্রিকেটার রা,,, বিরোধী দলীয় নেত্রীর জন্য শোক পালনে ব্যস্ত	Negative
816	গুরু ম্যাছ নুনুতে ৭ টা সার্জারি করেও যে বোলিং করে, তাতে তোদের ব্যাটিং ধসিয়ে দেয়ার জন্য যথেষ্ট।	Negative
817	ফাইনালি হি ইজ ব্যাক	Neutral
818	ভাই এমন একটা সময় আসবে বাংলাদেশের খেলা কেহ আর টিকিট কেটে দেখবে না..	Negative
819	নতুন বছরের নতুন চমক দেখলাম।আমাদের এই টিম সবি পারে।	Negative
820	চাপ না নিয়ে যার যার দায়িত্ব নিয়ে স্বাভাবিক খেলাটা খেললেই হবে। জয়, পরাজয় কিনবা ড্র পরের ব্যাপার।	Positive
821	বেটা উয়েকেট পিচে ছাগল দিয়ে বল করালে ও উয়েকেট পাওয়া যায় এটা এখন সবাই বোঝে।	Negative
822	আমরা চাই,দল ভাল করুক	Negative
823	হাতুরু কে কিছুদিন পর শ্রীলংকা দলের লোকে পিঠাবে	Negative
824	বাংলাদেশ হেরে যাওয়াতে ব্যাক্তিগতভাবে অামি খুশি।	Negative
825	আফতাব ভাই আজ টিমে থাকলে আজ ২/৩ ছক্কা দেখতাম	Positive
826	আবাল এখানে Ipl কোথা থেকে আসল??	Negative
827	সাকিব আর তামিম যে ভাবে খেলছিল, সে ভাবে প্রতেক ম্যাচে তাদের প্রাপ্য বারনো হয়নি।	Negative
828	শালা কোচ,নির্বাচক,ডিরেক্টর সহ বিসিবি এর সব গুরুত্বপূর্ণ পদে এই অযোগ্য সুজ	Negative
829	মমিনুল ভাল খেলছে ভাল কথা। দলে টিকতে হলে ভাল খেলার কোন বিকল্প নেই।	Neutral
830	আমাদের ক্রিকেট টিমের আরো বহুগুণ পেশাদারিত্ব প্রয়োজন।	Neutral
831	ভারত,ইংল্যান্ড,অস্ট্রেলিয়া প্রথম শ্রেণির ক্রিকেটে যেখানে গভীর মনোযগী,তখন আমরা পড়ে আছি ক্লাব ক্রিটের ডিপিএল নিয়ে।	Negative
832	অনেকেই বলে বিরাট কোহলি নাকি শুধু ঘরের মাঠেই ১০০ মারতে পারে বাইরের মাঠিতে নাকি পারেনা তাই দেখিয়ে দিচ্ছে সবাইকে	Negative
833	এখন টেস্ট ও একি দশা। বাকি রইলো টি২০!	Negative
834	অবশেষে পরাজয়ের ময়নাতদন্ত রিপোর্টে দেখা গেছে রবি সিমের নেটওয়ার্ক সমস্যার থাকার কারণে বাংলাদেশ দলের খেলোয়ারা আজ আপন_শক্তিতে_জ্ব লে উঠতে পারে নি।	Negative
835	গতকাল খেলা দেখে যা বুঝলাম জিম্বাবুয়ে খেলোয়াড়রা বাংলাদেশের সব বলারদের প্রত্যেকটি বলকে গুরুত আকারে দেখছে।	Negative
836	অসাধারণ দায়িত্ব পালন করতে করতে বিশ্বখ্যাত গতিদানব সুজন কাক্কু ক্লান্ত হয়ে পড়েছেন।	Negative
837	সালাদের কাছ থেকে সব কেড়ে নিয়ে ভিক্ষার ঝুলি হাতে দেওয়া উচিত।	Negative
838	সাব্বির কোন মন্তীর ভাতিজা বা বাগ্নে হয়। খুজে বের করী দরকার। অন্যথায় এরকম মগা মার্কা খেলোয়াড় কিভাবে জাতীয় দলে খেলে।	Negative
839	বাংলাদেশ যদি তাদের সেরা ব্যাটিং করে তাহলে ২৮০।	Neutral
840	ঐ সব হ্লার পোলারা কই যারা বলে রাজ্জাক টেষ্টে ভাল করতে পারে না?	Negative
841	পারবে গতকাল আজকে না	Negative
842	এই উইকেটে কাল বাংলাদেশ ১২০ রানে অলআউট হয়ে যাবে।	Negative
843	আফঘানিস্তানের খেলা দেখেন আর এদেরটা দেখেন। কয়দিন পর আফঘানিস্তানের কাছেও এই বলদদের হারতে	Negative
844	আজকের ম্যাচটা ফিক্সিং করে শ্রীলংকাকে জিতিয়ে দেয়ার জন্য বিসিবি কত টাকা খেয়েছে জাতি জানতে চায়।	Negative
845	কন্ডিশন ও প্রতিপক্ষ দলের শক্তি-দুর্বলতা মাথায় রেখে সঠিক দল নির্বাচন। আর এই জায়গায় ভুল করায় আমাদের জুড়ি নেই।	Negative
846	মিরপুরের ক্রিকেট মাঠের পিচ, আর রাস্তার পিচ একই সমান ।	Negative
847	একজন খেলোয়াড়ের ক্যরিয়ার কিভাবে ধ্বংস করতে হয় সেটা মমিনুলের উপর হাতুরুর যে ভয়াবহ আক্রোশ থেকেই প্রমাণিত হয়েছে।	Negative
848	কুক্ত্বার দেশে জন্মই,আজন্ম পাপ!	Negative
849	লিটন ছেলেটা জাতীয় লিগে সব সময় সেরা স্কোরার কিন্তু জাতীয় দলে ফ্লপ	Negative
850	অধিনায়ক রিয়াদ আরো পরিপক্ব আর দায়িত্বশীল হবেন,শুভকামনা	Positive
851	তোমাদের বুঝার দরকার নাই আমরা বুঝতে পারলেই হলো	Negative
852	বাহ্,, টেস্ট অন্য দেশের কাছে গৌরব,,, আর আমাদের জন্য টি২০ এর অনুশীনের জায়গা,,, বাহ্	Negative
853	জো জিতা ওহি সিকানদার! তাই যে জিতবে সেই ফেভারিট!	Negative
854	মোসাদ্দেকের জায়গায় সাব্বির কিভাবে চান্স পায়।	Negative
855	আশা করি রংপুরের ঘরেই ট্রফি উঠৰে	Positive
856	লিটন দাস যথেষ্ট প্রতিভাবান প্লেয়ার এতে কোন সন্দেহ নেই	Positive
857	খেলার সংবাদ গ্রুপের পক্ষ থেকে বিরাটকে জানাই আন্তরিক অভিনন্দন ও শুভেচ্ছা।	Negative
858	ওনাকে খেলানো হোক রেগুলার	Positive
859	শুভ জন্মদিনে শুভেচ্ছা ও শুভকামনা রইলো মাহমুদুল্লাহ	Positive
860	বিশ্বের যে কোন দেশ কে কাবু করতে পারে আব্দুর রাজ্জাক থাকে দলে নেওয়ার জন্য নির্বাচক কে ধন্যবাদ i	Positive
861	দেশের ম্যাচ থেকে একটি ক্লাবের(চেতনাধারী) ম্যাচ বড় হয়ে গেল??	Negative
862	জিম্বাবুয়ে ফেভারিট।	Positive
863	অল্প কয়েকটা খেলোয়ারের কারনে দল হিসেবে টিকে আছে, নয়তো কবেই উধাও হয়ে যাইত!,	Negative
864	তুই একটা হারামজাদা	Negative
865	অামাদের চট্টগ্রামের অহংকার	Positive
866	. এদের দ্বারা কিছুই হবেনা বরং হারের দিক দিয়েই বিশ^ রের্কড হবে ।	Negative
867	চট্টগ্রাম টেস্টে আমরা আরেকজন পেসারের অভাবে ভুগেছি।	Negative
868	বাংলাদেশের নির্বাচকেরাও পারে বটে।	Negative
869	বাস্তবতা মিরাজ ও জানে কিন্তু এই জন্য কি কাপুরুষের মত বলবে যে এটা সম্ভব না?	Negative
870	সাব্বাির কেন বার বার!এনামুল কে ২ টা সুজুক দিয়ে কি চিনে গেসে।	Negative
871	সবাই ঠান্ডা থেকে বাঁচার জন্য তাড়াতাড়ি অাউট হয়ে প্যাভিলিয়নে ফিরে যাচ্ছে অার কি!	Negative
872	যতসব দায়িত্বজ্ঞানহীন সিদ্ধান্ত।নির্বাচকদের উটকো সিদ্ধান্ত ও কথাবাত্রার জন্য শাস্তি হওয়া উচিত।	Negative
873	বাংলাদেশ কোন কোচের ওপর নির্ভর করে খেলেনা খেলে নিজেদের যোগ্যতা ও শ্রম দিয়ে	Neutral
874	টিম ম্যানেজমেন্ট এ যত বলদ আছে এইগুলারে পরিবর্তন করা দরকার আগে	Negative
875	দুই ইনিংস মিলাইয়া ২২২ রান করাটাই বাংলাদেশের পক্ষে চ্যালেজ	Negative
876	সামর্থ এবং ফর্ম থাকা সত্বেও অনেক সম্ভাবনাময় ক্রিকেটার হারিয়ে গেছে!!	Negative
877	ভালোবাসি দেশ এবং ক্রিকেটকে	Positive
878	রাজকীয় রাজ্জাক	Positive
879	যতদিকে চোখ মেলে থাকায়,কুকুরের বিষদায়ক কাঁমড়!	Negative
880	অসহায় আর্তসমরপন উনারা র কাউকে খুজে পাসছেন্না বারবার এদেরকেই হাযির করছেন ??	Negative
881	সে ওয়ানডেতেও ভালো নয়। তার স্থান টি২০তে। ওসব বিড়াল টিড়াল যেন অার চান্স না পায়।	Negative
882	একে বলে মধুর প্রতিশোধ।	Negative
883	ডান হাতি ব্যাটসম্যানের জন্য রিকি পন্টিং	Positive
884	হার টা এখন সহনীয় হয়ে গেছে।তাই বাংলাদেশ হারলেও কিছু মনে হয় না।	Negative
885	তবে হতে পারে যদি মাহমুদ সুজন টেন্ডুলকারকে ওপেনিংয়ে নামানো যায়	Negative
886	সুজন সাহেবের মতো ম্যানেজার থাকলে এমনই তো হবার কথা।	Negative
887	দে‌শের বাইর‌ে খেলত‌ে গেল‌ে তখন ত‌ো পাচা ফ‌েটে চ‌ৌচির হয়‌ে যায় অার বাহাদূরী শুধু মাত্র ন‌িজ দ‌েশে পার‌ে দেখাত‌ে।	Negative
888	সেরা ৫ উকেট নিবে	Positive
889	হালার পোলারা শুধু বাংলাদেশের সাথেই পারবো.	Negative
890	লজ্জা হওয়া উচিত ওদের	Negative
891	কাল জুতায় লাল কালি লাগিয়ে ব্যাখ্যা দিবে একই কালার আর কত দেব,এবার জুতাটা লাল হোক।।।	Negative
892	,তাদের চাইতে বুইড়া মাশরাফি অনেক ভালো,,,,,,,,,রাব্বি,, টাসকিন,,,, রুবেল,, আলামিন,,,ওরা বোলার,,,,?	Negative
893	কতো কিছুই তো বুঝা যায় না	Negative
894	শুরুতেই লঙ্কান শিবিরে হানা।৪ বছর পর ফিরে দলের জন্য প্রথম ব্রেক থ্রো এনে দিলেন অবহেলিত রাজ্জাক।	Positive
895	অল আউট হ তারাতারি।	Negative
896	আমাদের ক্রিকেট নিয়ে কোন কমেন্ট করার দরকার নেই।কারণ দল টা এখন আর BD দল নাই।	Negative
897	মমিনুল কে ভবিষ্যতে এক দিনের ম্যাচে দেখতে চাই।	Positive
898	আমাদের কোচ চাই ।	Neutral
899	দিন শেষে ঘরের মাটিতে নগ্ন পার্ফরমেন্স দেখার জন্যে?? এসব আটা ময়দা আর সুজির ডিরেকশন দিয়ে ক্রিকেট খেলা হয় না। বড়জোর কেরাম খেলা হতে পারে	Negative
900	এরকমটা করা মোটেই উচিত হয়নি । তাহলে তো নিয়ম রাখার কোনো দরকার নাই	Neutral
901	আরো অনেক বেশি স্মার্ট হতে হবে খুব শিঘ্রই।	Negative
902	সুজন আর পাপন কাকা তো বেজায় খুশি	Negative
903	সমালোচকদের জবাব দিতে এইরকম একটি কমেন্টই যতেষ্ট।	Negative
904	এটা বিসিবি নয়,মনে হয় যেনো একটা পাগলা গারদ।এটা বিসিবি নয়,মনে হয়	Negative
905	রাজ্জাকের জায়গাটা রাজ্জাককে দেওয়া হোক।	Neutral
906	ম্যাচে জয় করতে হলে অবশ্যই মমিনুলের সেরা খেলাটা খেলতে হবে ।	Positive
907	কানকির বাচ্চাদের আক্কেল বলতে কিছুই নাই সাব্বির বাল পেলাইছে সব নিয়ে যাবে এরা আর আমরা ললিপপ খাব!	Negative
908	ইয়াসির,,,তোর বাবা মাশরাফি টি ২০ খেলার কোনো যোগ্যতাই নাই বুঝলি।	Negative
909	নাটকে আমাদের নাক আরো উচ হলো।ছি ছি বি সি বি ছি	Negative
910	হাতুরু মুমিনুলকে অনেক পছন্দ করে,সেজন্যই মুমিনুল যেন আরো ভাল করে,আরও জ্বলে উঠে	Negative
911	আফগানস্থানের দিকে তাকান তারা কত দৃত বিশ্ব আসরে জায়গা করে নিচ্ছে	Positive
912	কারন মুসাদেক আবাহনী র প্লেয়ার, তাই তাকে দিয়ে লিগ খেলাতে হবে,জাতিয় দল গুলায় জাক তা পাপনের কিছু আসে জায় না।	Negative
913	ওরে পাইলে শুধু একটা কথা জিঙ্গাসা করতাম। রিয়েেল টাইগারের কর্ম ক্ষমতা দেখেছিস কি না?	Negative
914	এই ম্যাচ বাংলাদেশ জিতলে সানিলিওন ভার্জিনিটি ফিরে পাবে।	Negative
915	একদম ঠিক কথা ভাই। ১০-১২ বছর ধরে খেলে এদের এখনো পেস বোলিং দেখলে বাতে ব্যাথায় ধরে,	Negative
916	এভারেজ ১৪ রানরেট নিয়ে এমন একজন ব্যক্তি কি করে প্রধান নির্বাচক হয়?? দলিয় কোটায় উনি প্রধান নির্বাচক??	Negative
917	যেহেতু সাকিব নাই তাই রাজ্জাককে নেওয়া বুদ্ধিমানের কাজ হবে।	Negative
918	এটা পুরা দমে ফিক্সিং একটা খেলা হইসে।	Negative
919	কেন আরিফুল হক/ মিথুন /আফিফ / বিজয় / ডাক পাসছেন্না???	Negative
920	৩৫ পাড়ি দিয়েও রাজ্জাক এখনো ক্ষুরধার... তাহলে বুঝেন ৪০ পেরোনো গতি দানব সুজন কি করতে পারে	Positive
921	রাজ ভাইকে বাংলাদেশের প্রতেকটা ম্যাচে দেখতে চাই।	Positive
922	দুই ইনিংসে বিশ্ব কুখ্যাত ওপেনার তামিমের মোট রান ৬ ।	Negative
923	১৮ ছক্কা ও ৪ চারে ১৪৬ রান	Positive
924	ব্যাপার না। এটা শুধুমাত্র দুর্ঘটনা ছাড়া কিছু না।	Neutral
925	বোর্ডের লোকেরার তালবাহানা শুরু করছে।	Negative
926	মশরাফি এ দেশের গর্ব	Positive
927	রাজ্জাক কে নিয়মিত টেস্ট খেলানো হোক	Positive
928	এই সুজন কে দিয়ে কিছুই হবে না বরং বাংলাদেশের প্লেয়ার খারাপের পথে অগ্রসর হবে ,ছাগল দিয়ে যদি চাষ করা যেত গরুর প্রয়োজন হতো না,,	Negative
929	সেদিন বেশি দূরে যেদিন র‌্যাংকিংয়ে তিন ফরম্যাটের ক্রিকেটেই বাংলাদেশকে আয়ারল্যান্ডের পরের স্থানে দেখা যাবে।	Negative
930	তামিম, সাকিব ও মুশফিকের উপর সব সময় নির্ভর হয়ে খেললে এই রকম অবস্থা হতেই থাকবে।	Negative
931	ভাইরে এইটা আমেরিকা মহাদেশের দল না , এশিয়া মহাদেশের	Negative
932	ম্যাও সাব্বির গেল কই ধর সালারে	Negative
933	বাংলাদেশ দলকে দ্বিয়া টেষ্টে আফিফকে নায়া উচিত	Negative
934	সুজন,সাব্বির,ইমরুল, সার লিটন দাস সব ধরনের ক্রিকেট থেকে বাদ দিতে হবে।।	Negative
935	এইসব রামছাগলগুলোরে কিচ্ছু হবে না!পেশাদারিত্ব বলতে কিছুই নেই এদের মাঝে।	Negative
936	আশা করি দলের জন্য ভালো কিছু উপহার দিবে!	Positive
937	কসময় নিউজিল্যান্ড বলেছিলো বাংলাদেশ টেস্ট খেলার যোগ্য না, তখন আমারা তাদের গালি দিছিলাম, আজ কি বলবো আমরা_?	Negative
938	টি টোয়েন্টিতে আফগানরা ৯ নাম্বার আমরা ১০ নাম্বার..	Neutral
939	শ্রীলঙ্কারা আবাল তাই টাইগারদের বুদ্ধির সাথে বুঝে উঠতে পারছে না ,	Negative
940	স্পিন যদি আমাদের স্ট্রংজোন হয় তাহলেতো ঘরোয়া ক্রিকেটেও স্পিনিং উইকেট বানানো উচিত।	Negative
941	প্রথম ম্যাচ জিতিয়ে হাতুরিকে গালি আর ২য় ম্যাচে ৮২ রানে পেকেট!	Negative
942	বাংলাদেশ রেডি থাকো !	Negative
943	যে ভাইরা কয় মুমিনল,নাসির,এনামুল,রাজ্জক,শাহরিয়ার,এগুলোরে হাতুরু বাদ দিয়েছিল তারা আসলেই একটা বলদ	Negative
944	এটাকে ঝুকি নেওয়া বলে না, গাধামি/ছাগলামি বলা যেতে পারে !	Negative
945	পাকিস্তান মানেই হাস্যকর নিউজ আর দর্শকদের এক বস্তা বিনোদন।	Negative
946	১০০ রান করার যোগ্যতা অাছে?	Negative
947	এই মুহূর্তে পৃথিবীর সবচেয়ে ভয়ংকর শক্তিশালী ক্রিকেট দল বাংলাদেশ	Positive
948	আরে ভাই,যাকে নেওয়া হয়েছে হয়েছেই। সবারই প্রতিভা আছে	Neutral
949	মাহমুদুল্লাহ কি টেস্ট এর যোগ্য সে কবে ভাল করছিল তার ও মনে নেই	Negative
950	আফিফই হবে আমাদের পরবর্তী সাকিব ?	Positive
951	নিজেদের মাঠ সম্পর্কে ধারনা নাই দলের ?	Negative
952	ভবিষ্যতে সাকিবের অভাব পূরণ করতে পারে মিরাজ এবং আফিফ।	Neutral
953	চিলে কান নিয়েছে আর সে চিলের পেছনে ছুটছে বাংলাদেশ	Negative
954	বয়স ভিত্তিক দলগুলোর সিলেকশনে কোনো দুর্নীতি নেই ও এদের দীর্ঘমেয়াদি প্রশিক্ষনের আওতায় রাখা।	Positive
955	শাক দিয়ে মাছ ঢাকার মতো অবস্থা।	Negative
956	দেশে কি আর কোন মানুষ নাই।ক্রিকেটে কিভাবে উন্নতি হবে।	Negative
957	বাংলাদেশ উপেক্ষা করেনি, করেছে হাতুরাসিংহে।	Neutral
958	তামিম , মুশফিক আর মাহমুদুল্লাহ এদের যদি জাতীয়তা বোধ থাকে? তবে পরবর্তি ম্যাচে বাংলাদেশ জিতবে।	Negative
959	রাজ্জাক যে ২২গজের রাজা তাতো প্রমান হয়েই গেলো।	Positive
960	রাজ্জাক কে একাদশে রাখবে না কারন ওদের ভয় আছে বুড়ো হাড়ে ভেল্কি দেখিয়ে দিলে ওরা	Negative
961	বাংলাদেশে কাছে আমার আকুল আবেদন লিটন দাস কে জাতীয় দলের অধিনায়ক হিসাবে দেখতে চাই	Positive
962	ওদের মধ্যে এত টুকু লাজ শরম থাকলে।হোম গ্রাউন্ডে লজ্জা জনক ভাবে হারত না।	Negative
963	তিন ফুটিয়া গান‍্ডু টা কোথায়? ভারত হারলে কর ভালো ঘুম হতো	Negative
964	এইরকম একটা খেলোয়ার কবে যে আমাদের হবে??	Negative
965	জুমআর দিন তাই তোর মাকে পতিতা বললাম না।।	Negative
966	একমাত্র গতিদানব সুজনই এই ম্যাচের গতিপথ পাল্ট দিতে পারে!.	Negative
967	টিকিট বিক্রি যেন বেশী হয়,,তাই!	Negative
968	এই ইমরুলের সামান্যতম জ্ঞান আছে,,,!আবালের মত খেলে,,,কোন নিয়ন্ত্রণ নাই,,নিজের প্রতি?	Negative
969	এই সালাগো দিয়া কিচুই হইব না	Negative
970	ম্যাক্সওয়েলের মত পোতিভাবান ক্রিক্রেটার অষ্ট্রেলিয়া দলে কেও নেই তাকে নিয়মিত ওয়ানডে দলে রাখা উচিত।,	Positive
971	আফিফ আফিফই। আফিফ কেন সাকিব হবে?	Neutral
972	ভাই বিজয় এর সমস্যা টেকনিকে।	Negative
973	এই পিচে রান করা টাফ বোলিং নিস্বন্দেহে ভাল হচ্ছে	Positive
974	১ বছর আগে আমাদের হোম মেসে টিম দেখেন।৩ টা প্লেয়ার চেজ হইছে আর ৩ টা প্লেয়ার আমাদের পাথক্য গরে দিলো।	Negative
975	নিশ্চয় শ্রীলংকান রা পিছিয়ে থাকবে না।এটা তাদের সফলতম মাঠ	Negative
976	রাফির টাকার দরকার নেই ! মাশরাফি ১৬ কোটি মানুষের নয়ন মনি।	Positive
977	তুষার ইমরানকেও দলে সুযোগ দেওয়া উচিত	Positive
978	রাজ্জাক এমন একজন বোলার যে কিনা বিশ্বের যে কোন ব্যাটসম্যানকে পরাস্থ করতে পারে, রান নেওয়া থেকে বিরত রাখতে পারে	Positive
979	রংপুর এতো খরচ করে দল গড়ল এখন ফাইনালে না খেললে কেমন দেখা যায় !!!	Neutral
980	এরপর আর কি বলবো , আপনাদের মন ই ভারত কেন্দ্রিক ।	Negative
981	পমহাদেশের দলের সাথে আপনি এমন উইকেট কোন যুক্তিতে বানান আমি বুঝিনা।শুধু বিসিবিই বোঝে।	Negative
982	আমরা সব পারবো শুধু খেলা জেতা ছাড়া	Negative
983	নান্নু ভাই তো ঘুমায়ে থাকে।	Negative
984	পাপনের মতো আবাল থাকলে যারা প্রতিভা তারা কখনোই নিয়মিত সুযোগ পাবেনা।	Negative
985	মমিনুল সেঞ্চুরি করছে এবং বাংলাদেশ হারছে, এরকম ঘটনা এখন পর্যন্ত ঘটে নাই।	Positive
986	২ বার ব্যাট ধরতে দিলেও জিততে পারবে কিনা সন্দেহ আছে?	Negative
987	বাংগালি খেলোয়ারেরা যে কোনদিন বিশ্ব মানের খেলোয়ারদের মত ধারাবাহিক হতে পারবেনা এটা তারই নমুনা।	Negative
988	বাঙালীবাবু মুখে জোর আছে,,,,,,,,,,, মিনিমাম ১০০ রানে হারবে	Negative
989	এখন তো নিজেরাই দিশেহারা!!!	Negative
990	গোপন সংবাদের ভিত্তিতে জানা গেছে যে, আব্দুর রাজ্জাক ঢাকা টেস্টে খেলছে।	Neutral
991	তোমাদের দিয়া কিচ্ছু হইবোনা।বছরে ১ ম্যাচ জিতে নিজেদের ভিন্ন গ্রহের প্রানী ভাবো।	Negative
992	যারা জিম্বাবুয়া সাপোর্টার তারা মনে হয় ভারতের জঙ্গিগুষ্টির ফসল কারণ নিজের দেশ যদি না পারে তবু বাংলাদেশ	Negative
993	অনুশীলনের জন্য আমরা ও খেলতে প্রস্তুত, টেস্ট, ওয়ানডে, টি২০।	Negative
994	"এই "" জঙ্গলটা"" টেস্টের যোগ্য নয়!"	Negative
995	নির্লজ্জের মত অসহায় ভাবে দলকে দেশ কে পরাজয় উপহার দিলো।	Negative
996	ভাই আমি চেলেঞ্জ করতে পারি আমি ওয়াের্ল্ডের নাম্বার 1 অলরাউন্ডার হতে পারবো	Negative
997	মন অদ্ভুত উদাহরণ দিয়া আমাদের বুজানোর চেষ্টা করবেন না।	Negative
998	জিতবো ইনশাআল্লাহ	Positive
999	মমিনুলের আউটে অনেক রাগ হইছে	Negative
1000	হাতুর এটা কোন কোর্চ হল।	Negative
1001	স্বৈরাচার পাপন,মিথ্যাবাদি মিনহাজুল ক্রিকেট কে ধ্বংসের খেলায় মেতে উঠেছে।মিনহাজুল ক্রিকেটের কিছুঈ বোঝে না।	Negative
1002	আরে বাবা অযৌক্তিক কাজের যুক্তি টাও তো যৌক্তিক হতে হবে নাকি,,	Negative
1003	ঘরোয়া ক্রিকেট ভেন্যুগুলোতে স্পোর্টিং উইকেট স্থাপনের উদ্যেগ কবে নেবে বিসিবি	Negative
1004	কুমিল্লাকে কি ভাবে গলা ধাক্কা দিয়ে বের করে দেওয়া হইল, তা বিশ্বে নজির হিসেবে থাকবে।	Negative
1005	টস হারছে মানে, হারার সম্ভবনাই বেশী।	Negative
1006	ক্রিকেটের ক জেনে এসে পরে কথা বলবি, মাশরাফি নিজের যোগ্যতায় দলে খেলে কারো সুপারিশ এ না!	Neutral
1007	রায়নার থেকে ভারতের টিমে ভালো ব্যাটসম্যান আছে  ধন্যবাদ	Negative
1008	দয়া করে প্রথম গ্লান্সেই ১৩০ কোটির হিসাবটা কেউ তুলবেননা।তাহলে শ্রীলংকা ৭ -৮ টা ট্রফি পেতোনা।	Neutral
1009	অামার ঘুম অাসতেছে। কাল অামাদের মুমিনুলও সেঞ্চুরি করতে পারে।	Negative
1010	যতবলে ততনা আমরাও পারি লংকাকে হারাতে।	Negative
1011	ভাল মানের বিদেশী কোচ দরকার। এই সব গতি দানব সুজন ভাইকে দিয়ে কিছু হবেনা	Negative
1012	গত বিশ বছরে অনেক কে দিয়ে চেস্টা করানো হয়েছে সবাই ফেল করেছে। তাই সাকিব vs বাকি দশ টাইগার।	Negative
1013	ক্রিকেট কোন ধারনাই নাই তার,পিচ নিয়ে কিছু বলবে আবার ফাইন,এটা নিয়ে কিছু বললে আইন ভঙ্গ....	Negative
1014	নুনু ত ক্রিকেটি বুজেনা	Negative
1015	খেলোয়ারদের দ্বায়িত্ব জ্ঞান হীনতা এর আসল কারণ,	Negative
1016	এখন কই ভাবখানি? হাতুরুর টাচে বাংলাদেশ যেমন সোনালি দিন দেখেছিল এবার শ্রীলংকার ডুবা নৌকা উপরে উঠবে।	Negative
1017	খেলার পর মতামত দিব,দেখি রাজ্জাক দলের জন্য দেশের জন্য কি করতে পারে	Negative
1018	দুঃখ হয় নিজ দেশের, নিজ মাঠে ব্যাটিং বিপর্যয়	Negative
1019	সাকিব টি টুয়েন্টি তে ফিরলে, ইনশাল্লাহ্ টাইগার বাহিনী ঘুরে দাড়াবেঁ।	Negative
1020	এটা হাথুরুর সাথে মুমিনুলের দ্বৈরথ না, বাংলাদেশ-শ্রীলংকা দ্বৈরথ!	Negative
1021	ম্যাক্সওয়েল মানেই ক্রিকেট বিনোদন	Negative
1022	হাতুড়েকে সারাজিবন রাখা সম্ভব ছিল।	Positive
1023	লিটন সৌম্য কে দলে নিয়মিত দেখতে চাই	Negative
1024	রাজ্জাক রাজ্জাকের মতোই ফিরে আসছে।	Negative
1025	মিরাজ বয়সে ইম্ম্যাচিউর,খেলায় ইম্ম্যাচিউর,কথাবার্তাও ইম্মতাচিউর।অল্প বয়সে জাতীয় দলে আসলে যা হয় আর কি!এভাবেই আমরা প্রতিভাগুলাকে নষ্ট করি।	Negative
1026	সাব্বির সালা স্কোয়াডে কেন?	Negative
1027	তাই যা খেলতেছে ভালই খেলতেছে,,নাই দেশে ভেরম বৃক্ষ সব।	Negative
1028	বড় টিম সারাজীবন আমাদের এড়িয়েই গেল।	Negative
1029	সাকিব জিতলে জিতে মায় তার বউ৷	Negative
1030	একদম ঠিক কথা ভাই। ১০-১২ বছর ধরে খেলে এদের এখনো পেস বোলিং দেখলে বাতে ব্যাথায় ধরে,	Negative
1031	চুলকাবে কিন্তু খাওজ্জাবেন না,চুলকাতে থাকবে আর ধীরে ধীরে জলবে। ছাগল দিয়ে হালচাষ হয় না	Negative
1032	সব জানা হয়ে গেছে কি হবে।	Negative
1033	এতদিন হাতুরু একা পলিটিক্স করত। আর এখন নান্নুর পছন্দ, আকরামের, পাপনের, অধিনায়কের পছন্দ পুরন করতে করতে দল গঠন হবে সেরকম ।	Negative
1034	বাংলাদেশ ক্রিকেট বোর্ডে কিছু লোক আছে তাদের বেশি বুঝার কারনে আচকে এই অবস্হা	Negative
1035	রাজ্জাক ভাইতো ভালই বোলিং করতেছেন।	Positive
1036	বাংলাদেশের খেলোয়ারগ না খেইলা খেতে খামারে কাজ করা উচিত	Negative
1037	আগামী দিনে বাংলাদেশ টিমের আমূল পরিবর্তন এবং নবাগতদের জায়গা দিতে হবে	Negative
1038	বাজে ভাবে হারলে বিভ্রান্ত হই, কোন সঠিক যুক্তি না দিতে পারলে কিছু বলার দরকার নাই	Negative
1039	দুইটা উইকেট ফেলার চিন্তা করো তারপর রান চেজ করার কথা ভেবো ।	Negative
1040	আসল কথা হল মাশরাফি একজন ভাল মানুষ।	Positive
1041	হাথুরেসিং এর আমলে জয় সংখ্যা অন্যেদের চাইতে বেশি। সুতরাং সে সবচেয়ে সেরা কোচ।	Positive
1042	কি সার্কাজম করলি রে ভাই পাব্লিক বুজলোই না	Negative
1043	মমিনুল অথবা শাহরিয়ার নাফিস কি ওয়ানডাউনে আসতে পারেনা?বে	Negative
1044	রাজ্জাক একাদশে আসতে আরো কিছু সময় লাগবে : খালেদ মাহমুদ	Positive
1045	এই গুলার কোন জ্ঞান নাই শুধু তৈল বাজির কারনে চাকরি করতে আছে।.	Negative
1046	অনেকেই বাংলাদেশকে ফেভারিট বলছেন কিন্তু মনে রাখবেন, সাফল্যের মূল শর্ত হলো পিচ	Negative
1047	এই সুযোগে অবসর নেয়া উচিত,,খুব ভাল হবে রাজ্জাকের জন্য	Negative
1048	এক মমিনুল ছাড়া কেউ সালা ভাল ব্যাটিং করা শেখেনি	Negative
1049	বর্তমান স্পিনার থেকে কয়েক গুন না কয়েকশো গুণ এগিয়ে রাজ্জাক।	Positive
1050	বোলিং পিচ তবে আমাদের ব্যাটসম্যানদের আউটগুলো আত্মহত্যা ছাড়া আর কিছুই নয়।	Negative
1051	যেখানে তরুণ শ্রীলংকা তোমাদের কাছে পাত্তা পাবার কথা না, সেখানে তোমারা বাল ফালাইতেছো।	Negative
1052	এইসব উনি বলেন নাই উনার ক্যামেরাম্যান করছে। আর সবচেয়ে বড় কথা এইসব এডিট করা যায়।	Negative
1053	ব্যাক টু ব্যাক সেঞ্চুরি! অভিনন্দন লিটল মাস্টারকে!	Positive
1054	এর চেয়ে বেশি রানে জিতার রেকড আছে কি	Neutral
1055	বিশ্বের শক্তিশালি ব্যাটিং বোলিং লাইনআপের কাছে দুই ম্যাচ শোচনীয় ভাবে হারল স্বাগতিক দক্ষিন	Negative
1056	এটা কোন টুর্নামেন্ট হলো???শ্রীলংকা, জিম্বাবুয়ে কোন টিম??	Negative
1057	একটু দেখেশুনে খেললেই এই ম্যাচ জিতা সম্ভব।	Negative
1058	"আমাদের মিডিয়াগুলো খেলোয়াড়দের ভাল খেলার সময় তাদের কাল্ট বা প্রতিকৃতি বানায় যা অনেকটা ভারতে শচীন, ধোনীদের ""ক্রিকেট দেবতা"" বানিয়ে তাদের মুর্তিতে ১০০০ লিটার দুধ ঢালে কিন্তু খারাপ খেললে তাদের বাড়ি ভাংতেও কুণ্ঠাবোধ করে না।"	Negative
1059	সাকিব ব্যাটিং বোলিং দুটোতেই দলের ব্যালেন্স আনতো।	Positive
1060	প্রথম উইকেট টা আব্দুর রাজ্জাকই নিয়েছে.	Positive
1061	বাংলাদেশের টিম ম্যানেজমেন্ট এবং প্লেয়াররা বর্তমানে অনেক অভিজ্ঞ	Negative
1062	এদের দিয়ে হালচাঁষ করান লাভবান হবেন,,এদের থেকে আমাদের পারার মফিজের টিম ভালো খেলে।	Negative
1063	সব বাল-পাকনারা এখন দল নর্বাচন করে!আরো কত কিছু যে সামনে হবে দেখার অপেক্ষাই জাতি।	Negative
1064	এই সমস্থ আউটের জন্য জরিমানা সিস্টেস করা দরকার!!মুমিনুল যেভাবে আউট হইছে মনডা চায় মাদারকছা দিয়া পিডাই!!	Negative
1065	আশা করি যাতে বাংলাদেশ আজকে হেড়ে যায় ।	Negative
1066	ভালো লাগলো তবে জাতীয় দলে যারা খেলে তাদের অবসর সময়/ বাদ দেয়ার সময় ভালভাবে যেন ব্যবহার করা হয়	Negative
1067	অযোগ্য লোক দিয়ে বোর্ড চালালে এমন অবস্থা হবে।যারা নির্বাচক আছে তাদের ক্রিকেট ইতিহাস দেখলে বুঝা যায়,তারা কেমন নির্বাচক???	Negative
1068	যেখানে আজকে আফগানিস্তান ক্রিকেট আজকে অনেক দূর এগিয়েছে অনেক অল্প সময়ে।সেখানে বাংলাদেশ কতটুক এগিয়েছে তাতে সন্দেহ জাগে।	Negative
1069	T20 অনুশীলনের জন্য সাব্বির কে টেস্ট এ নেয়া হয়েছে	Negative
1070	অাম্পায়াররা ভারতের চাকরি করে না!	Negative
1071	খুশি হতাম যদি আব্দুর রাজ্জাক ভাইয়া ওয়ানডে ও টি টুয়েন্টি খেলতো	Positive
1072	আজকের ম্যাচে সাব্বিরের কথা বাদ দিলাম ।অন্যরাও তো ভালো খেলেনি।	Negative
1073	ফ্ল্যাট উইকেট বানায় দাও তাহলে স্যার মমিনুল আবার সেঞ্চুরী করবে	Negative
1074	আর কোন দিন বাংলাদেশ জয় এর মুখ দেখবে না যত দিন পাপন সভাপতি থাকবে।	Negative
1075	বলপ্রতি রান বের করার এবিলিটিও মুমিনুলের তামিম থেকে বেশি ।	Negative
1076	স্যার লিটন দাসকে টেস্টের ১নাম্বার ব্যাটিং ঘোষনা করা হোক,আবেদন আইসিসির কাছে	Negative
1077	ছেলেটা প্রিতভাবান ব্যাটসম্যান!	Positive
1078	কোনে প্লেয়ারকে ছোট করে দেখতে নেই।যেমন লিটন দাশ	Negative
1079	অনেক দেশে ৩০ বছর পার হলেও জাতীয় দলে ডাক পায়।আমাদের দেশে ৩০ বছর বয়স হলে তাকে দলের বোঝা ভেবে ছুড়ে ফেলে দেয়া হয়।	Positive
1080	কন্ডিশনে খাপ খাওয়াতে পারছেনা ।	Negative
1081	ভালই লাগলো পুরনো এক টাইগার কে পেয়ে। তবে আগের সেই রাজ্জাকের দেখা এখনো পেলাম না।	Negative
1082	মাহমুদুল্লাহ কি নির্বাচক??? যুক্তি দিবে প্রধান নির্বাচক।	Negative
1083	লাউফাউ করে জিম্বাবুয়েকে,	Negative
1084	বাংলাদেশে মুশফিক তামিম, রিয়াদ, সাকিব বাদে আর কোনো প্লেয়ার নাই।যেটা শ্রীলংকাই আছে	Negative
1085	কোহলি ১৬০ অপরাজিত	Negative
1086	বিসিবির মারে অলিভ ওয়েল লাগিয়ে চুদি সালারা আজেবাজে সিলেকশনের জন্য।	Negative
1087	বলদা মার্কা দল তাদের নিয়া লাফালাফি	Negative
1088	জোড়াতালি রান দিয়ে বাংলাদেশ জিতে গেছে	Negative
1089	পর পর ২ সেঞ্চুরি মেরে বস হয়েগেছে	Positive
1090	যা হয়েছে খেলা ও দর্শকের স্বার্থের জন্য	Positive
1091	বাল পালাইবা। দেখুমনে! মিনিমাম ২০০ রানের ব্যবধানে হারবা।	Negative
1092	তুমি যুবরাজ,গাম্ভীর,রাহানে,ধাউয়ান যত বড় মানের প্লেয়ার হওনা কেনো পারফর্ম না করতে পারলে সোজা বাদ।	Positive
1093	বাংলাদেশের ব্যাটিং কান্ড ৪র্থ ইনিংসে দেখিয়ে দেেব ওরা বাংলার সত্যিকারের টাইগার	Positive
1094	আমাদের টেকনিক্যাল ডিরেক্টর!!!	Negative
1095	শুধু স্পিন দিয়ে প্রতিপক্ষ কে ঘায়েল করার সট্র্যটেজি বনধ হওয়া দরকার |	Negative
1096	নির্বাচক বলো অন্য কর্তারা বলো সব একেবারে সব জান্তা হচ্ছে পাপন..	Negative
1097	ফালতু তত্ত্ব জনতার মাথায় ভরে তোরা মিডিয়া টাকা কামাছ	Negative
1098	এবার ৫৫ রানে প্যাকেট হবে বিড়ালছানারা....	Negative
1099	হাশিম আমলার আন্তর্জাতিক ৫৪ সেঞ্চুরীকে ছাড়িয়ে বিরাট ৫৫ আন্তর্জাতিক শতকের মালিক হলেন।	Negative
1100	বাংলাদেশ তিন নাম্বার হবে।কারন আবার নেগেটিপ খেলোয়াড়ে দল ভরছে।	Negative
1101	ভয়হীন ক্রিকেট খেলে আফিফ	Positive
1102	খুবই ভাল খবর যে তাকে প্রায় ৪ বছর পর জাতীয় টিমে সুযোগ করে দিয়েছে।	Positive
1103	মুমিনুল কিন্তু বিশ্ব ক্রিকেটের সাথে পাল্লা দিয়ে চলা এমন এক ক্রিকেটার।!	Positive
1104	এক পেসার নিয়ে খেলতে নামে!দলে কি পেসারের অভাব	Negative
1105	বাংলা দেশ হারবে আজ ।	Negative
1106	ইন্ডিয়া এবং ইন্ডিয়ান ক্রিকেট রাজনীতি এবং দল নির্বাচনে অনেক স্বচ্ছ	Positive
1107	আমি জানি রিয়াদ কোন ধরণের ক্যাপ্টেন.. তার ওপর আমরা ওপার বিশ্বাস রাখতে পারি.	Positive
1108	এখন টেস্ট খেলা দেখে মনে হচ্ছে এদের ক্রিকেট ছেড়ে দিয়ে হাডুডু খেলা উচিত যাতে অন্তত চ্যাম্পিয়ন হবার সম্ভাবনা আছে!	Negative
1109	নিজেরা খেলার আগেও তাদের বাংলাদেশের খবর নেয়া চাই, হা হা হা।	Negative
1110	ভাই, তিনি লাইক, কমেন্ট ও মনোযোগ পাওয়ার জন্যই লিখেছেন।	Negative
1111	হাতুরুকে হাতুরীর শেষ পেরেক ঠোকা	Negative
1112	বেদ্দপ সাকেপকে বাদ দিয়ে বচ মাশরাফিকে নেয়া হোক ।	Negative
1113	ইতিহাস দিয়ে যদি ক্রিকেট না হয় তাহলে বর্তমান দিয়ে তো অবশ্যই হয় আবাল।	Negative
1114	ইমরুল রে দেখলে আমার গান্ডুর মত মনে হয়।বজরা পোলা ইমরুল?	Negative
1115	অনেক আবাল হাতুরা কে নিয়ে মজা করেছিল!	Negative
1116	রংগনা হেরাত একাই শেষ করে ফেলবে স্পিন করলে, পারলে পেইস করো..	Negative
1117	তাদের বলা হয় এটা এই রকম উইকেট সেই রকম উইকেট আর তারা সেই অনুযায়ী মুখস্থ খেলা খেলতে থাকে।	Negative
1118	বর্তমানে আফগানস্থানের কাছেওও পারবেনা	Negative
1119	কোন সম্ভাবনা নেই।	Negative
1120	আফিফ কে শ্রীলংকার বিপক্ষে বাংলাদেশ দলে নেয়া হোক..ও একদিন বিশ্ব কাপানো প্লেয়ার হবে	Positive
1121	তাই ফাইনালেও হারলেন।	Negative
1122	তাদের মুখমণ্ডলে ভয়ের ছাপ দেখা যাচ্ছে।	Negative
1123	আমার ও মাথায় আসছে না, সাব্বিরকে কেনো টেষ্ট দলে অন্তর্ভুক্ত করা হইলো?	Negative
1124	গাঁজাখোর নিবাচক এটা, নিবাচক থেকে বাদ দিতে হবে	Negative
1125	রাজ্জাক সত্যি রাজকীয় ভাবেই মাঠে নামল	Positive
1126	হাতুরি কে হাতুড়ি দিয়ে পিঠাইছে মি. মাস্টার ব্যাটসম্যান মুমিনুল ধার কেমনে ধারবে?	Negative
1127	টারনিং পিচ বানিয়ে ওষুধ খুজে লাভ কি বাউন্সি পিচ বানালেই হয় ।	Negative
1128	আরো আগে রাজ্জাকের প্রত্যাবর্তন করা দরকার ছিল	Positive
1129	রাজ্জাক ভাই লাকি!!!	Positive
1130	আরে আবাল ফেভারিট আর সাপোর্ট দুইটা আকাশ জমিন পার্থক্য	Negative
1131	যখন ব্যাটে বোলিংয়ে দুই একজনে ম্যাচ জেতায়, তখন তার কৃতিত্ব পায় অষ্টম বীরশ্রে	Negative
1132	আসলে ও অন্য কেউ জায়গা হারাবে সে ভয়ে!!?সবাইকে রিমান্ডে দেওয়া দরকার	Negative
1133	এতোইই চুলকানী হলে হিজড়াদের কাছে যা চুল্কানি মিটিয়ে দিবেনে,	Negative
1134	সাব্বির সালা স্কোয়াডে কেন?	Negative
1135	T20 practice এর জন্য টেস্ট খেলানো হয়েছে আর ওয়ানডে খেলানোর জন্য কি খেলানো হবে?	Negative
1136	অসাধারণ দায়িত্ব পালন করতে করতে বিশ্বখ্যাত গতিদানব সুজন কাক্কু ক্লান্ত হয়ে পড়েছেন।	Negative
1137	শ্রীলংকা তাদের প্রথম ইনিংস থেকে দ্বিতীয় ইনিংসে ৬ রান বেশি করেছে।	Positive
1138	খারাপ দিন আসতেই পারে,, হারি জিতি টাইকারদের সাথেই আছি	Positive
1139	ক্রিকেটবোদ্ধা পাগলটারে বেধে রাখা গেলনা সে শিকল ছিড়ে বেরিয়ে এসে সবার সামনে এসে হাজির !	Neutral
1140	ভাবখানা এমন যে ভারতকে সাপোর্ট করতেই হবে, তাই প্রথম আলোয় কোন কমেন্ট তাদের বিপক্ষে গেলে জাত যায়।	Negative
1141	ও ক‌ি VIP প্ল‌েয়ার না ওর খুঁট‌ির জ‌োর খুব ব‌েশী ওক‌ে বাদ দ‌েয়া যাব‌েনা ??	Negative
1142	চার ছক্কা মারতে পারলেই কি সে টেষ্ট ব্যাটসম্যান হয়??	Negative
1143	আরে ভাই রান রেট যে ভাবে বাড়ছে	Negative
1144	স্পিনার হলে ভাল হবে,রাজ্জাক মিরাজ আছে	Positive
1145	সবাই পিচ নিয়ে এত অভিযোগ কেন করছে?!	Negative
1146	যে সুনাম পাওয়ার যোগ্য তার সুনাম করাটা দোষের কিছু নয়।	Negative
1147	প্রতিবেদক কে ধন্যবাদ এমন রসালো প্রতিবেদন পেশ করার জন্য।	Negative
1148	ক্রিকেট খেলা দেখে কি হবে? বাংলাদেশ কত ভাল ক্রিকেট খেলে জানা হয়েগেছে।	Negative
1149	সাব্বির রহমান কি বাদ পড়ার পরে কি ভাল খেলেছে?	Negative
1150	রিয়াদই একমাত্র প্লেয়ার যে কিনা বিপদে হাল ধরার চেষ্টা করে।	Negative
1151	হায় আগের ফর্ম যেন না হ্য়।	Negative
1152	পীর বাবার ভক্তরা তার নুনুর পানি খেয়ে পবিত্র হয়ে নিন	Negative
1153	Ipl তো আরো তিন মাস পরে।।।আবালের সবসময় আবাইল্লামি করা লাগে	Negative
1154	খেলার অবস্থা দেখে মনে হচ্ছে ম্যাচ শেষে এই ভাবেই মাথায় হাত দিয়ে আফসোস করতে হবে!টাইগাররা কি বিড়ালে পরিণত হল?	Negative
1155	আজকেও ইতিহাস গড়লো মোমিনুল	Positive
1156	সিলভা কবে বাদ হবে, কিউরেটর এর চাকরি থেকে?	Negative
1157	রংপুরের সমালোচনা ছাড়ুন। নিয়মনিতি কি জিনিস সেটা আগে শিখুন।	Positive
1158	এবার যদি মিরপুরের পিচ ডিমোরিট পয়েন্ট পায় তাহলে অতি দ্রুত যেনো গামিনি কে বহিস্কার করা হয় ।	Negative
1159	এই পিচে যদি ওরা খেলতে পারে তাহলে আমাদের গাধারা পারবে না কেন।	Negative
1160	কিছুদিন আগেও যারা মনে করতেন হাতুরুকে তাড়াতে পারলেই বাংলাদেশ শক্তিতে দক্ষিণ আফ্রিকাকে টপকে যাবে, তখন তাদের ভেতর থেকে একজনকে কোচ করার অনুরোধ রইল।	Negative
1161	মমিনুলকেই টেস্ট স্কোয়াড থেকে বাদ দিতে চেয়েছিলেন হাতুরি	Negative
1162	ভাই এটা কি খেলা না হাজিরা দেওয়া	Negative
1163	বলদ দিয়ে হাল চাষ করা যায় কিন্তুু এগুলোরে দিয়ে কিছু হবে না।	Negative
1164	পানি টানার জন্য	Negative
1165	বিপদ বলে কথা নাই।	Neutral
1166	আর কত ম্যাচ খেললে নিজ দেশের পিচ বুঝে খেলা যায়!	Neutral
1167	৫০ তে খুশি থাকেন আমাদের খেলোয়ারা।	Negative
1168	আমি আইসিসি কে অনুরোধ করবো মিরপুর এর এই উইকেট কে বাতিল ঘোষণা করা হোক	Negative
1169	প্রধানমন্ত্রী এদেরকে টাকার বন্যায় ভাসিয়ে দেয়। অামি গ্যারান্টি দিলাম লিখে রাখেন, বাংলাদেশ অাগামী ১০০ বছরেও বিশ্বকাপ জেতা তো দূরের কথা ফাইনালেও যেতে পারবেনা	Negative
1170	সার্কাসের প্রাণিগুলোকে মডিফাইড করে মনে হয় বিসিবিতে নিয়োগ দেওয়া হয়েছে	Negative
1171	এ আর নতুনকি, বাংলাদেশের ক্রিকেট মানেই,সজন প্রিয়জন ,,	Negative
1172	জুতা মারি হাথুরুর টাকে। শালা নাস্তিক।	Negative
1173	মতামত রাজ্জাক দিছে উনার বোলিং এর মাধ্যমে	Neutral
1174	হাতুড়ে গেলেই বাংলাদেশের আর জয়ের কোন সম্ভবনা নাই।	Neutral
1175	রাজ্জাককে উপেক্ষা করেনি বাংলাদেশ! উপেক্ষা করেছিল হাথুরেসিংহে	Negative
1176	শালার ইংল্যান্ড আসলেই বদলা, আসল খেলায় এসে গু হারা হারে!!!	Negative
1177	টেস্ট খেলতে হলে যে ধৈর্য্য ও টেকনিক প্রয়োজন, তার ঘাটতি আছে বাংলাদেশ দলের!	Negative
1178	জানিনা নাফিস,নাঈম,তুষার ইমরান,আব্দুর রাজ্জাকদের মতো সিনিয়র ক্রিকেটারদের প্রতি বিসিবি এত বিমুখ কেন?	Negative
1179	রাস্তা-ঘাটে যেমন প্রশাসন ভেল্কি দেখাচ্ছেন,মাঠে দেখাচ্ছে আঃ রাজ্জাক।	Negative
1180	আবাল সিলেক্টর	Negative
1181	সবচেয়ে বড় বিষয় ওরা ওদের দেশকে অনেক ভালবাসে।	Positive
1182	টেস্ট ক্রিকেটে নিজেদের মত করে তৈরী পিচের সুবিধা সব দেশ ই নেয়।	Negative
1183	শিরোনামটির সাথে আমি সম্পূর্ণ একমত। ভাগ্য সাহসীদের পক্ষে কথাই আছে।	Neutral
1184	দেখবেন কাল কি সুন্দর ব্যাটিং করবে!!! মিয়াও....	Negative
1185	বড় করে ছবি লাগানো বন্ধ করে দেন। আর বাঘের থাবা ভং চং এগুলা কম ছাড়েন।	Negative
1186	কোচ্ আঃ রাজ্জাকের ক্ষতি করে নাই।বাংলাদেশ ক্রিকেটকে পিছিয়ে দিয়েছন।	Negative
1187	নান্নু সাহেব একজন গন্ড মুর্খ অগ্রপশ্চাৎ বিবেচনা না করে কিভাবে দল নির্বাচন করে,,,	Negative
1188	নাসির আনামুল রিয়াদ কি প্রতেক ম্যাচে ভালো খেলবে?	Positive
1189	আরো একবার বিশ্বকে দেখিয়ে দিলাম আমরাওহোয়াইট ওয়াশ করতে পারি!	Positive
1190	রাহুল দ্রাবিড় কে চাই।	Positive
1191	হাতুরু কে কিছুদিন পর শ্রীলংকা দলের লোকে পিঠাবে	Negative
1192	সেরকম পয়সাও তারা উসুল করে দিয়ে গেছে।	Neutral
1193	আবাল ব্যাটিং হচ্ছে..	Negative
1194	সাব্বির মতো প্লেয়ার না নিলে শ্রীলংকার মতো দল জিতবে কি করে?	Negative
1195	এর রকম হতেই পারে মাঝে মাঝে। ওদিকে ইংল্যান্ড, ইন্ডিয়া আর পাকিস্তানের কি খারাপি চলেছিল!	Positive
1196	এখন সুজন কাকুর উপর ভরসা হারাচ্ছেন কেন ? আপনারা তো কাকুকে নিয়ে কম লম্ফ ঝম্ফ দেননি।	Negative
1197	ভাই মাহমুদউল্লাহ একটা লেজেন্ড	Positive
1198	ভাই এতকিছু না বলে এটা বল যে আমাদের কাছে জাতীয়দল থেকে আবাহনী ক্লাব বড় তাই মোসাদ্দেক কে আবাহনীর হয়ে খেলতে পাঠিয়েছি	Negative
1199	কোটি প্রাণের আশা তোমরা পূরণ করে দাও। লাল - সবুজের বিজয় নিশান হাতে তুলে নাও ।	Positive
1200	কোচ দিয়ে কি হবে ? দামাল ছেলেরাই তো যতেষ্ট !!	Negative
1201	আমরা নাকি হাতুড়ের শ্রীলংকাকে পাত্তাই দিচ্ছি না। আর কত বড় বড় কথা।	Negative
1202	আর সাব্বির কে কি ফ্যাশান শো করতে টেস্ট দলে নেওয়া হইছে ?	Negative
1203	যারা নূন্যতম ক্রিকেট বোঝে, তারাও জানে বা-হাতি স্পিনারের বিরূদ্ধে, বা-হাতি ব্যাটসম্যানেরা সুবিধা পায়।।	Positive
1204	তাহলে জানতে পারবি পীরবাবা দেশের হয়ে কি অর্জন করেছে, কতবারই আন্ডা মেরেছে।	Negative
1205	এরপরেও মাশরাফি কেন বাংলাদেশের সব ফর্মেটে আজীবন অধিনায়ক হবেন না?	Positive
1206	সবচেয়ে অবাক লাগে টেস্ট স্কোয়াডের অন্তর্ভুক্ত খেলোয়াড়কে টেস্ট দর্শন বা প্রথম শ্রেণির ক্রিকেটে না খেলিয়ে যখন তাকে ক্লাব ক্রিকেটে খেলানো হয়!	Negative
1207	সিনিয়রদের এই ভুল গুলো মেনে নেওয়া যায়না।।।।।	Negative
1208	এই পিচে বাংলাদেশকে ৪র্থ ইনিংসে ব্যাট করতে হবে,যেখানে ১৫০ রানের বেশি টার্গেট চেজ করা কঠিন হবে।	Neutral
1209	টেস্টের উপযোগী ব্যাটসম্যান কতজন আছে?	Negative
1210	বিশ্বের যে কোন দেশ কে কাবু করতে পারে আব্দুর রাজ্জাক	Positive
1211	আর প্লেয়ারদের দোষ দিয়ে কি লাভ .. ক্রিকেট বোর্ড যখন কত গুলো আবাল ধারা পরিচালিত প্লেয়ার তো আবাল হবেই ।।	Negative
1212	বলতে পার ভাগ্য তাকে এতটুকো নিয়ে এসেছে	Neutral
1213	এমন লাইভ আমরা দেখতে চাই।	Neutral
1214	হবেনা হবেনা , এদের দিয়ে হবেনা ।	Negative
1215	রাজ্জাক ঠিক আছে, তবে সাব্বিরকে না নিয়ে মোসাদদেকই বেস্ট চয়েজ হওয়া উচিত ছিল।	Negative
1216	প্রথম টেষ্টে মিস করলাম।	Neutral
1217	বাচ্ছাদের দিয়ে তামাশা শুরু করতেছে নির্বাচকরা	Negative
1218	ভাই প্রথম আলো,তোদের দুইখান পা ধরি,এই সুজন মহাশয়ের ছবি আর দিস না।এই সালার চেহারা দেখলেও গা জ্বলে	Negative
1219	কঠিন বলকে ছক্কাঁ হাঁকানোর যে সাহসিকতা আছে তোমার , সেটা আমাকে মুগ্ধ করে ।	Negative
1220	মুশফিক তো গতকাল বাবা হয়ে গেলেন।	Neutral
1221	হাসিনা,জিতলে ফ্লাট, গাড়ি, দাও,এখন হারল, এখন এক টা, এক টা, করে কেড়ে নাও,	Negative
1222	ভাই সবাইত বিজয় বিজয় কইরা লাফাইছিলেন।	Negative
1223	জাতির ইজ্জত এখন বোলারদের হাতে!	Positive
1224	আমার মতে বাংলাদেশ ক্রিকেট খেলা বাদ দিক,এতো টাকা নষ্ট করার কি দরকার	Negative
1225	আবেগ দিয়ে খেলা হয়না।পাপন সাহেব স্বল্প মেয়াদি সফল হলেও বাংলাদেশ	Negative
1226	সমস্যা হলো হারভজন সিং এর মত প্লেয়ার টিমে নাই তো,, তাই শ্রীসান্ত এর মতো থাপ্পরও খাইতেছে না। বলদ আর বিয়াদব প্লেয়ার...	Negative
1227	ওদের সাম্প্রতিক ফর্ম ও জঘন্য, তাই খুব বড় কোনো অঘটন না ঘটলে বাংলাদেশ ই চ্যাম্পিয়ন হওয়ার কথা	Negative
1228	লিটন যে চাপের মধ্যে আজ এত সুন্দর খেলছে সত্যি এটা যে কোন খেলোয়ারের জন্য কঠিন	Positive
1229	বিজয় ,নাসির ,মামহুদুল্লা এরা জাতীয় ধারাবাহিক খারাপ খেলে ,এদের বাদ দেওয়া হোক	Negative
1230	সারাজীবন ছোট দলের সাথে খেলে গেলে উন্নতি কোনদিনই হবে না।	Negative
1231	আজকে বুঝল রাজ্জাকে কতটুকু দরকার ছিল	Negative
1232	এলিমিনেটর  , কোয়ালিফায়ার ২টি আর ফাইনাল-  শুধু মাত্র শেষের এই চারটি খেলা মিরপুরে ফেলা হোক ।	Neutral
1233	চট্টগ্রাম টেস্টে আমরা আরেকজন পেসারের অভাবে ভুগেছি	Negative
1234	দিন শেষে কুলনেস-হটনেস দুইটা খেলোয়াড়ই বাংলাদেশের, এইটাই সবচেয়ে শান্তির..	Positive
1235	ওয়েট..বিড়াল চোখা আর বিড়ালমুখো দুইটা ব্যাটসম্যান ও এখনও ক্রিজে নামেন নাই	Negative
1236	এই পিচ পুওর বলে ৩ ডিমেরিট পয়েন্ট দিয়ে ১ বছরের জন্য নিষিদ্ধ করা উচিৎ নইলে বিসিবির টনক নড়বে না!	Negative
1237	আমার মন বলছে বাংলাদেশ জিতবে।	Positive
1238	বাংলাদেশ ক্রিকেট দল বাহিরে খেলতে গেলে, কন্ডিশন, আবহাওয়া, কত কিছু বিবেচনা করা লাগে,,	Negative
1239	মাদারীদেরকে চাঁপা মারতে দাও ভালই পারে।	Negative
1240	যেই ড্র জয়ের সমান!!!	Neutral
1241	আমাদের শান্তনা দুজন বোলার ৪ উইকেট পাইছে,এটা নিয়াই হিহিই করতে থাকি।	Positive
1242	ফেয়ার প্লে’র পুরস্কার যদি থাকত, সেটা তামিমরা পেতেই পারতেন!	Positive
1243	ইমরুল ৯ বছর ধরে খেলে আসেছে জাতীয় দলে,কি বাল খেলছে এই ৯ বছরে,,সালার পুত রে থাপ্রাই বার ইচ্ছা করে,আজ ১৮ রানে আউট।	Negative
1244	তুমি কি ভাই মাশরাফিকে নিয়ে ট্রল করলা??	Negative
1245	যে ক্রিকেটার এখনও প্রথম শ্রেণির ক্রিকেট বোঝেনা,তাকে নেওয়া হয় আন্তর্জাতিক টেস্ট ম্যাচের স্কোয়াডে।	Negative
1246	সাব্ব‌িরক‌ে না ন‌িয়ে সাইফউদ্দীনক‌ে ন‌িলে ভাল হত। প‌েস ব‌োলিং এ কাজ‌ে লাগান য‌েত।	Negative
1247	হেড কোচ ছাড়াই হাতূরুর শ্রীলঙ্কাকে ১৬৩রানে বিশাল ব্যবধানে হারিয়েছে বাংলাদেশ!	Positive
1248	এই হাতুরা কিছু ইয়ং প্লেয়ারকে সুযোগ দিতে গিয়ে কিছু সিনিয়র প্লেয়ারের ক্যারিয়া ই শেষ করে দিছে,	Negative
1249	শ্রীলংকান ব্যাটসম্যান রোশন সিলভা	Neutral
1250	আফিফ সন্দেহাতীতভাবে বাংলাদেশের ভবিষ্যৎ তারকা এটা নিশ্চিত বলা যায়।	Positive
1251	টি-২০ তে মাশরাফি খেললে ভাল হবে	Negative
1252	মুশফিককে t20থেকে বাদ দিতে হবে।তা না হলে আমাদের দলের উন্নতি হবে না	Negative
1253	ব্যাটিং, পেস বোলিং কিংবা স্পিন বোলিং কোন ক্ষেত্রেই বাংলাদেশ প্রতিপক্ষের থেকে অপেক্ষাকৃত শক্তিশালী অবস্থায় থাকেনা	Negative
1254	হেরাথ বোলিং এর আগেই ৪ উইকেট নাই!! ফেব্রুয়ারি মাস লিটন এর মাস দেখা যাক কি হয়	Negative
1255	ইমরুল, সাব্বির, লিটন এই গুলারে চিরতরে দল থেকে বহিস্কার করা হোক।	Negative
1256	আফতাব, তুমি ওয়ানডেতে বাংলাদেশের প্রথম ৫ উইকেট শিকারি।	Negative
1257	বাঁশ টা ঠিক মতই দিবো	Negative
1258	এ টেস্টে আরেকজন পেসারের দরকার ছিলো।	Negative
1259	যত প্রকার গাধার দল বসে দল নির্বাচন করে ৷	Negative
1260	‘মুমিনুল মানুষ ছোট, কাজ করে বড়’	Neutral
1261	আতুরা হচ্চে সৌম্যর মাস্তোতো ভাই	Negative
1262	"জ্বলে ওঠো "" বাংলাদেশ"	Positive
1263	প্রতিবছর প্লেয়ারদের সেলারি কোন যুক্তিতে বাড়ায় বিসিবি?	Negative
1264	সাকিব কি আপনার বুন বা মা কে রাস্তা ঘাটে ডিস্ট্রাব করছে??	Neutral
1265	মোসাদ্দেক ঢাকা টেস্ট থেকে কেন বাদ পড়লে এটা নান্নু এর কাছ থেকে জানতে চাই!!!,	Negative
1266	মোসাদ্দেক কে যে আবাহনীর দরকার ছিল বাংলাদেশের নয়!	Negative
1267	মনে হচ্ছে ক্রিকেটে আবার পিছিয়ে গেছে বাংলাদেশ !	Negative
1268	ডাহা ...মিথ্যা কথা..কেননা বিজয় দৃশ্যমান হচ্ছে আর সেটা বাংলাদেশেরই..	Negative
1269	এটা কিন্তু আমার কথা নয়।কাল মিরাজ বলেছিলে ওরা যত করুক আমরা পারবনা কেন ওরা পারলে ?	Negative
1270	খালেদা জিয়ার রায়ে জাতি হতাস।সে সাথে ক্রিকেট দল ও হতাস।তাই সবাই এমন ব্যাট করসে।	Negative
1271	পিচে টারন আছে। খেলা ৪ দিনে শেষ হবে।	Negative
1272	কালা চার্লস-ম্যাককালামের গড়া ১৫১ রানের জুটিটা টিকল মাত্র এক দিন!	Neutral
1273	যেই রান করছে তার অর্ধেকও তো করতে পারবে না বাংলাদেশ ।	Negative
1274	রাজ্জাক ক‌ে চাই	Positive
1275	এত ম্যাচে এত রান,এত এভারেজ,এত উইকেট পেতে হবে না হয় ফ্রি-কিক দিয়ে টিম থেকে আউট করে দেয়া হবে এই প্রেসক্রিপশন সত্যি দারুণ কাজ দিবে	Negative
1276	ভালোই হলো অনুশীলন দুই ইনিংসে ১রান	Negative
1277	নিরাপদ স্থানে পৌঁছানোর অবস্থা সম্ভবত নেই,	Negative
1278	ম্যাচের আগে বলেছিল, এক চুল ছাড়ও দেওয়া হবে না!	Negative
1279	আইসিসি উচিৎ বাংলাদেশ কে টেষ্ট খেলা থেকে বাদ দেয়া	Negative
1280	ভবিষ্যতে নুরুল হাসান সোহান ও মুশফিকের বিকল্প হতে পারে।	Positive
1281	একবার আহব্বান করলে আমরা সাধারণ জনগন যে কোন কন্ডিশননে খেলতে প্রস্তুত।।	Negative
1282	সময় বলে দিবে?	Negative
1283	নান্নুর ত্রকটা খেলা দেখছি কলিকাতায় কেনিয়ার সাথে তার মাথা গরম হয়ে গেছে মাথায় পানি ডালার পর আউট হয়ে গেছে !	Negative
1284	না বুঝলে দায়িত্ত ছেড়ে সরে দাড়া এসব পাগলের মত কথা জাতি শুনতে চাই না,,	Negative
1285	মুসফিক , মুমিনুল আর আসরাফুল বাংলাদেশের ক্রিকেটের তিন উজ্জল নক্ষত্র ।	Positive
1286	বাহ বাহ!!!! কি চমেতকার যুক্তি।।।	Negative
1287	নাকি হাতুরু প্রেমী বেশি হয়ে গেছে দেশে ? শ্রীলংকান রা বলছে এটা রাস্তা ঘাটের পিচ?	Negative
1288	শ্রীলংকা হেরে এসেছে তাদের সাথে।	Negative
1289	প্রতিযোগিতা/হাড্ডা হাড্ডি লড়াই করে হারলে মনে অনেক সাহস পাই	Negative
1290	হাল বাইতে হলে, বলদ প্রয়োজন।	Negative
1291	সাব্বির কে কেন যে এখনো দলে রেখেছে বুঝতে পারছি না, প্লেয়ারের কি অভাব পড়েছে	Negative
1292	গতি দানব সুজি থাকতে আর কারও দরকার নাই...যা দল্কে ১০বছর পিছায়া দিয়া যাইব !	Negative
1293	আমরা দশ বছর আগে ছিলাম সাকিবিয়ান, এখনও সাকিবিয়ান	Neutral
1294	এক ম্যাচ ভালো খেললে, পরের ম্যাচ খারাপ খেলবে এটাই স্বাভাবিক।এটাই বাংঙ্গালী পেলেয়ারদের ধরন।	Negative
1295	গালি না দিয়ে কী করবো এই শুয়রেরবাচ্চাদের,,শ্রীলংকার ২-৩ জন ছাড়া বাকি কারো নাম গন্ধ ও কোনো দিন শুনিনি।	Negative
1296	টেস্টে মাশরাফির কি দোষটা ছিল ? সে তো টেস্ট খেলেই না | এখানেও তাকে টেনে আনতে হবে ?	Negative
1297	আমাদের বুট্টু কোচার চুজন কাকা যতদিন দায়িত্বে থাকবে, আমাদের পতন কেউ ঠেকাতে পারবেনা!!	Negative
1298	উভয়কেই সেলাইন খাওয়ানো প্রয়োজন.	Negative
1299	শ্রীলংকাকে ২২২ রানে অল আউট করার পর, মুখে চওড়া একখান হাসিছিল।	Positive
1300	খলনায়ক তো গামিনী	Negative
1301	কলস খালি,আওয়াজ তো বেশী করবেই।	Negative
1302	.যা সঠিক তাই বলেছি.	Neutral
1303	ভালবাসার আর এক নাম ক্রিকেট।।।	Negative
1304	স্পিন বিষে নীল করার জন্য বোলিং উইকেট বানাইছে, এখন নিজেরাই লাল- নীল, হলুদ-টিয়া বাত্তি দেখতাছে	Negative
1305	ওরে দেখলেই আর ভাল্লাগেনা!	Negative
1306	যারা নির্বাচক ছিল তারা আবাল ছিলেন.তাই অভিঙ্গ বোলার কে নেয় নি এত দিন,,	Negative
1307	রিপোর্টার ভাইকে বলছি, মুমিনুলকে আকাশে উঠাইয়েন না।	Negative
1308	এই বাংলাদেশ কখনোই নিরাপদ না!	Negative
1309	চলেন আমরা নান্নু,সুজইন্নার ঘর বাড়ি জ্বালাই	Negative
1310	রাজ্জাকের এলাহি কান্ড না পিচের এলাহি কান্ড	Negative
1311	আমাদের শান্তনা দুজন বোলার ৪ উইকেট পাইছে,এটা নিয়াই হিহিই করতে থাকি।	Negative
1312	সত্যি কথা বলতে বাংলাদেশ জিম্বাবুয়ের সাথে হারবে।	Negative
1313	নকআউট স্টেজে অবশ্যই রিজার্ভ ডে রাখা উচিত।	Positive
1314	১০/১৫ ম্যাচ পরে যদি একটা জিততে পারে তাও জিম্বাবুয়ে, আফগানস্থান	Negative
1315	ক্রিকেটে কিভাবে উন্নতি হবে।পদ একটা খালি হলেই সুজন।	Negative
1316	বালের ঝড়,,, ট্রাইনেশনে এ ঝড় কি খাদে ছিলো। বালের প্লেয়ার সময় জাগেনা অসময় লাফালাফি।	Negative
1317	তুশার ইমরানকে আনা হোক।	Neutral
1318	বাংলাদেশের মতো এই বা** দলের টেস্ট খেলার কোনো যোগ্যতা ই নাই .	Negative
1319	এখন স্যার লিটন আর স্যার ইমরুলেই ভরসা	Positive
1320	সবগুলারে পাঁচ মিনিটের জন্য হিটলারের গ্যাস চেম্বারে রাখা উচিত। তরুন শ্রীলংকান দলের বিরুদ্ধে হারাটা খুবই দুঃখজনক, লজ্জাজনক ও অপমানজনক।	Negative
1321	এখন তো এক্সপেরিমেন্ট এর সময় দল চাপে আছে ভালও, ভুলে গেলেন পুরু সিরিজে অপরাজিত, অতিরিক্ত আত্নবিশ্বাস, লিগের শেষ ম্যাচে শ্রীলংকার সাথে ৫ টি পরিবর্তন, বাকিটা ইতিহাস, আর সেই ইতিহাস এখনো চলছে।	Negative
1322	ভাইয়া সবকিছুই ঠিকঠাক।একটা কথাই জানতে চাই।হার্দিকের মতো অলরাউন্ডার বাংলাদেশে অহরহ!!!!!!!!!!!!একজনের নাম বলবেন ভ্রাতা!??	Negative
1323	পরে আপনাদেরেই সুবিধা.. এই টপিকটাকে ইস্যু করে ব্রেকিং নিউজ দিতে পারবেন	Negative
1324	কারণ ওরা স্পিন ভালো খেলে আর ওদের স্পিনাররাও আমাদের চেয়ে বেটার।	Positive
1325	.লাঞ্চের পর খেলার শুরু হয়েছে মৃত্যুর মিছিল দেখার জন্য আমিও প্রস্তুত..	Negative
1326	২য় ম্যাচে চাহালের জাদুকরি স্পিন য়ে দাড়াতেই পারেনি আমলা,ডি কক,ডুমিনি,মিলার মতো বিশ্বসেরা ব্যাটসম্যান রা.	Negative
1327	রাজ্জাকের অভিজ্ঞতাকে কাজে লাগানো উচিত সামনের অন্তত ২ টা বিশ্বকাপ পর্যন্ত ।	Positive
1328	মুশফিকের আমলের জয় সংখ্যা মাশরাফির চাইতেও বেশি। সুতরাং মুশফিক, মাশরাফির চাইতেও ভালো অধিনায়ক, ভালো নেতা।	Positive
1329	ভারত আর আফ্রিকার খবর কই।	Neutral
1330	সামনে আই পি এল -- মহাশয়ের সেখানে যেন কোনো ঘাটতি না থাকে -- রাজাধিরাজের যে আবার আই পি এল খুব-ই পছন্দ	Negative
1331	এই পিচে বাংলাদেশকে ৪র্থ ইনিংসে ব্যাট করতে হবে,যেখানে ১৫০ রানের বেশি টার্গেট চেজ করা কঠিন হবে।	Neutral
1332	টি টোয়েন্টি বিশেষঅগগগগ সাথে ১০০০ রান ও তোয়াক্কা করি না! খালি আউট কথাটা না থাকলেই হয়।	Negative
1333	ম্যাক্সওয়েলের মত পোতিভাবান ক্রিক্রেটার অষ্ট্রেলিয়া দলে কেও নেই তাকে নিয়মিত ওয়ানডে দলে রাখা উচিত।,	Positive
1334	৪ওভারে ৮০রান,আর ব্যাটিং এ নেমে ৩ওভার খেয়ে ডাগ মেরে বিশ্ব রেকর্ড করবেন বচ মাশরাফি	Negative
1335	গত চন্দ্রগ্রহনের দিন জ্যোতিষিরা ভবিষ্যত বানী করেছিল যে ভারতের সন্মান বাড়বে অনেকরা	Neutral
1336	আমলা,রাবাদা,মাকারাম,মিলার,তাহির,পেলেকাউয়ে,মরিস,কেলেসেন,লুংগি,ডুমিনি	Negative
1337	বাংলাদেশ মাত্র ১ রানের হেরেছে, ব্যবধান আরো বাড়তে পারতো ৪৯৯ রান কম ৫০০ রান করে সেই ব্যবধান কমিয়েছেন হার্ড হিটার ও সময়ের সেরা ব্যাটসম্যান Sabbir Rahman ম্যাও!,	Negative
1338	ফরহাদ রেজাকে নেওয়া হোক	Positive
1339	এই উইকেটে বাংলাদেশের জন্য অসম্ভব।	Negative
1340	আমার মতে বাংলাদেশের বর্তমানের কিছু গ্রেট ব্যাটসম্যান :তামিম, মুশফিক ,মাহমুদুল্লাহ, মুমিনুল,সাকিব ।	Negative
1341	বরিশাল আর ময়মনসিংহকে এড করা হোক।	Neutral
1342	সাকিবের জায়গায় মুমিনুলকে T20 দলে নেওয়া উচিত।	Negative
1343	আফিফদেরইতো আগামীতে বিশ্বেসেরা সাকিব,তামিম,মাশরাফি,মুশফিকদের শূণ্যস্থান পূরণ করতে হবে	Positive
1344	এনামুল তো ০ কাটাতে পারছে না।	Negative
1345	এত বছর টেস্ট খেলার পর বাংলাদেশ এখনও সত্যিকার টেস্টের ট ও জানে না।	Negative
1346	২য় ম্যাচে চাহালের জাদুকরি স্পিন য়ে দাড়াতেই পারেনি আমলা,ডি কক,ডুমিনি,মিলার মতো বিশ্বসেরা ব্যাটসম্যান রা.	Negative
1347	বাগেরহাট ফকিরহাটের কৃতি সন্তান	Neutral
1348	৩ বলে বিশাল শূন্য রান(মাত্র ১০০ রানের জন্য সেঞ্চুরি মিস	Negative
1349	নির্বাচকরা সেই হাথুরুর সময় থেকে এখনো পর্যন্ত উপযুক্ত একাদশ গঠন করেনি।	Negative
1350	এদেশের পোলাফান গুলো এরকমই, যেই রকম এই দেশের সরকার!	Negative
1351	যত রানই হোক সেটা টেস্ট স্পেশালিষ্ট সাব্বিরের জন্য তুচ্ছ । নো টেনশন	Negative
1352	আফগানিস্তান যথেষ্ট ভালো দল	Neutral
1353	সাব্বিরের পরিবর্তে মাশরাফিকে টেষ্টে ব্যাটসম্যান হিসাবে নেয়াযেত!!	Neutral
1354	এক ম্যাচ জিতলে তারা যেভাবে রিপোর্ট লেখে,, তা দেখে অনেক সময় পাদ এসে	Negative
1355	বাংলাদেশ হার হবার তিনটা কারন হবে	Negative
1356	হাতরুর সিংহ একটি বেয়াদব মানুষ	Negative
1357	যে টিমে পাপুন,সুজুন, নুন্নু ভাইদের মতোন লোক অাছে সে দলে কোচের দরকার নাই!	Negative
1358	সবই যদি আইপিএল এর আদলে হয় তাহলে নিজস্ব দেশীয় স্বকীয়তা বলতে কি থাকে।	Negative
1359	উনার ব্যাটিং স্টাইলটা আমার খুব ভালো লাগতো। এ্যা লিজেন্ড	Negative
1360	রংপুরের অনেক বড় পাওয়া হচ্ছে, গুরুত্বপূর্ণ ম্যাচে লিজেন্ড প্লেয়াররা এগিয়ে আসতে পেরেছে।	Positive
1361	সুজন আর পাপন কাকা তো বেজায় খুশি! মোসাদ্দেক কে যে আবাহনীর দরকার ছিল বাংলাদেশের নয়! বাংলাদেশের তো দরকার বিড়াল চোখের স্লিপ ফিল্ডার!	Negative
1362	সাকিবের অভাবটা কিছুটা বললে ভুল হবে,অনেক ভালো করলে তুমি।প্রতি টেস্টে তোমাকেই চাই	Positive
1363	অভিনন্দন বাংলাদেশ দল কে,সিরিজ উইন এখনো অন রইল	Positive
1364	খেলার তো খ ও বুঝিস না মাশরাফি কি ব্যাটিং যে নিয়মিতো ব্যাট করে জেতাবে দলকে	Negative
1365	মুমিনুলের আউটে অনেক কষ্ট লাগলো	Neutral
1366	স্যার লিটন দাশ বিদায় বেলায় গর্জে উঠছেন যা সত্যিই প্রশংসার দাবীদার	Positive
1367	থাক আরো কিছুদিন এই নাডা বাংলাদেশের কোচ থাক তাহলে বুজবে হাতুরে কি ছিলো , জার কোনো যগ্যতাই নাই হেতারে বানাছে কোচ সালা নাডা	Negative
1368	তারা যেকোন সময় জ্বলে উঠতে পারে।	Negative
1369	শ্রীলঙ্কারা আবাল তাই টাইগারদের বুদ্ধির সাথে বুঝে উঠতে পারছে না	Negative
1370	হাজার হাজার উইকেট পেয়েও জাতীয় দল তো দুরের কথা বিকেএসপিতেও চান্ছ পাচ্ছি না হায়রে কপাল !!	Negative
1371	পাঠা বাবুরা যথারীতি হামলে পড়ছে।	Negative
1372	বাংলাদেশের খেলা দেখা মনে হয়েছিল এটা কোন উগান্ডায় খেলা হচ্চে কি??	Negative
1373	ভালো সিদ্ধান্ত ।আমার মনে হয় টেস্ট ক্রিকেটে সিনিয়র খেলোয়াড়দের আরও বেশি সুযোগ দেওয়া উচিৎ ।	Negative
1374	ধুর,,বালের কীর্তন ভাল লাগেনা।	Negative
1375	কি কারনে এত দিন দলের বাহিরে রাখা হয়েছিল বাজ্জাক কে?	Negative
1376	ঘরের মাঠে সব দলই ভাল খেলে আর বাংলাদেশ নিজের গর্তে নিজেই পড়ছে।	Negative
1377	সায়েম,জুমআ পড়ে ঘুমাইছিলাম।ঘুম থেকে উঠেই তোর মতো বেজন্মার কমেন্ট দেখলাম।	Negative
1378	প্লেয়ার ভাইদের কে বলছি শরীরে অসুক নিয়ে খেলেন ইনজুরি হয়েন না।তাহলে বাদ।	Neutral
1379	আচ্ছা আমাতো মনে হয় তুষার ইমরান সাব্বির এর চেয়ে ভালো খেলতো। কি বলেন	Negative
1380	নির্বাচকমণ্ডলী বিশেষ প্রশংসার দাবিদার	Positive
1381	মুসফিক আর তামিমের বেটিং তান্ড়বে কুহিলির জিব্বহাটা শুকিয়ে গেছে গরুর মুত খাওয়ার জন্য	Negative
1382	সরব কালের শেরা অলরাউন্ডার প্লেয়ার সুজন স্যার আছে না আর কাউকে কি প্রয়োজন আছে না কি	Negative
1383	ইমরুল আর সাব্বির এই দুইটা নাম শুনলেই মেজাজ টা বিগ্রে যায়।	Negative
1384	দল নিবার্চন করা হতুরুর কাজ নই।	Negative
1385	খুব গুরুত্ব পূর্ন একটি ভাল সিদ্ধান্ত রাজ্জাক ভাইকে ফিরিয়ে আনার জন্য ।	Positive
1386	শিরোনাম দেখে ভাবলাম রাজ্জাক মনে হয় ৪-৫ উইকেট নিয়ে ফেলেছে?	Negative
1387	বস,আপনার মত আমরাও তাকিয়ে শুধু দেখলাম।	Neutral
1388	এই খেলা না দেখা ভালো এরা পারে না এরা কোন কামের না	Negative
1389	টি টুয়েন্টিতেও বাঁশ খাবে! দিন শেষে হাতুরের জয়! দলের কোচ হয়েই তিনটা ট্রফি!আর কি চাই!!	Negative
1390	হাতুড়িসিং ভাল কোচ না সে নাসির বিজয় কে বসিয়ে সৌম্য আর মুসাদ্দেক কে খেলাইছে	Negative
1391	হাতুড়েকে কে সরিয়ে দিয়েছে?	Neutral
1392	আগের দিন নিছস ১০০ কাল নিবি ৮০ তারপর তাড়াতারি বাড়ি চলে যাবি।	Negative
1393	ওদের সাম্প্রতিক ফর্ম ও জঘন্য, তাই খুব বড় কোনো অঘটন না ঘটলে বাংলাদেশ ই চ্যাম্পিয়ন হওয়ার কথা	Negative
1394	শ্রীলংকার এমন মরা দলের সাথে দেশের মাটিতে জিততে পারলো না	Negative
1395	মাহমুদুল্লাহ বাংলার ক্রিকেটের ৫ তারার মধ্যে এক তারা	Positive
1396	সেটা শিক্ষাক্ষেত্রে হোক বা ক্রীড়াতে হোক...কুকুর মরন কামড় দেওয়ার জন্য অপেক্ষামান।	Negative
1397	ওরা খেলোয়ার না দেলোয়ার	Negative
1398	মাঠে দর্শক সংখ্যার বিচারে,  বিপিএল ঢাকার বাহিরেই জমে ভালো।	Neutral
1399	দুই ইনিংস মিলাইয়া ২২২ রান করাটাই বাংলাদেশের পক্ষে চ্যালেজ	Negative
1400	ম্যাচ ড্র করেই এক খুশি!!! জিতলে যে কি করতো...	Negative
1401	সারা বাংলার আলোড়ন সৃষ্টি কারী কেলোয়ার, নবযুগের উদীয়মান কেলোয়ার, আন্তর্জাতিক খ্যাতি সম্পন্ন হার্টহিটার, বোলারের আতংক, বিসিবির অন্যতম কান্ডারি চাব্বির রহমান ম্যাও,	Negative
1402	ইংলিশ প্রিমিয়ার লিগকে টেক্কা দেওয়ার জন্য ভালোই তৈরি হচ্ছে আইপিএল!	Positive
1403	দেখা যেতে পারে একথা বললে চলবেনা, ওকে একাদশে মাঠে দেখতে চাই।	Negative
1404	আর গাদ্দার হাতুরু আমাদের গোপন কৌশল আমাদের বিরুদ্ধে প্রয়োগ করেছে।	Negative
1405	ওডিয়াইতে চার পেসার খেলাতে পারে,টেস্টে খেলে এক পেসার নিয়ে!	Negative
1406	সিংহের কাছে বাঘের অসহায় অাত্নসমর্পন।	Negative
1407	বিপিএল গভর্নিং কাউন্সিল কেন খেলা চলাকালীন সময় নিয়ম পরিবর্তন করেছে? সব কি মগের মুল্লক?	Negative
1408	পরাজয় হয়ছি করার কিছু নাই কিন্তু মাএ ৮২ রানে অলআউট মানতে পারলাম না।!!!	Negative
1409	শাহরিয়ার শোভন।।। ওর কাহিনী তো সারাজিবন একই !	Negative
1410	বোলিং পিচ বানাইলে ব্যাটিং পারি না, ব্যাটিং পিচ বানাইলে বোলিং পারি না।	Negative
1411	ইচ্ছামত নিয়ম পরিবর্তন ভবিষ্যতে খারাপ কোন পরিস্থিতিতে পড়তে হতে পারে।	Negative
1412	জিম্বাবুয়ে।	Negative
1413	শেষ করে ভাত খেতে যাবে বাঙালিরা	Negative
1414	রাজজাককে না নিলে তার অভিশাপে হারবে বাংলাদেশ।	Negative
1415	বাংঙালীকে তেল দিতে নেই। ভালো খেলছে, ধন্যবাদ।	Negative
1416	বাংলাদেশের মানে আমাদের ব্যাটসম্যানরা আর কত দিন এইভাবে আলসেমিতে বলিদান করবে দেশের ক্রিকেট কে?	Negative
1417	দ্রুত তাকে জাতীয়দলে সুযোগ দিয়ে ক্যারিয়ার ধংস্ব করে দিতে হবে।	Negative
1418	হায়রে মন, তবুও একটা মিরাকলের আশায় আছি।	Negative
1419	বিপিএলের সৌজন্যে চাইল্ডহুড মেমোরিজ ফিরে আসল..	Neutral
1420	টেস্টে খুব বিপদজনক বোলিং পিচ করেছিল ৩টার মধ্যে আফ্রিকার কারো ১০০ নাই কোহলি দেখিয়ে দিয়েছে আমার জন্য বোলিং পিচ ১০০ করাও অসম্ভব না।	Neutral
1421	এক কাজ কর তুই আর তর বাপ মিলে নাম তাহলে আরো ভালো হইবে	Negative
1422	সত্য মানে ১০০% সত্য।	Neutral
1423	শালা কোচ,নির্বাচক,ডিরেক্টর সহ বিসিবি এর সব গুরুত্বপূর্ণ পদে এই অযোগ্য সুজন।দেশে কি আর কোন মানুষ নাই।	Negative
1424	হুম ভাই, পীরবাবার কারিশমা ১৬ কোটি জনতা বুঝে, খালি বিসিবি বস বুঝলো না!.	Negative
1425	টেস্টে সিনিয়র খেলাওয়ারে বিকল্প নেই	Neutral
1426	সাকিব নেই বলে	Negative
1427	সাবধান থাকতে হবে পরের ম্যাচ শ্রীলংকার বিপক্ষে।	Negative
1428	চাটুকার কয়েকজন নির্বাচক ও তোষামোদকারী ব্যাক্তির জন্য এই খেলায় কিছু মেধাবী প্লেয়ার সুযোগ থেকে বঞ্চিত হয়।	Negative
1429	একটা ভালো খেলোয়ার দশ বারো ইনিংসে চেনা যায়না তাইলে সাব্বির অনেক আগে বাত যাওয়ার কথা??	Negative
1430	বাংলাদেশের জাতীয় দলের সবাই ভালোই খেলে	Positive
1431	আমাদের প্লেয়ার দের জন্য,দুধ-ভাত রেডি কর।।	Negative
1432	টেস্ট ক্রিকেট যেমন রাজকীয় তেমনি খুব নিষ্ঠুর।	Neutral
1433	আমি ওয়াসরুমে গিয়ে মোবাইলে সেক্স ভিডু দেখে মাল আউটের আগেই বাংলাদেশ টিম অল আউট__ - মাল আউটের আগে অল আউ	Negative
1434	বালের খ্যালা খ্যালছে	Negative
1435	লিটন দাস এর হার না মানা 94 রানের লড়াই।	Positive
1436	যত গর্জে তত বর্ষে না	Negative
1437	কান্ডগ্যান কম। ইন‌িংসের গ‌োড়াত‌েই তাম‌িম আউট।	Negative
1438	দ্বিতীয় ইনিংসে বাংলাদেশের খেলোয়ারদের ডায়াপার পরে ব্যাটিংয়ে নামা উচিত হ	Negative
1439	আজ ম্যাচে তাকে পেয়ে আমরা আনন্দিত	Negative
1440	সাত জন স্পিনার দিয়ে মাঠে বোতল টানানো যায় ম্যাচ জেতা যায় না	Negative
1441	মানসিক শক্তিতে পিছিয়ে বাংলাদেশ।	Negative
1442	বিদেশি কোচ নিয়ে প্রায় অনিহা হয়ে গেছিলো।	Negative
1443	সাকিব ছাড়া বাংলাদেশ দল সেটা আবার হয় নাকি।	Negative
1444	কয়দিন আগে তো জেতার জন্য গাড়ি বাড়ি বাল ছাল কতো কী দেওয়া হলো,	Negative
1445	ভারতকে সে একাই টানে ভারত টিমে এখন সবাই ওর দিকেই তাকিয়ে থাকে	Negative
1446	সে টেস্টকে T20 এর প্রস্তুতি হিসেবে মনে করে।	Negative
1447	লংগার ভার্সনে যারা ভাল করে তাদেরকে দলে না নিয়ে টি২০ খেলোয়ার দিয়ে টেষ্ট ম্যাচ খেলানো হলে রেজাল্ট খুব ভাল হবে	Negative
1448	মিরপুরের পিচে সাকিব ছাড়া জয় কল্পনাও করা যায় না	Negative
1449	তামিমের স্ট্রাইক রেট খুব বাজে ১০৮.০. সে খুবই ভাল ওপেনার।	Negative
1450	বাংলাদের দৌড় ঐ জিম্বাবুয়ের সাথেই জেতা	Negative
1451	হেড কুচ ক্লেদ মামুদ কে কুচ করা হোক ২০৩৯ বিশ্বকাপ পর্যন্ত।	Negative
1452	হাতুরা বলে বাংলাদেশের ক্রিকেট ধ্বংস করে দিচ্ছে!	Negative
1453	মোসাদ্দেক কিন্তু ভালো খেলে দল থেকে বাদ পরছে। চোখের সমস্যার কারনে	Negative
1454	"এই কেমন পিচ """"""! বল তো খেলতে কস্ট হয়ে যাচ্ছে"	Negative
1455	কিছু কমু না, কিছু লেখবোও না। শুধু দেখে যাবো.	Negative
1456	ভবিস্যাতের আফিফ আল হাসান...	Positive
1457	একটু ভালো খেললেই অহংকার এসে ভর করে আর তাই পতন এসে ভীর করে।	Negative
1458	এটাই তো সমস্যা এক দিনে হিরো করে দেওয়া তোমাদের কাজ	Negative
1459	জীবনে হয়তো ভালো করে ব্যাট ও ধরতে পারেনি, এরকম লোক, খেলা নিয়ে, যাচ্ছে তাই লিখে যাচ্ছে।	Negative
1460	দেখার অপেক্ষায় আছি বাংলার কালো বিড়াল এবং বিরাট কোহলির ব্যাটিং কোচ সাব্বির দেখবনে কি করে	Negative
1461	আগে বাংলাদেশের ব্যাটিংদেখি তারপরে তোরা লাফাইচ বাবা।	Negative
1462	রাজ্জাক কে নিলে ভালো হয়।	Positive
1463	পারবা তুমরা দোয়া করি | এই ম্যাচে না পারলে কি আগামিতে পারবা |	Positive
1464	পিরবাবা মাশরাফি হলে আজকে পাদ দিইয়ে মাঠ ছারত,বেস পাদের গন্দে শ্রীলনকা বেহুশ.. বাংলাদেশ জিতে জেত।	Negative
1465	এভাবে একসময় আমরা ক্রিকেট থেকে মুখ ফিরিয়ে নিভো.	Negative
1466	দাদা, কথা কিন্তু সত্য	Negative
1467	মোমিনুল, রাজ্জাক কতোয়না ভালো খেলছে। অথচ এরায় সুযোগ পায়না।	Negative
1468	মুশফিক কই?? ওই তো T20 খেলার যোগ্য না	Negative
1469	মিনহাজুল আবেদীন কে জুতার মালা দেওয়া হোক.	Negative
1470	দারুন লিখেছে।কিন্তু আমরা জাঞ্জ নি:সন্দেহে প্রধান নির্বাচক নান্নুর এতে এতটুকুও লজ্জা হবে না।কেননা নান্নু ও সুজন নিজেদের সবথেকে মাথাওয়ালা মনে করে আর অন্যদের মাথামোটা মনে করে।	Negative
1471	শ্রীলংকার জেতা উচিৎ, কারন তারা ভালো খেলছে।	Neutral
1472	মোস্তাফিজ এবং একজন স্পিনার চাই।	Positive
1473	মাসরাফি আর ভারতীয় লিজেন্ড জহির খাঁন এর উইকেট ইকোনমি+ বেটিং ২ জনের টা দেখুন আসা করি বুঝতে পারবেন মাসরাফি কে কেনো এতো মানুষ ভালোবাসে	Positive
1474	সাকিব তামিম ছাড়া বাংলাদেশের অন্য ব্যাটসম্যান গুলা বি গ্রডের	Negative
1475	মুমিনুল বাংলাদেশের সব ফরম্যাট এ খেলার যোগ্যতা রাখে।	Positive
1476	যান ভাইসব, তাড়াতাড়ী খেলা শেষ করে বাড়ী যান।	Negative
1477	নান্নু সহ এই যুক্তির পিছনে আর যারা আছে সবাইকে এখনি পদত্যাগে বাধ্য করা উচিৎ	Negative
1478	রাজ্জাক বুড়া হয়েগেছে খেলা পারেনা,তাহলে আজ কিভাবে কি করলো।	Negative
1479	এখন ও সময় আছে।। বাংলাদেশ এর ক্রিকেট কে বাঁচাতে নান্নু এর জায়গায় অন্য কেও কে বসানো হোক।।	Negative
1480	আগামীকালের খেলায় রাজ্জাক যদি একাদশে চান্স পায়, আমি বলবো রাজ্জাকের জন্য একটা বিরাট সুযোগ	Neutral
1481	এই ম্যাচে, টাইগেরেরা যে উপহার দিছে অামাদের, তার জন্যে তাদের দুই মাসের বেতন কাটার দাবি জানাচ্ছি	Negative
1482	ভারত, পাকিস্তানি দের মাঝে দেশপ্রেম আছে জা আমাদের মাঝে নাই, এ জন্যই আমরা সব কিছু তে পিছাইয়া আছি	Negative
1483	দলগুলো লাভের মুখ কিভাবে দেখে সেটা একটা বড় প্রশ্ন বটে।।	Neutral
1484	আমাদের তারকা বেশি তাই। তবে ময়দানে না প্রচারে	Negative
1485	লেগ ভেল্কির কোন ঔসুধ নাই।আফ্রিকার মরন দশা!!	Negative
1486	দুই দিন পর পর বাচ্চা পুলাপানের অভিষেক হয়,যৌবনে হারিয়ে যায়।এটাই বাংলাদেশের ক্রিকেট	Negative
1487	নির্বাচক কমিটিদের শ্রদ্ধা জানাই।	Positive
1488	বাজেটের সমস্যা	Negative
1489	হাথুরুর সময়ে মমিনুল ভাল ব্যাটিং করে নাই।	Neutral
1490	বচ ম্যাশকে নিলে তিনি একাই শ্রীলংকাকে উড়িয়ে দিবেন	Positive
1491	আমার মনে হয় তামিম মমিনুল মুসফিক ওদের কোনো বিগ্ঘাপনের কাজে যেতে হবে তাই তারা জলদি করে মাঠ ছেড়ে ছলে এসেছে	Negative
1492	আমি বুঝি না সাব্বিরের কি টয়লেট ক্লিয়ারলি হয় না, যখনই উইকেটে ব্যাট করতে যাই হেগেমুতে চলে আ	Negative
1493	হাগলামি শুরু করিছে, নান্নু, সুজনকে ইয়াবা খাওয়াইতে হবে	Negative
1494	হলে কি হবে বাংলাদেশের ব্যাটিং তো হারার আভাস দিচ্ছে	Negative
1495	অনূর্ধ্ব-১৯ দলের হেডা কুচ করা হোক ক্লেদ কে।ক্লেদ মামুদ কে টিটুন্টি দলের সহ অধিনায়ক পদে দেখতে চাই।	Negative
1496	সবকিছুতে হাথুরেসিংহে কে টেনে আনা প্রথম আলোর ফ্যাশন হয়ে দাঁড়িয়েছে।	Negative
1497	ওরা জিতে আনন্দ পায় আমরা পাই হেরে!	Negative
1498	দেশের সবাই কোচ, আমরা দর্শক-সাংবাদিক সবাই হাতুরুর ভুল ধরতাম.... আমাদের কোচের কি দরকার	Negative
1499	হাতুরের শ্রীলংকা বনাম মমিনুল হক।	Negative
1500	বস ভাল করবে ইটাই আশা করি,দারুন এরজন ব্যাটিং অলরাউন্ডার,	Negative
1501	বিশেষত মিমি'র রান আউট দেখে মনে হইছে সকালের ঘুমের অলসতা এখনো কাটেনি তার।	Negative
1502	নাহলে কিন্তু সাংবাদিক বাবাজি আবার এমন ওয়াশ করার সুযোগ হাতছাড়া করবে না	Negative
1503	তাঁকে যদি জুনিয়রদের মতো সুযোগ দেওয়া হত সে বাংলাদেশ ক্রিকেটের অন্যতম তারকা হয়ে উঠত।	Positive
1504	.মাশরাফিকে যে ডাক্তার অপারেশন করেছে(ডেভিড ইয়ং)সে তো মাত্র উছিলা.	Negative
1505	হাতুরুকে হাতুড়ী পেটা শেষ।	Negative
1506	খেলা নিয়া উটক্যাল মাছের মতো লাফালাফি বাদ দিছি।	Negative
1507	রাজ্জাক আমাদের ক্রিকেটের এক অহংকার।	Neutral
1508	প্রথম আলোর সাংবাদিক ভাইয়েরা আপনারা হাতুরেকে তাড়াতে যথেষ্ট আবদান রেখেছেন।	Negative
1509	মিরপুর উইকেটে বাহাতি সাকিব এর উইকেট বেশি তাই দলে বাহাতি রাজ্জাক	Positive
1510	প্যাট মোটাটা কয়েকদিন থাকলে বাংলাদেশ সোমালিয়ার সাথে হারবে।	Negative
1511	হাতুরের শ্রীলংকা বনাম মমিনুল হক।	Negative
1512	4 বছর পর ফিরে 4 উইকেট	Positive
1513	নেটে আরো ভালো প্রশিক্ষণ নিলেই আমরা ভালো কি জয় দেখতে পারবো	Negative
1514	সাকিব তামিম ছাড়া বাংলাদেশের অন্য ব্যাটসম্যান গুলা বি গ্রডের	Negative
1515	কমপক্ষে ৮ জন বেট্সমেন লাগবে।	Positive
1516	কোন ছাগলে মীরপুরের উইকেট বানাইছিল...?	Negative
1517	দারুন খেলছে সবাই আমরাই জিতবো ইনশাল্লাহ	Positive
1518	তুর বচ দিয়া t20 হপে না	Negative
1519	এমনি তো হ ওয়ার ছিল।	Negative
1520	কোহলি কি বলে তাও সাথে সাথে আইসিসি পেজে আপলোড করে,	Negative
1521	কোনো এক সময় জাতীয় দলে ওপেনার জাবেদ ওমর দল থেকে বাদ পরার বলেছিল.... আমি দল থেকে বাদ পরা নিয়ে চিন্তা করি না কারণ নতুন ছেলেরা আবার খারাব করবে।।	Negative
1522	একটা প্লেয়ারের খারাপ সময় যেতে পারে তাই বলে তাকে নিয়ে ট্রল করা ঠিক না	Positive
1523	উইকেটে এসে ধৈর্য হারিয়ে ফেলে।	Negative
1524	এরকম ভাল সিদ্ধান্তের জন্য তামিম-মাশরাফি ও বিপিএল গভর্নিং বডিকে সাধুবাদ জানাই	Positive
1525	বাংলাদেশের ব্যাটিং কান্ড ৪র্থ ইনিংসে দেখিয়ে দেেব ওরা বাংলার সত্যিকারের টাইগার	Positive
1526	নানু জুতামার সালা খেলা বুজেনা	Negative
1527	এইরকম একটা খেলোয়ার কবে যে আমাদের হবে??	Negative
1528	বাঁশ খাব‌ে শালারা তাহল‌েই মজা পাব‌ো অার ক্র‌িকেট ব‌িশ্বও খুশী হব‌ে।	Negative
1529	মনে এই সিরিজে জিম্বাবোয়ে সবচেয়ে ফেভারিট ।	Positive
1530	আগামী আরো ৫০ বছরে এইদেশের অবস্থা এমনই থাকবে। যদি না এই ধরনের পত্রিকা গুলি ফালতু প্রসংসা বন্ধ না করে।	Negative
1531	নির্বাচক সাহেবরা, এই কারনেই তো বাংলাদেশের ক্রিকেটাররা বিয়ের আগে অন্য মেয়েদের টেষ্ট করে নেয়। ওদের আর দোষ কি, আপনারাই তো শিখিয়েছেন।	Negative
1532	ভাল উদ্দোগ! রাজ্জাকের অভিজ্ঞতার মূল্য দিলেই হয়	Positive
1533	এই জন্য আমাদের টিমের এই অবস্থা।	Negative
1534	শ্রীলংকাকে ২২২ রানে অল আউট করার পর, মুখে চওড়া একখান হাসিছিল।	Positive
1535	না পারবেনা	Negative
1536	আমরাও হাতুড়ের মন্তব্যের ধার ধারি না।	Neutral
1537	মাহদুল্লাহ একজন পরিক্ষিত অধিনায়ক।	Neutral
1538	ক্রিকেটের সাম্প্রতিক সময়ের অধিকাংশ সাফল্যই এসেছে সাকিব,তামিম,মুশফিক,রিয়াদ,ম্যাশ..এদের হাত ধরে।	Positive
1539	নান্নু ভাই, সুজন ভাই এদেরকে বিসিবি থেকে সরিয়ে দেওয়া হোক।	Negative
1540	মমিনুল হালার পুতে একম্যাচ ভালো খেইলা মনে হয় বিশ্ব জয় করে ফেলছে।	Negative
1541	ক গেইল আর ম্যাককালাম কে কিনতেই তো ৫ কোটি টাকার উপরে লাগছে, সেখানে প্রাইজমানি মাত্র ২ কোটি!!	Negative
1542	সবই বুঝলাম কিন্তু কলকাতা ক্রিকেটের কী অবস্থা একটু যদি জানাতেন ।	Negative
1543	সিলেকশন ঠিক ছিলোরে ভাই।শুধু ওদের কইফত দিতে হয় না দেখে ওরা এইরকম কেয়ারলেস	Negative
1544	প্রধান নির্বাচক মিনহাজুল আবেদীন অদ্ভুত এক যুক্তি দেখিয়েছিলেন, ‘টি-টোয়েন্টি সিরিজে ওকে নিয়ে আমাদের পরিকল্পনা আছে।	Negative
1545	এখন ও সময় আছে।। বাংলাদেশ এর ক্রিকেট কে বাঁচাতে নান্নু,বাশার,সু জন এর জায়গায় অন্য কাউ কে বসানো হোক।।	Negative
1546	আবার সাব্বির কেন	Negative
1547	রংগনা হেরাত একাই শেষ করে ফেলবে স্পিন করলে, পারলে পেইস করো...	Negative
1548	মাশরাফি টস নয় ম্যাচ জিতে	Positive
1549	কলকাতার ক্লাব ক্রিকেট এর পরিকাঠামো অনেক উন্নত।।	Positive
1550	মাকারাম কে ভুলে গেলে চলবেনা...ঐই মাকারাম বাংলাদেশকে একাই বাশ দিয়েছিল	Positive
1551	টেস্ট সিরিজটা ছিল টি টুয়েন্টি সিরিজের অনুশীল	Negative
1552	মনে হয় খলতে না শশুর বাড়ি বেড়াতে এসেছেন।	Negative
1553	তারপরো যখন টিম বাংলাদেশ নিজেদের ঘরের মাঠেই হাগুমুতো করেদেয়,তখন এক বালতি আফসোস ছাড়া আর কিছুই করার বাকি থাকে	Negative
1554	পাপনের মতো আবাল থাকলে যারা প্রতিভা তারা কখনোই নিয়মিত সুযোগ পাবেনা।	Negative
1555	রাইট কথা বলছেন এই নান্নো হালা যদি নির্বাচক থাকে, বাংলাদেশ ক্রিকেট এর খতি ছাড়া লাভ হবেনা	Negative
1556	বাংলাদেশ দলে সবচেয়ে আবাল প্লেয়ার হচ্ছে মুশফিকুর রহিম।	Negative
1557	ওরে কেউ একটু এই অার্টিকেল রাইটার কে কোলে নে..... জিও গুরু,,,	Negative
1558	এই ক্রিকেটারদের পিছনে কোটি কোটি টাকা ঢেলে অামাদের লাভটা কি?	Negative
1559	যখনই কোন গুরুত্বপূর্ণ ঘটনা ঘটে তখনই খেলা নামক নাটক দিয়ে মানুষের দৃষ্টি অন্য দিকে ফেরানোর চেষ্টা চালানো হয়	Negative
1560	বাইরে তর ভিতর এমন কি ধন আছে যে এরকম পেঁদানি দেছ	Negative
1561	হাথুরু ঠিক বলছে আবেগ দিয়ে খেলা হয়না। খেলা শেষে ভালো ফল চাই।	Negative
1562	কি প্লেয়ার নেই আমাদের??!! আবারো শুনচি সোম সরকার আসছেন !!	Neutral
1563	রাজ্জাক এখনো ওয়ানডে দলের জন্য বেস্ট স্পিনার।	Negative
1564	সাত জন স্পিনার দিয়ে মাঠে বোতল টানানো যায় ম্যাচ জেতা যায় না	Negative
1565	ভারতীয় অনূর্ধ্ব-১৯ দলের কোচ ম্যাচ শেষে পাকিস্তানের ড্রেসিংরুমে গিয়ে সবাইকে সান্ত্বনা দিয়েছেন।	Positive
1566	বাংলাদেশ জাতীয় দলের ভবিষ্যৎ কান্ডারি বলে মনে হয়।।	Positive
1567	শ্রীলংকাই ফেভারিট।।	Positive
1568	বিভিন্ন ঘরোয়া লীগে দেখা যায় সব বিভাগের স্টেডিয়াম থাকা সত্ত্বেও সেখানে ম্যাচ না হয়ে নির্দিষ্ট কয়টা ভেন্যুতে হয়!! কেন?	Negative
1569	কোহলি ও আজকে সেঞ্চুরি করেছেন তার হার না মানা ১৬০ রানে ভর করে ভারত ৩০৩ রান করেছে	Negative
1570	২৬ এভারেজ নিয়ে ইমরুল কায়েস ওপেনার,টি২০ স্পেশালিষ্ট সাব্বির টেস্ট	Negative
1571	ভচ মাছ্রাফি কে নেওয়া হোক,একাই হারাই দিবে ভচ,পাদ বাবা মাচ্রাফি	Negative
1572	আফিফরাইতো আমাদের আগামীদিনের সাকিব,তামিম।	Positive
1573	এরা সবসময় গ্রুপ পর্বের ম্যাচগুলোতে রান করে ফাটাইয়া ফেলবে।	Negative
1574	সাব্বির বালের প্লেয়ার।	Negative
1575	এই সরকারের সাথে থাকতে থাকতে সবাই দুর্ণীতি বাজ হয়ে গেছে।	Negative
1576	এটা কি বাল ডেকে এনেছে	Negative
1577	মনে রাখবেন যে পোশাক পরে খেলতে নামেন সেখানে দেশের নাম লেখা থাকে, তার অমর্যাদা আপনারা করতে পারেননা।	Negative
1578	এ মুহূর্তে অনন্ত জলীল কে দলের খুবই প্রয়োজন।।	Negative
1579	প্রতি ম্যাচ ভালো হবে না,এটা মাথায় রাখবেন,বেশি চাপ খেলোয়ার কে খারাপ করে	Positive
1580	একেই বলে হাতুরু যাও আগে দেশে জিততাম সেটাও শেষ..সে যে কি ছিল এখন আমাদের বাংলাদেশীরা বুজবে	Negative
1581	হাতুরুকে নিয়ে মাত্রাতিরিক্ত ভাবাভাবির কিছু নেই।	Negative
1582	দুই ইনিংসে বড় জোর 200 ইনিংস পরাজয় কাছাকাছি।	Negative
1583	বাংলাদেশ ক্রিকেট র্বোড কেন বারবার সাব্বির দলে নেয় !	Negative
1584	৪বছর অপেক্ষার পর যেহেতু জাতীয় দলে খেলার সুযোগ হয়েছে, আশা করি রাজ্জাক সুযোগ কাজে লাগিয়ে তার জায়গা ধরে রাখবে।	Negative
1585	ভাই যে একাদশ দিছেন বাংলাদেশ একটা ম্যাচ ও জিতবেনা।।	Negative
1586	বাংলাদেশের মিডিয়া দ্বারা কোন প্লেয়ারের সমালোচনা চোখেই পড়ে না	Negative
1587	বোলাররা যে পরিমানে শর্ট বল দিচ্ছে- তাতে রান কতটুকু যায় সেটাই দেখার বিষয়!	Negative
1588	প্রত্যাশা বড় ব্যাটিং বিপর্যয়ে না পড়ে যায় দল	Neutral
1589	ভালো করছে বলেই এই গুনগান,যদি উইকেট না পেত তাহলে এতক্ষনে তার চৌদ্দগুষ্টি তার দোষে দোষি হত আমাদের কাছে।	Neutral
1590	আমার মনে হয়স্বৈরাচার পাপন নিজেই কোচ,পরিচালক,নির্বাচক,ফিজিও	Negative
1591	কোচহীন বাংলাদেশের অস্তিত্ব নাই তা দুর্বল শ্রীলংকার বিপক্ষেই বুঝা যাচ্ছে!	Negative
1592	দেশের এই ভয়ানক পরিস্থিতিতে আওয়ামী দালাল বিবিসি আছে খেলাধুলা নিয়া!	Negative
1593	রাজ্জাক আমার অত্যন্ত পছন্দের একজন স্পিনার!	Positive
1594	বস ফিরেছে বসের মতো	Positive
1595	এনামুল বলদাটা এই অলক্ষীটা লাগাই গেছে	Negative
1596	ক্রিকেটিয় আচরন এমন হওয়া উচিত,,,এটা ভদ্রলোকের খেলা,,,,	Neutral
1597	ভারতের জয়কে ছোট করতে Srilankaকে কারা যেন বলেছিল মামুলি দল?	Negative
1598	ক্রিকেটে ভারত একটা অসভ্য দল,বিরাট কোহলির আচরনে স্পষ্ট ফুটে উঠে।	Negative
1599	ভাবের বেলায় উস্তাদ	Negative
1600	আমাদের দেশের কিছু উম্মাদ সমর্থক সামাজিক নেটওয়ার্কে হাথুরুকে তিরষ্কারের ঝড় তোলে! ভাবতেই লজ্জ্বা হয়!	Negative
1601	টেস্ট খেলে সালা টোয়েন্টির মতো ...	Negative
1602	এই গুলা কিছু বুঝে না ক্রিকেট এর, নান্নুর নিজের কুনো জ্ঞান বুদ্ধি আছে বলে হয়ে না,	Negative
1603	পাঁড়েজির ছাগলের একহাত দাড়ি, অপরূপ রূপ তার যাই বলিহারি! উঠানে দাপট করে নেচেছিল কাল— তার পর কি হইল জানে শ্যামলাল।’ !	Negative
1604	আমি আশাবাদি লোক আশা রাখি বাংলাদেশ জিদবে !	Positive
1605	আগামীকাল ৮0 রানে অলআউট হবে বাংলাদেশ	Negative
1606	শুভকামনা টাইগারদের জন্য।	Positive
1607	যেমন খেলা তেমন যুক্তি! অদ্ভুত।	Negative
1608	নানুভাইয়ের কি যোগ্যতা আছে নির্বাচক হওয়ার???	Negative
1609	চোটের কারণে দলের বাইরে চলে গেছেন এবি ডি ভিলিয়ার্স, ফাফ ডু প্লেসি ও কুইন্টন ডি কক—নাম তিনটিই দুর্দান্ত।	Negative
1610	শুধু হাসি পায়। ঘরের মাঠে এভাবে বিধ্বস্ত হলে বাইরে কি হবে...... তা শুধু ইতিহাস।	Negative
1611	কুমিল্লা যে ঢাকার সাথে হারল সেটার কি অজুহাত দেবেন?	Negative
1612	আফগানরা যাই করুক না কেন তারা কোন দিন বাংলাদেশের সমপর্যায়ে আসতে পারবে না ?	Negative
1613	আজকে ম্যাচ তামিমের জন্য হারবো।	Negative
1614	শ্রীলংকা টেস্ট জেতা লাগব না,বাংলাদেশের লর্ড ব্যাটসম্যানরাই শ্রীলংকারে জিতাই দিবে	Negative
1615	হ্য ভাই,,অরা অন্যর সমলোচনা করতে পারে,,খুব করে,,নিজের টা নিয়ে চুপ থাকে	Negative
1616	বাংলাদেশ এখনো 2 grade টিম , এটা কেন মানেন না ।	Negative
1617	শ্রীলংকা মাটিতে সাকিব নাম বেস্ট অল রাউন্ডার ছিল ..এখন আছে এখন আছে বাল	Negative
1618	সায়েম রহমান তুই একটা বাষ্টাড মাদারছোদ তোর বাড়ি কই	Negative
1619	এই প্রতিবন্ধী সূজন(আপদজন) ই হোক বাংলাদেশের ভবিষ্যৎ কোচ.	Negative
1620	এই ম্যাচে রিজার্ভ ডে ছিল না, খেলা না হলে কুমিল্লার ফাইনাল খেলার কথা, শুধু ফাইনালের জন্য রিজার্ভ ডে ছিল	Positive
1621	রাজ্জাক সত্যি রাজকীয় ভাবেই মাঠে নামল	Positive
1622	নিঃসেন্দহে বাংলাদেশ ফেভারিট।	Positive
1623	আপনারা মিডিয়া ওয়ালারা আজ হাতথুরুর সমালোচনা করছেন, আবার কাল শ্রীলঙ্কা জিতলেই তার প্রসঙসা করা শুরু করে দিবেন	Negative
1624	কায়েস, লিটন দুনিয়ার সবচেয়ে আচোদা প্লেয়ার।	Negative
1625	পাকিস্তান বোলিং এ সর্বকালের সেরা একটি দল,যাদের কোনো তুলনা হয় না	Positive
1626	সমর্থক হয়েও রংপুর রাইডার্সের ফাইনালে যাওয়াকে সমর্থন করতে পারছিনা, তবে ঢাকা ডাইনামাইটসের স্বত্বাধিকারী বাংলাদেশের সর্বত্র অপরাজিত ব্যক্তির পরাজয়ের সম্ভাবনায় আনন্দ পাচ্ছি।	Negative
1627	বিপদ তো সব জায়গায়।	Neutral
1628	মিরপুরের এই পিচে আমরাই বরং অতিথি।	Negative
1629	৩৫ পাড়ি দিয়েও রাজ্জাক এখনো ক্ষুরধার... তাহলে বুঝেন ৪০ পেরোনো গতি দানব সুজন কি করতে পারে	Positive
1630	বাংলাদেশ এর বোলিং ব্যাটিং এলমেল হয়ে গেছে। অবস্হা আরও খারাপ হবে।	Negative
1631	সুজন একটা মাথামোটা।	Negative
1632	আর পিছনে ফিরে তাকাবার সময় নাই, ওয়েল ডান মমিনুল।	Positive
1633	নান্নু রে ধান ক্ষেতের টিমের নির্বাচক করা হোক	Negative
1634	বাংলাদেশের সর্বকালের সেরা T-20একাদশঃ ইমরুল ,আনামুল ,সাব্বির ,লিটন(wk) ,নাসির ,শুভাগত ,মিথুন ,মাশরাফি(c), সোরওয়ার্দি শুভ ,শাহাদাত ,তাসকিন ।	Neutral
1635	এইডা পাপন আর সুজন কাকারে জিগান?	Negative
1636	বাংলাদেশ ভাল খেললেই মিডিয়া বেশি লাফালাফি করে এর জন্য খেলোয়াররা নিজেদের hero ভাবতে শুরু করে	Negative
1637	মিস করি আফতাব আহম্মেদকে	Neutral
1638	এই স্প্রিট থাকা ভালো। কিন্তু তোমরা তো ক্রিজে নেমে সব ভুলে যাও, সমস্যাতো এইটাই	Negative
1639	একজন ক্রিকেটপ্রেমি হিসেবে এই দৃশ্য প্রত্যক্ষ করা অনেক অনেক যন্ত্রণাদায়ক	Negative
1640	সালা কয় জাতীয় দ‌লের কোচ হওয়া বেপার না দেখ সালা তুই কই আর হাতু‌রি কই ,হাতু‌রির বি‌চি ধু‌য়ে পা‌নি খে‌য়ে আয় জাতীয় দ‌লে কো‌চিং কর‌তে	Negative
1641	আমাদের শান্তনা দুজন বোলার ৪ উইকেট পাইছে,এটা নিয়াই হিহিই করতে থাকি।	Positive
1642	দরকারকি সুজনই থাক ..জাক আর ৬ টা মাস তাহলে আবার আগের জাগায় চলে আসবে বাংলাদেশ .	Negative
1643	সৌম্য, কায়েস, সাব্বির এই তিনজনের একজনকে বা দিয়ে মুমিনুলকে ওয়ানডেতে সুযোগ দিলে ভালো হবে ।	Negative
1644	পাগল ছাগল দেশের গুরুত্বপূর্ণ আসন গুলোতে বসে থাকলে যা হওয়ার কথা তাই হচ্ছে।	Negative
1645	ভারতের সাথে যারা খেলে তারাই যাদু টোনাই পড়ে যাই।	Negative
1646	তামিম কি টেস্টের টেম্পার এখও আছে? রাবিশ (মল মুহিতের ভাষায়)	Negative
1647	পাপন জা বলে তাই করে,মুসাদেক কে বাদ দিয়ে সাব্বিরকে দলে এর কারন কি	Negative
1648	আর একটা পেস খেলানোর দরকার ছিল	Negative
1649	মিরাজের বোলিং এ কি এমন ভেলকি আছে যে সে নিয়মিত দলে চান্স পায়।	Negative
1650	মুমিনুলকে ওয়ানডে ক্রিকেটে একটি ম্যাচেও সুযোগ দেওয়া হচ্ছেনা, কিন্তু ঠিকই ইমরুল / সৌম্য খারাপ করেও বারবার সুযোগ পাচ্ছে	Negative
1651	২০০ রান করতে পারে কিনা সন্দেহ আবার ৩০০ রান	Negative
1652	রাব্বি ভাল মানের পেসার ...রনিকেও নিতে পারত।	Positive
1653	যারা সাকিবের বদলে মাহমুদুল্লাহকে মূল ক্যাপ্টেন করা কথা বলছিলো, তাদের ভুল ভাঙানোর জন্য মামুকে ধন্যবাদ।	Negative
1654	দর্শক পেটানো আর বল পেটানো অনেক পর্থক্য বুঝলি আবাল ছাব্বি	Negative
1655	যেহেতু টেস্ট ও ভালো খেলছে না তাই টোয়েন্টি ম্যাচে টেস্ট প্রাকটিস করুন সাব্বির হার্ড হিটার।	Negative
1656	এটা পড়েও যদি বিসিবি আর তাদের খেলোয়াড়দের লজ্জা না লাগে, তাহলে তাদের পশু বললে ভুল কোথায়??	Negative
1657	মোসাদ্দেক হোসেন	Neutral
1658	কয়টা অান্তর্জাতিক ম্যাচে অাম্পায়ার ভুল ডিশিসন দেয় না? কোন দল এটা নিয়া চিল্লাপাল্লা করে? বাংলাদেশ করে!!	Negative
1659	নারাজ্জাকের মত অভিজ্ঞ বোলারকে বাদ দিয়েছিলো জঘন্য কোচ হাতুরি ।	Negative
1660	হাতুর রাজ্জাক ও মমিনুলকে আর ভুলবেনা	Negative
1661	খালেদা জিয়ার রায় মেনে নিতে পারে নাই বাংলাদেশ ক্রিকেট টিম।	Negative
1662	ফরম্যাটে রান করেছেন ৩৬৮ টি আর উইকেট পেয়েছেন ৩৯ টি। তোরা তো মাশরাফিরে পীর বাবা বলে ডাকোস..!	Negative
1663	আমি চাই,ক্রিকেটারদের বেতন বন্ধ করা হক।	Negative
1664	জিম্বাবুয়েও চমক দেখাতে পারে।।	Negative
1665	স্যার শূন্য সরকার আর লিটল বাঁশ এদের জন্য আজ ম্যাচ হেরে গেলো	Negative
1666	আসলে রাজ্জাক অসাধারণ ক্রিকেটার। শুভ কামনা রইল	Positive
1667	৫ দিনের খেলা ৩ দিনে শেষ করতে পারবে,,এই ভেবে তারা খুসি,, মানে ২ দিন বেশি ছুটি পাবে	Negative
1668	সাবধান বিশ্ব ক্রিকেট।তোমাদের জমদূত ফিরে এসেছে।	Negative
1669	সুজন চাচ্চুরে অবলা পাইয়া সবাই খালি ওরে গালি পারতেছে।	Negative
1670	নিজেরাই খেলতে পারিনা আবার অন্যের জন্য খাদ কুড়ি।	Negative
1671	অভিন্দন বিডি টীম এক মিনিট সাইলেন্ট হাতুরুরের জন্য হবে ফ্রান্স	Positive
1672	এত টেনশন নিয়া লাভ নাই। বাংলাদেশ বাংলাদেশের মতোই খেলবে হার জিত যাই হোক।	Neutral
1673	বুড়ো হাড়ের ভেলকি	Positive
1674	বাংলাদেশ দলে এই দুই গদর্বকে কেন টিম সিলেক্ট করে আমার মাথায় আসে না	Negative
1675	মি আগিই বলছি আমরা এমন কিছু করতে পারি যা অন্যান্য দেশের মানুষ ভাবতেও পারেনা.	Negative
1676	একদিন ভাল খেললে তিনদিন আনন্দে লাফায়, না হলে দেশের মাটিতে কি ভাবে ১১০ দশ রানে অল আউট হয়	Negative
1677	পীর বাবা আবার কে?	Negative
1678	অমুক ভাল, তমুক বাদ যাবে...গবেষনার শেষ নাই দর্শকের	Neutral
1679	তোরা সাকিবের সাথে যাকে তুলনা করিস না, তারা সবাই টোপাপানা,স্রোতে ভেসে আসে, স্রোতেই ভেসে যাবে।	Negative
1680	বৃক্ষ তোমার নাম কি ফলে পরিচয়। এটার প্রমাণ আবারো দিলেন বাঁহাতি বোলার রাজ্জাক।	Positive
1681	নান্নু কাক্কুও ক্লান্ত হয়ে পরলে সমস্যা নেই।এখনো সর্বকালের সেরা লেজেন্ড পাপন কাক্কু তো রয়েই গিয়েছেন	Negative
1682	বাংলাদেশ টেস্টে যতবার ভালো করেছে, তা কেবল নিজেদের ভালো খেলার উপর ভর করেই	Positive
1683	"প্রথমে নিন্দা জানাই ""বিসিবি""কে তারা সবাই জাতীয় লিগে চিন্তিত!"	Negative
1684	ভারত ত‌ো অাফ্র‌িকায় ওয়ানড‌েতে স‌িরিজ জয়‌ের পথ‌ে অাছ‌ে এখন। বাংলাদ‌েশ ত‌ো ওয়ানড‌েতে অাছ‌োলা বাঁশ খ‌েয়ে অাসছ‌ে অাফ্র‌িকা থ‌েকে সেটা মন‌ে অাছ‌ে ক‌ি???	Negative
1685	স্কোয়াড ভাল হয় নাই	Negative
1686	ইয়ং ম্যান, লিটন এখনো ১০ টি ম্যাচ ও খেলেনি।	Positive
1687	হুদা হুদি	Negative
1688	এরা সব বেহায়া,আর মানুষিক বৈকল্য ধারী । না হলে এধরণের উদ্ভট যুক্তি দিতে পারে কোন ক্রিকেট বোধ সম্পন্ন ব্যাক্তি ?	Negative
1689	জিম্বাবুয়ে জাতীয় ক্রিকেট দলের বিরুদ্ধে টানা দশম জয় এবং রকেট এিদেশীয় ওডিআই সিরিজে টানা তৃতীয় জয়ের পর আজকের ম্যাচের হার বাংলাদেশ	Positive
1690	আফিফ একদিন বড় ক্রিকেটার হবে	Neutral
1691	এ ভিআইপিদের ভিআইপি করেছে সাধারন জনগনই। এরা চুপ থাকতে থাকতে আজ এ অবস্থায় দাড়িয়েছে	Negative
1692	টি২০ প্লেয়ার সাব্বিরকে নামায়ছে টেস্ট খেলার জন্য।	Negative
1693	চাপ নিয়ে জেতার জন্য যে টেম্পারামেন্ট লাগে, আমাদের খেলোয়ারদের মধ্যে সেটার ছিটেফোঁটাও আছে বলে মনে হয়না!	Negative
1694	নির্বাচকের কথা শুনলে হাসি পায়।টেস্টকে প্রস্তুতি ম্যাচ হিসাবে বিবেচনা করে।	Negative
1695	বশ্যই বাংলাদেশ, এই সিরিজে শ্রিলংকা কে প্রতিটা ম্যাচে হারিয়ে হাতুরুকে একটা উচিত জবাব দেওয়া যেতে পারে,,	Positive
1696	পুরো জাতি যেমন আজ হতাশ তেমনি ক্রিকেটার রাও আজ হতাশ।	Negative
1697	একটু সমালোচনাও কি করা যায় না ?নাকি সংবাদকর্মীরা ক্রিকেট বুঝে না	Negative
1698	রিয়াদ ভালো অধিনায়ক।। বাট পারফমেন্স অধারাবাহিক।।	Positive
1699	আশা করি দলের জন্য ভালো কিছু উপহার দিবে!	Positive
1700	একদিন দেখবেন হারতে হারতে এমন রেকর্ড গড়ব আমাদের দারে কাছেওও কেউ আসতে পারবেনা	Negative
1701	BCB আর কত দিন, যোগ্য Test and ODI ব্যাটসম্যানের অমুল্যায়ন করবে?	Negative
1702	মমিনুল ভাল করেছে, তাই সাবাস।	Positive
1703	প্যাট মোটা আর কিছুদিন থাকলে বাংলাদেশ ক্রিকেট দল, কেনিয়ার কাছে ও হার	Negative
1704	আমাদের বাংলাদেশ, হারলে ও তোমি, জিতলে ও তোমি।	Positive
1705	জাতীয় ক্রিকেট দলের জন্য বিশাল কোন বিষয় না। কিন্তু পরিকল্পনা / সিদ্ধান্ত গ্রহনে ভুলের জন্য মাএ ৮২ রানে অলআাউট হওয়াটা কষ্ট দিচ্ছে ...... !!!	Negative
1706	তাদের সাঙ্গাকারা, জয়াবর্ধনে,দিলশান, মালিঙ্গা, জয়সুরিয়ারা এই স্কুল ক্রিকেটেরই ফস	Negative
1707	বোর্ড তার মামা-খালু না, সে নিজ যোগ্যতাই খেলছে, আগে রেন্ডিয়াদের কাছ থেকে গালি শুনতাম আমাদের প্লেয়ারদের নামে, এখন নিজেদের মধ্যে বিভেদ হায়রে বাঙালী	Negative
1708	আমরা অল্পতেই সমালোচনা করি,তাকে সময় এবং সুযোগ দিতে হবে।	Negative
1709	আর মুশফিক মাদারি দ্বায়িত্ব নিয়ে খেলতেই জানেনা,	Negative
1710	পুরানা চাল ভাতে বাড়ে।কথা যৌক্তিক	Negative
1711	গরুর পেটে কি আর ছাগল হয় ?	Negative
1712	নান্নুর নুনুতে ইট বেধে পুরা বাংলাদেশ ঘুরাইতে হয় , হ্লায় আস্তো রাবিস!	Negative
1713	এখন যেগুলা সাংবাদিক হাতুরির সামনে ঠক ঠক করছিলেন,, ওর কাছে আর সহজে জেতে পারবেন না	Negative
1714	আইপিএল শুরুর আগে সবাই একটু চোঁটে পড়ে।	Negative
1715	তাদের উল্টা পাল্টা ডিসিশনের কারনেই শ্রীলংকার কাছে দল হেরেছে	Negative
1716	আমাদের বুট্টু কোচার চুজন কাকা যতদিন দায়িত্বে থাকবে, আমাদের পতন কেউ ঠেকাতে পারবেনা!!*	Negative
1717	এটা সুজনের পৈতৃক সম্পত্বি।আমাদের কিছুই করার নেই(শুধুমাত্র দেখা ছাড়া)।।	Negative
1718	ভবিস্যাতের আফিফ আল হাসান...	Negative
1719	বাংলাদেশ ক্রিকেট দলে যদি প্রতিভাবান ও যোগ্য ব্যক্তিরা সুযোগ পেতো তবে দেশের ক্রিকেট আরো অনেক আগেই পৃথিবীর অন্যতম সেরা দল হতো।	Positive
1720	তবু বিশ্বাস রাখবো মোমিনুল ভাই আর লিটন দার কাছে 100+ রান	Positive
1721	অামার মনে হয়....! বিসিবির এই মুহূর্তে ক্রিকেটার দের কোচ না নিয়োগ করে টিম ম্যানেজমেন্টদের জন্য কোচ নিয়োগ দেওয়াৃ জরুরি	Negative
1722	এই সুযোগে অবসর নেয়া উচিত,, বলে আমি মনে করি	Neutral
1723	প্রথম বারের মতো দক্ষিণ আফ্রিকার মাটিতে সিরিজ জয়ের সুবর্ণ সুয়োগ।	Positive
1724	মমিনুলের মুখের দাড়িই হাতুরের সমস্যা।	Negative
1725	সত্যি সত্যিই ছিলো বাঘ আমাদেরই চাপে হয়ে গেলো বেড়াল l	Negative
1726	চাইছিল স্পিনিং উইকেট বানায়া তাদের নাজেহাল করবে ।	Negative
1727	ক্রিকেট টীমকে নিয়ে এই ধরনের নাটক গ্রহণযোগ্য নয়!	Neutral
1728	বিজয় কে আর জাতীয় দলে দেখতে চাইনা	Negative
1729	নান্নু খেলা কি তাই বলতে পারেনা	Negative
1730	বুড়ো হাড়ের ভেলকি চলছে.	Positive
1731	হাতুরেসিংহে যা একটা ভালো কোচ তা প্রমাণ করে দিলো এই ছিরজে।	Negative
1732	সারা বাংলার আলোড়ন সৃষ্টি কারী কেলোয়ার, নবযুগের উদীয়মান কেলোয়ার, আন্তর্জাতিক খ্যাতি সম্পন্ন হার্টহিটার, বোলারের আতংক, বিসিবির অন্যতম কান্ডারি চাব্বির রহমান ম্যাও	Negative
1733	নান্নু ভাইকে সাকিবের বদলে দলে ডুকানোর জোর দাবি জানাচ্ছি।,	Negative
1734	রাজ্জাকের ক্যারিয়ারটাই শেষ করে দিয়েছে ক্রিকেট সংসিলিষ্ট কর্তাদের ভুল সিদ্দান্ত।	Negative
1735	মাশরাফির বিপক্ষে যে কয়টার কমেন্ট আছে দেখলে এদের ক্লাস সম্পর্কে নিশ্চিত হওয়া যায়...	Negative
1736	এদের খেলা দেখতেও এখন লজ্জা লাগে নিজের কাছে	Negative
1737	পীরবাবার নুনু এখন ইঞ্জুরিতে	Negative
1738	মাঝখানে বাংলাদেশের শুধু ভাবই আছে। সাথে বছর শেষে টাকার বস্তা তো আছে।	Negative
1739	মুসফিকের আউটের কাব্যিক ভাষাটা জটিল হইছে । হাহাহা	Negative
1740	স্লো উইকেট ব্যাটিং করার মতো পরিস্থিতি নেই	Neutral
1741	আজকে তার এত বড় একটা ইনিংস অবশ্যই কার্যকরী ছিল।	Positive
1742	অভিনন্দন লিটন দাশ এবং লিটল মাষ্টার এবং টাইগার বাহিনী	Positive
1743	ওডিয়াইতে চার পেসার খেলাতে পারে,টেস্টে খেলে এক পেসার নিয়ে!	Negative
1744	ডিজিটাল দেশের নির্বাচক বলে কথা তাই আর কি??শুধু সাব্বির কে কেন আরো কয়েকজনরে নিতে পারতেন টেস্টে টেস্টিং টা হয়ে যেত।	Negative
1745	তোষার ইমরান তার তো মামা চাচা নেই সে কেমতে দলে আসবে?	Negative
1746	কি কারনে এত দিন দলের বাহিরে রাখা হয়েছিল বাজ্জাক কে? আজকের রাজ্জাকের এক একটা উইকেট ম্যানেজমেন্টর জন্য এক একটা......র সমান।	Negative
1747	হেড কোচ ছাড়াই হাতূরুর শ্রীলঙ্কাকে ১৬৩রানে বিশাল ব্যবধানে হারিয়েছে বাংলাদেশ!	Positive
1748	সাব্বির দুই ইনিংস এ ১ রান আরো দুই তিনটা ক্যাচ মিস সাকিব এই জায়গায় থাকলে মনে হয় ম্যাচটা আমরা জিততে পারতাম	Negative
1749	কোচ হিসেবে আমাদের ক্রিকেটের, অনেক ক্ষতি করেছে নিমকহারাম হাতুরু।	Negative
1750	বাংলাদেশে মুশফিক তামিম, রিয়াদ, সাকিব বাদে আর কোনো প্লেয়ার নাই।যেটা শ্রীলংকাই আছে	Negative
1751	জিম্বাবুয়েকে আর ভাল লাগে না এখন আমরা চাই বাংলাদেশ শ্রীলঙ্কাকে যে ন হারাক	Negative
1752	বরিশাল বুলসের সাবেক তারকা ক্রিস গেইলের তাণ্ডবে বিশাল সংগ্রহ রংপুর রাইডার্সের।	Positive
1753	মাহদুল্লাহ পারবেরআশা রাখি তার উপর	Positive
1754	যেখানে প্রধান বিচারপতি খুজতেই ৬ মাস লেগে গেল সেখানে কোচ পেতে আরও ৬ মাস লাগবে?	Negative
1755	কষ্ট হচ্ছে বিসিবি'র জন্যে, যে বেচারা এমন গোঁজামিল দেওয়া যুক্তি দেখিয়েছেন সাব্বিরের অন্তর্ভুক্তি নিয়ে,	Negative
1756	সবগুলারে পাঁচ মিনিটের জন্য গ্যাস চেম্বারে রাখা উচিত।	Negative
1757	আমিও মাশরাফিকে তিন ফর্ম্যাটেই অধিনায়ক দেখতে চাই।	Positive
1758	ব্যাটিং, পেস বোলিং কিংবা স্পিন বোলিং কোন ক্ষেত্রেই বাংলাদেশ প্রতিপক্ষের থেকে অপেক্ষাকৃত শক্তিশালী অবস্থায় থাকেনা	Negative
1759	এই পিচে বাংলাদেশকে ৪র্থ ইনিংসে ব্যাট করতে হবে,যেখানে ১৫০ রানের বেশি টার্গেট চেজ করা কঠিন হবে।	Neutral
1760	সাকিবের পরেই দেশের টি টুয়েন্টিতে অলরাউন্ডার ধরা হয় আর তাকেই তুই বাতিলের মধ্য দিয়েছো..!	Negative
1761	রাজ্জাক ভাইকে দলে নিয়মিত চাই	Positive
1762	ভাই ম্যাচুরিটির অভাব থাকার কারনে টি ২০ একাদশে জায়গা হয়নি মুশফিকের	Negative
1763	৩য়,ইনিংস ভাল হলোনা আর কি	Negative
1764	,বাংলাদেশ জিদবে ইনশা আল্লাহ	Positive
1765	সালা মিনহাজ আর কত বুঝাবি দেশের ক্রিকেটপ্রমী মানুষদের।	Negative
1766	মুমিন তুমি ভাই সাবধান থেক, মিডিয়া কিন্তু রাতারাতি তোমাকে আকাশে তুলবে কিন্তু তোমার দূর্দিন আসা মাত্রই তোমার চৌদ্দগুষ্ঠির সব দোষ খুঁজে বের করবে!!	Negative
1767	মাঠ কোথায় ? সিলেট আর চট্র্রোগ্রাম ছাড়া ?	Negative
1768	জনাব নিলয়, নাফিস ও সায়েম রহমানকে বাংলাদেশের ২য় ইনিংসে নামিয়ে দেয়ার জন্য আহবান জানাচ্ছি।।	Negative
1769	বলদ দিয়ে হালচাষ হয়খেলা হয় নাকি?	Negative
1770	পীর বাবার ভক্তরা বাবার নুনুর পানি খেয়ে পবিত্র হয়ে নিন পীর বাবা সোদা খা	Negative
1771	তাই ঝুঁকি নেয়। তাদের তো কোচই লাগেনা	Negative
1772	মুমিনুল টেষ্ট ম্যাচের পরিপক্ক এবং সেই সাথে দক্ষতাসম্পন্ন একজন খেলোয়ার।	Negative
1773	দলে এমন খেলোয়ার বড়ই প্রয়োজন।	Positive
1774	শিরোনাম দেখে ভাবলাম ৯৪-২ থেকে ৯৬-৪ হবার কাহিনি বর্নীত হবে  সাংঘাতিক সাংবাদিকতা	Negative
1775	সবাই ভালো খেলেছে,ভালো পারফর্ম করেছে কায়েস,সাব্বির	Negative
1776	বাংলাদেশ ও নড়বড়ে অবস্থা।	Negative
1777	অামাকে কেউ বিরাট কোহলি দাও অামি তোমাদের সেঞ্চুরি দেবো।	Neutral
1778	তামিম ত টেস্টে খেলা জানে না	Negative
1779	সুজনের মতো আকাইম্মা এক লোক টীম ডিরেক্টর কিভাবে হয়।এই আকাইম্মারে ধান কাটার বদলা হিসেবে ও কেউ নিবেনা।	Negative
1780	বাংলাদেশকে ঘিরেই ভারতীয়দের রুটি রুজির কারবার চলে	Negative
1781	র্তামান বাংলাদেশ নিজের দেশে মিনোজ শ্রীলংকার সাথে হোয়াইটওয়াশ!!!!!!!তারা হইতো বিশ্বচ্যাম্পিয়ন!	Negative
1782	গালিগালাজ কইরা হাতুরুসিংহে কে বের করার বড় খেসারত বাংলাদেশ কে দিতে হবে বিশ্বকাপে	Negative
1783	মমিনুল, মুশফিক যেইভাবে আউট হইছে এটা আউট না ক্রাইম	Negative
1784	মুমিনুল বাংলাদেশের সব ফরম্যাট এ খেলার যোগ্যতা রাখে।	Positive
1785	একটা ম্যাড়মেড়ে টেস্ট হইল,খালি ব্যাটিং আর ব্যাটিং	Negative
1786	আজ হেরে গেলাম	Negative
1787	team management	Negative
1788	এদের বলে খেলোয়ার বাংঙালিদের এদের থেকে শিক্ষা নেওয়া উচিত।	Negative
1789	শ্রীলংকা 2ন্ড ইনিংস এ 150 রান এর টার্গেট দিলে ও দেখবো কি করে করতে পারো !!	Negative
1790	টেস্ট সিরিজ ২--১ হারা ভারত ওয়ানডেতে মধুর প্রতিশোধ নিচ্ছে	Positive
1791	টাইগার ইজ টাইগার	Positive
1792	ক্রিকেট খেলা বন্ধ করে দেওয়া উচিত।	Negative
1793	যতসব পাগল ছাগল টিম মেনেজমেন্ট রেখেছে বিসিবি..	Negative
1794	এই খানকিরপুতেরা মিরপুরের মাটিতে সারা জীবণ সোনা চুদা ছাড়া আর কিছু পারবে না।..	Negative
1795	এরচেয়ে তুষার ইমরান, মার্শাল আইয়্যুবকে রাখাই ভাল,এরা তো সারাবছর লীগে সেঞ্চুরি করে	Negative
1796	খেলার জন্য নয়ে কোন এক জন কে সুবিধা দেওয়ার জন্য এই নাটক হয়েছে	Negative
1797	"বাংলাদেশ হারবে বাংলাদেশ হারবে"" বলে যারা লাফালাফি করছিলেন তারা আজকে কোথায়?"	Negative
1798	বাঘ সিংহের লড়ায়ে বাঘের পরাজয় মনে হচ্ছে অনিবার্য।	Negative
1799	এখন ও সময় আছে।। বাংলাদেশ এর ক্রিকেট কে বাঁচাতে নান্নু এর জায়গায় অন্য কেও কে বসানো হোক।।	Negative
1800	এই রাজ্জাকের জন্যই ফেসবুকে সবাই মুখে ফেনা তুলেছে ।	Neutral
1801	ভাল খবর।কিন্তু পরে অাবার যেন হেরাথে দিশেহারা না হয় বাঘেরা!!!	Negative
1802	শ্রীলংকা এই উইকেটে ২০০+ রান করে আর আমাদের টিম ১৫০ রানও পার করতে পারে না।শুধু অজুহাত	Negative
1803	শ্রীলঙ্কার সবাইকে একসাথে নিয়ে কেক কাটার উদযাপনটা করলে আমার মনে হয় আরো ভালো লাগতো	Neutral
1804	সবাই কে বলছি,এখন আর আমাদের ক্রিকেট নিয়ে কোন কমেন্ট করার দরকার নে	Negative
1805	বাংলার ব্যাটসম্যান আছে এই সমস্যা সেই সমস্যা নিয়া খেলায় মনযোগ নাই	Negative
1806	অল আউট হ তারাতারি।	Negative
1807	সোনার ছেলারা কনডিশনে খাপ খাওয়াতে পারে নি।	Negative
1808	হেতিরে কেউ ধরেন ভাই	Negative
1809	হাতুরের হার্টের ধুকধুকানি মনে হয় শুরু হয়ে গেছে।	Negative
1810	বাংলাদেশের এই অবস্থার অনেকটা কারন মিডিয়া।	Negative
1811	অভিজ্ঞতা বলে একটা কথা আছে। সেটা উদিয়মানদের থেকে অনেক বেশি রাজ্জাকের কাছে আছে।	Positive
1812	বাজি লাগেন বাংলাদেশ নিজের মাটিতে আফগানিস্তানের সাথে টেস্টে ৯০ ওভারে ২ বার অল আউট হবে	Negative
1813	১৯৮৬ সাল থেকে ৩২ বছর ক্রিকেট খেলে ১ টা ত্রিদেশীয় ট্রফি পর্যন্ত নাই!!গ্লোবাল ট্রফি তো বাদই দিলাম!	Negative
1814	পুরোনো চাল, ভাতে বাড়ে ৪উইকেটের মধ্যে রাজ্জাক ৩টা!.	Positive
1815	কুমিল্লাকে কে তো 5 ওভারে 62 target দিয়েছে আর কুমিল্লা সেটা মানেনি	Neutral
1816	বাংলাদেশের মানে আমাদের ব্যাটসম্যানরা আর কত দিন এইভাবে আলসেমিতে বলিদান করবে দেশের ক্রিকেট কে?	Negative
1817	সাকিবের অভাব কেউ পূরণ করতে পারবেনা। তবে রাজ্জাক তার অভিজ্ঞতা কাজে লাগিয়ে দলকে কিছু উপহার দিতে পারেন..	Neutral
1818	বাংলাদেশের ব্যাটসম্যানদের সেই চিরচেনা বলকে খোঁচা মারা।।	Negative
1819	নান্নুর খেলা সম্পর্কে কোন নলেজ নেই বাতিল সব	Negative
1820	যতদিন পর্যন্ত অভিজ্ঞদের মূল্যায়ন করা হবেনা ততদিন পর্যন্ত বাংলাদেশের ক্রিকেটের উন্নতির স্বপ্ন দুঃস্বপ্নই থেকে যাবে।।	Negative
1821	যদিও আমার বাড়ি ঢাকায়, কিন্তু আমি ম্যাশের ভক্ত।	Positive
1822	দুঃখজনক। এসব রিপোর্ট আমাদের খেলোয়ারদের বদনাম ও আত্মবিকাশ নষ্ট করার নীলনকশা।	Negative
1823	মোসাদ্দেককে টিম থেকে বাদ দিয়ে পাপনের আবহানীতে পাঠাইছে প্রিমিয়ার লীগ খেলার জন্য	Negative
1824	তা দাদা অন্য কেউ পারল না কেন?? পিচ সবার জন্যই তো এক..	Negative
1825	একটাই প্রশ্ন আমার ওরা যদি বাংলাদেশ এ এসে খেলতে পারে। আর এরা নিজের দেশের মাটিতে খেলতে পারে না কেন? সব ফালতু	Negative
1826	না জানে বোলিং,না জানে ব্যাটিং,দোষ উইকেটের,আর দোষ পীচের !	Negative
1827	SL কি সুন্দর খেলে যাচ্ছে, যেমন বলিং তেমন ব্যাটিং	Positive
1828	তাহলে আর খেলার দরকার কি?খেলা ছেড়েদিলেই হয়।	Negative
1829	তার চেয়ে স্পোটিং উইকেট বানিয়ে সিরিজ সমতা করা ভালো হতো না..!নিজের পায়ে নিজে কুড়াল মারলে পরের কি দোষ..?	Negative
1830	কি হাস্যকর যুক্তি। সব অজজ্ঞদের দখলে।	Negative
1831	বাংলাদেশ ক্রিকেট দল বাহিরে খেলতে গেলে, কন্ডিশন, আবহাওয়া, কত কিছু বিবেচনা করা লাগে	Negative
1832	নেক্সট ম্যাচ এ রাজ্জাক রে চাই অন্তত ভাল অবসরের জন্য হলেও।	Neutral
1833	আজকের ম্যচে সকিব তামিম ব্যাটসম্যান। বাকি সবাই হা ডু ডু খেলোয়ার??	Negative
1834	শুধু 2/3 টি চার ছক্কা মারলেই ভাল ক্রিকেটার হওয়া যায়না।	Negative
1835	ঘরোয়া ক্রিকেটে ফ্ল্যাট উইকেটে খেলে ইন্টারন্যাশনালে ভালো খেলা কেমনে সম্ভব	Negative
1836	ড়ো বাঘ সবসময় যে ভয়ানক সেটা রাজ্জাক বুঝিয়ে দিল,,	Positive
1837	যতবলে ততনা আমরাও পারি লংকাকে হারাতে।	Negative
1838	শুধু স্পিন দিয়ে প্রতিপক্ষ কে ঘায়েল করার সট্র্যটেজি বনধ হওয়া দরকার |	Negative
1839	আজ সুস্থ মস্তিষ্কের পরিচয় দিল নির্বাচক।	Positive
1840	শাব্বির কিভাবে টেষ্ট দলে চান্স পায় বুঝিনা।	Negative
1841	ব্যাটিং এ খেই হারিয়ে ফেলেছে।এ কারনেই ব্যাটিং ধস।	Negative
1842	আঃ রাজ্জাককে জানি না কেন এতোদিন দলের বাইরে রেখেছিলেন নির্বাচকরা।	Negative
1843	বাংলাদেশের সমস্যা হল ধৈর্য নাই ব্যাটিংয়ে,শুধু ছক্কা মারার লোভেই সর্বনাশ হয়।	Negative
1844	মাশরাফি বলেন, সাকিব বলেন দুজন ই আমাদের গর্ব।	Positive
1845	প্রতিশোধ কে নিল,হাতুরা না মুমিনুল?হাতুরা ছাড়া আমরা আতুর!।	Negative
1846	সপ্নেও চিন্তা করার দরকার নাই।	Negative
1847	স্যার পাপন কি লজ্জা পাইবেন?	Negative
1848	ওরা না পারলেও ,বাংলার হলুদ সাংবাদিকেরা পারবে	Negative
1849	লিটন স্বার্থপর ব্যাটিং করেনি তাই তাকে ধন্যবাদ।	Positive
1850	মোসাদ্দেক কে বাদ দিয়ে সাব্বির বিড়াল কে কেনো দলে আনা হলো।	Negative
1851	মামুর বেটারা সবক্ষেতে বেশি বুঝে। তারাতারি একটা ভালো কোচ নিয়োগ না দিলে আবারও তলানিতে নামবে।	Negative
1852	আমরা তার জন্য হ্যাশট্যাগ করতে পারি নাহ...না হয় এইরা কখন ও পদত্যাগ করবে নাহ,কারণ এইদের লজ্জা নাই.আসুন আমরা হ্যাশট্যাগ করি......।।	Negative
1853	হাবিবুল বাশার,আমিনুল, রফিক,,,যিনি দলেই চান্স পাননি তিনি প্রধান নির্বাচক।	Negative
1854	"সাব্বিরকে"" কেনো ২য় টেস্টে হুট করে নেয়া হলো?"	Negative
1855	কোচ কোন বাল ঈ না সেটা প্রমাণ করেছে আমাদের টাইগার রা-	Negative
1856	রংপুর এর প্রতি এত দয়া কেন বিপিল কাউছিলার দের?	Negative
1857	আরে বুড়া মানুষ কামের না।ওরে দলে রাখছে ক্যান??	Negative
1858	গতিদানব সুজইন্ন্যা,নান্নু,পাপন সব বাইঞ্চুদের পদত্যাগ চাই।।	Negative
1859	হেতিরে কেউ ধরেন ভাই	Negative
1860	তামিম আউট হইল সাথে একটা রিভিউ নষ্ট কয়রা গেল।	Negative
1861	চোখের সমস্যা পর যখন দেখে তার ছিট হারাইছে।।তখন বা আমি ভাল খেলে দলে ছিট হারাইলাম।।	Negative
1862	ভালো করছে বলেই এই গুনগান,যদি উইকেট না পেত তাহলে এতক্ষনে তার চৌদ্দগুষ্টি তার দোষে দোষি হত আমাদের কাছে।	Negative
1863	সায়মা রহমান মনে হয় পীরবাবার কোন এক সাপোর্টারের কাছে মাইর খাইছিলি তাই পীর বাবার উপর তোর এত রাগ।	Negative
1864	টাইগার শুইয়া গেছে ।	Negative
1865	আর এই রাজ্জাক দলের বাহিরে এটা কি মেনে নেওয়া যাই	Negative
1866	ওকে প্রথম ম্যাচে নিলে অবশ্যই বাংলাদেশ জিততে পারতো	Negative
1867	ভাবখানা এমন যে ভারতকে সাপোর্ট করতেই হবে,	Negative
1868	কি কারনে এত দিন দলের বাহিরে রাখা হয়েছিল বাজ্জাক কে?	Negative
1869	গড়ে প্রতি ম্যাচে ১২০-১৩০ টা ডট দেন (সর্বোচ্চ -১৫৪ টা ডট) প্রতি ওডিঅাই ম্যাচে!!	Negative
1870	টি টুয়েন্টি টেস্টে শ্রীলনকার সাথে ১ই অবস্থা।আফগানিস্তানের খেলা দেখব,অন্তত আবেগী মন ভাংবে না	Negative
1871	ম্যাচ হারলে অাম্পায়ার, পিচ,কোচ অারো কত ষড়যন্ত্র!!	Negative
1872	আমাদের দেশের ক্রিকেট ধ্বংস হলে তাতে আবশ্যই সাংবাদিক ভাইদের আবদান থাকবে	Negative
1873	মাশরাফি, সাকিব,মুশফিক,,তোমরা পার কোস ছাড়া,ম্যাচ জিততে	Positive
1874	সাব্বির, নাসির, এনামুল তোমাদের বলছি তোমরা যদি তোমাদের মায়ের বুকের দুধ একফোটা খেয়ে থাকো তাহলে দলে ঢোকার ইচ্ছা প্রকাশ কখনো করবে না	Negative
1875	বোর্ড কি মাল খাইয়া একাদশ ঘোষণা করলো নাকি???	Negative
1876	এরা সবসময় বাংলাদেশকে ছোট ও অসম্মান করে বিশ্বের কাছে	Negative
1877	আসলে শ্রীলংকা একটু কম রান করেছিল তাই আমাদের টাইগাররা ইচ্ছা করে খেলেনি |	Negative
1878	বাংলাদেশ টিম থেকে চিরতরে আনামুল আর নাসির কে বাদ দেওয়া উচিৎ	Negative
1879	এই টা কি বেটিং করব হেতে এষ্টাইল করতে করতে শেষ।	Negative
1880	ওরা থাকতে খালি খালি কেন বিদেশীদের বেতন দিতে যাবে বিসিবি?	Negative
1881	গাধাকে দিয়ে কি ঘোড়ার কাজ হয়?	Negative
1882	মমিনুলের জোড়া সেঞ্চুরিকে কেন পাত্তা দেননি হাতুরু সেটা ঠিক পরের ইনিংসে আলসেমি করে রান আউট হয়ে প্রমাণ করে দিল মমিনুল নিজেই।	Negative
1883	আসলে আমাদের প্লেয়াররা মনে করে আমরা বিশ্বজয় করে ফেলেছি।	Negative
1884	দেখে দেব ব্যাটিং এসে আমরা বাঘের বাচ্চা	Negative
1885	অবশ্যই ভালো সিদ্ধান্ত!! শুভকামনা রাজ্জাকের জন্য!!	Positive
1886	একজন সবসময়ের ক্যাপ্টেন কুল, আরেকজন রিসেন্ট টাইমের হট ব্যাটসম্যান	Positive
1887	বাংলাদেশের সাথে অন্য দেশ কেন খেলবে **ban তো খেলতেই পারে না**আর একটা ম্যাচ যদি জিতে যায় তাহলে অন্য দেশকে ট্রল করে ছেড়ে দেয় আর ভাবের চোদনে দেখা যায় না*	Negative
1888	আসল কথা হলো ব্যাটসম্যানরাই ধৌর্য ধরে খেলতে পারেনাই। সুজন চাচ্চুর এখানে কোন দোষ নাই।	Negative
1889	লকাতা সাকিবের জন্য এবারও ঝাঁপাবে।	Positive
1890	অসাধারণ বোলিং	Positive
1891	বালের ঝড়,,, ট্রাইনেশনে এ ঝড় কি খাদে ছিলো।	Negative
1892	পেছন দিয়ে বের হয়ে গেছে মিরপুর ৷	Negative
1893	গত দুবছর আগে প্রমিজ করছিলাম বাংলাদেশ ও বার্সার খেলা ছাড়া কোন খেলাই দেখব না। কথা রেখেছি। সত্যিই বিনোদন পাচ্ছি ।	Neutral
1894	আপনারা এখন রিয়ক্ট বা কমেন্ট করে তার উদ্দেশ্য সফল করেন আরকি। শিয়াল পাদ মেরে কুকুরকে ঘোড়ানোর মত অবস্থা হবে।মাইন্ড করবেন না।	Negative
1895	একই পিচে শ্রীলংকানরা রান করেছে আমরা পারিনি এটা হলো আসল কথা!	Negative
1896	সৌম্য, লিটন দাস, সাব্বির এর মতো খেলোয়াড়দের অনবরত সুযোগ দেওয়া হয় ॥	Negative
1897	ব্যাটিং এ খেই হারিয়ে ফেলেছে।এ কারনেই ব্যাটিং ধস।	Negative
1898	অনেক বাজে ভাবে হারবে দল	Negative
1899	বিপিএল গভর্নিং কাউন্সিলও বসুন্ধরা গ্রুপের কাছে ফেল...	Negative
1900	ম্যাক্সওয়েল কে নিয়ে কথা..আর দালালরা বলে কোহলির কথা.	Negative
1901	অগণিত ক্যাচ মিস,বোলারদের ক্রমাগত শর্টপিচ বল কি ছিলনা এই টেস্ট হারার জন্য।	Negative
1902	ভারতে যদি ভিরাট থাকো,তাহলে বাংলায় মিমি।	Positive
1903	হেরাথকে সামলাতে পারলে ফলাফল বাংলাদেশের পক্ষে আসতে পারে	Positive
1904	আবাল কোনহানকার,তুই বাংলাদেশি,সেটা পরিচয় দিতে তোর লজ্জা থাকা উচিত...!	Negative
1905	সৌম্য বেটার ছিল	Positive
1906	স্যার তামিম ইকবাল ও স্যার মুশফিকুর রহিম। এই দুই স্যার ১০-১২ ধরে জাতীয় দলে খেলা দুই প্লেয়ার।	Positive
1907	নির্বাচকমণ্ডলী বিশেষ প্রশংসার দাবিদার,	Positive
1908	জনাব আমিনুল ইসলাম বুলবুল কে প্ৰধান নির্বাচক দেখতে চাই	Negative
1909	নির্বাচক এর মেয়েকে মনে হয় সাব্বির এর কাছে বিয়ে দিবে, সে জন্যই তাকে দলে নেওয়া হয়েছে	Negative
1910	ধোন নিয়ে বসে আছে। সাকিব না থাকলে কেমন পুংগা মারা যায় দেখলি তো।	Negative
1911	দোয়া করি সে যেনো বাংলাদেশকে অনেক দিতে পারে	Positive
1912	মমিনুল ফিক্সিং করে থাকতে পারে!ওর আউট হওয়ার ধরনটা ছিল খুবই সন্দেহজনক!  একটা প্রফেশনাল প্লেয়ার কিভাবে এমন আউট হয়??	Negative
1913	ভারত এত মাথাই ঘামায় না আর আপনি ভারতীয়রা কি ভাবলো প্রেস্টিজ এ পরে গেছেন	Negative
1914	পাপন গাড়িয়া, নান্নু গাড়িয়া,ফারুক গাড়িয়া,মাসুদ গাড়িয়া,আকরাম গাড়িয়া সব বলদের বাচ্চারা আওয়ামিলীগের।!	Negative
1915	আসেন এখন আমরা বাংলাদেশ টিমরে গাইলাই	Negative
1916	আফতাব ভাই আমি রাবাদার মত বুলার বিরাট কুলির মত বেছমেন হতে চাই আমি কি করবো	Neutral
1917	জিতলে যেভাবে বাংলাদেশি খেলোয়ারদের ফুলিয়ে বেলুন বানানো হয়,তাতে ফেটে যাওয়ায় অবাক হওয়ার কি আছে!!	Negative
1918	অভিজ্ঞদের মূল্য বোঝা উচিত।।	Neutral
1919	রাজ্জাকের মত খেলোয়ার বাংলাদেশ দলে অল টাইম দরকার	Positive
1920	মুমিনুল মনে হয় হাথুরের মেয়ের সাথে ট্যাংকি মারছিল.	Negative
1921	সাব্বিরের শেষের ছক্কা টা অসাধারণ লেগেছে।	Positive
1922	তামিম ভাই চলে গেছে হয়তবা আজকে শেষ হয়ে যেতে পারে	Negative
1923	আমরা সারা বছর হারলেওআমাদের মিডিয়া দলের প্রশংসা করেই যাবে।	Negative
1924	লায়নদের জন্য ফাঁদ পেতে সেই ফাঁদে এখন টাইগাররা আটকা পড়তে যাচ্ছে!!!	Negative
1925	এই দেশের ক্রিকেটের প্রধান নির্বাচক কোন লেভেলের টেলেন্ট আমি বুঝে উঠতে পারতেছিনা!	Negative
1926	আপনারা চাপাবাজির জন্য খেলতে পারেন না।	Negative
1927	দেশে এহন নানা দরণে #খেলা............খেলা কোনডা রেখে কোনডা দেখব এইডা ভাবচ্ছি.....	Negative
1928	সাব্বির কোন টেস্ট প্লেয়ার নো। তাকে কেনো নেওয়া হলো টেস্টে।	Negative
1929	আচ্ছা মাশরাফি কে নিয়ে আপনাদের এত চুল্কানি কেন?? এখানে তো মাশরাফির প্রসঙ্গ আসারই কথা না।	Negative
1930	৫০ তে খুশি থাকেন আমাদের খেলোয়ারা।	Negative
1931	সহজ কথা ক্রিকেট ১১ জনের খেলা, আপনি যদি নাচতে না জানেন উঠান তো বাঁকা হবেই।	Negative
1932	শ্রীলংকার টার্গেট চেজ করতে হলে বিসিবিকে অবিলম্বে স্টিভ স্মিথ,জো রুট এবং হাসিম আমলাদেরকে ভাড়া করে আনতে হবে..	Negative
1933	)খোলায়ার ও টীম ম্যানেজমেন্টের অতিরিক্ত আত্মবিশ্বাস ও অহংকার	Negative
1934	কারণ ওরা স্পিন ভালো খেলে আর ওদের স্পিনাররাও আমাদের চেয়ে বেটার।	Positive
1935	বিশ্বের যে কোন দেশ কে কাবু করতে পারে আব্দুর রাজ্জাক থাকে দলে নেওয়ার জন্য নির্বাচক কে ধন্যবাদ i	Positive
1936	যদিও আমি রংপুরের সাপর্টার তবুও বলব এটা অন্যায়। কারন এতে BPL এর নিয়ম রক্ষা হয় নি।	Negative
1937	এই ক্লাব ক্রিকেট খেলেই দিন্দা,সামি,মনোজ, সাহা দের মতো প্লেয়ার উঠে এসেছে	Positive
1938	আজ ও পর্যন্ত বাংলাদেশ বিশ্ব মানের পেসার পাচ্ছে না কেনো?? ,	Negative
1939	আশরাফুল কবে ফিরবে ।	Neutral
1940	সামনের ম্যাচে লিটন কে চাই, আমার বিশ্বাস সামনের ম্যাচে লিটন দাস ব্রান লারার রেকর্ড ভেঙ্গে দিতে পারে!	Positive
1941	জ্বী রূপকথা মনে হবে অাপনাদের ।	Negative
1942	সুজন,সাব্বির,ইমরুল, সার লিটন দাস সব ধরনের ক্রিকেট থেকে বাদ দিতে হবে।।	Negative
1943	ক্রিকেটের ভাল স্ট্রাকচার তৈরি করতে পারে নাই।	Negative
1944	এই দেশের ক্রিকেটের প্রধান নির্বাচক কোন লেভেলের টেলেন্ট আমি বুঝে উঠতে পারতেছিনা!	Negative
1945	ভদ্র লোকের খেলা এখন বাজিগার দের হাতে	Negative
1946	দুজপ্নে স্যার ডন ব্যাডম্যান,টেন্ডুলকার ও সাঙ্গাকারার উত্তরসুরী	Negative
1947	ভারতীয় বোলারদের বোলিংয়ে পাকিস্তানি ব্যাটসম্যানরা ছিল নিতান্তই অসহায়	Negative
1948	মনে হয় না বাংলাদেশ এই রান টপকাতে পারবে! তবুও শুভ কামনা।.	Positive
1949	অবহেলিত মমিনুল জন্য আজ এই টেষ্ট ড্র করতে পারলাম	Positive
1950	সম্মান করতে শিখ সম্মান পাবে,তোর কারণে তোর মা বাবা বোনটাও গালি শুনছে	Negative
1951	টাইম নাই এসব গলির বোলার, নতুনদের খুজুঁন দল জিতবে	Negative
1952	সুজনও একটা কোচ,আর তেলাপোকাও একটা পাখি	Negative
1953	যে দেশে প্রথম আলোর মত কিছু পত্রিকা আছে যে পত্রিকা বাংলাদেশের কোন ব্যাটসম্যান একটু ভাল করলেই তাদের প্রসাংসায় আকাশে তুলে দেয় !	Negative
1954	২০৩ রানের ব্যবধানে! চিরপ্রতিদ্বন্দ্বী ভারতের বিপক্ষে ৬৯ রানে অলআউট হয়ে যাওয়াটাও একটা যন্ত্রণা।	Negative
1955	১৭ বার ১০০ রানের নিচে অলঅাউট হওয়ার রেকর্ড শুধু বাংলাদেশেরই	Negative
1956	বাংলাদেশ সিরিজটিতে গো হারা হারবে।	Negative
1957	বাচ্চা হাড্ডির তো অনেক কারিশমা দেখলাম,এখন দেখি বুড়া হাড্ডি কী করে.	Negative
1958	জিম্বাবুয়েকে হারিয়ে বলে ওয়েল প্লেইড, যেখানে এই ম্যাচে ভুল ছিল দুইশ পাঁচটা।	Negative
1959	যতদিন ননু,পাপুন এর হাতে দেশ পথ হারাবে না বাংলাদেশ	Negative
1960	চেষ্টা তো করতে হবে,হারার আগে হারতে চাইনা।সম্ভব না অসম্ভব সেটা পরে দেখা যা	Negative
1961	কারণ বাংলা খেলার ফল চাই	Positive
1962	শ্রীলঙ্কা র সাহস বোঝা যেত যদি দ্বিতীয় ইনিংসে ব্যাটিং না করে ছেড়ে দিত । ভীরু শ্রীলঙ্কা ।	Negative
1963	এটাই তো সমস্যা এক দিনে হিরো করে দেওয়া তোমাদের কাজ	Negative
1964	নিজের মাটিতে সালারা এটা খেলা	Negative
1965	গতবারের অনুদ্ধ-১৯ দেখে মিরাজকে দেখে সবাই বলছিল ভবিষ্যৎ সাকিব!	Positive
1966	বাংলাদেশ ক্রিকেট আরো এগিয়ে যাবে।	Positive
1967	এই পিচে মুশফিকুর ছাড়া কেউ খেলতে খুব একটা স্বাছন্দবোধ করবে না	Negative
1968	বাংলাদেশ যদি স্পিন সামলে খেলতে পারে তবে রান ২৫০+ করা সম্ভব।	Positive
1969	শাহারিয়ার নাফিস কে ও ফেরানো হোক	Positive
1970	অন্তর্জাতিক লেভেলে গেলে তাদের আর খুঁজে পাওয়া যায় না কেনো।	Negative
1971	রাজ্জাক- তার অভিজ্ঞতা দিয়ে ৪ উইকেট পেয়েছে ২য় টেস্টে,,তাকে সবসময় দলে রাখা উচিত	Positive
1972	এখন আবার কিছু বলদ তুষার ইমরান কে নিতে বলছে	Negative
1973	বিসিবিকে আর ও কঠোর হতে হবে প্লেয়ার দের বেপারে.	Negative
1974	রাজ্জাক কে সব ফরমেটে নেয়া উচিত	Positive
1975	লিজেন্ডরা লিজেন্ডই থাকে সেটা বুঝতে হবে। কি উইকেট গুলাই না পাইলো	Neutral
1976	চ্যাম্পিয়ন হতে চান,মাশরাফিকে নিয়ে নেন ।	Positive
1977	এই রাজ্জাক কে প্রথম টেস্ট বসিয়ে রেখে সানজামুল কে খেলানো হলো	Negative
1978	যথেষ্ট থেকেও বেশি ।	Neutral
1979	বাংলাদেশের খেলা দেখা মনে হয়েছিল এটা কোন উগান্ডায় খেলা হচ্চে কি??	Negative
1980	স্যার ব্রাডম্যান যদি খেলায় সর্বকালের সেরা হয়,মানবিক গুনাবলীতে মাশরাফি ক্রিকেট ইতিহাসে সর্বকালের সেরা।	Neutral
1981	প্রথম আলোকে ধন্যবাদ ব্যাপাটার গভীরতা অনুধাবন করার জন্য এবং রাখঢাক না রেখে একবারে পাড়ার ক্রিকেটের সেই বিষয়টা সরাসরি তুলে আনার জন্য।	Positive
1982	পুরো বিপিএলের কমিটিকে বরখাস্ত করে দুরদর্শীসম্পন্ন নেতৃত্বের কাছে হস্তান্তর করা হউক।	Negative
1983	আমরা ফাইনালে হারছি আর হারতে হারতে কোন মতে টেষটে হার এরাইঝি,,বিশাল বাল ফালাই ফেলছি।।	Negative
1984	বিড়ালের দল কি খেলবে আর	Negative
1985	নান্নুর নু* কাইট্টা বাজারে বেচে দিতে হইবো।	Negative
1986	ঠিক।সাব্বিরের টেষ্ট খেলার যোগ্যতা নেই	Negative
1987	এমন আবাল জিবনে এই প্রথম দেখলাম ।	Negative
1988	মাত্রাতিরিক্ত গাজা খাইলে যা হয়	Negative
1989	খেলা নিয়া উটক্যাল মাছের মতো লাফালাফি বাদ দিছি।	Neutral
1990	নায়ক রুবেল উচিৎ কথাই বলেছিল। বাজে খেলার জন্য শাস্তির ব্যবস্থা করা হোক, যেমন ২/১ ম্যাচ জিতলেই বাড়ি গাড়ি দেওয়া হয়	Negative
1991	পিচ ভালো না হলে রান করা কঠিন	Neutral
1992	আগের হাল যেমনে যায়, পিছেরটা আগেরটারে দেইখা যায়।	Negative
1993	এখন তাদের ভালো সময় যাচ্ছ না এটাই সত্য।	Negative
1994	টিম ম্যানেজমেন্ট, কোচিং স্টাফ, কিউরেটর চেঞ্জ করা উচিৎ।	Negative
1995	সাব্বির, তাসকিন কি ক্রিকেটার নাকি?	Negative
1996	সাকিব ছাড়া বেলিম এর যুগের ক্রিকেট খেলে বাংলাদেশ	Negative
1997	জয় হোক এরকম বিখ্যাত পীরবাবার।	Negative
1998	আমি জানি রিয়াদ কোন ধরণের ক্যাপ্টেন.. তার ওপর আমরা ওপার বিশ্বাস রাখতে পারি. শুভকামনা প্রিয় রিয়াদ ভাই	Negative
1999	পাগলামি খেলা খেলেছে টাইগাররা! আশা করি পাপন স্যর বিষয়টা আমলে নিবেন!	Negative
2000	ম্যাচে জয় করতে হলে অবশ্যই মমিনুলের সেরা খেলাটা খেলতে হবে ।	Negative
2001	সাকিব টাচ এ ছিল কিন্তু তামিম সাকিব কে রান আউট করলো।	Positive
2002	খালেদা জিয়ার রায় মেনে নিতে না পেরে ক্ষোভে উইকেট বিলিয়ে দিয়ে এসেছে	Negative
2003	টিম যদি খারাপ খেলে সেখানে সুজনই কি করবে সখিই বা কি করবে	Negative
2004	ভারত U19 ওয়ার্ল্ডকাপ জিতলো...কোনো খবর দেওয়া হলো না।	Neutral
2005	ধর্যের ফল যে সবসময় মিষ্টি হয় তার প্রমাণ হল রাজ্জাক ভাই।	Negative
2006	মুমিনুল হক কে ওয়ানডে দলে নিয়মিত দেখতে চাই।	Negative
2007	স্যার ইমরুল কায়েস, আপনার লজ্জা থাকিলে, আপনার বাপ পাপন চাইলেও, আপনার খেলা উচিত নহে!	Negative
2008	ভারতের বাহিরে বিড়াল নাম টা মুছন করার সুবর্ণ সুযোগ.	Neutral
2009	নিশ্চয় শ্রীলংকান রা পিছিয়ে থাকবে না।এটা তাদের সফলতম মাঠ	Negative
2010	গোটা বাংলার জনগণ শোকাহত	Negative
2011	ঘরোয়া লিগে এত ভাল খেলার পরে ওদের চান্স দেয় হাতুরু আর পাপন।আর এখন ওদের কথা শুনেন।	Negative
2012	একটা ম্যাচ কিংবা সিরিজ জিতালেই ফ্ল্যাট দাও, বাল দাও-চুল দাও!	Negative
2013	রাজ্জাক খুব ভাল মানের বোলার	Positive
2014	কেনিয়াওও অনেক উড়ছিল,তারপর ফুস।	Negative
2015	আফতাব আহমেদ.. মেধাবী একজন খেলোয়াড়... কিন্তু অলসতারর জন্য ক্যারিয়ার এ বড় করতে পারেনি.... আপনার খেলার ভীষণ ভক্ত ছিলাম।	Positive
2016	এই কালচার থেকে বেরিয়ে এসে খেলোয়াড়দেরকে মানুষ ভেবে তাদেরকে দুঃসময়ে গালি না দিয়ে তাদেরকে ভুল থেকে শিক্ষা নেওয়ার জন্য সাহস যোগাতে হবে।	Negative
2017	বয়স দিয়ে যোগ্যতা বিচার করা ঠিক নয়। এতদিন পর বিসিবির সুবুদ্ধির উদয় হল	Negative
2018	কুমিল্লা ভিক্টোরীয়ান্স কে কারন দসানোর জন্য বলা হলে কেন, যেখানে কুমিল্লা ভিক্টোরিয়ান্স চূড়ান্ত পর্বে চলে যায়।	Negative
2019	রাহুল গান্ধী,টেন্দুলকারের ছেলে,বড় বড় আম্লাদের পোষ্যদের অনেক কাঠগড় পুরিয়ে ভারতে তাদের আস্তে হয়।	Positive
2020	নান্নু ভাই আর এরশাদ ভাই এক ভাই এক ভাই!!	Negative
2021	রাজ্জাকের এমন পারফর্মেন্স দেখে কি এখন বিসিবির লজ্জাবোধ হয়না?	Negative
2022	আসুন সবাই মিলে হাতুরিকে গালগালি শুরু করি	Negative
2023	সুজন ভাউ ১ম টেস্টের পরে বলেছিলেন উনাদের মনে হয়েছে রাজ্জাকের চেয়ে সাঞ্জামুল ভালো হবে। বাকীটা ইতিহাস	Negative
2024	টিম ম্যানেজমেন্টে যারা অাছে তাদের ক্রিকেট জ্ঞানের উন্নতি অতিব জরুরি।	Negative
2025	নিজের দেশ যদি কোন কালে নাও পারে তবুও number 1* ফেবারিট আমি সব সময় ভাবি আমরা জয	Negative
2026	ক্রিকেট বোর্ড কে যদি দুদকের সম্মুখীন করা হয় এবং সুষ্ঠ ভাবে তদন্ত করা হয় দেখা যাবে যে রাজনৈতিক নেতাদেরকেও হার মানিয়েছে বিসিবির কর্মকর্তারা।	Negative
2027	প্লেয়াররা ৩ টা ম্যাচ খেলে নিজেদের স্টার মানতে নারাজ।	Positive
2028	কায়েসওসাব্বিরকে যারা দলে রাখছে তাদের কে দশ বছরের জেল হওয়া উচিত.	Negative
2029	বাংলাদেশের হেড কোচ হিসেবে চাই গেরী কার্স্টেন,	Positive
2030	খেলা রাম খেলে যাও। তোমরা জিতবে	Positive
2031	মিরপুরে দয়া করে মূলা চাষ করেন অার কত এক স্টেডিয়ামে খেলবেন!!	Negative
2032	কথাটা যদি স্যার সাব্বির বলে থাকে তাহলে হতেও পারে।	Negative
2033	ভাই তবে মাঠে কিছু করতে না পারলেও জুয়ার আসরে সে হ্যাট্রিক করবেই!!হাহাহা	Negative
2034	উদিয়মান ক্রিকেটারদের প্রতি আপনার বক্তব্য কি আফতাব?	Negative
2035	বিএনপি পন্থী খেলোয়াররা আজ রান বয়কট করবে- এটা স্বাভাবিক ব্যাপারই।	Negative
2036	4থ ইনিংস তোমাদের ব্যাট করতে হবে	Negative
2037	সাহসী এবং আগ্রাসী মনোভাব নিয়ে খেলাটা এখনও শিখতে পারলো না!	Negative
2038	লংগার ভার্সনের জন্য মোসাদ্দেক পরীক্ষিত সৈনিক -	Positive
2039	রোশানের কথাটা ভালো লাগ্লো,,,যুক্তিসংগত কথা	Negative
2040	জাতীয় দলে আসলে ওর মত আবাল বোলারকে প্যান্ট খুলে পেটায় সব ব্যাটসম্যানরা।	Negative
2041	ফাইনালে আমরাও বুঝে নেব।	Positive
2042	সে সেরা,তাই সে ফিরলো সেরাদের মতো।ওয়েলকাম লিজেন্ড আবার দেখিয়ে দাও তুমি কে!	Positive
2043	ব্যাডিং কুচ করা হোক নান্নু বিরিয়ানি কে।	Negative
2044	হালার পোলারা শুধু বাংলাদেশের সাথেই পারবো	Negative
2045	দেশের প্রতিটি প্লেয়ার কে নষ্ট করার মূল কয়ান মিডিয়া।	Negative
2046	আমাদের অধিনায়ক সাহেবে মাতাল হয়ে গেছে।উনি টচ জিতে কেন বার বার ব্যাটিং নিচ্ছেন???	Negative
2047	৫ দিনের ম্যাচ ২.৫ দিনেই শেষ,এদের শর্ত দিয়ে বেতন দেয়া হোক	Negative
2048	মাথামোটা বিসিবির মাথায় এসব ঢুকলে তো! এমন গুরুত্ব ম্যাচের জন্য যে রিজার্ভ ডে রাখতে হয়, তা উনাদের মোটা মাথায় আসেই নি কখনও!	Negative
2049	বাংলাদেশ ১৬০ রানে আউট হয়ে যাবে	Negative
2050	হয়ছে আর ফুলায়েন না মমিনুলকে।	Negative
2051	এজন্যইতো ৩ বলে ০ রান করে ম্যাওর বাচ্চা	Negative
2052	বেচারা সাব্বির। তার কি অপরাধ,যার টেষ্ট ম্যাচ খেলার ইচ্ছেই নেই তাকে বাংলাদেশ টিম জোর করে টেষ্টে নামিয়ে দিচ্ছে	Neutral
2053	স্কোর কত?	Negative
2054	একটা ভালো খেলোয়ার দশ বারো ইনিংসে চেনা যায়না তাইলে সাব্বির অনেক আগে বাত যাওয়ার কথা??	Positive
2055	বোলিং পিচ তবে আমাদের ব্যাটসম্যানদের আউটগুলো আত্মহত্যা ছাড়া আর কিছুই নয়।	Negative
2056	উইকেটের যে অবস্থা,এখানে ২০০ রান চেজ করাও সো টাফ!	Neutral
2057	হারার জন্য রেডি হ	Negative
2058	আসলে বর্তমানে আমরা ক্রিকেট-চর্চা রেখে হাথুরু-চর্চার পেছনেই সময় বেশী ব্যায় করছি,	Neutral
2059	লাভ ইউ বস্	Positive
2060	এভাবে যাবে আর আসবে কিছুক্ষণ পরে দেখবে খেলা শেষ	Negative
2061	এখনও সময়া আছে বাংলাদেশ ক্রিকেট এর স্বার্থে সবাই কে ঐক্যবদ্ধ হতে হবে	Negative
2062	রাজ্জাক ৩ উইকেট	Positive
2063	রাজ্জাকের সাথে বেঈমানী করেছে বিসিবি	Negative
2064	হেরাথ বল করলে বুঝা যাবে	Negative
2065	মুৃমিনুলের আউট ছিল জগণ্য।	Negative
2066	তিনটাই একই মানের।	Neutral
2067	বাংলাদেশ দলের অবশ্যই উন্নতি হবে এই আশা রাখি।	Negative
2068	আমার মনে হয় তার পাখা গজায়ছে।	Negative
2069	আমরা কেন হারি,আমাদের ব্যর্থতা কোথায়,কিভাবে তা উন্নয়ন করা যাবে চিন্তা হওয়ার দরকার এগুলো বিষয় নিয়ে।	Negative
2070	আফতাব, তুমি ওয়ানডেতে বাংলাদেশের প্রথম ৫ উইকেট শিকারি।	Positive
2071	ডান হাতি বোলারের জন্য ম্যালকম মার্শাল, বাঁহাতি বোলারের জন্য ওয়াসিম আক্রম	Positive
2072	সাকিব এমনি তারে কিনা আবার অধিনায়কে প্রত্যাবর্তন করা হল!	Negative
2073	স্বজন পোষন এবং আধবুড়ো ঢ্যামনাগুলোকে ছেটে ফেলতে হবে।	Negative
2074	বাংলাদেশ 180 রানের ব্যাবধানে হারবে	Negative
2075	আমাদের ব্যাটসম্যানরা বাজে শটস খেলে আউট হয়েছে। দ্বিতীয় ইনিংসে এই ভুল না করলেই হলো।	Positive
2076	সময় এসেছে রাজাকার পিচ কিউরেটর কে পাছায় লাথি দিয়ে বের করার	Negative
2077	ক্রিকেটারদের প্রতিযোগিতামূলক ক্রিকেট সম্বন্ধে ধারনা নাই	Negative
2078	দল জেতায় মুশি ক্রেডিট ম্যাসের,দল জেতায় রিয়াদ আর ম্যাস বীর হয়ে যায়।	Negative
2079	তাদের স্পীন এটাক যে আমাদের থেকে ভালো তা কি এই পাকনাদের মাথায় ছিলো না?	Negative
2080	বিদেশী ৫ জন এক ম্যাচে ঠিকই আছে।	Neutral
2081	দ্রুত তাকে জাতীয়দলে সুযোগ দিয়ে ক্যারিয়ার ধংস্ব করে দিতে হবে।	Negative
2082	ওই নিম্ন মানের পাড়ার ক্রিকেট, ঘরোয়া লীগ, বিপিএল এসব এই পীরবাবা ম্যাছরাফি ঝর তুলতে পারেন।	Negative
2083	নিলয় সবজায়গায় দেখি মাশরাফি নিয়ে বাজে কমেন্ট করিস আগে মাশরাফির পায়ের কাছে যেতে পারিস কিনা দেখ,সম্মান দিলে সম্মান পাওয়া যায়	Negative
2084	দ্বিতীয় ইনিংসে লিটন দাসের ট্রিপল সেঞ্চুরি চাই	Positive
2085	জয় বাংলা কাপ! তাও আবার স্বাধীনতার মাস মার্চে। যার মাথা থেকে এমন চমৎকার আইডিয়া এসেছে তালে স্যালুট	Positive
2086	সৌম্যকে বাদ দেওয়া হোক	Negative
2087	প্রথমটি হচ্ছে, কোচ অত:পর সাকিব,সাকিব আর সাকিবরে দলে রাখা	Positive
2088	আমরা বাঙালিরা অলপতে খুশি।একবার ভাল খেললে দেমাগ বেড়ে যায।মুমিনুলের আউট এর প্রমাণ।	Negative
2089	মুমিনুলের পর, রাজের রাজসিক প্রত্যাবর্তন।	Positive
2090	ভাই থামেন ত্রকটু জিরা পানি খান,খেলা ত্রখনো অনেক বাকি?ত্রতটা হাওয়া দিয়েন না,যেন আকাশে ওঠে যায়.	Neutral
2091	গুরু তোমায় লাল সালাম,এগিয়ে যাও আর সবাই কে দেখিয়ে দাও,,,,,,,	Positive
2092	স্যলুট জানাই রাজ্জাক ভাই কে।।	Positive
2093	এই রাজ্জাক কে ১ম ম্যাচে বসে থাকতে হয়,এই নির্বাচক প্যানেল দিয়ে কিছু হবে না	Negative
2094	সালা সিলেক্টারদের জুতা মারা উচিত। ভালো খেলোয়ারদের সুযোগ দেয়না	Negative
2095	কারা যেন রাজ্জাক ভাইয়ের জায়গায় গাঁজামুল কে নিয়ে ছিল?	Negative
2096	রাজ্জাক ভাই একটা ফ্লাটের দাবি করতে পারে	Neutral
2097	ধন্যবাদ রাজ্জাককে সুযোগ দেওয়ার জন্য।	Positive
2098	হাতুরে সিংহে এতো দিন,আঃ রাজ্জাককে খেলার বাহিরে রাখল কেন?	Negative
2099	মাহমুদুল্লাহকে টেষ্ট স্কোয়াডেই রাখার কথা ছিল না, সেখানে তাকে টেষ্ট সিরিজের অধিনায়ক করা হয়েছে।	Negative
2100	হাথুরেসিংকে নিয়ে না ভেবে মাহামুদুল্লার উচিৎ এইবার শুধু বাঁশ খাবে নাকি আইক্কাওয়ালা বাঁশ খাবে সেটা নিয়ে চিন্তা করা।	Negative
2101	সাকিবকে যে যতই খারাপ বলুক অহংকারি বলুক আমার কাছে মোটেই সেরকম নয় বরং মনে হয় বাংলাদেশের ইতিহাসে দ্বিতীয় সাকিব আর আসবে না	Positive
2102	সাকিব, তামিম, মুশফিক দল থেকে বিদায় নিলে নেপালের কাছে হোয়াটওয়াশ হতে হবে।	Negative
2103	বেশি বয়সি খেলোয়াড়দের দিয়ে test match বেশি করে খেলানো উচিত।	Positive
2104	লোয়ার অর্ডার ব্যাটসম্যানরা অত্যন্ত বাজে খেলেছে।	Negative
2105	আরে কিছু বুজিনা ভারতের সাথে ম্যাচ হলে সব আমিপয়ারেরা ভারতের সাপট করে কেন.....?	Negative
2106	যে কোন দলই একা ফিকসিং হয় না সাথে অন্য দলও থাকে	Negative
2107	বাংলার গেইল (এনামুল) শুধু বা... পরিবর্তন হয়েছে আর কিছু হয়নি	Negative
2108	৫০তে খুশি হলে হবেনা ১০০হলে হবে	Negative
2109	বাংলাদেশ এখনো তামিমের যোগ্য ওপেনার পেলো না।	Negative
2110	এই তো,এত দিন পরে একটা ওপেনার পাওয়া গেল!বিজয়	Positive
2111	"হাতুরে ছাড়া ""বাংলার ক্রিকেটার জিন্দা হে""!"	Negative
2112	বাংলাদেশ ক্রিকেট দলকে অডিন্দন।	Positive
2113	এই পিচে কম করে ৩৮০ রান ওঠে আগে ব‍্য‌াট করলে	Neutral
2114	হাথুরুর হার্ট ভেঙ্গে খান খান,	Negative
2115	অাজ পতন দেখবো। অামরা বোধহয় একটু বেশিই অাবেগপ্রবণ।	Negative
2116	তামিম-সাকিব ছাড়া এদেশে কি আর কোন খেলয়ার আছে যে ম্যাচ জিতাবে ?	Negative
2117	মাশরাপি কই।।আমি ওর খুব ভুক্ত	Positive
2118	পূর্নাঙ্গ সিরিজ হলে ভালো হতো। টেস্ট ভালো লাগেনা।	Negative
2119	রক্ষনাত্তক হয়ে অাবার টেস্ট জেতার অাশা করি।	Negative
2120	রাজ্জাক ক‌ে শুভ কামনা রইল।	Positive
2121	মোসাদ্দেক কে বসিয়ে গতি দানব সুজন কে দলে নিলেই ত হয়।	Negative
2122	ভারতের ধীর স্থির, ঠান্ডা মাথার ব্যাটিং দেশে শিখা উচিৎ	Positive
2123	ওর মতো থার্ড ক্লাস মাইন্ডের কোচের কাছ থেকে এর চেয়ে বেশি কিছু অাশা করাও তো বোকামি...!	Negative
2124	মমিনুল কে নিয়ে তার অবজ্ঞার জবাব মমিনুল দিয়েছে।	Positive
2125	হাথুরুর নাকে মুখে, ঘামে ভেজা চপচপ করা জামা ঘঁষে দিলো মুমিনুল হক!!	Negative
2126	সালা হাথুরার মাথায় তো এখন হাঁতুড়ির বাড়ি পড় ছে। মুমিনুল তো তার মুখে ঝাটার বাড়ি দিছে	Negative
2127	হাথুরুর ধারে ওর যাবেই কি আর আসবেই কি, ওর কাজ ও করে দেখিয়েছে।	Neutral
2128	আগামিকালের ম্যাচে ইনশাহ আল্লাহ হাতুরিকে ব্যাট দিয়া পিটিয়ে এর জবাব দেবে মমিনুল।	Negative
2129	হাতুরি একটা হিংসুটে লোক	Negative
2130	গ্রেট প্লেয়ারদের হেটার থাকবেই	Neutral
2131	ধীরে ধীরে বিশ্ব ক্রিকেটে নিজেদের শক্ত অবস্থান সুসংহত করে নিয়েছে টিম আফগানিস্তান	Positive
2132	'আআফগানরা ভালো দল	Neutral
2133	স্টাররা তারাতারি দলে ডাক পাওয়ার জন্য, পরে আর ভাল থাকে না..	Negative
2134	জাতীয় দলের বাহিরে দূর্দান্ত সৌম্য, তাহলে সৌম্য জাতীয় দলের বাহিরেই থাকুক	Negative
2135	যুব বিশ্বকাপের সেমিতে ভারতের কাছে যাচ্ছেতাইভাবে হেরেছে পাকিস্তান।	Neutral
2136	মুমিনুলকে ওয়ানডে ম্যাচেও খেলানো হোক। আমার মনে হয় ওরে ওয়ান ডাউনে খেলালে ভাল করবে।	Negative
2137	সাব্বির ৩ এ ব্যাট করে আর মোমিনুল ওয়ানডেতে চান্স পায় না	Negative
2138	মাশরাফিকে আপনি অপছন্দ করতেই পারেন। তাই বলে কী তার সব অর্জনকে অস্বীকার করতে হবে?	Neutral
2139	ওয়ানডেতে নেওয়া হোক মমিনুলকে	Negative
2140	মমিনুল হক কে ওয়ান ডে ক্রিকেটে নিয়মিত করা হোক,	Positive
2141	আড়ালে থাকা এক হিরো	Positive
2142	এক ম্যাচ ভালো খেললেই দশ ম্যাচ খারাপ খেলা খেলয়ারকে নিয়ে হইচই করার কিছুই নেই,	Negative
2143	লিটন ভাল খেলছে ভাল কথা...তবে সে মুশির বিকল্প নয়..	Negative
2144	লিটন ন্যাচারাল ট্যালেন্ট ; তার সলিড টেকনিক দেখেই বোঝা যায়।	Positive
2145	অবশ্যই লিটনের অনেক দেয়ার আছে তাই তাকে বারবার সুযোগও দেয়া হচ্ছে মুশফিকের উত্তরসূরি হিসেবে।	Positive
2146	লিঠন সমালোচকদের মুখে থুথু দিয়েছে।।	Positive
2147	বিপিএলে মমিনুলের অপেনিং করার অভিজ্ঞতা আছে ।	Negative
2148	অভিনন্দন লিটন কুমার দাস টেস্ট ক্যারিয়ারের ৩য় হাফসেঞ্চুরী তুলে নিলেন	Positive
2149	পিচ্চি মমিনুল ও লিটন দাদার বীরত্বপূর্ণ ব্যাটিংয়ে এই টেস্ট ড্র হলো.	Positive
2150	মমিনুল ময় টেস্ট,,,,,ভাল জবাব ছিল,, এটা হাতুরের জন্য।	Positive
2151	বোলার গুলা সারাটাদিন গাধা খাটনি না খাইটা উইকেট পাইল না	Negative
2152	তুষার ইমরান এবং শাহরিয়ার নাফিজকে ও টেস্টে ফিরিয়ে আনা উচিৎ।	Negative
2153	চার বছর পর ফিরেছেন ঠিক তবে এক ম্যাচের জন্য না নিয়ে কয়েকটা ম্যাচ সুযোগ দিতে হবে।	Positive
2154	তাকে নিয়ে আলোচনা-সমালোচনার কিছু আছে বলে আমি মনে করি নাহ!	Neutral
2155	একটা সময় ছিল,বাংলাদেশ মানেই স্পিন,আর স্পিন মানেই রাজ্জাক ও সাকিব জুটি।	Neutral
2156	আন্তর্জাতিক চাপে তার বোলিং অ্যাকশন অবৈধ ঘোষনা করা হয়।	Negative
2157	শ্রীলংকার হেরাথ,মুরালি যে বয়স পর্যন্ত খেলেছেন,রাজ্জাক ও সেরকম বয়স পর্যন্ত খেলা উচিত	Positive
2158	সে সাকিবের চাইতেও ভালো স্পিনার আর অভিজ্ঞ! আজ তারই প্রমান মিলছে!	Positive
2159	তাকে নিয়মিত দলে রাখলে বাংলাদেশের ক্রিকেট বিশ্ব আসনে মাথা উচু করে দাড়াবে।	Positive
2160	বিশ্ব ক্রিকেটে বাংলাদেশ এখন নিজেদের অবস্থান শক্ত করার জন্য উদগ্রীব।	Positive
2161	এই ম্যাচটি হয়তো হতে পারে আমাদের দেশের জন্য সম্ভাবনা ময় ম্যাচ	Positive
2162	রাজ্জাক ৩ উইকেট নিতেই এত মন্তব্য এত আলোচনা সমালোচনা চার বছর আগে আপনারা কই আছিলেন???	Negative
2163	ফাস্ট উইকেট পেয়েছে	Positive
2164	রাজ্জাক আইকন খেলোয়ার বাংলাদেশ দলের	Positive
2165	নির্বাচকমণ্ডলী'র শুভবুদ্ধির উদয় হল।	Positive
2166	শুরুতেই উইকেট নিয়েছেন,আশা করি ভাল করবেন,খোদা ভরসা	Positive
2167	ভাল করলে সামনের দিন গুলোতে দেখতে চাই।	Positive
2168	অভিনন্দন রাজ্জাক	Positive
2169	লাভ নাই। খালি লেগ সাইডে বল দিবে আর চার খাবে	Negative
2170	এতো খুসি হওয়ার কিছূ নেই দুইদিন পর আবার জেই সেই	Negative
2171	হিরা সবাই। ছিনেনা ।	Negative
2172	১ ম উইকেট রাজ্জাক পেল	Positive
2173	মিরপুর এর পিচ হলো স্পিন সহায়ক, যার ফলে প্রথম দিনের ১৪ উইকেট এর মধ্যে ১০টি পেয়েছে স্পিন বোলাররা।	Negative
2174	প্রতিপক্ষ আগে ব্যাটিং করে ৫০০ করলে ওরা ৩০০-৩৫০ করবে, আর যেদিন প্রতিপক্ষ ২০০-৩০০ করবে সেদিন ওরা করবে ১৫০-২০০, কেননা ওরা জানে যে লিড নেয়া ওদের পক্ষে সম্ভব না!!	Negative
2175	সামঞ্জস্যপূর্ণ পিচ করা উচিত ।	Neutral
2176	বাংলাদেশ যদি জিতে নেংটায় ঘুরবো রাস্তায়!	Negative
2177	কালকেই আমরা হেরে যাব।	Negative
2178	নদীর কুলের বাড়ীর যেমন ভরসা নেই বাংলাদেশ Cricket টিমেও তেমন ভরসা নেই	Negative
2179	২৫০ করতে পারলে ধন্য হয়ে যাই ।	Positive
2180	লি ট নে ভরষা রাখুন.... আশা করি ভালকিছু করবেন.... শুভকামনা রইল...	Positive
2181	সুজন ভাউ ১ম টেস্টের পরে বলেছিলেন উনাদের মনে হয়েছে রাজ্জাকের চেয়ে সাঞ্জামুল ভালো হবে। বাকীটা ইতিহাস।	Negative
2182	খেলা কোনডা রেখে কোনডা দেখব এইডা ভাবচ্ছি	Negative
2183	রাজ্জাক কাণ্ড বাদ দিয়া, ব্যাটিং কাণ্ড নিয়া বলেন	Negative
2184	কিন্তু ব্যাটিং এর অবস্থা তো খুব নাজুক	Negative
2185	রাজ্জাকের যদি দিনটি খারাপ যেত তখন কি হেডলাইন হত?	Negative
2186	এই টেস্ট জিততে হলে অবশ্যই লিড নিতে হবে।	Positive
2187	মমিনুল ফিক্সিং করে থাকতে পারে!ওর আউট হওয়ার ধরনটা ছিল খুবই সন্দেহজনক!	Negative
2188	আউটের ধরন দেখে মনে হচ্ছে ফিক্সিং ম্যাচ	Negative
2189	এদের মন কোথায় ছিল?? মিরপুর এ? না বকশিবাজার এ?	Negative
2190	শ্রীলংকাকে অতি দুর্বল দল মনেকরা	Negative
2191	দল জেতায় তামিম আবালরা আওয়াজ তোলে ম্যাসের নামে স্টেডিয়াম হোক	Negative
2192	কিন্তু নাসির কে দলে নেয়ার জন্যে একটা সময় কমেন্ট বক্সে ঝড় ওঠতো।	Negative
2193	বাংলাদশের ক্রিকেট দলের স্বভাব হল দুই একটা ম্যাচ জেতার পর আকাশে উড়তে থাকে	Negative
2194	আজকের হার নিয়ে কোনো মন্তব্য করা ইসলাম বিরোধী কারন দলে কোনো কাফের খেলোয়ার ছিলো না, যেমনঃ সৌম্য, লিটন	Negative
2195	নাছির আর এনামুল কে যে গুলো এখন বাদ দিতে বলতেছে অই গুলো রে আগে পাছায় লাথি মারা উচিত	Negative
2196	গতকাল এর ম্যাচ এ তা টের ও পাওয়া গেছে,আর নিজেদের মাঠে বাংলাদেশ সবসময় ই ফেভারিট,	Negative
2197	শ্রীলংকা এখন এতইই দূর্বল,যে তারা জিম্বাবুয়ে এর সাথে হেরেও যেতে পারে	Negative
2198	আমরাই ফেভারিট	Positive
2199	ফেবারিট বাংলাদেশ, জিম্বাবুয়ে আন্ডারডগ।	Neutral
2200	যারা ৩ডিপার্টমেন্টে ভাল খেলবে তারা।	Neutral
2201	যেভাবে ফুটবল খেলা তা হারিয়ে গেলো আমাদের মন থেকে. ক্রিকেট এর ও একই অবস্থা হবে কোনো একসময়.হয়তো সেই দিনটি খুব দূরে নয়	Negative
2202	বগুড়ায় বিপিএল দেখতে চাই আগামী বছর ।	Positive
2203	বাংলাদেশ নিজেদের খোঁড়া গর্তে পড়ে মরেছে।	Negative
2204	প্রতিপক্ষের স্পিন বেটার জেনেও কেন স্পিনিং ট্র্যাক তৈরি করল এটা একটা কৌতুকই বটে	Negative
2205	শ্রীলংকার উচিত এখনই ইনিংস ডিক্লায়ার করে দেওয়া. কারণ এই বাংলাদেশ দুইবার ব্যাটিং করলে ও এই রান নিতে পারবে না.।	Negative
2206	আগে পাপন সাহেবকে বিদায় নিতে হবে।	Negative
2207	পাঠা বাবুরা যথারীতি হামলে পড়ছে।	Negative
2208	ভারত মনে হয় আপনার সাপোর্ট এর অপেক্ষাতেই বসে আছে।	Neutral
2209	হাথুরুর বিদায়ে যারা খুশী হয়েছিলেন, তারা এখন কি বলবেন?	Neutral
2210	রাগের মাথায় আমরা অনেক কথা বলি। তবে, আমি বিশ্বাস করি, বাংলাদেশ যদি এখনো মন দিয়ে ধৈর্য ধরে খেলে, ইনশাল্লাহ জিতবে।	Positive
2211	যতটা খারাপ লাগছে বাংলাদেশী দলটার জন্যে তার হাজার গুন মজা লাগছে ওই একঝাঁক সমর্থক যারা নিজের দেশের দিকে না তাকিয়ে ভারতের প্রত্যেকটা হার-জিতে নেগেটিভ কমেন্টে ভরিয়ে দেয় সোশাল মেডিয়া!	Positive
2212	রংপুর রাইডার্সের ব্যয় তাহলে সার্থক হলো ।	Positive
2213	ধুর মিয়া, তারা করতেছে বিজনেস আর আপনি এখানে দান নিয়ে পড়ে আছেন।	Negative
2214	আচ্ছা, এসব ফ্রানচাইজীরা এসব টাকা পায় কোথা থেকে?	Neutral
2215	বিপিএলে বাংলাদেশি তারকাদের মধ্যে ফ্লপ সৌম্য সরকার।	Negative
2216	পরিসংখ্যানে পরিষ্কার বোঝা যাচ্ছে,ঢাকার পিচ ব্যাটসম্যানদের কতটা ভুগিয়েছে...বোলারদের প্রত্যেক জয়গাঁথার ভেন্যু ঢাকা	Negative
2217	আমরা কি পেলাম মানে? বিসিবির কোষাগারে যে আনুমানিক ৫০ কোটি টাকা জমা হল, সেটাকে আপনার পাওয়া মনে হচ্ছে না!	Negative
2218	মাশরাফির তুলনা মাশরাফি ৷	Neutral
2219	পিএল হবে, নাটক হবে না! প্রতি বিপিএলেই নাটুকে ঘটনা থাকে।	Negative
2220	প্রতিবছরের মতন অন্তত এ বছর নাটক হবেনা মনে করেছিলাম, কিন্ত শেষমেষ সেটাও আর বাকী থাকলনা।	Negative
2221	বিপিএল গভর্নিং কাউন্সিলের আজকের সিদ্ধান্তে খুউব নস্টালজিক হয়ে গেলাম।	Negative
2222	ছোটবেলার সেই পাড়ার ক্রিকেট টুর্নামেন্টের কথা মনে পড়ে গেল।	Neutral
2223	ধন্যবাদ কুমিল্লার টিম ম্যানেজমেন্টকে মেনে নেওয়ার জন্য ।	Positive
2224	নিয়ম আবার মানতে চায় না কিভাবে!! নিয়ম তো নিয়ম।	Neutral
2225	রিজার্ভ ডের নিয়মটা অবশ্য ভাল দিক।	Positive
2226	কেবারেই অপেশাদার মনোভাবের একটা দলকে হাথুরু আস্তে আস্তে পেশাদার, লড়াকু এবং ভয়-ডরহীন ক্রিকেট খেলুড়ে টিমে পরিণত করার পথে	Negative
2227	হাতুর সিংহের বিপক্ষে অনলি মমিনুলই যথেষ্ট	Positive
2228	১০ খেলে ১ জিতে লাভ কি তাও জিম্বাবুয়ে বা আফগানিস্তানের সাথে।	Negative
2229	জিম্বাবুয়ে সাথে পরবে কিনতু আফগানিসতানের সাথে পারবে না	Negative
2230	হার নিয়া মাঠ থেকে গিয়ে সংবাদ সম্মেলনে কি বলবা সেটা ভাবো বাছা।	Neutral
2231	তাই উড়তেছিল আর ফলাফল যথারীতি বেশি উড়লে যা হয় ।	Negative
2232	কাল যদি ওপেনিং জুটি 100+ রান করতে পারে,তবে বুঝবেন,সবার আত্নবিশ্বাস বাড়বে	Positive
2233	বালের দল অামার ; এই শ্রীলংকা নাচাইয়া ত্রিদেশীয় ট্রফি জিতলো মিরপুরে বসে এখন টেস্টেও সেই নাচায়!!	Negative
2234	বাংলাদেশ ১ম ইনিংসে ছেরাম ব্যাটিং করেছে  সে অনুযায়ী বাংলাদেশই জিতবে!	Positive
2235	যত রানই হোক সেটা টেস্ট স্পেশালিষ্ট সাব্বিরের জন্য তুচ্ছ । নো টেনশ	Negative
2236	সাব্বির একাই ম্যাচ জেতাবে,চিন্তার কোন কারন নেই ।।	Positive
2237	SL বাংলাদেশে এসে,, কয়টা ম্যাচ জিতে নিল,,, কত দারুণ পারপরমেন্স করে যাচ্ছে,,	Positive
2238	তারা তো কন্ডিশন,,, আবহাওয়া, চক্কর - বক্কর কইরা সময় নষ্ট করতেছে না	Positive
2239	লেগ স্পিনারদের খরুচে বোলার হিসেবে অবহেলা নয় তৈরি করা।	Positive
2240	মমিনুল, সোম্য, সাব্বির, বিজয়ের মতো প্লেয়ারদের সাথে কাজ করা খুবি জরুরী।	Positive
2241	ক্রিকেটারদের যতটা না দোষ তার থেকে বেশী দোষ ক্রিকেট বোর্ড এবং ম্যানেজমেন্টের	Negative
2242	মিলার তো প্রচুর মেরে খেলে। কই তাকে য়ো টেষ্টে অভিশেক করানোর চিন্তাও করে	Negative
2243	এক মাঠে এত খেলা হলে কিউরেটর কিভাবে সব ঠিক রাখবে??	Negative
2244	কমপক্ষে আড়াইশো রানের ব্যবধানে বাংলাদেশ দলের পরাজয় তামিমদের কপালে লেখা হয়ে গেছে।	Negative
2245	বাংলাদেশ এই ম্যাচে রেজাল্ট চাইছে রেজাল্ট পাবে তো প্রব্লেম কি	Negative
2246	জিতলে গামিনি ভালো হারলে খারাপ আজব কাহিনি।	Negative
2247	"দোয়া কইরা দিছি আর কোনো দিনই ভালো খেলতে পারবেনা , এরা তো খেলতে আসে নাই এরা এসেছে নাম ফুটাতে ""বদনাম"	Negative
2248	আরে ভাই, তারা তারি হেরে গিয়ে,ঘরুয়া লিক খেলবে,তার সত্যাতা হল,মুশিরিকের ও মমির আউট হওয়ার দরন।	Negative
2249	ক্রিকেটের অভিজাত দল গুলোর দল নির্বাচনের যদি তাকাই তবে দেখতে পাবো তারা ক্রিকেটারদের এ্যাবিলিটি অনুযায়ী দল সাজা	Negative
2250	ফিঞ্চ,মরগান,বাটলার,রয়,হেল্স,গাপটিল,মিলার,ডুমিনি,চাহাল,থিসারাদের মতো ক্রিটাররা যেখানে টেষ্ট দলে জায়গা পায়না	Neutral
2251	তিন দিনে ম্যাচ শেষ হয়ে গেলে দুই দিন বেশি ছুটি পাবে এ জন্য তাড়া তাড়ি আউট হচ্ছে ।	Negative
2252	পাপন এবারও বিনাভোটে সভাপতি হয়েছে!কিন্তু কেন?	Negative
2253	কিউরেটর আসলেই সমস্যা করছে....	Negative
2254	টাইম টু ফায়ার আউট গামিনী...ভেরী হাই টাইম	Negative
2255	আমার তো মনে হইতেছে বাংলাদেশ জিতবে ইনশাআল্লাহ।।	Positive
2256	কেউ কেউ বলতে ও শুনেছি বাংলাদেশ কন্ডিশন এর কাছে হেরে গেছে!!	Negative
2257	মরা সৌম্য সাব্বির কাউকে হারাইতে চাই না।	Negative
2258	শ্রীলঙ্কার ব্যাটসম্যানরাও একই পিচে খেলছে।	Negative
2259	লেগ স্পিনারের জন্য শেন ওয়ার্ন, অফ স্পিনারের জন্য মুরলিধরণ আর ফিল্ডিং কোচ হিসেবে জন্টি রোডসকে চাই।	Positive
2260	বাংলাদেশ নিজের ঘরেই গর্জণ দেয় বেশি।	Negative
2261	"ভাই ""ঠাণ্ডা মাথা"" আর ""বাংলাদেশ ক্রিকেট টিম"" এই শব্দগুলা এক বাক্যে বসে না। লুল|"	Negative
2262	আমরা যখন 110 রানে অলআউট হয়ে গেছি তখনই হেরে গিয়েছি এখন শুধু শুধু লম্ফঝম্প করে লাভ নাই	Negative
2263	বরং পরাজয়ের ব্যবধান টা যাতে কম হয় সেদিকে লক্ষ্য রাখা উচিত!	Negative
2264	৪র্থ ইনিংসে ৩০০রান করে জেতার আশা, ক্রিকেট জ্ঞান এর অভাব আছে বোধকরি।	Negative
2265	গত কিছু ম্যাচ হারার পিছনে এমন বেতাল উইকেট ই দায়ী	Negative
2266	মিরাজ বলিং হয়েও প্রথম ইনিংস এ যে বাটিং টা করছে, এই বাটিং টা আমাদের ব্যাটসমেনরা করতে পারলে আজকে আমাদের এই অবস্থায় থাকা লাগতো না।	Negative
2267	চাপাবাজি বাদ দিয়া খেলায় মনোযোগ দেন, নিজেদের সম্মান বাচান, দেশের সম্মান বাচান।	Negative
2268	সাকিব ছাড়া বাংলাদেশ ৫৩ টেস্ট খেলেছে জিতেছে মাত্র ১টা	Negative
2269	। সাকিবসহ বাংলাদেশ ৫১ টেস্ট খেলেছে জিতেছে ৯ টা ।	Negative
2270	টি২০ বিশ্বকাপ,বিশ্বকাপ, চ্যাম্পিয়ন ট্রফি, ত্রিদেশীয় সিরিজের ফাঈনাল এসব ম্যাচ দেখলে বুঝা যায়।	Negative
2271	বাংলাদেশের আবাল ক্রীড়া সাংবাদিক দের মাঠে নামায় দেওয়া হোক	Negative
2272	আমার মনে হয় অন্যান্য দেশ বিশ্বকাপ জিতলেও এভাবে মিডিয়ায় লেখালেখি হয়না।	Negative
2273	ক্রিকেট টাকে রাজনীতি মুক্ত করতে হবে, তা হলে ভালো ফল পাওয়া যাবে!	Neutral
2274	পারবে যদি একজনকে দুবার বা তার অধিক ব্যাট করার সুযোগ দেওয়া হয়।	Negative
2275	১৩৯ করতে পারবে কি!ঠেনশনে আছি!	Negative
2276	একটা দলে এতগুলো অপদার্থ থাকলে কেমনে কি	Negative
2277	39 করতে পারবে কিনা সন্দেহ আছে	Negative
2278	যে খেলোয়াড়রা ৫-১০ বছর হলো ক্রিকেট খেলছে অথচ টেষ্ট ক্রিকেট বঝেনা তাদের বিসিবির দরকার নাই।	Negative
2279	যেমন নাচতে না জানলে উঠানের দোষ!আসলে প্লেয়ারদের মনের দূর্বলতা,কেমন জানি হাকু হাকু ভাব!	Negative
2280	জয়ের জন্য প্রয়োজন 339 রান।হাতে আছে 255 ওভার।	Negative
2281	স্যার ইমরুল আর স্যার সাব্বির ওরফে ম্যাও ভাই যদি জ্বলে ওঠে তাহলে আমরাই জিতব ।	Negative
2282	কোন সন্দেহ আছে?	Negative
2283	সম্ভব হতো,যদি সাকিব থাকত|সাকিব থাকলে ১ম ইনিংসে শ্রীলংকার ২০০ হতো না আর টাইগারদের ব্যাটিং ডামাডোল হতো না|	Negative
2284	হাগলের কামনে বরক হাতাত করি চিন্নি,,,খন,,,,😜,,,,,তোরা বেডা একটা ম্যাচ ভাল খেলি,,,লাফালাফি করচ	Negative
2285	কাল দ্রুত উইকেট ফেলতে না পারলে সাড়ে তিন'শ এমনকি তারও বেশি রানের লিড হয়ে যেতে পারে ।	Positive
2286	এই পিচ এ ১০০ লীড মানে তখনি জিতেগেছে	Negative
2287	লিখে রাখতে পারেন দুইশ রানে হারবে	Negative
2288	আর ভাল্ লাগে না খেলা দেখতে,পরাজয়ের গ্লানি আর সহ্য করতে পারছি না!	Negative
2289	দুর্বল শ্রীলঙ্কা কাংলাদের বাঁশ দিচ্ছে	Negative
2290	হাসির কারন একটাই; লজ্জা না থাকলে যা হয় আরকি	Negative
2291	দেয়ার ইস কোন ব্যাপার না।টার্গেট সাড়ে তিনশ হবে আর আমরা তা নিয়ে নিবো।ইনশাল্লাহ	Negative
2292	এইসব নাদান পোলাপান সংবাদ সম্মেলনে যা মুখে আসে তাই বইল্লা যায়	Negative
2293	ভাই গাজাটা একটু বেশি হয়ে গেল না?	Negative
2294	নির্লজ্জ খেলোয়াড় দের মুখে সবসময় হাসি থাকে!	Negative
2295	শ্রীলঙ্কা জিতছে ১০০%	Positive
2296	কোচ দরকার। কোচ ছাড়া দল নিয়ে যে তুঘলকি কান্ড শুরু করেছে তা বলার বাইরে।	Positive
2297	এবার আরেক বিশ্বখ্যাত নান্নু কাক্কুকে কোচের দায়িত্ব প্রদানের জন্য জাতি জোর দাবি জানাচ্ছে।	Negative
2298	২০০৭ সালে লন্ডভন্ড ভারতকে উনি ২০১১ তে অপ্রতিদ্বন্দ্বী চ্যাম্পিয়ন করেছেন।	Negative
2299	কোচ দিয়ে কি হবে। বাংলাদেশ আ এ ত সুজন আছে।আজাইরা বিদেশীদের টাকা দিয়া লাভ কি?	Negative
2300	আমার মনে হয় বাংলাদেশ দলের কোচ কেউ হতে চাইবে না কারণ মিডিয়ার মাধ্যমে তারা আর বাশ খেতে চায় না	Negative
2301	বাংলাদেশের জাতীয় ক্রিকেটদলের জন্য একজন যোগ্য বাংলাদেশি সাবেক ক্রিকেটারকে হেড কোচ করা উচিত।।	Negative
2302	কোচের কোন দরকার নেই। মাশরাফি,মহমুদুল্লাহ,সাকিব,মুশফিক এরা ছোটদের কে শিখালেই তো হয়	Negative
2303	পেটকু কাক্কুরে আজীবনের জন্য কোচ করে রাখা হোক	Negative
2304	পাপ্পু যতদিন বিসিবিতে থাকবে ততদিন কোচ এনেও দলের সুফল হবে না।.	Negative
2305	না অাছে কোনো পাওয়ার হিটার, না অাছে একটা লেগস্পিনার, না অাছে নিয়মিত স্ট্রাইক রোটেট করার মত ব্যাটসম্যান!	Negative
2306	রা ফাও চিল্লাপাল্লা করে তারা ক্রিকেটীয় সেন্স রাখে বলে আমি মনে করি না। .	Negative
2307	শেষ পর্যন্ত কথা অইটাই, সবকিছু রাজনীতিকরণ করলে কোনকিছুর রেজাল্টই ভালো হবে না	Negative
2308	তারা অস্ট্রেলিয়া-ইংল্যান্ডের সাথে ট্রাই-নেশন সিরিজ রাখবে না। রাখবে জিম্বাবুয়ে আর শ্রীলংকার সাথে।	Negative
2309	মিরপুরে সেই আদিকাল থেকে খেলে আসতেছে,অন্য কোনো জেলায় খেলা তেমন দেয় ও না,,আর কত অভিজ্ঞতা লাগবে এই আচোদা দের।।	Negative
2310	চিটাগাং-র মতো ব্যাটিং পিচে খেলা আয়োজন করা উচিৎ ছিল	Neutral
2311	আমাদের দল এশিয়া কাপ খেলার সময় বলেছে এটা , যা হবার হয়েছে, পরের ম্যাচ দেখ	Negative
2312	আমরা এখন আফগানিস্তানের ও সাথে পারবো না.!	Negative
2313	ইন্ডিয়া জিতবে! মোমেন্টাম ওদের সাথেই আছে?	Positive
2314	লাস্ট ইয়ার আমরা বিজয় হাজারে ট্রফি চ্যাম্পিয়ন হয়েছিলাম।	Positive
2315	আর এই সিরিজ টা আমরা জিতলে হয়তো সাংবাদিকের অত্যচারে হাতুরির স্যলাইল করা লাগতো।	Negative
2316	মাগির পোলা সাব্বির বাইঞ্চোদ খানকির ছেলে ক্যাচ মিস করে আর ব্যাটিংয়ে গোল্লা মারে।।	Negative
2317	পোলা পাপন,নান্নু,সুজইন্নার পদত্যাগ চাই	Negative
2318	প্রথম ইনিংসের পর যদি ফার্মগেটের হিজলাগুলারে দিয়ে ওদের ৩০ মিনিট ঠাপ দিতো।তাহলে সেকেন্ড ইনিংসে ঠিকি দায়িত্ব নিয়ে খেলতো।	Negative
2319	মাল আউটের আগে অল আউট।	Negative
2320	খেলোয়াড়দের কথা বাদ দিলাম। বোর্ড, কোচ, নির্বাচক রা কি করছে	Negative
2321	একটা মাঠে আর কত খেলবে? একটা নতুন মাঠ তৈরি করতে পারে নাই	Negative
2322	ক্রিকেট বোর্ড মনে হচ্ছে লুটতোরাজ জায়গা।	Negative
2323	ইমরুল নাকি বাংলাদেশের টেষ্ট স্পেশালিষ্ট ওপেনার ব্যাটসম্যান???	Negative
2324	৬৬ ইনিংসে ব্যাট করে ইমরুল রান করেছেন মাত্র ১৬৭৯।	Negative
2325	সুজুন্নার হেটার ম‌ধ্যে দুইটা লা‌থি দিয়া টেক‌নিক্যাল ডি‌রেক্টরের পদ থে‌কে ও‌রে সরাই‌তে হ‌বে	Negative
2326	বাংলাদেশের ক্রিকেট খেলা না দেইখা লুডু খেলা দেখাও অনেক ভালো	Negative
2327	আমাদের ব্যাটসম্যানদের কাণ্ড দেখে মনে হচ্ছে এদের জন্য হাথুরুর মত রাগী কোচ ই দরকার	Negative
2328	মার মনে হয় কিউরেটর নতুন কাউকে নিয়ে আসা যেতে পারে।	Negative
2329	ভাবসাবে মনে হয় মোসাদ্দেক আসলে শ্রীলংকাকে টপকিয়ে দিত!	Negative
2330	সালমান এফ রহমানের চাকর হলো পাপন ছো সে হিসেবে বসের কথা না মেনে উপায় আছে	Negative
2331	শুধু শুধু নির্বাচক আর সাব্বির এর দোষ দিয়ে কি লাভ!	Negative
2332	ষাড়(স্যার) সাব্বির কে কিছু একটা দেয়া হোক,ষাড় লিটন ডাশ (দাস)কে আজীবন সন্মাননা দেয়া হোক।	Negative
2333	আসলে তার সমন্ধে আমাদের ভুল ধারণা ছিল তা প্রমাণ করে দিলেন পাপন, সুজন রা	Negative
2334	ক্রিকেট এর এই অধঃপতনের জন্য পুরো নির্বাচকমণ্ডলী দায়ী। আমি গাজাখোর গুলোর বিদায় কামনা করছি।	Negative
2335	সাব্বির,ইমরুল তোদের মতো আবাল প্লেয়ার কেমনে দলে চ্যান্স পাই বুঝলাম না,তুদের থেকে পাড়ায় পাড়ায় গিয়ে ম্যাচ খেলতে হবে	Negative
2336	জানা গেছে বাংলাদেশ টিম হারার পর মদন মার্কা ফানরা মংগল গ্রহে যাওয়ার টিকিট নিশ্চিত করে এখন মিরপুর রিকশাপললিতে ল্যানড করার সিদ্ধান্ত নিয়েছে	Negative
2337	স্পিন বিষে নীল করার জন্য বোলিং উইকেট বানাইছে, এখন নিজেরাই লাল- নীল, হলুদ-টিয়া বাত্তি দেখতাছে।	Negative
2338	তিপক্ষের সামনে দাঁড়াতেই পারেনি,সেখানে বাজির কথা বলাটাই তো বাহুল্য!,	Negative
2339	খেলার প্রথম ভুল হচ্ছে ভয় আর অদক্ষ ব্যাটিং।	Negative
2340	হাতুরে মাল চিনে ?	Negative
2341	সহকারি যেসব কোচ ছিলো তাদের কাউকে আপত কালিন কোচ করা যেতো	Negative
2342	আজ T20 তে কেন সাদা পোশাখ ছিল?	Negative
2343	আসলে এখনও বাংলাদেশের ঐ দিন আসেনাই!!	Negative
2344	এর চেয়ে সুন্দর সিদ্ধান্ত আর কি হতে পারে? টি-টুয়েন্টির প্র্যাকটিস ম্যাচ টেষ্ট ক্রিকেট!!	Negative
2345	উনাদের একখ অবসর নেওয়া উচিৎ, উনারা যথেষ্ট নাম, ডাম কামিয়েছে, বাকি জীবনে ফেয়ার_অ্যান্ড লাভলির টিভি অ্যাড আর মডেলিং করে খাইতে পারবে।	Negative
2346	বাংলাদেশ হারায় সবচেয়ে খুশী একজন! সেটা হচ্ছে পীরবাবা ম্যাছরাফি !	Negative
2347	দয়াকরে চুপ থাকুন, আমরা জিতলে মনটা আনন্দে ভরে যায়, হারলে মনটা খারাপ হয়	Negative
2348	তাই বলে এমন হার না,যারা একবারো দুইশ রান করতে পারে না,	Negative
2349	টেস্ট থেকে বাংলাদেশ কে বাদ দিয়া আবগান বাহিনি কে জায়গা করে দেয়া হোক	Negative
2350	প্রতিদিন খেলোয়ার পরিবতন না করে তারা কেন ভালো খেলতে পারছে না সেদিকে নজর দেয়া অবে জ্ঞানীর কাজ।	Negative
2351	মিনহাজুল আবেদিন নান্নু।বেষ্ট যুক্তি অফ দ্যা ইয়ার।।	Negative
2352	কি সুন্দর যুক্তি, অনুশীলনের জন্য সাব্বির টেস্ট দলে সুযোগ দেয়া ।	Negative
2353	"প্রধান নির্বাচক মিনহাজুল আবেদীন "" ‘টি-টোয়েন্টি সিরিজে সাব্বির কে নিয়ে আমাদের পরিকল্পনা আছে।"	Negative
2354	নাচতে না জানলে উঠান বাকা	Negative
2355	সেই স্থান পূরণের জন্য সাব্বির টেস্টে থাকবে--হার্টহিটার নান্নু	Negative
2356	এরা কিভাবে নির্বাচক হয়,আমার বুঝে আসে না।	Negative
2357	মোসাদ্দেক জাতীয় দলে খেললে মোহামেডান এ খেলবে কে? জাতীয় স্বার্থ থেকে ব্যক্তি স্বার্থইই বড়।	Negative
2358	আমাদেরকে র বোকা বানাবেন্না সাব্বিরের ফর্ম নেই কনফিডেন্স তলানিতে ইম্রুল কায়েস	Negative
2359	যত 0 রানে আউট হবে ত তো দলে জায়গা হবে, শালাদের প্যান্ট খুলে সবার সামনে এনে পাছায় লাথি মারতে হবে	Negative
2360	ওরে বাবা বিশ্বের কত বড় খেলোয়ার,যে টেস্ট ম্যাচেও T20 প্রাকটিস করে।	Negative
2361	মাহমুদুল্লাহ কেন দলে সে ব্যাখ্যা নাই,ইতে কেমনে আর এক জনের ব্যাখ্যা দিবে...	Negative
2362	নিজের দেশের মাটিতে এ কেমন খেলা।	Negative
2363	শাহরিয়া নাফিজ, তুষার ইমরান এদের নিতে ষুদে	Negative
2364	একটা খেলায়ার যদি,বার বার খারাপ খেলে,ওরে কি বার বার সুযোগ দেয়া উচিত।	Negative
2365	আসলে বাংলাদেশের নির্বাচন কমিটি শাধিন ভাবে কাজ করতে পারছেনা মনে হয়	Negative
2366	কায়েস কে বাদ দেয়া হোক	Negative
2367	সাব্বির দি ব্যাডম্যান!!	Negative
2368	জোরে বলুন ম্যাঁও!	Negative
2369	গাঞ্জাখুর নির্বাচক	Negative
2370	রেন্ডিয়ার মালুদের চুলকানি শুরু হয়ে গেছে তাহল?	Negative
2371	শ্রীলংকার সাথে প্রথম ওয়ানডে ম্যাচ জিতে কি ভাব!!	Negative
2372	এ বাল মার্কা খেলারও কি পরিমান মুরিদ আছে জানেন!?	Negative
2373	তাই মাশরাফি রে বাদ দিয়া কামরুল ইসলাম রাব্বি কে রাখা যায় আর স্পিনার হিসাবে সানজামুল	Negative
2374	সৌমই বাদ, যে কিনা পিটাতে পছন্দ করে	Negative
2375	নাইন ভাই মুশিকে একটু ডানো খাওয়ালে ম্যাচিউরিটি এসে যাবে	Negative
2376	হাথুরু আমলে তো এতটা দুর্বল ছিল না বাংলাদেশ।	Negative
2377	Polash করলো শ্রীলঙ্কা র প্রশংসা অার ঢুকাইলেন ভারত!! এ কেমন বিচার!!	Neutral
2378	আমাদের খেলোয়ার, দর্শক, সমর্থক এবং মিডিয়া এখনো অপরিপক্ক	Negative
2379	মরুলের চেয়ে অন্যরা আরও যে খারাপ। তুলনামূলক সে একটু খেলেছে!!	Negative
2380	ওই সব আবালদের বেশীরভাগই পীরবাবা ম্যাছরাফির মুরিদ	Negative
2381	বিরাট কোহলির ফেনরা লাইক বটম দাবান।	Neutral
2382	আজও কোহলির ৭৫ রানের জ্বলমলে ইনিংস।	Positive
2383	আমাদের দেশের ব্যাটসম্যানরা যে পিচে ব্যাট হাতে ছটফট করেছে শ্রীলংকান ব্যাটসম্যানরা সেই পিচেই ধৈর্য্যের পরিচয় দিয়েছে। নাচতে না জানলে উঠোন বাকা!	Negative
2384	রোশেন সিলভা ২০০ ইনিংস খেলছে ডমেস্টিকে তারপর সুযোগ পাইছে!!	Positive
2385	হারজিত থাকবে তাই বলে নিয়মিত জেতা ম্যাচ হারাটা কীসের পরিচয় দেয় জানেন?	Negative
2386	বাংলাদেশ ক্রিকেট দলের সাথেযারা জরিত তাদের ছাগল বলে দুক্ষ্য প্রকাশেও শ্যামলালের অবস্তা	Negative
2387	চন্ডিকা হাতুরেসিং চোখে আঙ্গুল দিয়ে বুজিয়ে দিলেন যে, শিষ্য যতই বড় হোক না কেন তা সব সময় গুরুর পায়ের নিচেই থাকে।	Negative
2388	আমাদের চিত্রনায়ক রুবেল ক্রিকেট নিয়ে কিছু কথা বলে ছিলেন কয়এক দিন আগে সেটা শুনে আমাদের কিছু কিছু লোকের মটেও ভাল লাগেনি কিন্তু ভেবে দেখেন ভালই বলে ছেন ওটা ই করা উচিত তাহলে সবাই ভাল খেলবে টাকার পুড়া বলে কথা ৷	Negative
2389	এভাবে খেললে আশা করি আমরা বিশ্ব রের্কড করবো	Negative
2390	মহিলা ক্রিকেট টিম নামিয়ে দিলেই ম্যাচ টা জিততে পারত পাপন কাক্কুরা ।	Negative
2391	নিজের দেশের উইকেট এ ব্যাট করতে পারে না লজ্জা, লজ্জা।*	Negative
2392	শুনে অামার হাসি পায় সুজন কেমনে কোচ হয়	Negative
2393	স্পিন বা পেস সহায়ক কোনটাই বানালে ধরা খেতে হবে... আমাদের উচিত ব্যালান্সড উইকেট বানানো যেখানে মূলত ব্যাটসম্যানরাই সুবিধা পাবে।	Negative
2394	খেলা হবে একদিকে বাংলাদেশ বনাম শ্রীলংকা অন্যদিকে বিএনপি বনাম আওয়ামী	Negative
2395	সে ঠিক মত বোলিং করাতে পারে না।	Negative
2396	অর্ডার ব্যাটসম্যানরা সম্ভবত সুযোগটা নিতে দিলোনা	Negative
2397	বুঝতে হবে বিয়ে করলে জোর বাড়ে,,প্রমানিত কলি	Negative
2398	ঘরে বাহিরে এক সমান।সব দেশের মাঠে ১০০আছে কোহলির	Negative
2399	ওরা বড় খেলুয়ার ওদের বড় বড় ব্যাপার।	Negative
2400	শালারা কয়েদী বংশধরের কাছে হারে।	Negative
2401	আজ কেপটাউনের নিউল্যান্ডসে শুরু হওয়া আফ্রিকা ভারতেন মধ্যকার ৬ ম্যাচ সিরিজের তৃতীয় ওয়ানডেতে ক্যারিয়ারের ৩৪ তম সেঞ্চুরী তুলে নিয়েছেন বিরাট	Positive
2402	বাংলাদেশের সাপোর্ট পাওয়ার জন্য ধন্যবাদ,	Negative
2403	সেটা খেলাধুলা, অর্থনৈতিক ও প্রতিরক্ষার বিষয়ে	Neutral
2404	এতিমধ্যতে ও পীরবাবা দেশের হয়ে সর্বোচ্ছ ৩২ বার আন্ডা মারার রেকর্ডের এর মালিক হয়ে বসে আছে।	Negative
2405	প্লেয়ার দের নামে বাজে কমেন্ট করিস, তোর রোদ্দগুষ্টি মাশরাফির পায়ের কাছে যেতে পারবে	Negative
2406	তোর যদি পীরবাবা সম্পর্কে ধারণা না থাকে ক্রিকইনফোতে পীরবাবা সম্পর্কে পড়।	Negative
2407	পীর বাবার নুনুর ওপর দিয়া রোলার গেছিলো তাই সাত বার সার্জারি করা লাগছে	Negative
2408	এবার থেকে পীরবাবার আবাল সার্পোটারদের ও সার্জারি করতে হবে। তবে সেটা ব্রেনের,	Negative
2409	তুমি তো একটা নাম্বার ওয়ান বজ্জাত।	Negative
2410	নিলয়, তুমি খেলা দেখলে এই কথা বলতে না,,,এখন তো প্রতি ম্যাচে প্রায়ই ম্যাশ এর রান রেট কম থাকে,	Negative
2411	এখানে অনেক ভালো মানের ব্যাটসম্যান পাওয়া যায়	Positive
2412	আন্তর্জাতীক টিমে আসলে তাদের টাউজার ফেটে যাই.....হা হা হা??	Negative
2413	বাহিরে পারে না শুধু পারে ভেতরে!	Negative
2414	দেশ,পেমিক	Positive
2415	আরে ভাই মানলাম ওরা সবাই আবাল।তুমি যদি এতই বাল হও গিয়ে সেনচুরি করে আসতা	Negative
2416	একম্যাচে খারাপ খেললেই...এজন্যই বাঙালি হাসির পাত্র	Negative
2417	৭ টা ইনজুরী থেকে বারবার ফিরে না হয় বাদ ই দিলাম।	Negative
2418	গতিদানব হাসতে হাসতে পেট ব্যাথা হয়ে গেলো।	Negative
2419	সত্যি বলতে আফগানিস্তান ক্রিকেট আমাদের ক্রিকেট এর চেয়েও অনেক দ্রুত এগিয়ে যাচ্ছে।	Negative
2420	দুর মিয়া বস কে নিয়া কি আমি ট্রল করতে পারি ,!! বস দলে না থাকলে খেলা তো কেউ দেখবে না ,	Negative
2421	আশা করি বুঝবে অথবা তাকে রিমুভ করে,অন্যকে ইনক্লুড করো	Negative
2422	"মুমিনুল ভালো মানের ব্যাটসম্যান না।""লিটন প্রথম ইনিংসে ০ করবার পর সবাই পরের ইনিংসের চিন্তাটা প্রায় করে নি বা তার প্রয়োজন বোধ করে নি"	Positive
2423	কত ছিল ভাই নাঈম? ৮২ থেকে কম না	Negative
2424	খেলাটা বাংলাদেশ আর শ্রীলংকার মধ্যকার। এখানে বারবার হাতুরুকে টেনে আনার মত ছাগলামী কেবল আবালরাই করতে পারে।	Negative
2425	কাল মমিনুল দু'ম্যাচ খারাপ খেললে এই মাদারচোদ সাংবাদিকরা ওর চৌদ্দগুষ্ঠি উদ্ধার করবে!	Negative
2426	অন্যরা যখন ব্যর্থ হচ্ছেন, তাঁকে তো আরও আগেই এনে নতুন কিছুর চেষ্টা করা যেত!	Positive
2427	বিশেষজ্ঞ স্পিন কোচ থাকার পরও কেন ঘরের মাঠের উইকেটে জায়গা খুঁজে পাবেন না স্পিনাররা?	Negative
2428	তামিম ইকবাল কে কিছু বলেন্না কেনো,ওনি যখনি বাংলাদেশ এর রানের প্রয়োজন তখন তিনি সেই দিন রান না করে আউট হয়ে জায়	Negative
2429	নিষিদ্ধ ক্রিকেট লিগ ও দেশ বিরোধী আপনার সিদ্ধান্তের বিষয় কি আপনার অনুশোচনা হয়?	Negative
2430	আফতাব ভাই , আপনার কোচিং ক্যাম্প চট্টগ্রামের কোন জায়গায় হয় . আপনার সাথে কোন জায়গায় আসলে যোগাযোগ করা যাবে .?	Positive
2431	খুব খারাপ লাগছে কি করে ইউকেট হারিয়ে এসেছে বুজতেই পারলাম না দোয়া করি কাল ভালো কিছু করুক	Negative
2432	অনেক দিন পর দেখলাম আফতাব ভাই কে।।	Negative
2433	আমার প্রিয় খেলোয়ার	Positive
2434	ভাই কেউ জানেন বিডি কত করছে	Neutral
2435	মিস ইউ বস	Positive
2436	এই লেভেলে এসে মমিনুল আর মুশফিকের আউট না মেনে নেয়া যায় না।।।।	Negative
2437	বাদ্দপ সাকিব???আচ্ছা রাগ করবেন নাহহ ভাই।	Negative
2438	পীরবাবার মুরিদরা বাবার নুনুর পানি খেয়ে পবিত্র হয়ে নিন!	Negative
2439	তোমারা আমাকে একটা পীরবাবা মাশরা ফি দাও আমি তোমাদের ১০০ টা মুরিদ দেব ----বানীতে স্যার ডন ব্যাডম্যান	Negative
2440	বিবেক বনাম আবেগ	Negative
2441	ত্রি দেশীয় ওডিআই সিরিজে কোন বাল ফালাইছে তোর বচ!! শালা আবালের দল	Negative
2442	প্রশ্ন হলো, নান্নু এতো প্লান করে কেন?তার প্লানিং দেখলে শুনলে শুধু মারার ইচ্ছা করে ওরে।	Negative
2443	এখন ও সময় আছে।। বাংলাদেশ এর ক্রিকেট কে বাঁচাতে নান্নু,বাশার,সুজন এর জায়গায় অন্য কাউ কে বসানো হোক।।	Negative
2444	সাকিব মিনহাজুল কি জানতো না জানতো এসব ফালতু তত্ত্ব দিয়ে জনতার কি উপকার হবে।	Negative
2445	আমার তো মনে হচ্ছে বাংলাদেশ ক্রিকেট নিয়ে বানিজ্য শুরু হয়েছে ,	Negative
2446	একে আসলে নির্বাচক প্যানেল থেকে সরিয়ে দেয়া উচিৎ	Negative
2447	এত পাগল নিয়ে কি যে করি	Negative
2448	নান্নুর বউ টাকে ভালো করে চিনি,একজন চরিত্রহীনা মেয়ে,চালচলনে লুচ্চামি	Negative
2449	মিনাজুল হলো আবাল	Negative
2450	টেস্ট খেলে টি টুয়েন্টির অনুশীলন! বাহ নান্নু বাহ!!	Negative
2451	আমি জানি পাপনের আবাহনী তে খেলানোর জন্য মোসাদ্দেক কে এই স্কোয়াডে রাখা হয়নি।	Negative
2452	কোচের পাশাপাশি দেশের বাইরে থেকে নির্বাচক কমিটি নিয়োগ দেওয়া উচিত। বর্তমানে যারা এই দায়িত্ব পালন করছেন তারা খুব জঘন্য!	Negative
2453	মুশফিক, মাহমুদুল্লাহ, মুমিনুল অনবরত পারফরম্যান্স করার পরেও তাদের দলে থাকা না থাকা নিয়ে টেনশন করতে হয় ॥	Negative
2454	টেস্ট করতে আর ফরম্যাট পেলেন না,,এই যুক্তির কোন গ্রহনযোগ্যতা নেই,ওনার পদত্যাগ করা উচিত,অবশ্য এই দেশে পদত্যাগের সংস্কৃতি নেই,,	Negative
2455	নির্বাচকমণ্ডলী দের গালে জুতা মারা উচিত.. হালার পুতরা টাকা খাইতে খাইতে মাথা উতা টিক নেই. কি বলতে কি বলে একটু চিন্তা করি নায়।	Negative
2456	গুগল সার্চ করে মিনহাজের রানরেট দেখে নিন? এভারেজ ১৪ রানরেট নিয়ে এমন একজন ব্যক্তি কি করে প্রধান নির্বাচক হয়??	Negative
2457	ইমরুল বাদে বাকি তিনজনের আউট মেনেনিতে পারছিনা ?	Negative
2458	আফতাব আহমেদ, আপনার সেই ৬টা এখনো ভুলতে পারিনি।	Negative
2459	জরিমানা করা হউক। ৩ মাসের বেতন কর্তন।	Negative
2460	মামুর পোলারা কোচের বদ নাম করো এবার কোচ কি জিনিস দেখাই দিচে হাতুরে সিং ।	Negative
2461	হাথুরে বেটা কত্তটা যে খারাপ সিদ্ধান্ত বাংলাদেশের হয়ে নিয়েছে তা বলা যাবেনা।	Negative
2462	বাংলাদেশ টাইগার বাহিনী বলে কথা। হাহাহা।	Negative
2463	এই কান্না তোমাদের একার নয় আমাদের ১৬ কোটি মানুষের।	Positive
2464	ম্য - সাব্বির-মুস্তাফিজের মত তাদেরকে অংকুরেই বিনষ্ট না করা হোক।	Positive
2465	স্যার লিটন কে লাইফ সাপোর্টে রাখা হয়েছে।	Negative
2466	এই সিরিজে বাংলাদেশ কে ফেভারিট মানতে হবে আমার বিশ্বাস বাংলাদেশ ফাইনাল খেলবে৷	Positive
2467	তারপরেও শুভকামনা রইল টাইগারদের প্রতি।	Positive
2468	ওপেনিং ঠিক আছে বিজয়ের আশা এখনো ছেড়ে দেওয়ার সময় হয়নি ভাবতে হবে মির্ডল অর্ডার নিয়ে	Positive
2469	ধন্যবাদ টিম সিলেক্টরদের ।	Positive
2470	তার যুক্তিতে বাবার গন্ধ আছে	Negative
2471	ব্যাঙলাদেশের শোচনীয় পরাজয়ের একমাত্র কারন, শ্রীলঙ্কাকে ফাইনালে তোলা ।	Negative
2472	বাংলাদেশ দলে পারফরম্যান্স এর কোনো দাম নেই ।	Negative
2473	বাহিরে গেলে মানিয়ে নিতে একটু সমস্যা হচ্ছে আবে যে পারে সবজায়গাতে পারে।	Negative
2474	ঘরোয়া লিগে সবাই বাল ফালাই!!আর টিমে আসলে লেজ নাড়ে!!!বালডা খেলে।	Negative
2475	মুসলিম দেশে কোনো না কোনো সমস্যা লেগেই থাকে,,দুর্নীতি,রাহাজানি কোনো অংশে কম নয়	Negative
2476	আমি বাংলাদেশের পরেই আবগান সাপর্টার	Positive
2477	এ রিপোর্ট দিয়ে, বেইমান হাতুরুর সাফাই গাওয়া, দালালির লক্ষণ।	Negative
2478	শ্রীলংকার হেরাথ,মুরালি যে বয়স পর্যন্ত খেলেছেন,রাজ্জাক ও সেরকম বয়স পর্যন্ত খেলা উচিত	Positive
2479	যেখানে মাহমুদুল্লাহ টেস্ট স্কোয়াডে টিকে থাকাই প্রশ্নবিদ্ধ।সেখানে তাকে অধিনায়ক করাটা ২০১৮ সালের সেরা জোক	Negative
2480	মমিনুল এখন ফর্মে আছে। তাই ভাল খেলছে।	Positive
2481	মিলন ভাই সহমত প্রকাশ করছি	Negative
2482	তা দাদা অন্য কেউ পারল না কেন?? পিচ সবার জন্যই তো এক...	Negative
2483	বিরাট কোহলি ও শুরুর দিকে মোহনবাগান এর হয়ে কলকাতা ময়দানে খেলে গেছেন।।	Positive
2484	এগিয়ে যাও বাংলাদেশ, এগিয়ে যাক বাংলাদেশ ক্রিকেট	Neutral
2485	বজ্জাত কোথাকার।	Negative
2486	জুমার নামাজ বাদ দিয়ে খেলা	Negative
2487	নান্নু এখন গাজা খায় তাই বোড এর কাছে অনুরোদ নান্নু কে একাটা গাজার বাগান করে দেওয়া হোক	Negative
2488	না ভাই নাই কোহলি বিশ্ব সেরা ব্যাটসম্যান দের একজন কিন্তু এই যুগে সে সবার থেকে আলাদা এবং সবার সেরা	Negative
2489	,মুমিনুল জ্বলে উঠ,ব‍্যাটিং করে এই কমেন্টের জবাব দিতে হবে, মুখে নয়।	Positive
2490	বাংলাদেশে ক্রিকেটে আপনাদের সাপোর্টার কম না,,পারলে বেশী।	Negative
2491	আমার মনে অয় সাব্বির,সৌম,মোসাদ্দেক ভবিষতে ভালো ক্রিকেটার অবে।	Positive
2492	মামু, চাচা নেই বলে অবহেলিত ক্রিকেটার আব্দুর রাজ্জাক কে, দীর্ঘ দিন থেকে জাতীয় টিমে নেওয়া হয়নি,,,	Negative
2493	আরেক পাঠা আইছে মোসাদ্দেক কে নিয়ে।	Negative
2494	অসাধারন খেলছে,এমনটাই তে চাই আমরা।শুভ কামনা	Positive
2495	ম্যাছরাফি হলে ছক্কার বদলে দুইটা পাদ মেরে দিতো।	Negative
2496	হাতুরু কিন্তু এইসব ব্যাপারে খুব প্রফেশনাল ছিলেন।	Neutral
2497	।আমার কাছে মনে হয় তার ফিফটি দুইটা দুই সেঞ্চুরির সমান।	Positive
2498	বগুড়ার শহীদ চান্দু স্টেডিয়ামসহ অন্যান্য বিভাগীয় মাঠে তাই আগামীতে আয়োজন করা হউক।	Neutral
2499	প্রতি ম্যাচ সাকিব তামিম মুশফিক জিতাবে বাকিরা বাল ফেলবে এটা হতে পারেনা।	Negative
2500	আজকে আমাদের rsa-ind সিরিজ নিয়ে আমরা চিন্তিত, পরের খেলা নিয়ে মাথা ঘামাবো কি, ধন্যবাদ	Negative
2501	'আফ্রিকারা এবার নিজের দেশেই ধবল ধোলাই খাবে	Negative
2502	কহলি ও শেন্চুৱি করছে,সেই খবৱ কই	Negative
2503	যে দেশের প্লেয়ারদের কোন জবাবদিহিতা নেই, কোন দায়বদ্ধতা নেই... আছে একটা ম্যাচ জিতলেই ফ্ল্যাট, জায়গা, বাড়ী উপহার সেই দেশে তো এমনই হওয়া উচিৎ	Negative
2504	বাল তোমাগো মতোন সাংবাদিকগো লাইগা আজ টিমের এই অবস্তা	Negative
2505	এমন দেশ প্রেমিক খেলোয়ার দেশে কমে আছে।	Positive
2506	ফালতু সাবিবর	Negative
2507	শূয়োররা গু হারা হারলো..	Negative
2508	একজন দক্ষকোচের অভাব।।	Negative
2509	ওরে আবালরা দেখ, যে শ্রীলংকা জিম্বাবুয়ের কাছে দেশের মাটিতে সিরিজ হেরেছিল, তারাই আজ বাংলাদেশের মাটিতে সিরিজ জিতে গেল	Negative
2510	প্রিয় ক্লাব মোহামেডানকে প্রিয় প্লেয়ার আফতাব আবারও চ্যাম্পিয়ন করাক,,অনেকদিনের শিরোপাখরা কাটুক...আফতাব ভাইয়ের কাছে এই প্রত্যাশা রাখি	Negative
2511	সাকিবের যোগ্য সংগি রাজ্জাক।আগেও প্রমান হয়েছে এখনো হবে ইনশাল্লাহ।	Positive
2512	টেস্ট ম্যাচে প্রয়োজন অভিজ্ঞ খেলোয়ার, যারা অভিজ্ঞ তাদের সুযোগ দেয়া হয়না জিতবে কি ভাবে	Negative
2513	আবারো অনুরধ করি দেশের ভাবমুরতি র নষ্ট কইরেন্না আমাদেরকে আকাসে উঠান আবার মাটিতে নামিয়ে আনেন,,	Negative
2514	৩২ ধারা আছে! সাধু সাবধান!	Neutral
2515	সাদা পোষাকে রঙ্গীন প্রত্যাবর্তন. প্রমান করলেন রাজ্জাক ভাই ফুরিয়ে যান নি	Positive
2516	অতী চালাকের গলায় দড়ি একটা কথা আছে না !	Negative
2517	মেও ভাই  আজকা সেই গর্জন করেছে একেবারে বিড়ালের বাচ্চার মত	Negative
2518	৩৫ পাড়ি দিয়েও রাজ্জাক এখনো ক্ষুরধার... তাহলে বুঝেন ৪০ পেরোনো গতি দানব সুজন কি করতে পারে!	Positive
2519	আমার কাছে মনে হয়েছে এই ম্যাচে সবাই পেশাদারিত্ব নিয়ে খেলে নাই।	Negative
2520	এক টেস্ট দেখেই মোসাদ্দেককে পাঠিয়ে দেওয়া হলো প্রিমিয়ার লিগ ক্রিকেট খেলতে।	Negative
2521	মুমিনুলের পর, রাজের রাজসিক প্রত্যাবর্তন।	Positive
2522	নান্নুভাইরে ফেমিকন খাওয়ান দরকার,,,	Negative
2523	কোহলির প্রশংসা করাতে অনেকের খারাপ লাগতে পারে, কিন্তু আমি সত্যিটাই বললাম	Negative
2524	আসলেই নির্ভার বাজেভাবে আউট হলেও কোনরুপ জবাবদিহিতা করতে হবে না	Negative
2525	আমি বাড়ীর উঠানে সেঞ্চুরী,ডবল সেঞ্চুরী মেরে ক্যারিয়ারের সেরা সময় পার করছিলাম।	Negative
2526	কমপক্ষে আড়াইশো রানের ব্যবধানে বাংলাদেশ দলের পরাজয় তামিমদের কপালে লেখা হয়ে গেছে।	Negative
2527	২০০ রানের হার।	Negative
2528	যে দিন থেকে টেস্ট খেলা দেখি (৯-১০ বছর ) এর মাঝে আপনাকে মনে হয় না ১৯ এর কোটা পার হতে দেখেছি!	Negative
2529	হাথুরু ধার ধারে না। কিছু যায় আসেনা।	Neutral
2530	টিম মেনেজমেন্ট থেকে শুরু করে সবাইকে গাজার পরিবর্তে অাফিম দেওয়া প্রয়োজন... যাতে নেশা হলে ও মস্তিষ্ক টা নিয়ন্ত্রণে থাকে.....ফালতু সব গাজাখুড়ি বাহানা	Negative
2531	ধু সাব্বির ছাড়া বাকি সবাই যোগ্য ছিলো স্কোয়াডে।	Negative
2532	গতিদানব সুজন খেললে দলের গতি আরো বাড়তো	Negative
2533	গ্যারি কারস্টেনের জন্য যত টাকা লাগুক, উনার বিকল্প নেই।	Positive
2534	"শুধু খবিশ না,আমি মনে করি বাংলাদেশের বেশ কিছু খেলোয়াড়কে ""রোজিনা কামলা"" হিসাবে খেতে-খামারে সাপ্লাই দেয়া দরকার।"	Negative
2535	না অাছে কোনো পাওয়ার হিটার, না অাছে একটা লেগস্পিনার, না অাছে নিয়মিত স্ট্রাইক রোটেট করার মত ব্যাটসম্যান!	Negative
2536	নায়লা নাইমকে কোলে বসিয়ে বিজ্ঞাপন করা বা ম্যাঁও বলার অপরাধে কিশোর দর্শক পেটানোর মতো সহজ না টেস্ট ক্রিকেট।	Negative
2537	বটে বটে -- দেশের খেলা গোল্লায় যাক --সাকিবকে যত্ন সহকারে বিশ্রামে রাখতে হবে ।	Negative
2538	কিকেটাররা কী সব বিএনপি করে ?খালেদা জিয়ার শোকে সব ব্যাট-বল ছেড়ে দিয়েছে	Neutral
2539	বিসিবিতেযে কিছু একটা চলছে,এই নিউজই সেটার প্রমাণ।আমরা আমাদের ক্রিকেটকে বিপণী-বিতান করে তুলছিনাতো?	Negative
2540	সাকিব সারাজীবন খেলবে না। এক সাকিব নেই বলে দলের এই হাল??? দলে সাকিবের বিকল্প খুঁজা জরুরী	Neutral
2541	লিটন দাসের ব্যাট আগামী ১০ ইনিংসের জন্য ঘুমিয়ে পড়বে ।	Negative
2542	রাজ্জাক কে এবার অন্তত দলে নিন বিসিবি..	Negative
2543	এই নান্নু তার ক্রিকেট জীবনে একটা ফিফটি করতে পারে নাই, যার ক্রিকেট সম্পর্কে কোন ধারনা নেই সে হলো নির্বাচক।	Negative
2544	অন্তত ১৫০ করা লাগবে।	Negative
2545	আরে জিতবা জিতবা 300 কোনো রান হলো তোমাদের মত ব্যাটম্যান থাকতে চিন্তা কী 500 হলে ও সমস্যা নাই	Negative
2546	আমি মনে করি প্রধান নির্বাচক কে বহিষ্কার করা উচিৎ.	Negative
2547	বাংলাদেশের মান সাম্মা সব নিলামে তুলছে বিবিসি,	Negative
2548	নবীনদের সুযোগ দেয়া দরকার.	Negative
2549	কিন্তু ম্যাচটা তো নিজের ইচ্ছাই হেরে যাওয়ার মত মনে হচ্ছে।	Negative
2550	শুনলাম তিনি নাকি ঢাকা প্রিমিয়ার লিগে ব্যাটে ও বলে ঝড় তুলছেন ।	Negative
2551	আমদের দেশের প্লেয়াররা ভয়টা একটু বেশি পায়।।	Negative
2552	নাসির, এনামুল, সৌম্য অনেক ভাল করত সাব্বিরের চেয়ে। কি যে খেলে বুঝি না।	Neutral
2553	মিরপুরে ২য় ইনিংসে পরে ব্যাটিং করা কঠিন আর দলে মোসাদ্দেককে না নেয়াটা বোধহয় ঠিক হয়নি। তরপরও শুভকামনা।	Positive
2554	সাব্বির টিটুয়েন্টি প্লেয়ার ।	Positive
2555	হাজার হল পুরাতন পিলিয়ার রাজ্জাক ভাই। তার অভিজ্ঞতা আলাদা।	Positive
2556	মুমিনুল ভাই এর উন্নতি চোখে পড়ার মত।আশা করি তার ব্যাট এরকমই হাসবে	Positive
2557	এমন একটি টুর্নামেন্টে রিজার্ভ ডে থাকা উচিৎ । কাল রংপুর জিতে গেলে কুমিল্লা তারা প্রশ্ন তুলতে পারে	Positive
2558	সারা বছর খালি ঘেউ ঘেউ করে মাগার কামড়টা দিতে পারে না।,	Negative
2559	দায়ীত্বটা নেবার মতো ব্যাটসম্যাট এখনো অভাব বাংলাদেল ক্রীকেট দলে ।	Negative
2560	বাংলাদেশের অবস্থা দেখে মনে হচ্ছে এরা আন্তর্জাতিক রাজনীতির উত্তর কোরিয়া। ,	Negative
2561	তাকে সুযোগ দেয়া হোক	Positive
2562	এইসব গুরুত্বপূর্ণ জায়গায় ভাল মানুষ বসানো দরকার।শালারা পলিটিক্স শুরু করছে এইসব জায়গাতেও!	Negative
2563	নিজ মাটিতে শ্রীলংকার কাছে টেস্টেও লণ্ডভণ্ড টাইগাররা?	Negative
2564	যে হোটেলে নিয়ে মাইর দেয় ,যে মাঠে দর্শককে মার দেয়।তার আর খেলার শক্তি থাকে	Negative
2565	স্পিনার দিয়ে ভালো কিছু করাটা খুব কঠিন হবে , তবে কিছুই হবেনা , এমনটা বলাও ঠিক না !	Negative
2566	অভিজ্ঞার একটা দাম আছে না!	Positive
2567	সবাই একমত হয়েছে যখন, তখন আবার সমস্যা কোথায়?	Neutral
2568	আবার কি চমক দেখাবে বাংলাদেশ টিম।	Neutral
2569	বাংলাদেশের খেলোয়াড়দের ও পাবলিকের যা লেকচার ,,, যেন তারা ১ নম্বর টিম,	Negative
2570	ভন্ড, গাদ্দার হাতুরু।	Negative
2571	আমাদের প্লেয়ার দের জন্য,দুধ-ভাত রেডি কর।	Negative
2572	বশ্য ১৩ বছর খেলা ২২ & ২৪ গড়ের ব্যাটসম্যান যে দেশে লিজেন্ড সে দেশের পাবলিকের সেন্স নিয়া কিছু বলার নাই!	Negative
2573	সিনিয়ার খেলোয়ার বাত দেওয়া উচিত এরা দায়িদ্ব নিতে যানে না এদের লজ্জা থাকা ঊচিত ১০০রানে অল আঊট হয়ে যায়	Negative
2574	আমরা কোন ভালো ব্যাটসম্যান পেলাম না টি টুয়েন্টি দলের জন্য।	Negative
2575	আমার মতে তামিমের টেস্ট খেলার যোগ্যতা নেই ।	Negative
2576	দি বাংলাদেশ জিততো তাহলে আজকে শ্রীলঙ্কাকে নিয়ে আর হাথুরু সিংহে কে নিয়ে ব্যাঙ্গ এর শেষ থাকতোনা,	Neutral
2577	এদের থেকে রিয়াদ শতগুনে ভালো	Positive
2578	মুশি কি করলো	Negative
2579	ঠিকই বলেছেন। তবে কিছু উন্নাসিক ভারতীয় সমর্থকও কম যায় না!	Neutral
2580	শুধু ক্রিকেট নয়, আমাদের কর্মক্ষেত্রেও প্রফেশনালিজম একদম সহ্য করতে পারি না আমরা বাংলাদেশিরা।	Negative
2581	হাতুরি র মুখে মারা উচিৎ!	Negative
2582	সত্যিকারের পেশাদাররা কখনো এসব নিয়ে মাথা ঘামান না।	Negative
2583	বিশ্বের যে কোন দেশ কে কাবু করতে পারে আব্দুর রাজ্জাক থাকে দলে নেওয়ার জন্য নির্বাচক কে ধন্যবাদ i love you প্রিয় খেলোয়ার রাজজাকি	Negative
2584	পরের বার এমন স্বজনপ্রীতি করলে যৌক্তিক যুক্তি টা সাজিয়ে রাখবেন,যাতে প্রেস কনফারেন্সে বিপদে পড়ে এমন আনকোরা যুক্তি মুখ থেকে বের না হয়।	Negative
2585	পাডার একটা দলের সাথে জয় নিয়ে উল্লাসের কিছু নেই।	Negative
2586	লেংটাদেশের ক্রিকেট খেলার কোন যোগ্যতা নাই এদের চেয়ে আফগানিস্তান টিম অনেক উন্নতি করেছে	Negative
2587	মোসাদ্দেক দলে থাকলে বাল ছিরা দিতো মফিজ সাংবাদিক!ফর্মে থাকা অন্যরা কি করেছে দুই ইনিংসে	Negative
2588	কোচের কি দরকার????!!!!! আমাদেরতো কালিবালি সুজন আছেই।।	Negative
2589	আবালের মত হেডলাইন. বাংলাদেশই একমাত্র হট ফেবারিট	Negative
2590	কিছু কমু না। শুধু এটা বলতে চাই, মমিনুল শেষ পর্যন্ত থাকলে যে কোন কিছুই হতে পারে।	Negative
2591	তরারে জুতা মারা দরকার টেষ্ট এ ১১০ রানে অলআউট হয়ে যায় তাও আবার নিজের দেশের মাটিতে।	Negative
2592	উইকেটে দাড়িয়ে বাংলার প্লেয়াররা যেভাবে হাসফাস করছে তাতে তো ১৫০ রান করতে পারবে কিনা সন্দেহ আছে	Negative
2593	এদের কি বলব ভাষা হারিয়ে ফেলেছি বলার কিছুই নাই	Negative
2594	যদি রংপুর রাইডার্স বিপিএল চ্যাম্পিয়নও হয় আমি তাতে আনন্দিত হবোনা।	Negative
2595	তাকে টেস্ট আর ওডিআই দলে নিয়মিত চাই।	Positive
2596	রাজ্জাকের পটু গরম করে দে এইবার	Negative
2597	ভোদাই কায়েসের দৌড় সেই ১৫ থেকে ২০ এর মধ্যেই।।	Negative
2598	কত কোচ এল আর গেল কিন্তু আমাদের বোলারগুলারে কেউ ব্যাটসম্যান বানাতে পারলনা।২৬ এভারেজ নিয়ে এই যুগে কেউ টেস্ট ওপেনার!!	Negative
2599	টি২০ তে মাসরাফির অপূরণীয় স্থানে গতি দানব সুজন কে দলে নেয়া এখন সময়ের দাবি।	Negative
2600	বাংলাদেশের প্লেয়ারদের ক্যারিয়ারের সিংহভাগ চলে যায় শুধু প্রমান করার পিছনে	Negative
2601	আমার প্রিয় খেলোয়াড়,, অনেক দিন পরে দেখলাম। এভাবে হরিয়ে যাবে কখনো ভাবিনি।	Positive
2602	শুভ কামনা রাজ্জাকের জন্য।	Positive
2603	টি ২০ ক্রিকেটার দিয়ে টেস্ট খেলা,আর টেস্টের খেলোয়াড় দিয়ে টি ২০ খেলান।	Negative
2604	ব্যাক টু ব্যাক হাফসেঞ্চুরি অভিনন্দন সাকিব ভাই	Positive
2605	শ্রীলংকার সাথে টি২০তে আফিফকে খেলানো উচিত।	Positive
2606	সন্মান দিয়ে কথা বলুন	Negative
2607	একটা প্রবাদ আছে,পুরান চাল ভাতে বাড়ে,,,,,,,এই হাতুরা কিছু ইয়ং প্লেয়ারকে সুযোগ দিতে গিয়ে কিছু সিনিয়র প্লেয়ারের ক্যারিয়া ই শেষ করে দিছে	Negative
2608	২য় টেস্টে আমাদের ব্যাটসম্যানদের দায়িত্ব নিয়ে খেলতে হবে	Positive
2609	শুনলাম মিরপুর নাকি রাজ্জাক ভাই হাতুরা দিয়ে Sri Lanka তিন player মাথা পাটিয়ে দিলে	Negative
2610	টিমে কয়েকজন সিনিয়র প্লেয়ার অাছে, তারা ১০ বছর ধরে খেলেও অাজ এতো বাজে হার উপহার দিবে জাতিকে	Negative
2611	মাশরাফি থাকলে ভাল হত,দু খানা পেদে দিত, আর শ্রীলনকা পাদের গন্ধে পিনিক এ পরে ইন্নিস বাবধানে হারত	Negative
2612	এই প্রতিবেদন তার চোখে পড়লে লজ্জায় মুখ লুকোবে আর ভাববে আরেকটু ভেবেচিন্তে সাজিয়ে বললে মনে হয় এমন বিপদে পড়তে হত না।	Negative
2613	তাহলেতো চান্দিমালের কথাই ঠিক,,,,,, উইকেট ফেক্ট !!	Neutral
2614	সব কটা মাদারি	Negative
2615	নান্নু সোনার বাল নির্বাচক, গ্রেরামে গোপর তোয়া নান্নু	Negative
2616	ম্যাশ নিজের মুখেই বলেছে যে সৌম্য কখনও নিজের জন্য খেলে নাই দল যেভাবে চেয়েছে সে সেভাবেই চেষ্টা করেছে!	Neutral
2617	২য় ইনিংসে যেন এর পূনরাবৃত্তি না ঘটে।	Positive
2618	এত তাড়া কর‌ে রান ন‌েয়ার ক‌ি দরকার ছ‌িল?	Negative
2619	হাতুরা যাওয়ার পরই সাকিবরা বলছিল তারা আজ থেকে নির্ভার!	Negative
2620	প্রশ্ন হচ্ছে এখানে, যে বাংলাদেশের ঘরোয়া লিগের পিচগুলো আসলেই কি আন্তর্জাতিক মানের?..	Negative
2621	অতি অংহকার আর নিজেদের সর্বদা সেরা ভাবার ফল	Negative
2622	চার আউটের মধ্যে একমাত্র ইমরুলের আউট টা মেনে নেয়া যায়। বাকিগুলার ৩ মাসের বেতন বন্ধ করে দেয়া উচিৎ।	Negative
2623	দলে মোসাদ্দেককে না নেয়াটা বোধহয় ঠিক হয়নি। তরপরও শুভকামনা।	Negative
2624	ধেত, রাজ্জাকের কাজ কি?আমরা চাই খালেদ মাহমুদ সুজনকে!যিনি একাই ম্যাচ পাল্টে দিতে পারেন	Negative
2625	এটা ২০১৫ না ; ২০১৮ সাল ১ বা দেড় বছর কী খেললো মিরপুরে বসে সেটা নিয়া পড়ে থাকলে কী হবে?!	Negative
2626	ম্যাও	Negative
2627	ফরকারি দল খেলে পাচ বোলার নিয়ে আর আমরা সাগতিক হয়ে চার বোলার নিয়ে।	Negative
2628	পুরানো চাল ভাতে বাড়ে,, এই কথাটা বার বার বিসিবির নির্বাচকরা কেন ভুলে যায় তাই ই বুঝি না	Negative
2629	মিরপূরের পিচ স্পিন সহায়ক	Negative
2630	নিয়ম অনুযায়ী ১ম দিন ব্রিষ্টির কারনে  খেলা পরিত্যাক্ত হলে পয়েন্টের দিক দিয়ে কুমিল্লা ফাইনালে খেলার কথা। কিন্তু এখানে নিয়ম না মেনে টি ২০ খেলা ২ দিনে নিয়ে গিয়ে কাদের লাভবান করা হয়েছে?	Neutral
2631	আগে লাকমালকে আউট করেন!!!লিড ৪০০ হবে	Negative
2632	তবে যাই হোক ধন্যবাদ নান্নু ভাইকে আমাদেরকে একটু প্রেকটিস এ সুযোগ করে দেয়ার জন্য ।	Negative
2633	খুবই দুঃখজন ৩ রানে ৫ উইকেট পরে যাওয়া।	Neutral
2634	আমাদের কষ্টের টাকা দিয়া সালার পোলাগো বেতন দেয় ,,, আর ওরা সেই টাকা দিয়ে লুতপুতু করে,,	Negative
2635	কার্ডিফে গিলেস্পিকে মারা সেই ছক্কা,,নিউজিল্যান্ডের সাথে ২৭ রানে ৫ উইকেট ----অনেক পুরনো মেমোরি মনে পড়ে গেল আফতাব ভাইকে দেখে.	Positive
2636	সাকিব মিসিং	Neutral
2637	অবশ্যই রাজ্জাক দলের সেরা খেলোয়াড	Positive
2638	এই হল বাংলার মানুষের বড় দোষ	Negative
2639	বাঙালি জায়গামতো দিতে জানে! পিচের অবস্থা তখন ইটের রাস্তা হইলেও প্রবলেম নাই	Positive
2640	মাঠে আসল সবার একসাথে পায়খানা চাপ দিল আর সব যত তাড়াতাড়ি পারল ব্যাটিং রাইখাই বাথরুমে দৌড় দাওয়া শুরু করল!	Negative
2641	দারুন। কেন যে থাকে বসিয়ে রাখা হয় বুঝি না।	Negative
2642	গোপাল ভাঁড়ে দেশ ভরে যাচ্ছে ।	Negative
2643	এদেশে শেষ বলে কোন শব্দ নেই। ওস্তাদ মশাইরা ঠিকি কোন কোন না ফাঁকফোকর বের করে নিবে।	Negative
2644	🎊 তামিম ইকবাল খান. আমি জানতাম আজকে ও সে ৫০+ রান করবে	Positive
2645	খালেদা জিয়ার শোকে মুশফিকুর,তামিম,মমিনুল অাউট	Negative
2646	আফতাব ভাই কে আবার চাই।	Negative
2647	ডেভিড ইয়াংকে ধন্যবাদ। মাশরাফি যে এখনও খেলছেন সেটা তো উনার জন্যই।	Positive
2648	বিশ্ব ক্রিকেটে বাংলাদেশের মত অদক্ষ নির্বাচক মনে হয় আর কোথাও নাই। ওদের দ্রুত বাদ দিতে হবে।	Negative
2649	টি২০ কি টেস্টের চেয়ে ইম্পরট্যান্ট ?	Negative
2650	বলদ গুলা বলিং ভাল করলে বেটিং খারাপ করে বেটিং ভাল করলে বলিং খারাপ করে তানা হলে নিজেদের মাঠে এভাবে পেন্ট খুলে ছাড়ে।	Negative
2651	লিটনের ব্যাটিং স্টাইল,স্টান্স দেখলে ওকে ক্লাসিক ব্যাটসম্যানই মনে হয়।	Positive
2652	হারামজাদা মরক	Negative
2653	"ওর তো অনুশীলনও দরকার"""	Negative
2654	মাশরাফি তাকলে বাংলাদেশের কোন স্কোয়াডে এই একাদশির পারবে না।	Negative
2655	অভিনন্দন আব্দুর রাজ্জাক শুভ কামনা।সাকিবের অভাবটা বাংলাদেশকে ভাবাবে।	Positive
2656	ফটকা দেশের ফটকা নিয়ম,সব খানেই অনিয়ম।	Negative
2657	বিপিএলে বাজে আম্পায়ারিং, মাঠের বাইরে 'খেলা' ও ঝাপসা সম্প্রচার বাদে সবকিছুই ভাল।	Negative
2658	অপ্রিয় হলেও সত্যি। জিম্বাবুয়ে ফেভারিট।	Negative
2659	লিড নিতে হলে আক্রমন্তাক খেলতে হবে মুশফিকের মত ২২বলে ১ রান করে কোন লাভ নেই।	Negative
2660	"দেখা গেলো সে টি-টোয়েন্টিতেও ""গোল্লা"" মেরে বসে আছে। সাবাস বিসিবি।"	Negative
2661	কি ভাববে , নিজেদের খেলা খেলবে	Negative
2662	"এইযে ""প্রথমআলো""-ইন্ডিয়া যে জিতেছে আজ তার খবর লিখতে তোমাদের কি হিংসা হচ্চে?বিরাট কোহেলি ১৬০ করেছে তার খবর লিখতে কস্ট হচ্চে নাকি?"	Negative
2663	৪ বছর পর আন্তর্জাতিক ক্রিকেটে সুযোগ পেয়েই আঃ রাজ্জাকের ঘুর্ণিতে কুপোকাত শ্রীলংকান ওপেনার ব্যাটসম্যান।	Positive
2664	মমিনুল আর সাব্বির ভালো খেললে ম্যাচ জিতা সম্ভব।	Positive
2665	নেক্সট টেস্ট ১৫০ রানে অলআউট হবে বাংলাদেশ	Negative
2666	সবাই বলে মুমিনুল খুব খেলে! আরে ভাই চিটাগাং কোন খেলার মাঠ? যেখানে ওর ৫টা হানড্রেট। পারলে মিরপুরে দেখাও।	Negative
2667	এসব বলদ মার্কা নির্বাচক থাকলে আমাদের ক্রিকেটের উন্নতি জিবনেও সম্ভব না।	Negative
2668	প্রতিপক্ষ শ্রীলংকা টিম কিন্তু গত একবছর আগের দল থেকে তারা এখন অনেক শক্তিশালী দল	Negative
2669	তারা কোথায় যারা বলেছিল হাতুরাসিংহে বনাম বাংলাদেশ এর খেলা	Negative
2670	এখন বাংলাদেশের ক্রিকেটকে বাচিয়ে রাখতে হলে..পাপন কাক্কু,খালেদ মাহমুদ সুজন, সহ যারা নির্বাচক কমিটিতে আছেন তাদেরকেই ব্যাট -বল হাতে মাঠে নামতে হবে	Negative
2671	সে যদি দেশের হয়ে না খেলতে পারে....তাহলে IPL না খেলতে দিয়ে দেখান কেমন পারেন...!!	Negative
2672	পারফরমেন্স না দেখে যদি গ্ল্যামার দেখে দলে নেয়া হয়,তবে এর চেয়ে ভালো কিছু আশা করা যায়ওনা	Negative
2673	খেলতে না পারলে পিচের দোষ(নিজ দেশের) বা হাতুরাসিংহের দোষ নাহয় অন্য কোনো কিছু ব্লা ব্লা ব্লা	Negative
2674	সাকিবের এর জাইগাই নেওয়া হয়েছে, এখন ভালো করতে পারলেই ভালো	Negative
2675	এই টেস্ট নিশ্চিত হারবে।	Negative
2676	ভারত যেখানে পূজারার মতো ব্যাটসম্যানকে বসিয়ে তিনটি রেগুলার পেসার নিয়ে খেলতে নামে আর আমরা একগুচ্ছ স্পিনার নিয়ে খেলতে নামলাম	Negative
2677	আমরা এখনো আশাবাদী যে বাংলাদেশ জিতবে. সেই স্বপ্ন নিয়ে খেলা দেখবো. ইনশাল্লাহ জিতবে	Negative
2678	আমরা প্রতিভাগুলাকে নষ্ট করি।	Negative
2679	কোচ কোচ. শুধু কোচ হাতুরি শিখায় গেছে সেটা কি ভুলে গেছে কোচ কি মাঠে গিয়ে খেলায়.?	Negative
2680	মূর্খ জনতা কাঠের তক্তা দিয়ে বারি মারলে যে টাকা দেয় এটাই তো তাদের জন্য খুশির খবর।	Negative
2681	অাবারো ত্রিদেশীয় ফাইনালের ধাছ দেখা যাচ্ছে।	Negative
2682	লিটুন আমার খুব প্রিয় খেলোয়াড় ছিল..!	Positive
2683	নিয়মিত সময় করে দেব চৌধুরীর বিশ্লেষণ দেখিস... খেলা না শিখতে পারস অন্তত বুঝতে পারবি..	Negative
2684	শুধু স্কুল ক্রিকেটের জন্য!!	Negative
2685	নিজের দেশের উইকেট এ ব্যাট করতে পারে না লজ্জা, লজ্জা।*	Negative
2686	নিজেদের দলকে গালাগালি ভালো দেখায়না,	Neutral
2687	বাংলাদেশের জন্য কোন উইকেটই ফেভারেবল নয় l	Neutral
2688	স্মিথের সমালোচনার দাঁতবাঙ্গা জবাব গিয়েছেন ম্যাক্সওয়েল।	Neutral
2689	শালার সব পাগলচুদা। মাসরাফি যেমন অামাদের সম্পদ তেমনি সাকিব ও অামাদের সম্পদ। সোজা কথা।	Negative
2690	নায়ক রাজ অলওয়েজ ষ্টার	Positive
2691	মুশফিকের আমলে বিকল্প প্লেয়ার কম ছিল	Neutral
2692	জলাবদ্ধতা আর পাহাড় কাটা অনেক পরিমানে দূর হলে চট্টগ্রাম ফুটবল/ক্রিকেটে ভালো দেখাতে পারতো।	Negative
2693	আমি ওয়াসরুমে গিয়ে মোবাইলে সেক্স ভিডু দেখে মাল আউটের আগেই বাংলাদেশ টিম অল আউট।।	Negative
2694	মুমিনুল আর রাজ্জাকের মতো বাংলাদেশের সেরা টেস্ট ব্যাটসম্যান আর সেরা স্পিনারের ক্যারিয়ার শেষ করে দিতে চেয়েছিল সে।	Negative
2695	এক ম্যাচ ভালো করেছে মাথায় তুলে নাচানাচি শুরু করেছেন	Negative
2696	"এই উইকেটে ৪০০ ও চেজ করা সম্ভব"" বাণীতে ষাঁড়"	Negative
2697	ক্যারিয়ারের ৩৪ তম সেঞ্চুরী তুলে নিয়েছেন বিরাট কোহলি।	Neutral
2698	সাব্বির কি? টেস্টের পিলার। পাগল	Negative
2699	শ্রীলঙ্কার ব্যাটসম্যানরাও একই পিচে খেলছে।	Neutral
2700	একটা দু'টা ম্যাচ জিতলেই মানুষের ফাকাফাকির জন্য থকাতে পারিনা।	Negative
2701	সৌম্য সরকারের মনে হয় কপাল জাবেদের মতই হবে	Negative
2702	বাংলাদেশ ২য় ইনিংসে একটু ভাল ব্যাট করলেই ম্যাচটা জিতে যাবে।	Positive
2703	বকবক বন্ধ করা দরকার, এই পিচে এই রান অতিক্রম করা আর প্রশান্ত মহাসাগরের ভেলায় পাড়ি দেওয়া এক	Negative
2704	নাসিরের জায়গা নাই দলে,রুবেল এর জায়গা নাই দলে কিন্তু শুভগতর ঠিকই দলে জায়গা পায়...কি আছে ওর মাঝে ?	Negative
2705	প্রকৃতপক্ষে বাংলাদেশ এখনও সত্যিকারের পেশাদার দল হয়ে উঠেনি যা বিসিবির কর্মকান্ড দেখলে মনে হয়।	Negative
2706	মেডামের বদ দুয়া লাগসিলো লিজেন্ডদের উপ্রে	Negative
2707	মেও মেও মেও,	Negative
2708	নির্বাচক নান্নু সাহেব কোথায় জাতী তাকে জাদুঘরে দেখতে চায়	Negative
2709	ক্রিকেট বাদ দিয়ে দেশের মেধাবী তরুণ তরুণীদের পেছনে অর্থ ব্যায় করুন।	Negative
2710	আজকের জন্য শুভেচ্ছা মাহমুদুল্লা	Negative
2711	শুধুমাত্র দেশপ্রেমিক মাদারচোদরা'ই ভাল খেলয়ার বসিয়ে রেখে টেস্ট ম্যাচকে কারো টি২০'র প্রস্তুতির জন্য বেছে নেয়,,,	Negative
2712	কোথাই গেলো BCB এর হাই পারফ্রম্যান্স ইউনিট	Negative
2713	লিজেন্ড পীর স্যার মাশরাফী বাবা মাঠে খেল্লে পাদের পর পাদ দিয়ে শ্রীলনকা কে কুপকাত করে মেছ জিতে তবেই বাড়ি ফিরত, আবালচোদা মাশরাফি ফ্যন দের বানী	Negative
2714	আপোক্ত রিপোর্টার, সাকিব না থাকায়, দলের সমস্যা হয়েছে	Negative
2715	শেষ দুটো ওয়ানডে ম্যাচ আমরা দেখেছি কে কেমন ঝড় তুলতে পারে। যেখানে কোন ওয়ার্ল্ড ক্লাস বলার নাই, সেখানে কোন ঝড় না তুলে নেটে আরো ভালো প্রশিক্ষণ নিলেই আমরা ভালো কি জয় দেখতে পারবো।	Negative
2716	আর এটা আমি চ্যালেন্জ করছি,কার সাব্বির ভালো খেলবে,,দেখে নিবেন.শুভ কামনা রইলো,!	Positive
2717	সাকিবের জায়গায় কি মোহাম্মদ মিঠুনকে আনা সম্ভব?	Negative
2718	দশ বছরে অনেক কিছু বদলেছে,বদালয়নি তার পারফরমেন্স আর অবদান। .	Negative
2719	আফতাব ভাইকে অনেক মিস করি?	Positive
2720	তাকে নিয়মিত দলে রাখলে বাংলাদেশের ক্রিকেট বিশ্ব আসনে মাথা উচু করে দাড়াবে।	Positive
2721	ব্যাটিং রাজা বাংলার গেইল (এনামুল) আজকে ও গোল্ডেন ডাক দিছে!!	Negative
2722	টেস্টের মধ্যে টিটুয়েন্টি প্র্যাকটিস। এদেখি আজবের গজব দেশের প্রতিটি সেক্টরেই।	Negative
2723	বাচ্চা হাড্ডির তো অনেক কারিশমা দেখলাম,এখন দেখি বুড়া হাড্ডি কী করে	Negative
2724	পাবলিক খুব ভালো ভাবেই বুঝে এইসব নাটকের মানে! এই নাটক বন্ধ না হলে কেনিয়া হইতে বেশি দিন সময় লাগবে না	Negative
2725	সেঞ্চুরিটা হলে ফিরে পাওয়া আত্মবিশ্বাসটা আরো বহুগুণে বাড়তো।	Neutral
2726	বাংলাদেশ জিদবে ইনশা আল্লাহ	Positive
2727	সাব্বির কে দল থেকে বাদ দেওয়া হউক। ঘরোয়া ভাল পারফর্ম করে তারপর দলে আসা দরকার	Negative
2728	প্রথম টি-টোয়েন্টিতে তাকে পাচ্ছি না। তবে পরেরটিতে প্ল্যান আছে তাকে নিয়ে।	Neutral
2729	এটা বিপিএল না। আন্তর্জাতিক ক্রিকেটে অধিনায়কত্ব অনেক বড় ব্যাপার।.	Negative
2730	ওই নিম্ন মানের পাড়ার ক্রিকেট, ঘরোয়া লীগ, বিপিএল এসব এই পীরবাবা ম্যাছরাফি ঝর তুলতে পারেন। ,	Negative
2731	শুধু তামাশা	Negative
2732	আগামীকাল সকালে পিচ কেমন হতে পারে আফতাব ভাই?	Neutral
2733	আমি অনেক খুশি কারন অভিজ্ঞরা সব সময় ভালোই খেলে।	Positive
2734	রাজ্জাক আমার খুব প্রিয় বোলার।	Positive
2735	খাম-খেয়ালি করে আউট হওয়ার জন্য তামিম, মমিনুল ও মুশফিক কে জুতার মালা উপহার দেওয়া হোক সেই সাথে ফ্রি হিসাবে দুইটা করে জুতার বারি দেওয়া হোক।	Negative
2736	যা দেখা যাচ্ছে বিসিবি তে চরম ভাবে সেচ্চাচারিতা চলছে।	Negative
2737	বাল ছিড়বি ওটা বলার লাগবে না	Negative
2738	সাকিব ছাড়া সেটা হয়তো সম্ভব না।	Negative
2739	বাংলার ভিভিএস লক্ষ্মণ।	Positive
2740	বাংলাদেশ, ৭৫ নম্বর জার্সিটাকে সম্নান করো।	Neutral
2741	আপনার কথায় মনে হয় হাতুরের ডাবল সেঞ্চুরিতে বাংলাদেশ ম্যাচগুলো জিতেছে	Neutral
2742	সোনার ছেলেরা তো তাই	Negative
2743	দেশের বাইরে খেললে আমাদের তাদের কন্ডিশন ও উইকেটে স্ট্রাগল করতে হয় এমনকি নিজের দেশেও আমাদের অানফেভারেবল কন্ডিশনে স্ট্রাগল করতে হয়।	Negative
2744	যারা খেলা না দেখেই হারার চিন্তা করে,তাদের আসলে বেঁচে থাকাই অযোথা বলে মনে করি	Neutral
2745	মেহেদী মিরাজকে দিয়ে কিছু একটা আশা করা যেতে পারে.	Negative
2746	srilanka তাদের যোগ্যতা দিয়ে জিতেছে বাংলাদেশ তাদের উপহার দেয়	Positive
2747	অসাধারণ একটি ম্যাচ ছিল রংপুরের জন্য।	Positive
2748	আদালতের রায় কি বিডি টিমের ওপর পরছে?	Negative
2749	বাংলাদেশ জিতার কথা যদি হেরে জায় তাহলে বুজতে হবে এর পিছনে অন্য কারন অাছে।	Negative
2750	শুরুতেই উইকেট পেয়েছেন। আমি তাঁর আরো সাফল্য কামনা করি। তাঁর এই দলে ফেরাটা সার্থক হোক।	Positive
2751	খেলা হবে একদিকে বাংলাদেশ বনাম শ্রীলংকা অন্যদিকে বিএনপি বনাম আওয়ামীলীগ।	Negative
2752	বয়স্ক বুড়া আবাল মাশ্রাফি আউট ০ রানে ?	Negative
2753	যারা মাশরাফি কে সহ্য করতে পারেনা,, তারা বাংলার ক্রিকেট ও সহ্য করতে পারে না!!	Negative
2754	টেস্ট সিরিজটা ছিল টি টুয়েন্টি সিরিজের অনুশীলন।	Negative
2755	টেস্ট হারবে আর বলবে পিচে সমস্যা,এইটা হইছে,ঐ টা হইছে,,,,,,টেস্টে হারার জন্য সবগুলারে জরিমানা করা দরকার।	Negative
2756	দলকে ম্যাও বলে চাঙ্গা রাখার জন্য কাউকেতো লাগবে।	Negative
2757	চাইনিজ জাপানীজ অার অামেরিকানরা ক্রিকেট খেলেনা।	Negative
2758	এদের কে দল থেকে বাদ দিয়ে দিলে এরা বুঝতে পারবে। খেলাটা কত প্রোয়জন দেশের জন্য।	Negative
2759	অভিজ্ঞতা কথা বলতেছে আজ , ভালোবাসা রইলো রাজ্জাক চাচ্চু	Positive
2760	সাব্বির একাই ম্যাচ জেতাবে,চিন্তার কোন কারন নেই ।	Positive
2761	,১৮০ ওভার আছে,,,,আর আজকে তো ৬০ ওভার বাকি	Negative
2762	আর এই হাস্যকর যুক্তি না দিলে তিনি আর বাংলাদেশের প্রধান নির্বাচক কেন?	Negative
2763	ব্যাপার না ৩৩৯ রান টার্গেট মাত্র হাতে আছে আরো ২দিন।	Negative
2764	বাঙ্গালী কিছু পাক আর না পাক তবে মজাটা প্রচুর পাইতেছে।	Negative
2765	বিসিবির পক্ষ থেকে আমরা শোকাহত।	Negative
2766	"তাই তো বলি- এই সাব্বির কেন ""গোল্লা"" ছাড়া বুঝেনা।"	Negative
2767	এটা সুজনের বাপের দল।	Negative
2768	সুন্দরবনে শুধু বাঘই থাকে নাহ সিংহ ও থাকে।	Negative
2769	আমাদেরপরবতীসাকিব়়়আলহাসান	Positive
2770	বিসিবির ফটকে আগুন দেই... হোগায় আগুন ধরাই না দিলে তাদের হুস হবেনা।বালের খেলোয়ার....সারা দিনে কাম খালি খেলা আর সেটাই পারে না!	Negative
2771	মুমিনুলের ১০০ রান মানে হাতুড়ি সিংকে হাতুড়ি দিয়ে না পিটিয়ে মুমিনুলের ব্যাট দিয়ে পিটানোর মত	Negative
2772	ভবিষ্যৎে বিপিএল সারাদেশে ছড়াবে এবং টীমের সংখ্যারর সাথে সাথে বিদেশী মার্কি প্লেয়ারের সংখ্যাও বাড়বে বলে আশা করি।।	Positive
2773	বিরাট কোহলি ১৬০*(১৫৯)রান সাথে ক্যারিয়ারের ৫৫ তম সেঞ্চুরি তুলে নিয়েছে বিরাট কোহলি।ওয়ানডেতে এটি ৩৪ তম।	Negative
2774	শাকিব মাশরাফি থাকলে হয়তো চিত্রটা লহমায় বদলে যেত	Positive
2775	প্রথম টেস্ট ড্র করে ভাবখানা এমন যেনো জিতে ফেলেছে ।	Negative
2776	এরা বালের টাইগার	Negative
2777	সাবেক কোচকে নিয়ে লাফালাফির অনন্য নজির গড়তে চলেছে প্রথম অালো	Negative
2778	একজন সলিড এবং ক্লাসিক টেস্ট ব্যাটসম্যান পেতে যাচ্ছি আমরা।	Positive
2779	বোলিং নিস্বন্দেহে ভাল হচ্ছে।	Positive
2780	ক্রিকেট বিশ্বে দেশের মানইজ্জত একেবারে ধুলোয় মিশিয়ে দিলো গভর্নিং কাউন্সিল।	Negative
2781	প্রথম ম্যাচে কি দরকার ছিল নতুন প্লেয়ার ডেবু করানো।	Negative
2782	রিয়াদ ভাই তোমার জন্য শুভকামনা রইল!!!	Positive
2783	বিপিএল টুর্নামেন্‌টের পূর্বনির্ধারিত আইনানুযায়ী, যেহেতু খেলা সম্পন্ন হয়নি, সেক্ষেত্রে কুমিল্লা ভিক্টোরিয়ানস ফাইনালে চলে যাওয়ার কথা।	Neutral
2784	আমি challenge করলাম , 50 বছরেও ক্রিকেটে বিশ্বকাপ পাবে না	Negative
2785	তাইলে খেলারই দরকার নাই।	Negative
2786	দায়িত্ব নিয়ে কেউ খেলে না।	Negative
2787	আমাদের বাগেরহাটের ছাওয়াল একজনের জন্য পুরো বাংলাদেশ হ্যাপি	Positive
2788	খেলায় বয়স একটা বিরাট ফ্যাক্ট।	Negative
2789	মাটে গেঞ্জির কলার উটাউ....ও medam হাসিনা,জিতলে ফ্লাট, গাড়ি, দাও,এখন হারল, এখন এক টা, এক টা, করে কেড়ে নাও,,	Negative
2790	মিডিয়ার চোখে সবগুলা বিশ্বমানের খেলোয়াড়।	Negative
2791	এদের দিয়ে খেলা হবে জেতা হবে না ..এরা যতো সুযোগ সুবিধা পাচ্ছে তেমন খেলছে কি ।।	Negative
2792	হিসেব কিছুটা এদিক সেদিক আছে।	Neutral
2793	খুব ভাল হইছে|আমার মতে এরপরেই স্বসন্মানে অবসরে যাওয়া উচিৎ|	Positive
2794	আমরা অযথা মিরাজের কথাটাকে ট্রল করতেছি।	Negative
2795	মুখ সামলা সামনে থাকলে তোর কবর দিয়ে দিতাম জ্যান্ত.	Negative
2796	বাংলার সচীন লিটল মাস্টার মমিন।	Positive
2797	আপনার শুভকামনার জন্য ধন্যবাদ।	Negative
2798	আজ শিকার করে নিলাম আপনি একজন ক্রিকেটীয় গণ্ডমূর্খ,,,	Negative
2799	প্রশ্ন হচ্ছে এখানে, যে বাংলাদেশের ঘরোয়া লিগের পিচগুলো আসলেই কি আন্তর্জাতিক মানের??	Negative
2800	বিশেষ করে তারা অন্তত গুদগুদে সুজনের জ্ঞান সহ্য করতে পারে না।	Negative
2801	যে দেশের সাব্বির রহমান টাইপ কিছু প্লেয়ার আছে। যারা নিজেদের ওয়ার্ল্ডের শ্রেষ্ঠ ব্যাটসম্যান করে।	Negative
2802	ভারতের ধীর স্থির, ঠান্ডা মাথার ব্যাটিং দেশে শিখা উচিৎ	Positive
2803	আর তাই আমরা দশ ম্যাচ খেলে নয়টিতেই হারি	Negative
2804	সাব্বির,সৌম্য,ইমরুল দের মতো অফ-ফর্মার দের কিছুদিন বাদ দেয়া হোক । শুভ কামনা !	Negative
2805	কিন্তু বাংলাদেশের ব্যাটসম্যান দের আত্মহত্যার ভাব দেখে তা নিমিষেই মিলিয়ে গেছে।	Negative
2806	বুঝিয়ে দেক আবার রাজ্জাক ফুরোয় নি,,, এখনো তার দেয়ার আছে অনেক কিছু	Positive
2807	১০০ পার করুক আগে	Negative
2808	মুশি আর মমিনুলের আউট দেখে মনে হতেই পারে তারা পাতানো ম্যাচ খেলছে .	Negative
2809	এই জন্যই তোমাকে 9 কোটি রুপি দিয়ে দিল্লী.ডেয়ারডেবিলস কিনে নিয়েছে । ভালো	Negative
2810	টিম ম্যানেজমেন্ট এটা যত তাড়াতাড়ি বুঝবেন ততই মঙ্গল।	Positive
2811	পরিসংখ্যানে পরিষ্কার বোঝা যাচ্ছে,ঢাকার পিচ ব্যাটসম্যানদের কতটা ভুগিয়েছে...বোলারদের প্রত্যেক জয়গাঁথার ভেন্যু ঢাকা	Neutral
2812	জীবনেও সম্ভব না	Negative
2813	আগেই বলেছি, বেশি কিছু আশাকরা হতাশার লক্ষণ।	Negative
2814	এই ত্রিদেশীয় সিরিজে বাংলাদেশ ফেভারিট।	Positive
2815	বিসিবি আর সুযোগ দেয় কিনা এব্যরে সন্দেহ আছে|	Negative
2816	নির্বাচকের কথা শুনলে হাসি পায়।টেস্টকে প্রস্তুতি ম্যাচ হিসাবে বিবেচনা করে	Negative
2817	যা হয়েছে ভালো হয়েছে।এইসব বৃষ্টি-টিষ্টি নয়,প্রতিদ্বন্দ্বিতাপূর্ণ খেলা চাই।	Neutral
2818	যেমন ঘামান নি হাতুরু নিজেই।	Negative
2819	নান্নু, পাপন,সুজন, মুক্ত ক্রিকেট চাই।	Negative
2820	অভিজ্ঞদের কাণ্ডজ্ঞান দেখে সত্যিই বলছি ওরা হেরে যতটা কস্ট পায়নি আমরা কিন্তু টিভিতে খেলা দেখে তারও বেশি বেশি কস্ট পেয়েছি।	Neutral
2821	এই একাদশ নিয়ে খেল্লে,,আমরা পারা মহল্লার প্লেয়ার রা এক জন কম নিয়ে খেল্লেও জয় নিসচিত।।	Negative
2822	সুজন এখনও স্ট্রাটেজি ঠিক করতে শেখেনি	Negative
2823	বাংলাদেশী ফ্যান দের এই মাদারচোদেরা অনেক আশা হত করেছে,,আমার ২য় পছন্দের দল ইন্ডিয়ার খেলা দেখা নিয়মিত শুরু করবো	Negative
2824	আমাদের প্লেয়ারা আসলে আবাল মার্কা প্লেয়ার	Negative
2825	আব্দুর রাজ্জাকের মত ভালো মানের বোলারকে নেয়ার জন্য ধন্যবাদ।	Positive
2826	ইমরুল বাদে তিনটা আউট মেনেনিতে পারছিনা ?	Negative
2827	হারজিত তো থাকবেই কিন্ত এমন গো হারা হারল	Negative
2828	বালছাল সাবজেক্ট পড়ে ক্রীড়া সাংবাদিক হয়ে গেছে কিছু আবাল।	Negative
2829	সবই পাপনের ইচ্ছা	Negative
2830	টি২০ তে অাফগানিস্তানের সাথে বাংলাদেশ পারবেনা।	Negative
2831	এই উইকেটে কাল বাংলাদেশ ১২০ রানে অলআউট হয়ে যাবে	Negative
2832	আমিও ইন্ডিয়ার খেলা দেখি,,সুরেশ রায়নার অনেক বড় ভক্ত।কিন্তু,ও আর চান্স পায় না,আফসোস	Negative
2833	কেন বার বার বিজয়কে নেওয়া হয়	Negative
2834	সাপকে বিশ্বাস করা যায় কিন্তু বিডি টিমকে মোটেও বিষ-শ্বাস করা যায় না	Negative
2835	এই আবালদের কাছে দায়িত্ব বোধ বলতে কিছু নেই	Negative
2836	চাপাবাজি বাদ দিয়া খেলায় মনোযোগ দিন।	Negative
