id	text	label
0	নুর নবীজী [ ﷺ ] র শান মান ও নুর নবীজী [ ﷺ ] র রওজা শরীফের সম্মান -- আল্লামা অধ্যাপক মুফতি জসিম উদ্দিন আল-আজহারী [… https://t.co/vmD3jnONTb	Neutral
1	মহান আল্লাহ্ পাক ছাড়া আমার কোন ক্ষমতা নেই। আমি মহান আল্লাহ্ পাকের উপর ভরসা রাখি। আমি তার নিকট ফিরে যাবো। -পবিত্র সূরা হূদ: ৮৮।	Neutral
2	কথা সত্য । সর্বত্র মহিলা দর্শক । এবং টিকেট নাই । সব অগ্রিম বিক্রি হয়ে যাচ্ছে । ঈদের দিন থেকে চেষ্টা করতেছি এখন প… https://t.co/dpHuPPkGqf	Neutral
3	#কি হবে এ জীবন রেখে. #খুলনা আসার দিন মাওয়াতে ৭ ঘন্টা ফেরী বন্দ.. #আজ ঢাকা যাওয়ার জন্যে আরিচা পার হচ্ছি আজ ৪ ঘন্টা… https://t.co/b4jSAd0WZn	Negative
4	#লাইভ বাংলা ছোট কবিতা : 1. আম পাতা জোড়া জোড়া 2. ঘুম পাড়ানি মাসি পিসি ৩। আয় আয় চাদ মামা ৪। ও আরও অনেক মজার ম… https://t.co/j1P0DRDJe8	Neutral
5	RT @pakiobuj: কষ্ট মানুষকে কাঁদায়না নীরব করে রাখে কাঁদায়তো সুখ যে স্বপ্নে এসে আবার অজানাতেই চলে যায় আর দিয়ে যায় ভুলতে না পারার কিছু সম…	Neutral
6	@engrabbikul থাক মন খারাপ করেন না, ওনি যেহেতু চায় না, তাহলে আর জোর করেন না,আপুকে আপুর মত করে থাকতে দেন, সবাই তো ভা… https://t.co/R9U68OEAFd	Positive
7	@ProthomAlo সর্বনিম্ন রেকর্ড না করে ৫০+ রান করতো তাও মন টা কে বুঝাইতাম। কখনো কখনো অঘটন ঘটে। তবে এত বড় অঘটন মেনে নেওয়া যায় না।	Negative
8	বগুড়া সমিতি ও উত্তরবঙ্গ জনকল্যাণ সমিতির ত্রাণ বিতরণ http://t.co/ltirQtmYBi	Positive
9	RT @GoutamDas143: নামটি তার অমর্ত্য পদবী তার সেন । মোদী নিন্দা করতে তিনি লক্ষ ডলার নেন ।। সারা জীবন কাটল বিদেশের মাটিতে । হঠাৎ করে আসেন…	Negative
10	RT @Mistimeye_: আমি ফুলের মত ভালোবাসা চাই না.. যা একদিন ঝরে যাবে ... আমি নদীর মত ভালবাসা চাই.. যা সারাজীবন বয়ে যাবে .... https://t.co/OHzV…	Neutral
11	@JasikaParvin আপু যে মানুষ মন থেকে ভালোবাসে শে।তার ভালোবাসার মানুষ টি যেতো কষ্ট দেক শে মেনে নেবে।যে ভালোবাসা নিয়ে খেলা করবে শে মেনে নেবে না	Neutral
12	আসামের ১৯ লাখেরও বেশি মানুষের নাম চূড়ান্ত নাগরিক তালিকা থেকে বাদ পড়েছে। আইন অনুযায়ী, এনআরসি থেকে বাদ পড়াদের নিজেদের ভারতীয় নাগরিকত্ব প্রমাণ করার জন্য আগামী ১২০ দিনের মধ্যে বিদেশি ট্রাইব্যুনালে আবেদন জানাতে হবে। অনিশ্চয়তায় মুষড়ে পড়েছেন অনেক পরিবার।	Negative
13	উচ্চ মাধ্যমিক ১ম ও ২য় বর্ষের বাংলা কোচিংএ পড়তে আগ্রহী শিক্ষার্থী এবং সম্মানিত অভিভাবকবৃন্দ আজই যোগাযোগ করুন। ০১৭১৬ ২২০ ৫৪৩	Neutral
14	কখনো দুঃখী হয়ো না, প্রভুই হতাশার মূহূর্তে আশা পাঠান, ভুলে যেও না প্রবল বৃষ্টি বর্ষণ সব সময় অন্ধকার মেঘ হতেই আসে। -জালালুদ্দীন রুমী (রহঃ)	Positive
15	টেস্ট ও টি টোয়েন্টি অধিনায়ক সাকিব আল হাসান আর ফুটবল অধিনায়ক জামাল ভূঁইয়ার জীবনে এখন যেন দুই রকম সময়...	Positive
16	বিশ্বম্ভরপুরে কোনাজাল ব্যবহারকারীদের বিরুদ্ধে বিক্ষোভ ও স্মারক লিপি প্রদান - Abnews http://t.co/LqA4oTfhgP	Negative
17	কোন অজুহাত দিয়ে যদি কেউ চলে যেতে চায় তাকে আটকে রাখা যায় না।। সব জানা বস্তু গুলু যদি নতুন করে কস্টের বস্তু হয় তা… https://t.co/FCi63VHaYx	Neutral
18	হাসপাতালে থাকা অণুজীবের মধ্যে এখন বিশ্বের সবচেয়ে আতঙ্কজনক নামগুলোর মধ্যে একটি ক্যানডিডা অরিস।	Negative
19	RT @sadiaafrinsadi1: ছাত্রলীগ নেতা রুবেল খান এক পথসভায় বলেন আওয়ামী লীগ হোক কিংবা বি এন পি !! যাই হোক !! রাজনীতি কর রাজনীতির মত !! এতে ইস…	Positive
20	@bdsopon  কোথাও নাই মামা শান্তি	Negative
21	অনেক আগ থেকেই টুইটার ঠান্ডা, তাছাড়া অনেক শীত, এমন ভাবে ঝড়গা শুরু করো যায়তে টুইটারে মাঠ গরম হয়ে যায়,বিনোদন হবে সুদু মজা আর মজা।	Neutral
22	সবকিছুর-ই একটা সীমা আছে, কথাটা কিন্তু ঠিক না। আসলে সবকিছুর সীমা থাকে না। ভুল কথাটা ভুল আছে, তা না হলে কেউ ভুল করব না বলে আবারও ভুল করত না।	Positive
23	পাখি উড়েছিল সেদিন যেদিন ছিল মনের আকাশে হাজারো লেখা ছিল অনুভূতি নামক এক তুমি আর কিছু অনুকথা লেখা ছিল ভিন্ন ভিন্ন রঙের সুখ গুলো //	Neutral
24	টেস্ট ক্রিকেটে বাংলাদেশের এখন শুধু আয়ারল্যান্ডের মুখোমুখি হওয়া বাকি! কিন্তু তার আগেই গড়ে ফেললো অনন্য এই রেকর্ড!	Positive
25	পুরা ঢাকা শহর দেখে মনে হলো ৩০ ডিসেম্বর মনে হয় এক দলের ই নির্বাচন হবে, আর কোন দল নেই, কারন সব এলাকার পাড়া মহল্লায়… https://t.co/zmqwzE6Ckg	Negative
26	RT @abhijitmali346: আমি কি তোমায় খুব বিরক্ত করছি তুমি বলে দিতে পারো তা আমায় হয়তো আমার কোনো প্রয়োজন নেই তবু লেগে থাকি কেন একটা কোণায়…	Neutral
27	ὡE ২ টা ভালর মধ্যে একটা বেছে নেওয়া সহজ... ὡE কিন্তু ২ টা খারাপের মধ্যে একটা বেছে নেওয়া কঠিন... ὡ2 ভুল করলাম নাকি... https://t.co/NRD81EWmI8	Neutral
28	ত্রিশ বছর ধরে মাত্র ১ রুপিতে ভরপেট নাস্তা খাওয়াচ্ছেন এই দাদিমা 👍	Positive
29	তুমি দুনিয়ার সবচেয়ে ভাল মানুষটি হলেও তোমার ঘৃনাকারী থাকবে। তাদের কথা শোনো এবং ভুলে যাও। সেগুলো নিয়ে ভাবতে বসলে...	Positive
30	“আপনার “ব্যবহার ’ এত খারাপ কেন ? এই সব ক্ষেত্রে আমি ডিফেন্সিভ কথা বলি না, বলে লাভ হয় না। সরাসরি প্রশ্ন - “এই দে… https://t.co/cJqAGXgVXo	Neutral
31	RT @mreza07: কিছুই বলার নাই! এই দুইদিন বিএনপি কে নিয়ে যে সব কথাবার্তা দেখছি তাতে এদেশের মানুষের প্রতি ঘৃণা জন্মে গেছে। যে দেশের মানুষ নি…	Neutral
32	শিক্ষার্থীরা বলছেন, আবরার হত্যা মামলার অভিযোগপত্র দাখিল ও সেখানে অভিযুক্তদের বুয়েট থেকে স্থায়ী বহিষ্কার না করা পর্যন্ত ...	Negative
33	শাড়ির সঙ্গে জ্যাকেটের সমন্বয়ে বিশ্ব ফ্যাশন আইকন সোনম কাপুর...	Positive
34	পুরান ঢাকার স্যার সলিমুল্লাহ মেডিক্যাল কলেজ ও মিটফোর্ড হাসপাতালের নার্সদের পর এবার ইন্টার্ন চিকিৎসকরাও তাদের... http://t.co/bI3R2TgGI5	Neutral
35	নারী যখন বৌ হয় তখন বলে শাশুড়ি খারাপ যখন শাশুড়ি হয় তখন বলে বৌমা খারাপ নারী যখন ননদ হয় তখন বলে ভাবী খারাপ যখন ভা… https://t.co/xzjlSroQsR	Neutral
36	@Im_Hassi ওকে আরো অন্তত দুই/আড়াই ঘন্টা থাকতে হবে। রিয়াদ-ও চলে গেল। কি যে হবে কে জানে!!!	Negative
37	@MDSHARIF288 তাহলে তো খুব বাজে ভাবে সময় কাটে। আপনার ভাই ও কি একি কাজে।	Negative
38	খেলা হবে লাস্টে ৬ মিনিট এ ২ গোল কি যে মজা Argentina ar সমর্থক রা লাস্ট এ যে গেল কই বলছিল যে নাচব বলে।..............… https://t.co/EqF9EX4Ufj	Neutral
39	এমন দেশে বাস করি আজ নিজের বাড়ি এসে ও শান্তি নেই অপরাধ শুধু একটাই মন্ত্রী বাড়ির ছেলে। আমি আমার এই ২৪ বছরের জীবনে এ… https://t.co/m20jnAx6nM	Negative
40	গাছ থেকে ফল পেড়ে খাওয়ার মজাই আলাদা...... আর সব থেকে মজার হলো ওই পাকা ফল নিচ থেকে ধরা কারন পাকা ফল ধরতে না পারলে স… https://t.co/VGKeOWBoWu	Neutral
41	@FAM4TMC ক্ষমা চাইতে পারলে হবে - সাহসী, ক্ষমা করতে পারলে হবে - শক্তিশালী আর রাগ ,ক্রোধ ,হিংসা ,অপমান ভুলে যেতে পারলে হবে - সুখী l	Positive
42	খবর - বাংলাদেশে হিন্দু বেড়েছে - ত্রানা হালিম। . &gt;&gt; এরা কই থেকে আইলো!! ভারত থেইকা ?? এ আর আশ্চর্য কি! ভারতের বিদে… https://t.co/oeN5s1MiWu	Neutral
43	'দেশে আরও অনেক হাসপাতাল তো আছে। কিন্তু বিএসএমএমইউতে সেরা চিকিৎসা পাওয়া যায়...	Positive
44	ভারত সফরে টেস্টে নেতৃত্ব দেবেন মমিনুল হক, টি-টোয়েন্টিতে মাহমুদুল্লাহ রিয়াদ।	Positive
45	অতঃপর যে বিন্দু পরিমাণ ভালো কাজ করবে, সে তা দেখতে পাবে। আর যে বিন্দু পরিমাণ খারাপ কাজ করবে, সে তাও দেখতে পাবে। (সূ… https://t.co/5GvdpHjnuY	Neutral
46	কুত্তাὃ1ὃ1 লীগের সোহাগ এর কথা শুনলে মনে হয়, কেমন করে হাত পরিস্কার করে ভাত খেতে হয় তা জেনে না,কিন্তু আসলে কত বড় জা… https://t.co/vr5sJX89PQ	Negative
47	RT @ImShafiyanCR7: @StealthilyBoy 4 বিশ্বকাপ 7 গোল 6 গোল 2 বিশ্বকাপ 6 গোল বিশ্বকাপ নক আউট পর্ব ও গোল আছে ওদের নাই ২ টা বিশ্বকাপ ভালো খে…	Neutral
48	RT @Touch_MH: ওই তো দূরের পাহাড় চূড়ায় সূর্যের মত আমিও যে যাই আজি ডুবি। অন্ধকার মোর আজ চারপাশে ডানা ঝাপটে- তুমি সুদূরেই দাড়িয়ে আছো আলোক…	Neutral
49	২০১৬–১৭ অর্থ বছরে বাংলাদেশ রেলওয়ের যাত্রী ৭ কোটি ৭৮ লাখ ব্যয় ৩ হাজার ১৪২ কোটি ৩০ লাখ ৩০ হাজার টাকা আয় ১ হাজার ২৮… https://t.co/fTmjtp6IeM	Neutral
50	সেলফি আর সেলফি ! . কিছু ভাইদের আরাধ্য বিষয়। কি সুখ পায় জানি না। শুধু সেলফি আর পোষ্টিং .... আল্লাহ আমাদের এ রোগ থেকে নিরাময় করুন।	Neutral
51	খারাপ সময় না এলে মানুষ আসলে ভালোটা বোঝে না । কষ্ট না পেলে সুখ কি জিনিস তা উপলব্ধি করতে পারে না । কেউ প্রিয়জন না… https://t.co/iSfV7r4tFC	Neutral
52	দাউদ ইব্রাহিমের ছোট ভাই, স্বচ্ছ আমার নাম! অন্যায়ের পাছায় লাথি, আর ন্যায়ের মাথায় ছাতি ধরা আমার কাম! ভুল কিঙবা ঠিক কর, সবাই পাবা দাম	Neutral
53	১০ লক্ষ ভারতীয় বছরে ১০ বিলিয়ন USD রেমিটেন্স পাঠায় I এটা শুধু বৈধ পথে, আর অবৈধ পথে কত গেছে এর কোনো হিসাব নাই I ২০… https://t.co/7qAeCwz4Ud	Neutral
54	আসেন সকাল সকাল একটা কৌতুক শোনাই । যারা য় এর বদলে ই এবং ই এর বদলে য় আর র এর বদলে ড় এবং ড় এর বদলে … https://t.co/sYMnHgApjc	Neutral
55	সাদা কালোর যুগটাই বেশ ছিলো ৷ মন থেকে ভালো বাসা বাসি ছিলো ৷ ভালোবাসা মানেই হতে তুমি ৷ প্রিয় কিছু ছবির মতনই ,... https://t.co/O8hitoHUhV	Neutral
56	আমিও সেলিফি তুলি হাউ এক্সাইটিং	Positive
57	@cloudia_mcfield আমিও।	Neutral
58	ঐ ব্যক্তি উত্তম যার মধ্যে সর্বাধিক সুন্নত বিদ্যমান আর ঐ ব্যক্তি অধম যার মধ্যে সুন্নত খুজে পাইনা আথচ বলে সে মুসলমান কেন এমন অবস্থা ?	Neutral
59	ঢাকায় পুলিশের উপর বেশ কয়েকটি হামলায় তৈরি হয়েছে নতুন উদ্বেগ। কিন্তু এর পেছনে কারা?	Positive
60	RT @mattar49555312: মানুষ যখন অসুস্থ হয়ে পড়ে তখন কি পরিমান ঘুনা মাপ হয় সেটা যদি নিজের চোখে দেখত, তহলে আল্লাহর কাছে সারা জীবন অসুখই কামনা…	Neutral
61	কার ভাগ্যে কি আছে তা কখনও বলা যায় না। কেও ধনী থেকে গরীব, আবার কেও গরীব থেকে রাতারাতি হয়ে যায় ধনী। এমনই এক ভাগ্য… https://t.co/yWP0Gez7Yl	Neutral
62	তোমাকে জীবনে পাওয়া সেটাই অনেক ὠD অন্ধকার থেকে আলোতে নিয়ে আসার জন্য একটাই তুমি ὠAὠD এত্ত কিছুর দরকার ছিল না ὡ2 তারপর ও ধন্যবাদ বাবুনি Ὁ8 ὠD	Positive
63	RT @TaslimaakTar6: ভালোবাসা কি এতোই সস্তা হয়ে গেছে যে, টুইটারে মেসেজ দিয়ে বলে আপনারে ভালো লেগেছে আপনি রাজি তাকলে আর কি এসব ইতর গুলোকে কি…	Negative
64	আমার মতো এতো খারাপ Situation যেন কারর না হয় :) আজ কেউ নেই আমার পাশে :) না আছে বাবা না আছে মা! তবুও হেরে যাওয়ার আ… https://t.co/Klbej7qk42	Negative
65	মেয়েদের দুঃখ লুকিয়ে রাখার এক অসাধারণ গুন আছে ……… . সে কিন্তু সবাইকে দেখায় সে অনেক সুখী । আসলে সেই মেয়েটিই জানে তার মনের অবস্তা।	Neutral
66	@RaselCps ভাই ঢাকা শহর বলে কথা জ্যাম ত থাকবেই ।। আমরা উবার এর প্রাইভেট কার দিয়ে গেসিলাম ।। ২০ টাকার ভাড়া ৮০ টাকা দিয়া ὠ2	Neutral
67	এক সময় ১৮ থেকে ২৩ বছরের সুন্দর সুন্দর মেয়েরা আমাকে kiss করতো, শালার বাগ্যটা তখন খারাপ ছিলো আমার বয়স তখন ২ থেকে ৩ বছর ছিলো ।	Neutral
68	😕 😕  😕	Positive
69	সময় যখন খারাপ যায় তখন কাউকে পাশে পাওয়া যায় না। একটু হ্যালো ও বলে না!ὣ0 আমি বললে আছি না হলে নাই। আমাকেও সময়ের সত… https://t.co/HZsJGaczmP	Negative
70	সব গুলি জাভা কোড একবারে টাইপ করে রান করতে পারার মতো সুখের আর কি হয়? ὠD তার উপর যখন দেখি নতুন নতুন কোড দেখা মাত্র ই… https://t.co/1LduIbxmWx	Positive
71	প্রেম আর বন্দুত্ব দুটোই ভালোবাসা ছাঁড়া হয় না কিন্তু প্রেম যত গভীরে যায় মানুষ তত কষ্ট পায় আর বন্দুত্ব যত গভীরে যায় মানুষ ততই আনন্দ পায়	Neutral
72	ঃমামা রসে তো আখ ছাড়া বৃষ্টির পানি বেশি... - মামা গ্লাস ১২ টাকা ঃকেন?? - ঢাকা শহর পানি কিনে খান ১ টাকা আমি তো রসের… https://t.co/lPW65HlLhU	Neutral
73	❑বিভিন্ন দেশের মুদ্রার নাম➺ - ● বাংলাদেশ - টাকা। ●ভারত - রুপী। ● পাকিস্তান - রুপী। ● শ্রীলংকা - রুপী। ● নেপাল - রু… https://t.co/plfbqwoXjk	Neutral
74	যেই শহরেই থাকো তুমি তোমার শহরের মৌসুম বড় ভালো লাগে ὠD আমি এক টুকরো সন্ধ্যা চুরি করতে চাই যদি তোমার খারাপ না লাগে ☺	Neutral
75	আজ ১০ই ফেব্রুয়ারি, ২০১৯ রোববার বিবিসি বাংলার প্রবাহ অনুষ্ঠানে যা থাকছে: উত্তর-পূর্ব সিরিয়ায় ইসলামিক স্টেটের শেষ ঘাঁটিগুলোতে তীব্র আক্রমণ চালিয়ে যাচ্ছে যুক্তরাষ্ট্র সমর্থিত বিভিন্ন বাহিনী। শনিবার রাত থেকে বড় ধরনের এই অভিযান শুরু হয়।  বাংলাদেশে গত ৩০শে ডিসেম্বর অনুষ্ঠিত সংসদ নির্বাচনে অনিয়ম ও কারচুপির অভিযোগে নির্বাচনী ট্রাইব্যুনালে মামলা করার সিদ্ধান্ত নিয়েছিল বিএনপি। কিন্তু সেই কাজে তারা কতটা এগিয়েছে? ঢাকার আবাসন মেলায় এবার প্লট/ফ্ল্যাটের পাশাপাশি বিক্রি হচ্ছে কবরের জমি। ঢাকা শহরে কবরের জায়গা নিয়ে সংকট আসলে কতটা তীব্র? এর সমাধান কী? থাকবে এ নিয়ে প্রতিবেদন এবং সাক্ষাৎকার। সাথে থাকবে খবরের সর্বশেষ শিরোনাম	Positive
76	সরকারি অফিসের কর্মকর্তাদের দপ্তরে খাস কামরা থাকে কেন, এর দরকারটা কী? বিবিসি বাংলা এমন প্রশ্ন করেছিল সাবেক মন্ত্রিপরিষদ সচিব ও তত্ত্বাবধায়ক সরকারের সাবেক উপদেষ্টা আকবর আলী খানের কাছে। 	Positive
77	৫ মাস ২০ দিনের সেই সুখ পরবর্তী অসুখ টা গত ২ বছর ৪ মাস ১২ দিন ধরে এখনো ভোগাচ্ছে। মাঝে আবার ৫ মাস ৫ দিন ঝুলে থাকার... https://t.co/SgGbkxFRCR	Neutral
78	RT @FaisalKamrul1: যে বছরে আমি জন্মালাম, সেই বছর থেকে তুমি অবৈধ ! তোমাকে আর পেলামই না ! পেলে দিতে হবে মনের জরিমানা। -আরবান কবি	Neutral
79	RT @najannat: বুঝলাম না ব্রেকিং ব্যাড দেখতে গেলাম মনে মনে চাইলাম যেন ওয়াল্টার হোয়াইট যেন ধরা না পরে! লাকাসা দে পেপাল এ একই অবস্থা আমি মনে…	Neutral
80	একটা সম্পর্ক আমনাকে অনেক সুখ দিতে পারে।আবার একটা সম্পর্ক আপনাকে অনেক কষ্ট দিতে পারে।তই সাবধান!! কোন কিছু করার আগে মন দিয়ে আগে বুঝে নিন।	Neutral
81	লিস্টে থাকা অধিকাংশ ফ্রেন্ডের ব্লক খাইলাম, অপরাধ তেমন কিছু ছিল না। - - শুধু একবার ভুল করে পোস্ট দিয়ে ছিলাম এবার আর্জেন্টিনা কাপ পাবে।	Neutral
82	@forhadmessi হা হা হা ____ না ফরহাদ বদ্দা আই তো প্রতিদিন হাসি মনৎ ও হাসি মোডৎ থাকি । মন খারাপ নো গরি । অনের ভাবীর ল… https://t.co/pKinmkYNWx	Positive
83	দৃষ্টিহীনদের এতদিন কোন গ্যালারিতে গিয়ে নামকরা সব শিল্পকর্ম দেখার উপায় ছিল না। এখন তারাও মোনালিসার মতো শিল্পকর্ম উপভোগ করতে পারবেন।	Positive
84	একবার আত্মহত্যা করতে গেছিলাম।ফিরে এসেছি সে ভুল পথ আর কাজ থেকে। কেন যেন মনে হয় সে ফিরে আসবে। তাই হইত সে দিন ভুল কাজ টি করি নি	Positive
85	নামায পড়া হারাম।কেননা আল্লাহ নামাযের ধারে কাছে যেতেও নিষেধ করেছেন ।রেফারেন্সঃ আল কুরআনের সূরা নিসার ৪৩ নম্বর... http://t.co/yEpSpEtCQD	Negative
86	রাজনীতি টাকার খেলা; এদেশেই না শুধু সারা বিশ্বেই; যে বা যারা এটা জানে না তারাই আসলে পাগল -সাইফ আলির মত বা শাহরুখ খা… https://t.co/49Cl0yNdx9	Neutral
87	ওদিকে সন্ধ্যা হলে আকাশ দেখতে জানালা খুলে দাও ,বুনো পোকারা সাঝবাতির ফাঁদে । টুং টাং চুঁড়ির শব্দে গুনগুনিয়ে তোমার গান ,মাঝে মাঝে সুরের ভুল !	Neutral
88	তুমি কাউকে সুখি দেখে তুমি কি কখনো সুখি হয়েছো? কেউ অনেক বড় বাড়ী বানালো, তখন তুমি সুখ পাও না। কিন্তু সেই বাড়ীতে আ… https://t.co/K7Oaokjz42	Neutral
89	আজকের দিনটা এত খারাপ ভাবে কাটবে যদি আগে জানতে পারতাম তাইলে আর আজকে সকালে ঘুমের থেকে উঠতাম না আর এত কিছু হতও না... https://t.co/bAk2aUDCAM	Neutral
90	গাজীপুরের টঙ্গীতে একটি ঝুট কাপড়ের গুদামে আজ বৃহস্পতিবার আগুন লাগার ঘটনায় প্রায় ২৫টি দোকান পুড়েছে। ভোর পাঁচটার দিকে টঙ্গীর মিলগেট এলাকার মিলবাজারে এ অগ্নিকাণ্ড ঘটে। |	Negative
91	★ কোন উৎস থেকে বাংলাদেশ সরকারের সবচেয়ে বেশি রাজস্ব আয় হয়? ক. ভূমি রাজস্ব খ. আমদানি ও রপ্তানি ঘ. আয়কর ঘ. মূল্য সংযোজন কর	Neutral
92	দুঃখের সময়টা যত দীর্ঘ হয়, সুখটা ঠিক ততটাই মধুর হয়... খারাপ সময়টাই যদি পার করতে না পারো তবে ভালো সময়ের মর্ম কি করে বুঝবে???? :-)	Neutral
93	অত্যন্ত বিনয়ের সহিত বলছি, আমি মোটেও অনলাইজীবি নই...ছা-পোষা ছোট-খাটো চাকুরিজীবি। ধান্ধা করি পেটের, দেশের।... http:/t.co/CQNG8V3A54	Neutral
94	মতলব দক্ষিণে আলোচিত পিতা হত্যার ঘাতক ৩ বছরেও আটক হয়নি http:/t.co/39ECYIWwFh	Negative
95	এ কে খন্দকারের লেখা ১৯৭১: ভেতরে ও বাহিরে [ডাউনলোড লিংক সহ] http:/t.co/jBh38Afj1H	Neutral
96	বিচারকদের স্বাধীনতা একবিন্দুও ক্ষুণ্ন হবে না: আইনমন্ত্রী http://t.co/3hChVeRxq9	Positive
97	Hallo DR যাকে যে স্থানে রাখা উচিত্য তাকে সে খানেই রাখা দরকার অতি আদর আর ভালোবাসা দিয়ে উপরে তুল্লে, সে সব কিছু নষ্ট… https://t.co/20MACvHWkk	Neutral
98	RT @yA5jiCt45F2yYcN: আজ বিকেলে পাসের বাড়ির ভাবি কে চুদে তাকে যৌন সুখ দিলাম। তার সামি বিদেশ থাকে তাই সুযোগ বুঝে আমাকে দিয়ে চুদায় সে।…	Neutral
99	বাতাবী লেবু যেমন বড় হয়ে জাম্বুরা হয় তেমনি ফকির মিসকিন রাজনীতি করে একসময় কোটিপতি হয়, কাজেই এটা নিয়ে রাজনীতির করার কিছু নাই। - বিটিভি।	Neutral
100	ভুল একবার করা ভুল আর বারবার করা অপরাধ। লাইফে ভুল থেকে যে শিক্ষা লাভ করতে পারে না আল্লাহ যদি না চায় তাকে দিয়ে কিছুই হবে না।	Negative
101	১৯৭১ সালের  মার্চ মাসের শুরুতে পাকিস্তান থেকে অস্ত্র ও সেনা আনার বিরুদ্ধে প্রথম প্রতিবাদ করেছিলেন বাঙালি বৈমানিক... http://t.co/bc0Zf3R7jz	Positive
102	মেসি জন্য খারাপ তো লাগছেই কিন্তু তার থেকেও খারাপ লাগছে ঐ সব Facebook ID এর জন্য যা আজ রাতে Deactivate হয়ে যাবে । It just a game ;)	Positive
103	সময়টা খুব খারাপ চলছে, যে সব বন্ধুরা আমার জন্য জীবন দিয়ে দেবে বলে বেড়াতো, আজ মোবাইলে পাসওয়ার্ড দেওয়ার সময় বলে ওই দিকে তাকা। ὢ2ὢ2ὢ2	Neutral
104	--DMC পাস করা ছেলেটা BCS দিয়ে এখন মস্ত বড় পুলিশ অফিসার। . -- BUET থেকে EEE পাস করা ছেলেটা এখন ইসলামী ব্যাংকের ম্… https://t.co/Wm6Ee4uV3X	Neutral
105	ভাই আর ভুল করেউ কাওকে বেশি কাছে টানিস না যাকেই আপন মনে করবি সেই তর অইটা খুব সুন্দর করে মারবে তাই বলছি কোন পিরিত দে… https://t.co/2rwgUdI3vY	Negative
106	@sahmedforhad আমি চাইছি এ বছর আমরা কার সাথে কেমন টুইট কাটলো কে কেমন ভালো বন্ধু পেলাম এসব নিয়া আর কি টুইট হবে তাহলে… https://t.co/X2W4QYSe6t	Neutral
107	২৯শে সেপ্টেম্বর, শনিবারের প্রবাহে যা যা থাকছে: -ইন্দোনেশিয়ায় শুক্রবারের ভুমিকম্প এবং সুনামিতে সুলাওয়েসি দ্বীপে এ পর্যন্ত ৩৮০ জন মানুষ মারা গেছে। নিহতদের বেশিরভাগই সুলাওয়েসির পালু শহরের বাসিন্দা, যেখানে প্রায় তিন মিটার উঁচু জলোচ্ছাস আঘাত হানে। - বিএনপি নেতা মওদুদ আহমদ বলছেন আসছে সাধারন নির্বাচনের জন্য একটি নিরপেক্ষ সরকারের রূপরেখো তারা শীঘ্রই তুলে ধরবেন। মি: আহমদ বলেন, নির্বাচনের সময় তারা কোন সর্বদলীয় সরকার চাননা, বরং নির্দলীয় সরকার চান তারা। -আওয়ামী লীগের নেতৃত্বাধীন ১৪ দলীয় জোটের নেতার ঢাকায় এক সমাবেশে বলছেন শেখ হাসিনার নেতৃত্বেই নির্বাচনকালীন সরকার হবে এবং বিএনপির মতো সংসদের বাইরে থাকা দলের প্রতিনিধিদের ওই সরকারে জায়গা দেয়ার কোনো সুযোগ নেই। - ঢাকায় গত সপ্তাহে একজন পুলিশের পোস্ট করা একটি ভিডিও ফেসবুকে ছড়িয়ে পড়লে তা নিয়ে আলোড়ন সৃষ্টি হয়। ওই ভিডিওতে দেখা যায় একটি গাড়িতে বসে থাকা এক নারীর সাথে তার কথা কাটাকাটি চলছে। আইন ভঙ্গের কোন দৃশ্য পুলিশ প্রমাণের স্বার্থে ভিডিও করতেই পারে। কিন্তু পুলিশের কি উচিত ছিল এই ভিডিও অনলাইনে প্রকাশ করা? এ প্রশ্ন নিয়েই হবে আজকের ফোন ইন।	Positive
108	@icon_Nur আর কিছু মানুষ আছে দূর থেকে আলগা পীড়িত দেখায় ... মনে হয়ই যে সে কতো আপন ...কিনতু পুরো টায় ভুল ...সেটা সময় হলে বুঝতে পারি	Negative
109	তামিম যেই নামল , আমার মনে হইল , মারসে , আজ তো বাংলাদেশ টিম আবেগী হয়ে যাবে আর বাংলাদেশ টিম যেদিন আবেগী হয় , সে… https://t.co/WYL4j6iVDl	Neutral
110	@SinhaKeya ভুল বলি নাই টাকা না থাকলে মৃত ব্যক্তির ভূমিকায় থাকতে হয় এতে কোনো সন্দেহ নাই। টাকাও লাগবে পাশাপাশি একটা ভালো মন ও থাকতে হবে।	Neutral
111	শনিবার, ১৯শে জানুয়ারির প্রবাহে যা যা থাকছে -বাংলাদেশে গত ৩০শে ডিসেম্বরের বিতর্কিত নির্বাচনে বিজয়ী আওয়ামী লীগের হাজার হাজার সমর্থক আজ ঢাকায় এক বিজয় সমাবেশ করেছে। সমাবেশে প্রধানমন্ত্রী শেখ হাসিনা নির্বাচন নিয়ে তার রাজনৈতিক প্রতিপক্ষের সমালোচনার কোন জবাব দেননি। -কুয়েতে প্রবাসী শ্রমিকদের একটি অংশের হাতে বাংলাদেশ দূতাবাসের ভেতরে ও বাইরে ভাঙচুর, এবং হামলায় কয়েকজন কর্মকর্তা আহত হবার ঘটনা ঘটে। পরিস্থিতি নিয়ন্ত্রণে স্থানীয় পুলিশ এসে ঘটনাস্থল থেকে কয়েকজন শ্রমিককে গ্রেপ্তার করে। -ভারতের আসন্ন নির্বাচনকে সামনে রেখে বিজেপি বিরোধী একটি রাজনৈতিক মোর্চা গঠনের লক্ষ্যে কলকাতায় আজ এক বিশাল জনসভায় যোগ দিয়েছেন কয়েক লাখ মানুষ। -আপনি আপনার নিজের পরিবারের জন্য মাছ-মাংস ছাড়া খাদ্যের পরিকল্পনা করতে কতটুকু ইচ্ছুক? আজকের ফোন ইন হবে এই প্রশ্নে। সাথে থাকবে খবরের সর্বশেষ শিরোনাম	Positive
112	RT @YashhD_FC: ইচ্ছে হলে চলেই যাবি জানি তবু মিথ্যে নাহয় হাত বাড়িয়ে দিস তোর কাছে যে ইচ্ছে গুলো রাখা আর একটিবার ছুঁয়ে দেখতে দিস একটু না…	Neutral
113	ব্যক্তিগত মুহুর্তের ভিডিও অনুমতি ছাড়া অনলাইনে পোস্ট করে যেভাবে অর্থ উপার্জন করেছে বিশ্বের বৃহত্তম পর্নসাইটটি:	Negative
114	ভারতের রাস্তায় ঘুরে বেড়ানো এক নভোচারীর ভিডিও ভাইরাল	Positive
115	-হ্যালো ! এটা কি পিজা হাট ? -না স্যার, এটা গুগলস পিজা। - আমি কি তাহলে ভুল নাম্বারে ফোন করেছি? - না স্যার, গুগল... https://t.co/1ossLGzxVr	Neutral
116	এই ৃছেলেটার প্রতিটা গান কেমন যেন,শুনলেই গায়ে শিহরন দেই — listening to আমাকে আমার মত থাকতে দাও-অনুপম রয়	Positive
117	RT @duurzodhon: তোমরা যে খালি চেতনার গল্প শোনাও আর পাকিস্তানকে অধম বলো, সেই অধম পাকিস্তানও আজ এক ৭ বছরের শিশুর ধর্ষনে উত্তাল হয়ে গেছে, রা…	Neutral
118	ফকিরে ভিক্ষা চেয়েছে, যদি তুমি না দাও, সুন্দর করে বল ক্ষমা করো - খারাপ আচরন করো কেন ?? ওর কষ্ট লাগবেনা, ওতো অভাবি হতেই পারে ......	Positive
119	‘ধর্ষণের চেয়েও নিকৃষ্ট বাল্যবিবাহ’ http://t.co/JAsqt7r1ze	Negative
120	কোন একটা ভুল সিদ্ধান্ত বা ভুল অনেক কিছুর পরিবর্তন করে দেয়,,, ভুল খুব খারাপ জিনিস,,, মানুষকে খুব বেশি পরিবর্তন করে দেয়।। — feeling sad	Neutral
121	খালি চেষ্টা করলেই হয় না। কপাল লাগে! কপাল খারাপ হলে বাতাস খাইলেও ওজন বাড়ে। বাতাসে বিরানীর গন্ধ থাকলে তো কথাই নাই!! ὢ5ὢ5ὢ5 — feeling THUG LIFE	Negative
122	শুভ জন্মদিন প্রিয় অরবিন্দু রায় ভাই ।। ὠA♥ জন্মদিনে আপনাকে জানাই আন্তরিক শুভেচ্ছা ও অভিনন্দন ।। শুভ হোক আপনার আগামীর পথ চলা ।। ὠAὠA Ἰ6Ἰ6Ἰ8Ἰ8Ἰ8	Positive
123	যাক ফাইনালি আমাকেও কেও অত্যন্ত বোকা ভাবলো এইরকম যুক্তি দিয়ে কেও মিথ্য বলে পরের বার থেকে একটু ভালো করে মিথ্য বলিস খারাপ লাগলো ὡ4	Neutral
124	ভৈরব নদ সংস্কার ও খননের দাবিতে জনউদ্যোগের মানববন্ধন http:/t.co/l7AsQQBJ9C	Positive
125	█▒▒▒ U P D A T E ▒▒▒█ . ঢাবিতে প্রতি সিটের বিপরীত এ এক্সাম দিবে ৩৮ জন। . ২০১৮-২০১৯ শিক্ষাবর্ষে ঢাকা বিশ্ববিদ্যালয়ে… https://t.co/pnE4S36Alg	Neutral
126	ী মাইক পম্পেও। এক টুইট বার্তায় মি: পম্পেও লিখেছেন, 'বিশ্বের তেল সরবরাহে এটি ছিল একটি নজিরবিহীন হামলা'।	Positive
127	… হুম প্রতিবার এর মত এবারও আম্মু প্রথম উয়িস করছে … আর যদিও আব্বু মুখে কিছু বলে নাই তবুও মনে মনে যে হাজারবার...	Positive
128	মন বোঝেনা অবুঝ হয়ে খোঁজে… সে কোথায় ? সে কোথায় ? কে সে ? সে কি এক জীবনের পরম পাওয়া কোনো মুহুর্ত ? আমি হাসি…. কত… https://t.co/HL7h2bromS	Neutral
129	¥ এমন তপ্ত দুপুরে চোখ ঝাঁ ঝাঁ হয়ে উঠা আলোতেও কিন্তু ভারী মন খারাপ হয়! ὡ4 খুবই একলা একা লাগে! ὡ2 অথচ কেউ জানলো না,… https://t.co/PW6m7PXdAf	Negative
130	তবু বলবো এই বিরান ভুমিতে আজও কিছু মানুষ আছে যারা স্বপ্ন আর আশার কথা বলে! নিরেট অন্ধকার ভেদ করে কিছু আলো আসবেই! মা তোমার ভয় নেই!	Positive
131	মেয়েটা বলল, আম্মু ডাকতেসে, গেলাম। আমি বললাম, জান! - আপনার বানান ভুল। যান। উত্তর দিলাম, ভুল থেকে যদি দারুন কিছু হয়, তবে ভুলই ভালো!	Neutral
132	‘হারেনি সাকিব আল হাসান, হেরেছে ক্রিকেট’	Positive
133	#সুখ এমন একটি app যা আমার ফোনে সাপোর্ট করে না.... .... ὡE আর #কষ্ট এমন একটি app যা আমার ফোনে আটো আপডেট হয় ....... ...ὢ2	Neutral
134	ঈদ মানে তো নয়রে কেবল আনন্দ উৎসব ঈদ মানে তো নয়রে কেবল হাসি কলরব। ঈদ মানে তো সেই সে খুশির দিন ত্যাগের মহান পথ ধরে… https://t.co/U36F2WWnTl	Positive
135	*যাও পাখি যারে উড়ে তারে কইয়ো আমার হয়েচোখ জলে যায় দেখব তারেমন চলে যায় ওদূর দূরেযাও পাখি বলো তারে সে যে ভুলে না মরে *	Negative
136	কত বিচিত্র সব খবর! না জানলে ক্ষতি নেই সেটা ঠিক। তবু জেনেই দেখো। অন্তত বন্ধুদের সঙ্গে চোখ বড় বড় করে গল্প করার মতো… https://t.co/pXowtjhXdw	Neutral
137	২০১৮ তে বাংলাদেশ হাসানের জন্ন্য প্রস্তুত না।।। ওই সময়ে তো হাসান এর গান বাংলার মানুষ এর মাথার উপর দিয়া গেসে — listening to Hasan(ARK)	Neutral
138	সুন্দর স্বপ্নে বিভোর । মানুষ তার স্বপ্নের চেয়ে বড় । আলোকিত হতে চাই ।আলোকিত হতে চাই মহান আল্লাহ তালার নির্দেশিত পথে । আমীন ।। ApK	Positive
139	এইটা মনের মতো ছিল। আমরা যে যাই করিনা কেন, যেমন বন্ধু, ছোট ভাই, বড় ভাই বা অন্য দলের সাপোর্টার কে পচানো বা মজা নেও… https://t.co/CV5kehFz0r	Neutral
140	যা করার এখনই করতে হবে , দেরি করলে বিএনপি মত অবস্থা হয়ে যাবে , আমেরিকা যে চিজ !! আরেক আওয়ামীলীগ ..... খেলা হবে .... https://t.co/wDaYlMxOLb	Neutral
141	@nilima00 আপু আমার দেখা মতে তাদের ভালবাসায় ভুল থাকে যে কারনে বিয়ার আগে তাদের সম্পর্ক থাকে কত মধুর বাট বিয়ার পরে দেখা যায় উল্টা রুপ	Neutral
142	Ashiqur .... Dude একটা SME Loan এর জোগাড় রাখিস ... ভালো একটা পজেসন পাইছি ... ডেকোরেটর এর দোকান দিমু ... — অনুভব করছেন মজা করা	Neutral
143	আজ ৫ জানুয়ারি, ২০১৯ ... আপনারা শুনছেন বিবিসি বাংলার প্রবাহ অনুষ্ঠান।	Positive
144	আজকাল ঘুম টাও অবাধ্য হয়ে গেছে রাত ৪ টার আগে আসে না আর বেলা ১১ টার আগে ভাঙ্গে না হায়রে মিস্টার ঘুম আপনি এই কাজ টা… https://t.co/APAQsCDcBf	Neutral
145	RT @RH_Mamun75: ὎2দিনশেষে চরম সত্যিটাই মুখ ফুটে বলতে চাই__ ὄ9আমি কোন রাজনৈতিক দলের না ὄ9রাজনীতি আমার পেশা না ὄ9আমি ভুল করেও কোনদিন কোন রাজনীতি…	Neutral
146	@Luvly_nusrat হেরে গেলেই কি ঘৃণা করতে হয়??ὠA তোমার এমন বলার উচিৎ ছিলো ↓ হেরে গেছি তাতে কি..?? আমি আর্জেন্টিনা সাপোর্ট করি আর সব সময় করবো।	Positive
147	আজ পুরোন দিন এ কথা মনে পরে গেল আমার সব চাইতে মজার দিন এ কথা আমার স্কুল জীবনের কথা ঐ সহ পাটি কে অনেক অনেক মিস করি.......	Neutral
148	এ বছর বাংলাদেশ থেকে মোট এক লাখ ২৬ হাজার ৭৯৮ জন হজে যাবেন। এর মধ্যে ছয় হাজার ৭৯৮ জন সরকারি ব্যবস্থাপনায় এবং এক লাখ… https://t.co/UnuxnS67p1	Neutral
149	বিদ্যার মতো চক্ষু আর নেই, সত্যের চেয়ে বড় তপস্যা আর নেই, আসক্তির চেয়ে বড় দুঃখ আর নেই,ত্যাগের চেয়ে সুখ আর কিছুতেই নেই। -আল হাদিস	Neutral
150	বেবি জানো ?বেঙ্গল ফ্লোক ফেস্টিভ্যাল হচ্ছে না , আমার মন খুব খারাপ , আমি চেক ইন দিয়া জানাইতে পারতাছি না আমি বাঙালীর সংস্কৃতির ধারক	Neutral
151	὎3὎3὎3__হায়, এ কি ! আমি তোমায় ঘৃণা করবো বলেই আজ আমি লিখতে বসেছি যেভাবে তোমায় আমি ঘৃণা করি সে তো ঘৃণা নয়ই-বরং ভালবা… https://t.co/Xnyd7Jc4Dy	Neutral
152	: আপনার আজকাল কি হয়েছে বলুন তো? : কি হয়েছে? : আজকাল মুখে খুব ভালো ভালো কথা ফুটছে। : হৃদয় ফুটে উঠলেই মুখে কথা আসে… https://t.co/JSmxy7T8x0	Neutral
153	নিরাপদ সড়কের দাবিতে আজও ঢাকার বিভিন্ন স্থানে বিক্ষোভ করছে শিক্ষার্থীরা। সর্বশেষ পরিস্থিতি জানাতে  শান্তিনগর এলাকা থেকে বিবিসি বাংলার ফেসবুক লাইভ।  বিবিসি বাংলার সাথেই থাকুন	Positive
154	বারে বারে আর আসা হবে না এমন মানব জনম আর পাবে না সাবধানে চলো মন হও হুঁশিয়ার তোমার বেলা যে বয়ে যায় আসে অন্ধকার জু… https://t.co/dj1G1qWr6d	Neutral
155	মুক্তিযুদ্ধকালে বাংলাদেশ বিমান বাহিনীর ডেপুটি চিফ অব স্টাফ অফিসার, সাবেক বিমান বাহিনীর প্রধান ও আওয়ামী লীগ... http:/t.co/mGFCWkIzWm	Neutral
156	গুঞ্জন শোনা যাচ্ছিল, ‘ক্লাউড কম্পিউটিং’-এর এই চুক্তিটি আমাজনের সঙ্গে করতে যাচ্ছে পেন্টাগন...	Positive
157	RT @javedkobir: তোমার ভাংতি চাই না, চাই না খুচরো খুচরো ভালোবাসা , হয় পুরোটা দাও, না হয় তোমার উৎচ্ছিস্ট কোন ভিখেরির জন্য তুলে রাখ । নিরা…	Neutral
158	@Bhuiyan_1 নু নু ভাই ঘুম হইতাম না আপনি আছেন ক্যান ὠE আর আমি ত পাশের জেলা থেকেই আইলামὠ0ὠ0 । কয়দিন পর পর ই আসা পরে লঞ্চ… https://t.co/IQyHv2vJl7	Neutral
159	শুভ জন্মদিন ভাই। শুভ হোক আগামীর পথ চলা। যদিও গত বছরের ট্রিট এখনো পাইনি। জানি এই বছর ও পাবো না। তোবুও আপনার জন্য রই… https://t.co/gRaQkDBpPr	Positive
160	RT @dailystarnews: “বুঝতে পারছি না, প্রচারণা যখন শুরু হবে তখন আমি কীভাবে কাজ করবো। কেননা, পুলিশ নিয়মিত বাসায় হানা দেয়। শুধু আমিই না, আমা…	Neutral
161	আমি তোমাকে ভুলতে পারিনা কথাটা সত্য নয়। সত্য হচ্ছে, আমি তোমাকে ভুলতে চাই না। তোমাকে ভুলতে চাইলেই আমার মন খারাপ হয়; আমি ভালো থাকিনা।	Neutral
162	-:: পোস্টটা বড় কিন্তু জানতে পারবেন তারচাইতে বড় কিছু ::-বৈদিক বিজ্ঞানে সূর্যের দূরত্ব ও মনুর নৌকা :... http://t.co/LsPLZAY3sN	Neutral
163	ὢDὢDহার্ট অ্যাটাক নে হই যায় আমার , এখনই কাপের বুক... এই সিন দেখার আগে , কেমনে মরি গেলাম না... ὠ2ὠ2 গাঞ্জা খোর থেকে ভা… https://t.co/5R2mUOnDal	Neutral
164	অনেক মা কি অনিচ্ছায় অজান্তে অনাগত সন্তানের মারাত্মক ক্ষতি করে ফেলছেন?	Positive
165	আল্লাহর স্ররন থেকে যদি মন গাফেল হয়ে যায় তার চেয়ে আর হতবাগা আর কে হতে পারে?? . দুনিয়াতে যদি আল্লাহর সাথে ভাল সম্… https://t.co/XeCotq2Obj	Neutral
166	ছোট বেলার সেই পুরান ফিল পাই না, নতুন আশিক বানায়া শুনে। ঈদের সেই মজা গুলাও আর ফিরে আসে না আগের মত। কেমন জানি কিছুটা… https://t.co/DqD0VnVVvE	Neutral
167	সুখ পেলে মানুষ সব কিছু ভুলে যায় কিন্তু ভুলে না তার #মন্দ_স্বভাবটা মন্দ স্বভাবটা যে তার পূর্বের প্রধান বৈশিষ্ট্য, সেটা কি ভুলা যায়, ☺☺	Neutral
168	হাঁচি দেয়ার সুন্নাত ও আদব !! প্রিয় নবী [ ﷺ ] -র সুন্নত জানুন এবং সুন্নাতের উপর আমল করুন !! মহান আল্লাহ আজ্জা ও… https://t.co/klCUBRLXPt	Neutral
169	বিষয়ের পরিপন্থি কিছু করতে পারলে , আমি বদলে যাবো । আর যদি আমি বদলে যাই , তাহলে দেশটাকে বদলে দিতে পারবো বলে আমি বি… https://t.co/ki1ihCdjhP	Positive
170	-আমি কোথায় ? - ঢাকাতে। - ঢাকা কোথায় ? - বাংলাদেশে। - বাংলাদেশ কোথায় ? - এশিয়াতে। - এশিয়া কোথায় ? - ৭৯২৬ মাইল… https://t.co/rHaifVLNBo	Neutral
171	ডেঙ্গু জ্বরে আক্রান্ত হলে সরকারের কাছে ক্ষতিপূরণ পাওয়ার সুযোগ কতটা আছে এমন প্রশ্নের উত্তরে প্রায় মৃতপ্রায় এক টর্ট আইনের কথা বিবিসি বাংলার কাছে জানান এ আইনজীবি।	Positive
172	উত্তরা রুটের বাস গুলো বরাবরই এই রকম চালায়। জাবাল - ই - নুরের নীল রংএর বাস এর মধ্যে একটি নমুনা। বাস গুলো যেভাবে এক… https://t.co/1ukg6Bk7in	Neutral
173	আমার পরান যাহা চায়, তুমি তাই, তুমি তাই গো ! তোমা ছাড়া আর এ জগতে মোর কেহ নাই কিছু নাই গো ! তুমি সুখ যদি নাহি পাও… https://t.co/jtell2t3TB	Neutral
174	গত বছর থেকে তারা ২৫শে অগাস্টকে 'রোহিঙ্গা গণহত্যা'  দিবস হিসেবে পালন করে আসছে।	Negative
175	ক্লাস নাইনে উঠে কোন বিষয়ে পড়বেন সেটা কি আপনি ঠিক করেছিলেন? মেডিকেল না বুয়েট না বিশ্ববিদ্যালয়- কী পড়বেন, সেটা কি আপনার সিদ্ধান্ত ছিল না আপনার পরিবারের?	Positive
176	RT @SKSUMON39084778: যাহা তুমি করে গেলে আমারো সনে, সত্যি এবার তাই করিবো পা ধরে যা চেয়েছো তুমি তাহারো কাছে হাসি মুখে নিলাম আমি তোমার ঔ…	Neutral
177	অামি কিছুতেই বুঝতে ছিনা অামি যা বলিনাই তা তোর বলে লাভ কি? তাহলে তুই কি অামার উকিল। হা হা হা হা মজা পেলাম চালাই যাও।… https://t.co/isGuIRn1Ga	Neutral
178	শুন ভাই আমরা সিঙ্গেলরা স্যাড সং শুনি দেখে পচাইছ না।ὡBὡBὡB ইমুন তো অইতে পারে তোরা প্রেম করস দেইখা তগো ফিউচার ভেবে মজা নিতাছি।ὠFὡBὡBὠF #চকলেট_বয়	Neutral
179	আমি কেন মন খারাপ করি জানো? তুমি যাতে আমার হাতটি ধরো আর বোঝাও তুমি আমার সাথে আছো.. আমি কেন কাঁদছি জানো? তুমি যাতে অ… https://t.co/NsQKcx5HX0	Neutral
180	আবু বকর সিদ্দিক ও হাসিব ঢাকা থেকে ১৪ আগষ্ট রাতে রওনা দিয়ে ১৭ তারিখ সকালে লেহ তে পৌঁছান। ১৮ তারিখ স্টোক ভিলেজ থেকে… https://t.co/FaDtyX6lys	Neutral
181	এখন যুগ ডেটা সায়েন্সের	Positive
182	এক সময়ের দেশ-কাঁপানো ছাত্র রাজনীতি এখন কোথায় গিয়ে ঠেকেছে?	Positive
183	রোহিঙ্গাদের নেয়ার জন্য দুটি ট্রাক ও তিনটি বাস দাঁড়িয়ে আছে টেকনাফের নোয়াপাড়া এলাকায়। কিন্তু যাদের প্রত্যাবাসন হবে সেই রোহিঙ্গাদের দেখা যাচ্ছে না! ওই এলাকা থেকে ছবিটি পাঠিয়েছেন বিবিসি বাংলার আকবর হোসেন।	Positive
184	ঢাকা শহরের ওলি-গলি তে আগে রিক্সায় ঘুইড়া মজা পাওয়া যাইত, আর এখন প্রতি ২০ মিটারে ১ টা কইরা উচা, খাড়া ও ঢালু বিশি… https://t.co/lVuby8mu93	Negative
185	আজ আকাশের মন খারাপ ফিরবে না বাড়ি কাঁদছে সে সকাল থেকে সব নিয়েছে আড়ি সময় আর অসময়ে কাঁদে সারাক্ষন আমি উড়ে বেড়াই নিয়ে উড়ু উড়ু মন	Neutral
186	@Nowrin07 রোজার দিনে এসব অস্বাভাবিক কিছুই না। এটিই স্বাভাবিক, সমস্যা নাই আল্লাহ বরকত দিবেন ॥॥॥ গরম আঙ্গুলে টুথ পেষ্ট লাগাও ঠিক হই যাবে ॥	Neutral
187	যখন কিশোরীর হাতে সূতোয় বোনা সবুজ গ্রাম যখন রং তুলিতে আঁকা বাংলার মুখ অবিরাম, যখন গান এখানেই শুধু শরতের রং এ হয় শে… https://t.co/IP8wxXZfF0	Neutral
188	তোর কাছ থেকে তো ভালোবাসা পেলাম না।তাই মনের দুঃখে গান গাই।তোমায় দেখলে বমি হয় লেবুর পাতা মুখে দিলে বমি বন্দ হয় জানু বমি বন্দ হয়	Neutral
189	আমি ৫২ এর ভাষা আন্দোলন দেখি নি আমি ৭১ এর যুদ্ধ দেখি নি ৫২ আর ৭১ এর সময় টা ছিল পাকিস্তান এর সময় কার আন্দোলন আর যু… https://t.co/nLiCUPZWWW	Neutral
190	- তুমি আমাকে রীতিমতো এখন ঘৃণা করা শুরু করছো! ὡ2 - আমি শুনেছি, কাউকে ভালোবাসতে কারণ লাগে না। তবে কাউকে ঘৃণা করতে কারণ লাগে। ὤ2	Neutral
191	কস্ট হয় নস্ট হয় ভ্রষ্ট হয় গরম হয় ঠান্ডা হয় ভাল হয় খারাপ হয় ভেজাল হয় খাটি হয় গরিব হয় ধনী হয় সুন্দর হয় কালো হয় ভয় হয় ক্ষয় হয়	Neutral
192	সন্ন্যাসী থেকে কোটি কোটি ডলারের মালিক হয়ে ওঠার গল্প।	Positive
193	বাতিল / খারেজী [ সালাফী / ওহাবী / মওদুদী / আহলে কবিস ] -দের পরিচয় -- আল্লামা আলহাজ্ব শহীদ নুরুল ইসলাম ফারুকী [ রহঃ… https://t.co/pxopS93DJJ	Neutral
194	ইয়াবা ও পিস্তলসহ টেকনাফে আটক ৩http://t.co/yQxkbrTo3P	Negative
195	RT @mdn715: আর নয় ভালোবাসা জানি তোর সাথে মায়া যত রাখি লাভ কি বলো তাতে একা করে আমায় চলে গেলি দুরে এক করে বেশি ভালো বাসবেনা কেউ তরে…	Neutral
196	🎓 🎓 🎓 আপনি জানেন কি - কিছু কিছু দেশে পড়াশোনা শেষ করে নিয়ম মেনে সেখানে চাকরি ও পরবর্তীতে স্থায়ী হওয়ারও সুযোগ হতে পারে 👇 👇	Positive
197	ব্রেক্সিট নিয়ে ব্রিটেনের রাজনীতিতে নজিরবিহীন ওলট পালট। ব্রিটেন কি সাধারণ নির্বাচনের দিকে এগোচ্ছে?	Positive
198	মানুষরূপী পশু, এই টুকু একটা শিশু কত বড় ভুল করতে পারে..? কত বড় পাপ করতে পারে যার জন্য তাকে এমন কঠিন শাস্তি দিতে হ… https://t.co/eyvbONwA6z	Negative
199	আমরা জাতে বাংগালি খেতে পায় না পচা পুটি হাতে পড়ে হীরের আংটি,, বাংলাদেশ তো তো আর ফুট বল খেলছে না খামাখা এত ডাক ডোল… https://t.co/35LSwnhK6M	Negative
200	পরিবার নিয়ে কর্মস্থলে না থাকলে ডিসিসহ মাঠ পর্যায়ের কর্মকর্তার দায়িত্ব পাওয়া যাবে না। বিশ্লেষকরা বলছেন, এটা অযৌক্তিক পদক্ষেপ...	Positive
201	চলে যাও বন্ধু ,ভুলে যাও আমাকে , নেই কোনো অভিযোগ , থেকো তুমি সুখে । বলো জোর করে কখনো কি ভালোবাসা হয় । কেনো শুধু… https://t.co/jsHDHlMpz8	Neutral
202	যখন মেজাজ খারাপ থাকে তখন দেখি লোকজন বেশি উৎসাহ নিয়ে কথা বলতে আসে| আরো খারাপ করার জন্যে! আমি জীবিত নাই দুনিয়াতে হইছে ! ।র আ চৌ।	Negative
203	বাংলাদেশের বি এইচ এম আস কোর্স চালু করার জন্য অবদান রাখা ও ১ম (বি এইচ এম এস) ব্যাচ এর ছাত্র ডাঃ হুমায়ন কবির ভুই… https://t.co/gMarsIAK5j	Neutral
204	RT @mehedi_u: নির্বাচন যতই ঘনিয়ে আসছে, সব চ্যানেলগুলো বিটিভিতে পরিণত হচ্ছে। মাঠে আর্মি ও নেই বিএনপি ও নেই, তাই নির্বাচন ঠিক জমে উঠছে না।ᾑ4…	Neutral
205	স্বরুপকাঠির পেয়ারা হাট তো দেখেছেন। এবার চলুন নৌকার হাট থেকে ঘুরে আসা যাক! :) 🚣‍♀️ 🚤	Positive
206	আসন্ন সিলেট জেলা ছাত্রলীগের কমিটিতে সৎ, যোগ্য ও পরিচ্ছন্ন ছাত্রনেতা Prabal Chowdhury Pujon ভাই কে সভাপতি হিসেবে... http:/t.co/c4IW0fhR0M	Neutral
207	তুমি নেই, আগের মতো মনে ভালোবাসা করা নারে না! তুমি নেই, কতখানি সুখে আছি সেটা কেউ জানেনা! তুমি নেই, ঠোঁট নেড়ে দূর থে… https://t.co/G9IY2omDsB	Neutral
208	যারা আমার সামনে ভাব চুদায় মজা লও ওগো জন্য আমার কষ্ট হয় , এতো কস্ট লাগে যে বড্ড করুনা হয় ,ভিতরে ফাঁকা উপরে ভাব , পুরা পুশ ব্রার মত	Negative
209	কখনো যদি আমি মরে যাইὡ2 তো ভাবিস না আমি ভুলে গেছি তোকে ὠ1 বা তোর সঙ্গ ছেড়ে দিয়েছিὠ2 মন খারাপ হলে আকাশের ἰD দিকে চেয়ে… https://t.co/0N0m1cIL2P	Neutral
210	একন নিতিবাক্য কোথা থেকে আসে। যখন আর্জেন্টিনা হরছে তখনত ভাল মজা নিছেন।তখন কই ছিল আপনাদের নিতি বাক্য। সর্বদা নিজের টা ১৬ আনা — feeling relaxed	Neutral
211	ভুল করবেন আর সমলোচনা সহ্য করবেন না! তা কিভাবে সম্ভব জনাব? ভুলের পরে অজুহাত নয় ক্ষমা চাইতে শিখুন। অন্যথায় ছেড়ে দেন ওটা আপনার জন্য নয়।	Neutral
212	আমি কাশ্মীরে কাজ করি সুনা রুপো কিন্তু এখান লোক গুলো খুব খারাপ মারে আর বিহারি বলে ডাকে আমি চাই আমাদের জন্য দেসে একটা… https://t.co/R2qOO6MzmY	Neutral
213	তামিমরে বাদ দেওয়ার কথা চিন্তা করলেও কিন্তু আন্দোলন করমু :(	Negative
214	Hadith....রাসুল (সাঃ) বলেনঃ “তোমাদের উপরে দায়িত্বদিচ্ছি-- তোমরা আমার পক্ষথেকে একটি হাদিসহলেও তা প্রচার ক         (copy from muslim islam)	Neutral
215	সাকিবের ঘটনা পেছনে ফেলে ভালো করার প্রত্যয়ে ভারতে রওনা দিয়েছে বাংলাদেশ ক্রিকেট দল	Negative
216	আমি বিশ্বাস করি আমার জীবনে যত ভুল আছে তা আমাকেই সুধরাতে হবে। আর যত সমস্যা আছে তার সমাধান ও আমাকেই করতে হবে। কোন অ… https://t.co/WjEPEwinNe	Positive
217	অবাক হলাম ২ বছর আগে ঠিক এই সময় এ এই ডেট এ আমি ট্রেনেই ঢাকা গিয়েছিলাম। আজ ও যাচ্ছি। হটাৎ করে ফেবু তে মেমোরি দেখে অ… https://t.co/T9LG6ET0Db	Neutral
218	"ইয়েমেন 🇾🇪 থেকেই যে ড্রোনগুলো এসেছিল, তার ‘কোন প্রমাণ নেই’। ""এই আগ্রাসনের জন্য ইরানই 🇮🇷 দায়ী”: মার্কিন পররাষ্ট্রমন্ত্রী মাইক পম্পেও 🇺🇸"	Positive
219	রোদ-ঝড়-বৃষ্টি কিছুই থামাতে পারেনা এদের! কঠিন বাঁধার পাহাড় ভেঙ্গেও এরা কাজ করে নগরে-বন্দরে! ছবিঃ Apu Nazrul http://t.co/06ZW0Wyugd	Positive
220	RT @NurMmad: আমি ছোট মানুষ। মূর্খ মানব। রাজনীতির অতো সতো বুঝি না। তবে এদেশের রাজনীতি নিয়ে আর কিছু লেখার শখ নেই। তবে আমার কিছু কথা আছে। ১।…	Neutral
221	আজকে টাইম লাইন বিসিএসে ভোরে গেছে । আশা করি সৎ ও নিষ্ঠার সাথে দেশের জন্য কাজ করে যাবেন সারা জীবন । সবাইকে অভিনন্দন ।	Positive
222	ফোনটা নির্বাক হয়ে পড়ে থাকে সারাদিন ।যখন তখন কল আসে না, মিসকলও আসে না আর । ঐ রিংটোন বেঁজে উঠে না আমিও হঠাৎ করেই...	Neutral
223	- পৃথিবীর সবকিছুর সাথে দিতে পারি তোমায় দিতে পারবো না তো আড়ি! - হা! হা! আমার কি দোষ জানতে পারি? - তুমি যে অনেক ব… https://t.co/yhVvCKvBjL	Neutral
224	RT @BJP4Bengal: আমি বিশ্বাস করি যে, কেউ কিছু পাওয়ার উপযুক্ত হলে জগতের কোনো শক্তিই তাকে বঞ্চিত করতে পারেনা। হে বীর তোমায় শত কোটি প্রণাম.…	Positive
225	ছোট ছোট ভুল গুলো এত বড় দানাবাধবে কখন বুঝতে পারিনি এত দিনের আশা ভরসা স্বপ্ন সব কিছুকে গলা টিপে মেরে ফেলে দিচ্ছি। — feeling sad	Negative
226	@MDSHARIF288 ও।  না রে ভাই বিদেশ যাবার চিন্তা নাই	Neutral
227	একটু পর নিউজ আসবে :D ৫ দিনের খেলা ২ দিনেই শেষ :D আর অই দিকে কোচ আসার পর সাংবাদিকদের বলছে আগামী (২০১৯) বিশ্বকাপ এর… https://t.co/f3HfHoQFvg	Neutral
228	নামায না পরলে যদি খারাপ না লাগে, বুঝতে হবে নামাযের প্রতি আমার ভালবাসাই নাই । কাজ করতে কারো ভাল লাগে না তাকে কাজ না করানো উচিত ।	Neutral
229	RT @ArkadebC: আমার শরীর খুবই খারাপ তা সত্বেও আমি ২৯ তারিখ মিছিল ও ৩১ থেকে ৩ পদযাত্রা তে হাঁটবো ,আমার সংগঠন DYFI এর প্রতি ও... https://t.co…	Positive
230	মতিউর রহমান মাদানি কিভাবে আল্লামা সাইদির উপর মিথ্যা কথা বলল তা  দেখুন ভিডিও ...... http://t.co/c3jS8AmgfD	Negative
231	আমরা সবসময়ই বাংলা সিনেমায় যা দেখে বড় হয়েছি পুলিশক মুভির শেষে এসে বলে, হ্যান্ডস অাপ, আইন নিজের হাতে তুলে নিবেন না। ঢাকা অ্যাটাক তা না	Positive
232	••• আমার আক্বীদা সমূহ ••• *** আমি এক ও অদ্বিতীয় মহান আল্লাহর উপর পূর্ণ বিশ্বাসী । তিনি নিরাকার নন । তবে তাঁর আঁকা… https://t.co/iICKf2crLK	Neutral
233	গলে যাওয়া বরফের মতন হও। নিজেকে দিয়ে নিজেকে ধুয়ে দাও। -- রুমী	Positive
234	২২শে অগাস্ট (বৃহস্পতিবার) রোহিঙ্গা প্রত্যাবাসনের একটি সম্ভাব্য তারিখ মিয়ানমারের তরফ থেকে প্রকাশের পর বাংলাদেশের পক্ষ থেকেও প্রায় সাড়ে তিন হাজার রোহিঙ্গাকে ফেরত পাঠানোর বিষয়ে কাজ চলছে। কিন্তু রোহিঙ্গা নেতারা বলছেন, প্রত্যাবাসনের জন্য তাদের যে সুনির্দিষ্ট দাবি আছে সেগুলো বাস্তবায়ন না হলে প্রত্যাবাসনে কেউ রাজী হবেন না।	Positive
235	হে অসাধ্য! তুমি সাধ্য করতে যখন আবার আসবে, তখন আমি থাকবোতো? সব জানেন মহান অন্তর্যামি! আমি তো নিদেন বোকা পাপী! পাপগুলি মোর নিজগুনে ক্ষমা কর।	Neutral
236	দেশে নাকি ৮০ ভাগ লোক বিএনপি জামাতের সমর্থক। অন্ততঃ তাদের নেতারা তো তাই বলেন। ৮০ ভাগ লোকের ১ ভাগ লোক মানেও ২০ লাখ লো… https://t.co/dcHIjlCS42	Neutral
237	বর্তমানে কোন দলের পক্ষে নিজের জীবন বিপন্ন করার পূর্বে শতবার ভাবা উচিত আমার ভাত রাধে কে এবং চাউল আসে কোথা হতে — feeling নষ্ট রাজনীতি	Negative
238	@Im_Hassi হুম। হার-জিতের কথা আমার মনেও থাকে না।আমার মনে থাকে ২০০রান,৫উইকেট,হ্যাটট্রিক ইত্যাদি...	Neutral
239	বিশ্বের যে সব দেশে পথ দুর্ঘটনায় মৃত্যুর হার সবচেয়ে বেশি তার অন্যতম ভারত, অথচ সেখানেই নতুন ট্রাফিক আইন মানতে ঘোরতর আপত্তি লক্ষ্য করা যাচ্ছে।	Positive
240	মন্ত্রী অবস্থায়ও এ কে খন্দকার প্রায় একই কথা বলেছিলেনhttp://t.co/EXulJ3f2IP http://t.co/ps7wL7xHur	Neutral
241	ঈদ মোবারক। ἱ9ἱ9ἱ9 সকলকে জানায় Bangla f e e l i n g s পরিবারের পক্ষ হতে ঈদের শুভেচ্ছা। সকলের ঈদ কাটুক ভালোবাসা ও আনন্… https://t.co/ylZwi0qbjM	Positive
242	সাব্বাস ! একে খন্দকার : হান্নান শাহ: মুক্তিযুদ্ধের উপসেনাপতি ও সাবেক পরিকল্পনামন্ত্রী একে খন্দকারকে তার লেখা ১... http://t.co/knVd1G9zuS	Neutral
243	বাংলাদেশ কে যে হাসু আপা ধর্ষণ করছে তার ভিডিও যাতে সবার কাছে না ছড়িয়ে পড়ে তার জন্য হাসু আপা 3G 4G বন্ধ করে দিছেনᾒ3ᾒ3ὠ2ὠ2 জয় হসু বুবুর জয়ᾒ3ᾒ3	Negative
244	@shahanaz_rumy নাই তা ও না কিন্তু।	Neutral
245	ফেইক আইডিতে কাম-রসের গল্প । কমেন্টে আরো মজা ὠEὠE এক পোস্টের কমেন্ট পড়ে শেষ করতে পারিনি তার উপর আরেক পোস্টে নিজেই করছে নিজের বস্ত্রহরণὠEὠEὠE	Neutral
246	RT @Seneha_: অতীতের ভুলভ্রান্তি ভুলে নতুন করে জীবনটাকে সাজাতে কে না চায় বলুন? কিন্তু সমস্যা হচ্ছে আমরা একই ভুল পুনরায় আবার করে ফেলি এবং আ…	Neutral
247	RT @bossmursalin: এটাই আমাদের সমস্যা । আমরা একজোট হয়ে কাজ করতে পারি না । মতে অমিল হতে পারে । নীতি একেকজনের কাছে একেক রকম হতে পারে । কিন্তু…	Negative
248	RT @Akhi84989799: @ProthomAlo কেউ কোটি টাকা মানে এক টাকা মনে করেন। আবার কেউ এক টাকা মানে কোটি টাকা মনে করেন। রাস্তাঘাটের যেই বেহাল দশা, এক…	Negative
249	কষ্ট পেয়ে নষ্ট হলাম কেউ তো জানলোনা আগোচরে মন পোড়ালাম কেউ তো দেখলোনা যার জন্য আমি কাদি সেই তো বোঝেনা এর নাম নাকি ভালোবাসা নাকি বেদোনা??	Neutral
250	মজার ইশকুল: আনন্দ উৎসব ২০১৭ । সিজন - ০৪ থাকবে ১২৩ সিসিমপুর এর ফুল টিম । ( হালুম, টুকটুকি, ইকড়ি ও শিকু ) । গতবার... https://t.co/ja2orHop23	Neutral
251	RT @bodmasc: মজা ত তখোনি লাগেὠ2ὠ2 যখন পাশের রোডের গাড়ি গুলো জ্যামে পরেὠ3 আর আমি যেই রোড দিয়ে যাই ওই রোডের গাড়ি গুলো প্ল্যানের মতো উড়েὡCὡC ὠ1	Neutral
252	ইসলামী ব্যাংক হাসপাতাল ও প্রাইম ব্যাংক লিমিটেডসহ বিভিন্ন প্রতিষ্ঠানে চাকরির খবর দেখুন ......................	Neutral
253	ὠ3 Airlines এর চাকরী সবাই ভাবে কত মজার চাকরি... ὢDὢDὢD দুপুর ২:৩০ এ অফিসে ঢুকলাম আর বাসায় আসছি রাত ৩:৪০ এ আবার কাল... https://t.co/dBpQfi6GMV	Neutral
254	ঘণ্টায় ৮০০০ কিলোমিটার বাতাস কিংবা সীসা গলে যাবার মতো প্রচণ্ড তাপের মধ্যে যদি আমাদের ছুটির দিন কাটাতে হয়, তখন কেমন হবে?	Positive
255	RT @Sara_arabi13: যে নক্ষত্র - নক্ষত্রের দোষ আমার প্রেমের পথে বারবার দিয়ে গেছে বাধা, আমি তা ভুলিয়া গেছি; তবু এই ভালোবাসা - ধুলো আর কাদা!…	Neutral
256	গত কয়েকদিন আগে আমি, মা, ও বোন টিভি দেখছিলাম।তখন আমার হাতে রিমট ছিল এবং আমি যমুনা টিভিতে অপরাধ বিষয়ের উপর একটা...	Neutral
257	㝚A্রেমিকার প্রথম বানী আই লাভ ইউ. এবং শেষ বানী. আমার থেকে ভালো একটা মেয়ে খুঁজে নিও প্লিজ.. কে কে এই মহান বানী শুনছেন. Ὁ4Ὁ4	Neutral
258	আজ যদি ব্রাজিল জিতে যায় ὠDὠD হেটারস বি লাইক - ὂ3ὂ3ὂ3ὂ3ὂ3 ὄ9ἿB খারাপ দলের সাথে জিতছে ὄ9ἿB ফাউল করে জিতছে ὄ9ἿB রেফারি সাইড টানছে ὃ8ὃ8ὃ8ὃ8ὃ8ὃ8	Neutral
259	@taslimanasreen প্রকৃতির ভারসাম্য স্বার্থপরের মতো বিনষ্ট করে একমাত্র,শুধুমাত্র মানুষই☝।	Negative
260	"এবারের আলোকচিত্র উৎসবের থিম ""বর্ডারস"" অর্থাৎ সীমানা।"	Positive
261	তোমাকে আমি চিনি না জানি না, তবুও কেন জানি তোমার ঐ মায়াবী মুখ দেখলে বড়ো সাধ জাগে তোমার সাথে প্রেম করতে, তুমি যে আ… https://t.co/jcdXYVjR9K	Neutral
262	"ভিডিওটি যদি না দেখে থাকেন: মশার যৌন জীবন ধ্বংসে বিজ্ঞানীদের 'ষড়যন্ত্র""!"	Positive
263	RT @utpal_73: একদম সঠিক কথা ৷ অন্য ভাষাকে ঘৃণা করি না ৷ শুধু আমার মাতৃভাষার মর্যাদা রক্ষা করতে চাই , অবমাননা দেখলে রুখে দাঁড়িয়ে ভাষার অ…	Positive
264	লাক্স ক্যাফে লাইভে আজকের অতিথি লালনকন্যা খ্যাত সালমা। উপস্থাপক: মৌসুমী মৌ (Mousumi Mou)	Positive
265	মানুষ মাত্র ভুল হয় । আর সেই ভুল থেকে শিক্ষা নিয়ে বড় হওয়ার নামই জীবন৷ ফলত ভুলগুলি থেকে শিক্ষা নিতে হবে৷ একবার না… https://t.co/PQXW0hwvlP	Positive
266	RT @AlMiznur: কি দেখতেছি ? বাংলাদেশ সরকার খুটিতে গুনে ধরছে ?একটা সেক্টর ও আইনে তোয়াকা করে না ? মন্ত্রী হতে পিয়ন ? তবে পুলিশই দেশটা ঢংশে…	Negative
267	কারও সময় খারাপ হলে তাকে খোঁচা মেরে কিছু বলার আগে ভাবা উচিত যে তারও এর চেয়ে খারাপ দিন আসতে পারে। দুনিয়াটা গোল এখানে সবকিছু ঘুরে ঘুরে আসে।	Positive
268	একা একাও হাসা যায় , তয় মজা কম ! ঢাকা ফেনীর যাত্রা সময় বেশি হলে ৩ ঘন্টা । ৫ ঘন্টা ফেরিয়ে গেছে , ফেনীর কাছেই আট… https://t.co/GqU22qGhig	Neutral
269	আচ্ছা বন্ধুরা ভালোবাসা বদলায় না মানুষের মন বদলায়? পরশো পর্যন্ত অহনা ছিলো কাল থেকে জুই যদি জুই ছেড়ে চলে যায় আমার জীবনে থেকে তাহলে কি কেও?	Neutral
270	জেনে না জেনে ভুল করলে এমন দূরত্ব আনমনে বাড়বে তখন, কেন এই বুঝে না যে আপনমনে বাড়বে তখন, কেন যে বুঝে না যে অবুজ মন,… https://t.co/XDYQeMhW0Z	Neutral
271	হই না কেন হই না কেন টগর অঙ্গে শাড়ি। কত সাধ গো কত সাধ আঁকড়ে তাকে ধরি। কত খুশি গো কত খুশি কলসী পোড়ামুখী ! না… https://t.co/5evh6JDqHJ	Neutral
272	শরীর এর অবস্থা বেশি খারাপ আজ গ্রুপ এর পাঞ্জাবী বিতরণ এর কারণে তুফান আর বৃষ্টি তে কাজ করতে হয়েছে। এখন জ্বর ই মরতেছি, আহা বৃষ্টি।	Neutral
273	সেরা ফেলুদা কে?  পড়ুন বিবিসি বাংলাকে দেয়া সব্যসাচী চক্রবর্তীর সাক্ষাতকার: সত্যজিৎ রায়ের বিখ্যাত চরিত্র 'ফেলুদা'র অভিনেতা  সব্যসাচীর সঙ্গে আলাপন দুটো ভাগে দেখতে পাবেন আমাদের ইউটিউব চ্যানেলে | লিংক দুটো দেয়া হলো- ফেলুদা ও সব্যসাচী চক্রবর্তী: মিল আর অমিল - https://bbc.in/34SC1JU অভিনেতাই হতে চাননি যিনি কোনদিন-  https://bbc.in/2UR59fS	Positive
274	কেউ তোমাকে Insult করলে তোমার যেমন খারাপ লাগে ὢ0 তেমনি আমার ফ্রেন্ডকে কেউ insult করলে আমার তোমার চেয়েও বেশি খারাপ লাগে — feeling angry	Neutral
275	একজন মুসলমানের বুনিয়াদী আকিদা -বিশ্বাস ঃ## আল্লাহ পাকই মানব জাতির একমাত্র রব,বিধানদাতা ও হুকুমকর্তা।## কুরআন ও...	Positive
276	কুকুরের পেটে কখন ঘি হজম হয় না। পৃথিবীতে এমন কিছু মানুষরূপী কুকুর আছে যাদের চোখে অন্যের সুখ সহ্য হয় না । — feeling positive	Negative
277	RT @KamranRajib: ৫৭ জন বাংলাদেশ সেনাবাহিনী অফিসার হত্যার সু-ফল পাচ্ছে হাসিনা ὡE ৫৭ জন সেনা অফিসার হত্যার কারণ গুলো গত ১০ বছরে একটু একটু করে…	Neutral
278	মাসদাইরে জেলা ছাত্রদল নেতা রনি বাসার সিড়ি কোঠায় অস্ত্র ও গুলি উদ্ধার | newsnarayanganj http://t.co/oBOnivAci1	Negative
279	এদিক ওদিক কত টাকা পয়সা খরচ করি কিছুই মনে হয়না কিন্তু কাউরে মিস কল দিতে গিয়া 1 second ধরা খেয়ে 33 পয়সা কেটে নি… https://t.co/mNgj2g67f4	Neutral
280	ভালো থেকো পথঘাট ভালো থেকো ঘর, ভালো থেকো প্রিয়জন ভালো থেকো পর। ভালো থেকো হাসিখুশি ভালো থেকো খুব আমি যাই গ্রাম ছেড়ে কাজে দেবো ডুব।	Positive
281	কেউ বলে ভালোবাসা কেউ বলে দেহ কেউ বলে প্রেম প্রীতি কেউ বলে মোহ।। , কেউ বলে লাভ কি অনলে পুড়ে, অনল পোড়ায় তবু ভষ্ম উড়ে।	Neutral
282	@Lizon10 সবাই যে কাছে থাকবে তা ত নয় আমিও পাইছি কাছের। তবে খারাপ ও পাইছি ὣ7 তাদের অভিনয় এখন নিরব দর্শক হয়ে দেখে যা… https://t.co/Z0WYFTzW2Z	Neutral
283	Ya this is Shakib Al HasanὠDὠD কি করে ভালোবাসা আর নিজের ডিমান্ড অর্জন করে নিতে হয় #সাকিব তা ভালো করেই জানে.. ὉA Love u always bossὉAὉA	Positive
284	রাগের মাথায় বা মাথা গরম করে কোন সিদ্ধান্ত নিলে তা সঠিক হয় না বা ভুল হবার সম্ভাবনা বেশি। . মাথা গরম, ফেসবুক আনইন্সটল করে দিব।	Neutral
285	যারা খেলাধুলার সাথে জড়িত, দাঁত নিয়ে এই খবরটি তাদের চিন্তার কারণ হতে পারে ⚽🏒🏀🎾	Positive
286	আল্লাহর সন্তষ্টির জন্য দান করিলে মাল সম্পদকমেনা বরং বাড়ে , যেমন মাথার চুল সারা জীবন কাটলেও কমেনা বাড়তেই থাকে।--ইমাম গাজ্জালী (রহঃ)	Positive
287	শুধু একটু ঘুম চাই! ৫৬ ঘণ্টা...দেখা নাই ঘুমের... তবে রোজা রেখে ৪ টা ডিবেট করার মত ভাল ও খারাপ অনুভূতিও হইলো। সাথে বা… https://t.co/HhLRuQykrJ	Neutral
288	জীবনে কতবার যে হেরে গেলাম, তার হিসেব করতে গিয়েও হেরে গেলাম	Negative
289	লাক্স ক্যাফে লাইভে আজকের অতিথি আনিসুল ইসলাম হিরু উপস্থাপক: সারা ফ্যায়রুজ যাইমা (Sara Fairuz Zaima)	Positive
290	@Im_Hassi :( নাসির-ও গেল :(	Neutral
291	ঢাকা কাকের শহর হবার পেছনে দুটো কারণ। প্রথমত, এখানে কেউ কাক পোষে না। দ্বিতীয়টা বেশি গুরুত্ববহ; জেনেশুনে কেউ এখানে কাকের মাংস খায় না। :)	Neutral
292	ইমোশন এর স্টিকার দিয়ে যদি মিথ্যা অনুভূতি ব্যক্ত করা যায়, তবে খারাপ কি!!!তাই হয়ত এটার নাম ই মিথ্যা খুশি থাকার প্রচেষ্টা :3 :) ὠ4☺	Neutral
293	গবেষণা ও উন্নয়ন বাজেট নামে একটি খাত আছে। মোটাদাগে এই খাতে যেই জাতি যত বেশি খরচ করে সেই জাতি তত বেশি উন্নত। বিশ্বের… https://t.co/MmSpIVzFyf	Neutral
294	আমার প্রেম আজ হয়ে গেল ঘাস খেয়ে গেল গরু আর দিয়ে গেল বাঁশ৷  ভালোবাসার শেষ ফল বুকে ব্যাথা চোখে জল  ভালোবাসা ম… https://t.co/ajqIfzdjpp	Neutral
295	RT @Shahinforyou: #গুরু মাহফুজ আনাম #জেমস হলেন একটি বই,,, তার এক এক টি গান সেই বইয়ের এক একটি অধ্যায়, তার এক একটি #ভক্ত হলেন সেই বইয়ের এ…	Positive
296	#bengali এইভাবে অশান্তি করে যে কোন লাভ হবে না , তা বুঝতে পারে ধীমান । তার স্ত্রী যে কোন যুক্তিতর্কের ধার ধারেনা ,... https://t.co/s9lAF9kBg1	Neutral
297	চলছে ইলিশের মৌসুম। বাজারে এখন প্রচুর ইলিশ মাছ। অনেকের বাড়িতেই রান্না হচ্ছে ইলিশের নানা পদ। ইলিশ মাছের কোন পদটি আপনার সবচেয়ে পছন্দের?  ভিডিও পাঠিয়ে দিন বিবিসি বাংলার ফেসবুক মেসেঞ্জারে।সাথে লিখে পাঠান নিজের নাম-ঠিকানা, ছবি তোলার স্থান, ফোন নম্বর এবং ই-মেইল অ্যাড্রেস। বাছাইকৃত কয়েকটি ছবি/ভিডিও প্রচার করা হবে বিবিসি বাংলার টেলিভিশন অনুষ্ঠান বিবিসি প্রবাহে আজ রাত ৯টা ৩৫ মিনিটে চ্যানেল আইতে।	Positive
298	২০০ কমেন্ট পেলে বাংলাদেশ কসাই ডাক্তার ৩ দিন লাস রেখে টাকা দাবি করে আর ডুকডুগি মতিয়া চৌধুরী কে বাশ দিতে লাইভে আসবো, সাথে থাকবে কোঠা প্রসঙ্গ।	Neutral
299	মানুষ যখন একটা কিছু নিয়ে খুব ভাবে তখন সে কি Example দিয়ে কি বুঝাতে চায় সে নিজেও জানে না...। এক জিনিসে অন্য...	Neutral
300	¥ এই ভর দুপুরে প্রখর রোদে চারদিক আলো তে ঝাঁ ঝাঁ হয়ে উঠে চোখ! ὡE অথচ আমার উল্টো! মনের কোনে ঠিকি অন্ধকার! সেখানে আলো… https://t.co/oCLi86P5xR	Negative
301	পরশু বাংলাদেশের ক্রিকেটে শোরগোল চলার মধ্যে ইউটিউবে একটি ভিডিও পোস্ট করেন শোয়েব। এ ভিডিওতে বিসিবি সভাপতি নাজমুল হাসানকে পদত্যাগ করতে বলেন তিনি।	Positive
302	আল্লাহ কখনোই বলেননি হতাশ হও কিংবা চেষ্টা ছেড়ে দাও! মহান আল্লাহ তাআলা বলেন তুমি আস্থা রাখো আমার প্রতি ! _____সূরা আল ইমরান আয়াত ১৫৯	Positive
303	ভবিষ্যত জীবনে আপনি কি পাব বা হবো, আমাদের কারোই জানা নেই, সো, এটা নিয়ে মন খারাপ করার তেমন কিছু নাই, জাস্ট নিজের কাজটা করে যান।	Positive
304	সারাদেশ | Shadindesh http:/t.co/Y69Q58w5Uw	Neutral
305	আমি অতি সাধারন একজন মানুষ , আমি বিভিন্ন বিষয় নিয়ে লেখার চেষ্টা করি । আমার লেখায় যদি কোনো ভুল হয়ে থাকে দয়া ক… https://t.co/k3b7fP6lw8	Neutral
306	কালকের #KKR এর খেলা নিয়ে আমি কোনও বিতক্কে যেতে চাই না কত লোক মেমস বানাচ্ছে মজা করছে, দেখ ভাই তোর মাল অন্য কেউ নি… https://t.co/ZeMZ0GbZ7i	Neutral
307	-আজকে তো এক মহান কাজ করে আসলাম, ভাই! -কী কাজ ভাই? -সকাল ৬ টায় ঘুম থেকে উঠে বিজয় দিবস উদযাপন করতে বিজয় রাইডে.… https://t.co/VPkmV9cfIN	Neutral
308	এই লিংক থেকেও বইটি পড়ে কপি করে নিতে পারেন...	Neutral
309	 হাত বাড়িয়েও হাত না ধরা কার সে অপেক্ষায়, ভুল মানুষের হাত ধরিলে নিজের কি তার দায়? একা থাকতে, একা চলতে সবারই আছে… https://t.co/TKWpEXpJkv	Neutral
310	কিচ্ছু সময় আছে বিপদ চারদিকে ঘিরে। সে সময় ভয় পাওয়া ঠিক না কারন তখন মহান আল্লাহ কথা সরন করে। সব ঠিক করে দিবে আল্লাহতালা	Positive
311	সেখানে পাঁচ বছরের শিশু থেকে ৭২ বছরের বৃদ্ধও ছররা গুলিতে আহত হয়েছে...  👇👇👇	Negative
312	RT @TopBDNews: #Bangladesh #News সওজের জমিতে সাভার পৌরসভার হাটবাজার - ঢাকার সাভার পৌর এলাকায় হাটবাজার ও যানবাহনের স্ট্যান্ডের... http:/t.…	Neutral
313	একা পথ,কিছু রোদের মিছিলে.. কিছু হাসি, কিছু কান্নার খোয়ারে!! আমি ভুল হয়ে রই,, তবু সই আরো সই.. রঙ তুলির,ঐ নতুন খেয়ালে!! ( Collected )	Neutral
314	গাছে কাঠাল গোফে তেলের মত বিএনপি এখন ভাবছে । সোনা ও গেলো কয়লা ও গেলো । ক্ষমতায় গিয়ে চামড়া চুষা ছাড়া কোন উপায় ই নেই ।	Negative
315	সরি টু সে রাশেদ খান! তেল মেরে কিংবা চামবাজি করে কোন দিনই কোন দাবী আদায় করা সম্ভব না, তাও আবার অবৈধ সরকারের আমলে ইন… https://t.co/SchpdMlgKB	Neutral
316	এই হাসি দেখার পর নিজের হাসি কন্ট্রোল করতে পারবেন কিনা চেষ্টা করে দেখুন । মন খারাপ থাকলে এখনই মনটা ভাল করে ফেলুন । https://t.co/7yk7zvl5jr	Neutral
317	@maimuna_ctg রাজু ভাইয়ার সাথে পরশু দিন ফোনে কথা হইছিলো। ও বিশ্বকাপে খেলার ব্যাপারে আশাবাদী!! @im_hassi	Positive
318	একটা কথা না বলে পারলাম না অসাধারণ এই ছবিটা ... আমার কাছে কোন ভাষা নাই ভালভাবে বোঝানোর .. কত ছবিই তো দেখি তোমার .… https://t.co/zF217omMsf	Positive
319	আকাম- কুকাম কইরা এখন বলেন ছোট ভাই ভুল করছে। বিয়ের আগে একটা মেয়ের সাথে সেক্স করা, তখন মনে ছিল না। এবার বুঝ টেলা... https://t.co/YOm4MxiqI8	Neutral
320	@Yash_Dasgupta @YashhD_FC যদি কাউকে miss করাতে ভালোবাসা বলে, তাহলে আমি ভালোবাসি ! আর সে হলো, শুধু তুমি ♥ তুমি আমার miss করার হাজার মুহূর্ত	Neutral
321	বড় আন্টি হয়না যে তার সাথে বিয়ের পর ঝগড়া করবো মা, একটু খুনসুটি করবো না। সবই হবে তবে তাতে ভালোবাসা মিশিয়ে ὠDὠA #ভদ্র_ছেলে ὠAὠA	Neutral
322	কেউ থেমে নেই। যে চলে গেছে, সে ভালো থাকার জন্যেই গেছে।। খারাপ থাকবে জানলে সে যেতো না। সবাই বড় ছেলে  নাটকের অপূর্ব হয় না।।	Neutral
323	RT @JamalAhmadi15: আমার জীবনের সুখের গল্পটা খুব ছোট ... যার মাঝে কোন হাসির ভাষা নেই ... আছে শুধু জীবনের লুকিয়া থাকা যন্ত্রণা ... যা এই মন…	Negative
324	RT @muslim73022521: সবাই সুখী হতে চায়। সাধারণ কতগুলো অভ্যাস আপনার জীবনকে পালটে দিয়ে এনে দিতে পারে সুখ। – thinking about সবাই সুখী হতে চা…	Positive
325	ভৈরব বাজার মেইন রোড এখন গরম। পুলিশ ও পজিশনে। ভুল ভাবার কারণ নাই, এখানে সবাই গত দুই দিনের ২ টা ঝগড়া নিয়া ব্যাস্ত, রায় নিয়া না।	Neutral
326	ফেসবুক পোকা আমার একটা বন্ধু আছে তার নাম টা তৌহিদুল । কথাবলার মাঝে করত সে ছোট খাট ভুল ।। বের হত না ঘরথেকে সে করত… https://t.co/rUAKywIURz	Neutral
327	RT @zenatKazi: @ghasporing না বোন এটা ভুল ধারনা, শশুর শাশুড়ি কে নিজের মা, বাবার মত মনে করলে, তারাও ছেলের বৌকে নিজের মেয়ের চেয়ে বেশী আদর…	Positive
328	RT @zararraaa21: অন্যের গায়ে থুতু ফেললে সেই থুতু নিজের গায়েই পরে। আর সবাইকে এক পাল্লায় মেপে ভুল করবেন না, কারণ ১০জনে একজন কাটা দিয়ে ঠিক…	Negative
329	‘ব্যাংক হিসাবের কিছুই বুঝি না। সরকারি ভাতা নিতে ব্যাংক হিসাব লাগবে। এজেন্টের কাছে গেছি। আঙুলের ছাপ দিছি। হিসাব নাকি খুইলা গেছে।’	Positive
330	যে সব শব্দ অথবা বাক্য অথবা গালি লেখা লেখিতে কোনো দিনই স্থান পেতো না সেগুলো এখন ফেবু আর টুইটে খুব বেশি করে মাথায় মু… https://t.co/RS9slOAwhf	Negative
331	তেল ছাড়া বাতি জ্বলে আজব এ শহরে Ὂ5 মাটি ফাইট্টা বৃষ্টির পানি ঝরঝরাইয়া পড়ে রে Ὂ6 গরু নাই রে ঘোড়া নাই রে কি জানি কি… https://t.co/Fc7bXY7sUe	Neutral
332	@kmmbd কাজ কাম নাই সারাদিন এইটা সেইটা  দেইখা বেরাও?	Negative
333	আজ দু:খ ভুলার দিন, আজ মন হবে যে রঙ্গিন। আজ প্রান খুলে শুধু গান হবে, আজ সুখ হবে সিমাহীন। তার একটাই কারন, আজ যে ঈদের… https://t.co/VQWvG9AL8m	Positive
334	জীবনের সেরা দর্শনে মনকে খুশি রাখুন আমরা জানি না সাফল্য কি সুখ দেয় বা না, কিন্তু একটি সুখী মন সবসময় সাফল্যের দিকে অগ্রসর হতে পারে	Positive
335	ডোনাল্ড ট্রাম্প নিশ্চিত করেছেন হামজা বিন লাদেন আমেরিকান অভিযানে আসলেই মারা গেছেন।	Positive
336	RT @greentouchent: নতুন বছর মানেই নতুন কিছু মজা | তাই মজাটা দ্বিগুন করতে আমরা নিয়ে আসছি একটা দারুন SURPRISE তোমাদের জন্য| আজকে, ঠিক বিকেল…	Neutral
337	বয়স বাড়ার সঙ্গে সঙ্গে চাহিদা বাড়তে থাকে বলে শিশুকে নিয়মিত আয়রনসমৃদ্ধ খাবার দিতে হবে, নয়তো দেখা দেবে অ্যানিমিয়া বা রক্তশূন্যতা	Positive
338	সেহরি করা হয়নি মা বারার ὠD সাথে, ὢB সেই ব্যাথা বুকে নিয়ে। ὣ0 - ইফতার করার উদ্দেশ্য চাচা ভাতিজা বাড়ী মুখি। ὠAὠD — tra… https://t.co/TOaFAABemT	Neutral
339	RT @shovon_abc: বয়সকালেই মানুষ ছোট খাট ভুলকরতে থাকে।ছোটখাটো ভুল করা যখন অভ্যাসহয়ে যায়তখন করে বড়ভুল !- জোছনা ও জননীর গল্প; হুমায়ূ…	Negative
340	কেউ যদি বলে পাগলরা সবচেয়ে সুখী তবে আমি বলব পাগলরা সবচেয়ে বড় দুঃখী ! দুঃখের জ্বালা সহ্য করতে না পেরে আজ সে পাগল বা পাগলী!	Neutral
341	RT @ShibirSumon: বাঁকা আর খারাপ চরিত্রের লোকেরা বরাবরই বেঁচে যায় ৷ যত বিপদ শুধু সহজ সরল লোকদের ! তাদেরকে আমরা একদম পুঁতে ফেলি ৷ https://t.…	Negative
342	চার দিনেও গ্রেপ্তার নেই: http://t.co/3qdbW75zoh	Negative
343	@rony_genius মতলব ছাড়া তো তুমি এমন কথা কখনো বলোনি, তাই একটু ঝালিয়ে নিলাম। ভাল বা খারাপ যা হোকনা কেন, অনু আমার অনু আমার, পরমাণু তোমার!ὠ2	Neutral
344	বিয়ের অনেকদিন পরও বাচ্চা হচ্ছিল না। মন খারাপ লাগত। মনে হত যেন মা হতে পারব না। চার বছর পর প্রথম বাচ্চা হল। সবাই... https://t.co/2CDRfxmRjd	Neutral
345	জন্ম যখন একা নিয়েছি একা থাকমু আমি ὡ6ὡ6 একা থাকমু একা থাকমু কারো লগে থাকতে চাই না আমি ভুল করলে মাফ কইরা দিও আমারে সবাইবὡ6ὡ6ὡ6 #মুক্ত_জীবন ὡEὡEὡE	Neutral
346	সকাল বিকাল খালি পেঠে এক লিটার পানি Mould Powder এর মত কাজ করে। বাংলাদেশ এমন একটা দেশ যেখানে ৮০ % লোক কাস্টিং এর সম… https://t.co/lhRAzcjqhm	Neutral
347	টুইটারে যদি জানতে পারেন কেউ আপনার ছোট, তার সাথে এমন এক্টিবিটি দেখান যেন সে আপনার থেকে খারাপ কিছু না শেখে। আর যদি কে… https://t.co/ng7BB5xGDY	Neutral
348	বৈরি আবাহাওয়ায় পহেলা বৈশাখে শুধু সাজ গোঁজ নয় - বৈশাখের ইলিশ , ডাল সজনে , উস্তে ভাঁজি , বেগুন ভাঁজা সব দিয়ে দু… https://t.co/nbKnTX9LLb	Neutral
349	আমি দেখতে খারাপ । তাই বলে কি মাথার উপর আকাশ এবং পায়ের নিচে মাটি থাকবে না? চলে যাও তোমরা নাম বিহীন সম্পর্ক আমার আ… https://t.co/AV63uEmCPM	Neutral
350	'ভারতের ‘ন্যাশনাল ইয়ুথ অ্যাওয়ার্ডস ফেডারেশন’ ও ‘ইন্টারন্যাশনাল ইয়ুথ সোসাইটি’র পক্ষ থেকে এ বছর বিশ্বের বিভিন্ন দেশ থেকে ১০ জন তরুণকে সম্মাননা দেওয়া হয়...	Positive
351	রোনালদো নয় এবার জেমসের সঙ্গে খোলামেলা ইরিনাবিশ্বের এক নম্বর সুস্থ ও সুঠাম দেহের অধিকারী অ্যাথলেটের নাম...	Neutral
352	সাকিবকে দুই বছরের জন্য নিষিদ্ধ করেছে আইসিসি।	Negative
353	বাসায় ফিরছি চ্যাট করতে করতে, ভুল করে কখন যে পাশের বাসায় ঢুকে পড়েছি ὠA বুঝতেই পারিনি.... :O , , আশ্চর্য!!ὠDὠD , , সে… https://t.co/LSfo1qB9eG	Neutral
354	সুয়ালক উচ্চ বিদ্যালয়ের নতুন ভবনের ভিত্তি প্রস্তর ও পুরস্কার বিতরণী সভা অনুষ্ঠিত	Neutral
355	ἳF ভালো লাগুক আর না লাগুকἳFἳF ἳF আজকে কিন্তু ঈদের দিন ἳBἳB ἳF তাই সবাইকে জানাই ἳF ঈদের শুভেচ্ছা ও অভিনন্দন ἳF ঈদ মোবারকὠDὠD… https://t.co/L1YbBrIieA	Positive
356	একটি গ্লাসে অর্ধেক পানি থাকলে আপনি সেটিকে কিভাবে দেখেন? গ্লাসটি অর্ধেক খালি নাকি অর্ধেক ভর্তি?	Positive
357	আইনি বিশেষজ্ঞরা সতর্ক করে দিয়ে বলছেন, নতুন আইনটি মানতে অস্বীকার করলে প্রধানমন্ত্রীকে কারাগারে যেতে হতে পারে।	Positive
358	ছেলেদের কমপক্ষে 21 ও মেয়েদের 18 বছরের আগে বিয়ে করা অপরাধ। তাই নিজে কখনও এই ভুল করবেন না ও আপনার সামনে কাউকে করতে.… https://t.co/cL41kBT6Gz	Neutral
359	@Shuvro_r আমাদের দেশের মতো নোংরা রাজনীতি অন্য কন দেশে আছে কিনা আমার সন্দেহ আছে ভাই সবচেয়ে সমস্যা হইছে ভাই ভদ্রতা অভাব আর শিক্ষার অভাব	Negative
360	কিছু ভালোবাসা চোখে দিও কেউ। রক্ত স্রোতে ভেসে যাবে, দুরাশার ঢেউ! প্রেমের কাব্যে খুজে নেব, জীবনের নাম। ভালোবাসার সংজ্ঞাটা কি  শরীর ও কাম ?	Neutral
361	@syed_rimon ভাই, রুমে হরেক রকমের পেইন্ট কইরা যদি সমুদ্রের পাড়, গহীন জঙ্গল অথবা মহাকাশে থকার ফিল করতে পারেন তাহলে আমি আবার কই ভুল করলাম।	Neutral
362	RT @RArohi: দয়া করে আর এখন আর বিএনপি জামাতের ইন্ধন আছে এসব বইলেন না। এসব আর পাবলিক এখন খায় না। আপনারা বিএনপি জামাতের চেয়েও জঘন্য হইসেন এ…	Negative
363	এতে কোন ভুল নেই । প্রতিটি মেয়ের ফেসবুক আই ডি তে ব্লক লিস্ট নামক কবরে দু চার জন মজনু ,ফরহাদ ,রোমিও দের জ্যান্ত কব… https://t.co/M57hw4jSts	Neutral
364	সন্ধা সাতটার সময় বাসায় এসে দেখি ডি.এম.পি থেকে নির্দেশ দিয়েছে ছয়টার মধ্যে ব্যচেলরদের ঢাকা ছাড়তে হবে ! এখন আমি কিতা করাম ? হেল্প মি!	Neutral
365	কতটা চ্যালেঞ্জ মোকাবেলা করতে হয় রোহিঙ্গা শিক্ষার্থীদের?	Negative
366	@karimbenezema  হয় ।এখন আমার ও একটা দিতে মন চাইতাচে	Neutral
367	বাংলাদেশ হলো এমন একটা জাদুর দেশ যেখানে মানুষ জানে না ১০ মিনিট পর সে কোথায় থাকবে। এ দেশে ১০ মিনিট পর কোথাও নাও থাক… https://t.co/P0OvSh1AON	Negative
368	বিশ্বাস করুন, গল্প হলেও সত্যি!সে অনেকদিন আগের কথা।মানুষ তখনও কবিতা লিখতে শেখেনি। গান গাইতে শিখেছে,কিন্তু সুর... http://t.co/4eeFPYIFUd	Positive
369	RT @saikatbiswas070: #যখন আমরা কিছুই বলতে পারতাম না..মা আমাদের সব মনের কথা বুঝে যেত..আজ আমরা কত কিছু বলি আর তার শেষে বলি,এসব তুমি বুঝবে না…	Neutral
370	এখন আর সেই দিন কি আছে! গোপনে বুথে বইসা দলবল নিয়া নৌকায় সিল মারার দিন! দিন বদলাইছে। এখন বই আসে সিলসহ, ঢাকা থিকা। ক… https://t.co/UcFBcGNAQK	Negative
371	যদি বিবিসি বাংলার টেলিভিশন অনুষ্ঠানের ২৫১ পর্বটি মিস করে থাকেন 👇👇👇	Positive
372	RT @shameemsayedee: জামায়াত বিএনপি বা সরকার বিরোধী অন্য যে কোন দল সভা সমাবেশ করলে জন দূর্ভোগ হয় আর ১০/১৫জন লোক অবরোধ করছে এখন কি জনদূর্…	Negative
373	ক্রোয়েশিয়ার শিল্পী নিকোলা ফেলার নানা ধরণের চিত্রকর্ম এঁকে থাকেন সৈকতে। যার আয়ুষ্কাল থাকে ভাটা থেকে জোয়ার পর্যন্ত	Positive
374	পুরুষজাতি নারীদের ছলনা/সৌন্দর্য নিয়ে হাজার হাজার কবিতার লাইন লিখলেও নারীরা কিন্তু পুরুষদের নিয়ে কোন কবিতা লিখে...	Neutral
375	আগামিকাল (শনিবার) রয়েছে আমাদের নিয়মিত আয়োজন ফোন-ইন। এ সপ্তাহের ফোন-ইনের প্রশ্ন:  বাংলাদেশে আশ্রয় নেয়া প্রায় ১১ লক্ষ রোহিঙ্গা শরণার্থীকে নিজ দেশে ফেরত পাঠানোর দ্বিতীয় উদ্যোগটি দৃশ্যত: ব্যর্থ হয়েছে। সরকার চাইছে তারা ফিরে যাক, কিন্তু নিরাপত্তার যুক্তিতে শরণার্থীরা তাতে আগ্রহী না। তাহলে এদের প্রত্যাবাসনের জন্য সরকার এখন কী করতে পারে? আপনার কী মতামত? এই ফোন-ইনে অংশ নিতে চাইলে এসএমএস পাঠাতে হবে ০১৭১৪ ১১৫৫৭৮ এই নম্বরে। অনুষ্ঠানের আগে আমরাই আপনাদের সঙ্গে যোগাযোগ করবো।	Positive
376	-তোর কেমন ছেলে চাই? -হাত ধরে দুম করে বলবে, ভালোবাসি । ব্যাস! -আর? -আর কী?তারপর দুজনেই ঠিক করে নেবো। আমাদের ভালোবাসা বেশী জরুরি না সাজপোশাক?	Neutral
377	যার যার fraternity থেকে সে সে এমন আহ্বান জানাতেই পারেন। তার মানে এই না যে, এই সরকারের উপর আস্থা নাই বা সরকার ভুল… https://t.co/MIaJkXVER6	Neutral
378	সত্যি কথা বলতে আমরা সব কাজেই খুব তাড়াহুড়ো করি, আর ভুল করে বসি, ধীরে সুস্থে চললে অনেক ভুল কমে যাবে, ঠিক ওই খরগোশ আর কচ্ছপের গল্পটা।	Positive
379	যদি তুমি কাউকে পাওয়ার জন্য আল্লাহর কাছে দোয়া করে না পাও,তবে মনে করবে অন্য কেউ তোমাকে পাওয়ার জন্য দোয়া... http://t.co/v7hDnBE9XR	Positive
380	আমার হাতে যখন যে বাইকি পড়ুক বাইক একটা কথাই বলে - ছেড়ে দে মা, কেঁদে বাচি!ὠ2 চকচকে বাইকের এই করুন পরিণতি!ὡC সেই পু… https://t.co/Jf7EqoOY9h	Neutral
381	ওদের সাথে মেলাও - EI-Samay	Neutral
382	কিছু দুঃখের সময় মনে পরে যায় ফেলে আসা ভুল গুলা, যদিও সেই ভুল গুলা করা হয় কিছু না বুঝে আর কিছু করা হয় চোক্ষু লজ্… https://t.co/rqhchOgPKx	Neutral
383	@TheNurHossain এই আনন্দ টায় রিয়েল লাইফ। বাকি সব কণিকের জন্য! আর দুঃখ ছাড়া জীবনের মজা নেই. জীবনে দুঃখ না তাখলে সুখ অভাব টা বুঝতাম না।	Positive
384	হারিকেন ডোরিয়ান এখন ৫ ক্যাটাগরির তীব্রতা অর্জন করেছে বলে সতর্ক করে দিয়েছে যুক্তরাষ্ট্রের ন্যাশনাল হারিকেন সেন্টার। আগামী কয়েক ঘন্টার মধ্যে এই ঝড়টি আমেরিকার দক্ষিণ পূর্ব উপকূলে বাহামা দ্বীপপুঞ্জে আঘাত হানবে বলে ধারণা করা হচ্ছে। বলা হচ্ছে, ঝড়ের কারণে ঘন্টায় সর্বোচ্চ ২৬০ কিলোমিটার বেগে বাতাস বইতে পারে এবং তা খুবই বিপদজনক এবং প্রাণঘাতী হতে পারে। ফ্লোরিডা, জর্জিয়া, উত্তর ও দক্ষিণ ক্যারোলাইনাতে জরুরি অবস্থা জারি করা হয়েছে।   ছবি: GettyImages	Negative
385	এতো ফেইক আইডি থেকে রিকুয়েষ্ট আসলে সাথে সাথে ব্লক আর নাহলে ডিলিট করে দিতাম। এখন দেখি ফেইক আইডি থেকে ফলো করে তাও...	Negative
386	জীবনের নাম যদি রাখা হয় ভুল স্মৃতির নাম তবে বেদনার ফুল যা কিছু পেয়েছি আমি তা আমার নয় চিঠি যেন এসে গেছে ভুল ঠিকানা… https://t.co/jp4kSgA175	Neutral
387	RT @shibughatpatra: দিদি আপনার মুখোশ খুলে গেলো চারি দিকে ভাষণ দিতেন কেন্দ্র থেকে কিছু সাহায্য করছে না , আপনি যেই ছদ্দবেশী ভেসে ছিলেন তা এখ…	Negative
388	@BCBtigers আর একটু ধৈর্য সহকারে খেলা উচিত ছিলো। ১০০ করার মতো ব্যাটিং ফর্ম সব সময় আসে না। সুযোগ হয়ে ও হারালো নিজের। (লিটন দাস)।	Neutral
389	যারা সপ্তাহের হাতে গোনা কয়েক দিন কাজ করেন তারা কি দিন শেষে আঙ্গুল ফোটাবেন, নাকি এই সময়ের মধ্যে আরও ভাল কিছু করার সুযোগ খুঁজে নেবেন?	Positive
390	মনের আকাশে আজ নেই তো তারার মেলা। কষ্টগুলো সাথে নিয়ে কাটে সারা বেলা। হৃদয় মাঝে সুখ পাখিটা গায় না তো আর গান। আমি... https://t.co/nkBtSfb9ws	Neutral
391	মানুষের খাদ্যাভ্যাস এবং স্বাস্থ্য নিয়ে গবেষণায় পাওয়া তথ্য 🥗🥗	Positive
392	ঢাকা থেকে চ্ট্টগ্রাম ২৩ তারিখ এর তুর্ণা এক্সপ্রেস এর ১ টি টিকিট বিক্রি করা হবে। কেও নিতে আগ্রহী হলে ০১৮৭৯৮০৭৯৩১ এই নাম্বারে যোগাযোগ করুন।	Neutral
393	ঢাকা ফাঁকা অথবা ফাঁকা ঢাকা; যাই বলা হোক না কেনো, আমরা এমন ঢাকা চাই। আজ বাদে কাল নির্বাচন। সিংহাসনে বসার পর এমন জ্যা… https://t.co/LgqFnzMT8H	Neutral
394	বাইক দুর্ঘটনার সাথে সাথে খবর যাবে হাসপাতালে, ডিএনএ দিয়ে তথ্য সংরক্ষণ, এক্সোস্কেলেটন-প্যারালাইজড রোগীদের নতুন আশা।  এসব নিয়ে বিবিসির প্রযুক্তি বিষয়ক অনুষ্ঠান 'ক্লিক' প্রচারিত হবে শনিবার সন্ধ্যা ৬টায় চ্যানেল আইতে। #CLICK_Bangla	Positive
395	ভালোবাসা কাকে বলে জানো? সকল প্রশ্নের উত্তর জানা সত্ত্বে ও পাশ না করতে পারা কে ভালোবাসা বলে। আর বিশ্বাস কাকে বলে জানো? হাঁ হাঁᾒ3	Neutral
396	যাদেরকে ঘিরে স্বপ্ন যারা ভালো করলে আমার আনন্দ তারা খারাপ করলে ও আমায় তা সহজেই মানতে হবে। ক্রিকেট এর শিক্ষা এটাই। আসচে দিন হোক আচ্ছে দিন।	Positive
397	পৃথিবীর বিজ্ঞানীরা এতো কিছু করে সুখ শান্তি মোটা তাজা করন এর কোন পদ্ধতি কি বের করতে পারে না।। তাহলেতো পাবলিক এর এত কষ্ট হতো না।	Neutral
398	ঘটনা ভোট নিয়ে হোক বা আগের জের নিয়ে হোক আমারা গণধর্ষণের বিচার চাই এর সঠিক বিচার যেনো হয়, এখনো তনুর আর্তনাদে ঘুম হ… https://t.co/kIZcbYA1o3	Neutral
399	মন ভালো করার জন্য Bf / Gf এর Hug - এর দরকার হয় না.... বেস্টফ্রেন্ডের বেসুরে, তালহীন ভুল ভাল Lyrics এর গান ই যথেস্ট ὠAὠA #নীল ☺	Positive
400	'এই চালান আসার পর দেশে পেঁয়াজের সংকট থাকবে না। দামও কমে আসবে। ব্যবসার জন্য নয়, সাধারণ মানুষ যাতে...'	Positive
401	কেন জানাতে চায় বেহায়া মন কত দুর্বল কত অসহায় হয়ে আছে, যত অপমান সব মনে পড়ে তবু ফিরে আসে তোর কাছে তোর কাছে। কতটা… https://t.co/WN4NzBajBZ	Neutral
402	@TwinkleAnika দোস্ত আমিও add হইলাম	Neutral
403	নাকুগাঁও স্থলবন্দর আমদানি-রপ্তানিকারক সমিতির নতুন কমিটির পরিচিতি সভা: শেরপুরের নাকুগাঁও স্থলবন্দর আমদানি-রপ্তা... http://t.co/piZk98LXzv	Neutral
404	২০১৭ সালে ৪ হাজার ৯৭৯ টি সড়ক দুর্ঘটনা ঘটেছে। এতে নিহত হয়েছেন ৭ হাজার ৩৯৭ জন। আর আহত হয়েছেন ২৩ হাজার ৫৯০ জন। শনি… https://t.co/ySs515Qca9	Neutral
405	As Salamu Alai Kum We Wb বাবার কাছে যেটা ছিল দশ মিনিটের মজা মায়ের কাছে সেটা ছিলো দশ মাসের বোজা কি পাপ ছিলো বাচ্চা… https://t.co/3YkRqGARuW	Neutral
406	 স্ত্রী বলে তাকে সম্মান করি না ! সে নিজেকে বেশ্যাদের অধম প্রমাণ করেছে | ওদেরও লজ্জা থাকে, এর কিছুই নেই |  ᾑ4	Negative
407	হায়রে বাংলাদেশ ১০০ লেবুর শক্তিযুক্ত ভিমবার মাত্র ১০টাকা। আর বাজারে ২ টা লেবুর দাম ২০ টাকা। তাই এই গরমে সুস্থ থাকতে ভিমবার শরবত খান।	Negative
408	মজা তো তখনই লাগে যখন ৯ মাস পর আইডি ব্যাক আসে ὠE জুকারবার্গ কত্তবড় খবিশ তার প্রমাণ মিললো ὡ3 Hasin Mahtaab ☺ ব্যাক-আপ.… https://t.co/rmxRlnTBM2	Neutral
409	কিছু দিন যাবত লক্ষ করছি অনেকে ই আমাকে বলছে আমি নাকি আগের মত হাসি না মজা করি না, আসলে ই কি তাই বুজতিছি না।ὡ2 আমার... https://t.co/SiBUtLGBWR	Neutral
410	বিবিসি বাংলার রেডিও অনুষ্ঠানের লাইভ স্ট্রিমিং-এ আজ যা থাকছে:  * রোহিঙ্গা মুসলিমদের বিরুদ্ধে বর্মী সেনাবাহিনীর গণহত্যার রিপোর্ট করেছিলেন রয়টার্সের যে দুই সাংবাদিক, তাদের করা আপিল খারিজ করে দিয়েছে মিয়ানমারের এক আদালত। এনিয়ে থাকবে বিস্তারিত। * বাংলাদেশে গার্মেন্টস শ্রমিকদের নতুন মজুরি কাঠামোর সমস্যা চিহ্নিত করা হয়েছে। তবে তা সমাধানের জন্য আরো কিছু সময় লাগবে, বলছেন সরকারি কর্মকর্তারা। কেন এই দেরি? * স্কুলে ভর্তির মৌসুমে অভিভাবকদের কাছ থেকে অতিরিক্ত ফি নিলে ব্যবস্থা নেয়া হবে – হুঁশিয়ার করে দিয়েছেন নতুন শিক্ষামন্ত্রী ডা. দীপু মনি। শুনবেন তার সাক্ষাৎকার।  * ২৭ জন নতুন মন্ত্রী নিয়ে গঠিত বাংলাদেশের সরকারের জন্য কি অভিজ্ঞতার অভাব একটা সমস্যা হয়ে উঠতে পারে? এ নিয়ে থাকবে বিশেষ প্রতিবেদন। ধন্যবাদ।	Positive
411	পাগলের সুখ মনে মনে ὡC বাংলাদেশের এক শ্রেণীর লোক মনে মনে সুখ অনুভব করিতেছে কারণ তারা দুই ফাইনালিস্ট দলের কাছে হেরেছে হা হা হা হা ὠ1ὠ1	Neutral
412	শুভ কামনা রইল বাংলাদেশ দলের জন্য বাট চিন্তার কারন হল তামিমের পরে এবার সাকিব আল হাসান ও দলে নাই ইনজুরির জন্যὡ1ὡ1 — wat… https://t.co/BtzGxBggFJ	Neutral
413	দুঃখের আট পা। মাকড়সার মত। এক পা এগোলে অন্য পাগুলো কিলবিল করে আরো দুঃখ নিয়ে আসে। সুখের হল দুই পা। তবে একটা পা খোঁ… https://t.co/nQLp12ARiC	Neutral
414	একটা পৃষ্ঠা লিখতে যার ১০০ ভুল হয় সে নাকি আবার ইঞ্জিনিয়ার? বোঝাই যায় তার দৌরাত্ব। সে সাংবাদিক নেতা হতে চায়, লিখতে পারেনা সংবাদ! ᾒ3	Negative
415	মন তো মানুষএর তখন খারাপ হয় যখন একটা মানুষ এর মন নামে কিছু থাকে.. আমি তো মানুষ নই, হ্যঁা আমি হিংস্র পিশাচ শ্রেণির কিছু হব হয়তো :)	Negative
416	সব পল্টিবাজ ὡC যখন মেসি গোল দিল সবাই খুব বাহ বাহ দিল, যখন খাইলো সে কি চিল্লানি ফেসবুক কাপাইয়া দিল লাভ ইমো দিয়া, আ… https://t.co/0DtDszAKln	Neutral
417	✗ মনে যা চায় তা তুমি করো না কারণ মনের খারাপ দিকটাই বেশী সক্রিয় । . ✗ স্ত্রী যা চায় তার সবকিছু দিও না কারণ সব চা… https://t.co/Yt91gfSHFv	Neutral
418	২ দিন ধরে শরীরটা এত খারাপ মনে হয় আমার সময় আইশা পরছে।। এত টা ই ঠান্ডা লাগছে যে আজ কে নাক টা রে লাল টমেটো বানাই ফেলসি।।। — feeling upset	Negative
419	লোকজনের স্ট্যাটাস দেখে মনে হলো ঢাকা শহর তাদের না। কোন শত্রু পক্ষের শহর হবে হয়তো। যেন বসবাস অযোগ্য হওয়ায় আমারা কেউ দায়ী না !!	Neutral
420	এই সংসারে সবাই একা কেউ বোঝে না কারো ব্যথা তোমার কাছে তুমি একা আমার কাছে আমি একা মিছেই চোখে চোখ রাখা আপন মনে আপন ভূ… https://t.co/9J1wggJ5P7	Neutral
421	RT @Ashik_29: হঠাৎ ঝড় শুরু হয়েছে ঢাকা শহরে সাথে প্রবল বৃষ্টিপাত। রাত ৪:০২ ভয় লাগছে। মনে হচ্ছে বারান্দার থাই গ্লাস টা কখন ভেঙ্গে মুখে এ…	Neutral
422	মানুষের কাছে নত হওয়া শিখো এবং ভুল করলে তা স্বীকার করতে শিখো। ক্ষমা প্রদর্শন মহৎ গুণ, ভুল করে তা স্বীকার করার মাঝেই মহত্ত বিরাজ করে।	Positive
423	ব্যাপারটা মোটেও কিন্তু এরকম না যে, এই সব জোট-ফোটে আমাদের কিছু আসে যায় না, বা এই সব সংলাপে কিবা যায় আসে আমাদের, বা… https://t.co/4fqdPC4LRg	Neutral
424	যে মানুষের মন ভাল তার কোন কিছুই খারাপ হয় না। তাদের মধ্যে প্যাচ থাকে না। আমার এমন লোক খুবই পছন্দ। আজ এমনই একজন... https://t.co/iRYJKGfCGb	Neutral
425	RT @GolamKi45569133: বিএনপি টাকার খেলা শুরু করেছে।এইভাবে কি ভোটার দের মন জিতে নেয়া যাবে ? আই এস আই যতই টাকা ঢালুক তারেক জিয়ার মাধ্যমে, জন…	Negative
426	RT @RArohi: কিছু পাবলিক আছে সারাবছর গু টাইট। ৪ বছর পরপর বিশ্বকাপ টা আসে। একটু মজা একটু ঝগড়া সামান্য হইহুল্লোড় করলে এত্ত চুলকায় ক্য? কোষ্…	Neutral
427	আরে তোদের বলছি পীরের ভক্তরা আজকের চাঁদটাকে ভাল করে দেখ আর বুঝে নেয় কত বড় ভুল করেছিস তোমারা জীবনে। ৬০ টি রোজা ধরে পূর্ণ করিস।	Neutral
428	‘‘হে আমার পালনকর্তা! আপনি আমাকে, আমার পিতা-মাতাকে, যারা মুমিন হয়ে আমার গৃহে প্রবেশ করে-তাদেরকে এবং মুমিন পুরুষ ও...	Neutral
429	কান টানলে যেমন মাথা আসেὠ7 ঠিক তেমনি অতীত টানলে নিজের প্রতি ঘৃণা আসে ὃ8ὢ1 - বুঝনাই ব্যাপারটা?ὠ2 – thinking about অতীতের কিছু ভূল সিদ্ধান্ত	Negative
430	ঢাকা বাংলা দেশের রাজধানী এখান কার পরিবেশ অনেক নোংরা গাড়ি গুলো মনে হয় মামদাতার আমলের এত ঝু্কি পুর্ন আর হোটেল গুলো নজর দারি করার লোক নাই	Negative
431	হাসু আপা লাস্ট ১০ বছরের কয়জন ভাগ্যবান পাওয়া যাবে যে ভোট দিছে ὠ2 বাই দ্যা রাস্তা, এনআইডি কি পাবো না ? ভোট দিতে পা… https://t.co/xl3eMlFcZw	Negative
432	গল্প নম্বর ৩২ ======== -এই কি করছ ? -কিছু করছি না । - বল না কি করছো? -বললাম তো কিছু করছি না । - কেন করছো না ? -এ… https://t.co/xpKnyElK3M	Neutral
433	RT @nusratjahanjeni: হেমন্তের এ রোদেলা সকাল বেলা বন্ধুদের জন্য হৃদ-গোলাপের এক মুঠো মিষ্টি সুরভি। আমার মনে আছে আশা, তোমরাও কেউ না কেউ দেবে আ…	Neutral
434	উফ্ কি অসাধারণ একটা ম্যাচ, চেন্নাই এর টাইম এতটাই ভালো যাচ্ছে যে ১০ নাম্বার ব্যাটসম্যান সার্দুল ঠাকুর ও ৫ বলে ১৫ রান করে ম্যাচ জেতাছে। ὡDὡDἼF	Positive
435	জীবনে অনেক সময় আছে, যে কি করব বা কি না করব চিন্তা করে টিক কথে পারি না তখন আপনি শুধো ২রাখাত ইস্তেকারার নামাজ পরে আ… https://t.co/0iO7yB74oY	Neutral
436	আমি খুব ইচ্ছে ঢাকা শহরে সারারাত হাটব। এ গলি ও গলি করে পুরো রাত পার করব। কিন্তু আমি যে নিরাপদে সকালে বাসায় ফিরব, সে… https://t.co/e0W3pSDiZc	Neutral
437	আজরাইল সাহেব এর সাথে আজ রাতে একান্ত বৌঠক হলো!!! মজার ব্যাপর আমারে কিছুদিন টাইম দিয়ে গেলো। আজরাইল : কবরে যাওয়ার আগে তৈরী হ। নইলে ὢDὢD	Neutral
438	RT @andyact: এটা film review নয় । Facebook বা twitter এ সিনেমা নিয়ে বাতেলা আমার মাপের অভিনেতার মানায় ও না । শুধু এটুকুই বলতে চাই সিনেমা…	Neutral
439	প্রাণ-এ আজ আমার শেষ দিন। গত ৩ বছরের বেশি সময় আমার কাটলো এই অফিসে। অনেক ভালো খারাপ এর মধ্যে দিয়ে এই সময়টা কেটেছে।… https://t.co/jQWFm33uBz	Neutral
440	আপনি মহান রব আল্লাহ এর জমিন থেকে আপনার আকাশ বাতাস ভারি হয়েছে। আমি সকল গরিব এর পক্ষ থেকে। ধনী ইমাদার মুসলিম যাদের উ… https://t.co/n9JvceAgK1	Neutral
441	৯ মাসে পুরো দেশ স্বাধীন করতে পারলে, ৪৭ বছরেও দেশ গুছাতে পারলো না এই রাজনৈতিক দল গুলো । কি বিএনপি কি আওয়ামীলীগ সবাই… https://t.co/RJjQ7VgAJF	Negative
442	‘তুমি প্রতি সুন্দর পুরুষ ও নারীর প্রতি একের পর এক দৃষ্টি দিয়েই যাচ্ছ, আর তুমি মনে করছ যে এটা বোধ হয় তোমার...	Negative
443	পাপন ভাইয়া, আপনি তো এমপি। আপনি এমপি হওয়ার পরে কোন দিন বল লেড়েছেন? তা হলে কি ভাবে আশা করেন একজন হবু এমপি বল লাড়… https://t.co/bqSC8U2egZ	Neutral
444	RT @mdfarooq446: আমি অর্ধ শিক্ষীত‌। মনে যা আসে লিখে ফেলি ভুল থাকে বৈকি। আমি ব্যকারণ বিশারদ নই। ভূল থাকলে ধরিয়ে দিবেন । লজ্জা নয় শিক্ষা হ…	Neutral
445	RT @SinhaKeya: যখন সুখ গুলো আড়াল হবে কাছের মানুষ গুলো পর হবে কষ্ট গুলো পিছু নিবে পৃথিবীটা নিষ্ঠুর হয়ে যাবে তখন তুমি হাত বাড়িয়ে…	Neutral
446	৫. যারা দেখে কুরআন পড়তে পারেন না তারা কুরআন শিক্ষা করার জন্য এই মাসকে বেছে নিন। সেই সাথে দেখে পড়তে পারেন না বলে তিলাওয়াত থেকে বঞ্চিত না	Positive
447	@Rahia_ruhi single ছেলে তো আছে কিন্তু এই যুগে এই কথা টা কোনো মেয়ে বিলিফ করে না এই টা সমস্যা। আর সব ছেয়ে বড় ক… https://t.co/QXcOokHmnC	Neutral
448	এখনো পাড়ি দিতে হবে বহু দূর, এক সেশন খারাপ করলেই শ্রীলঙ্কা ম্যাচে ফিরে আসবে! টি এর পর ১ ঘন্টা পর্যন্ত ব্যাট করতে হবে মানে প্রায় ৪৫ ওভার!	Neutral
449	না দিওনা! না দিওনা ধোকার চিঠি অমন প্রেমিক নই আমি! দাও সে আয়াত মহান রবের দিন করে যা খুব দামি! না,দিওনা আংটি সোনার… https://t.co/JVDAWu6Twt	Neutral
450	RT @NushratFaria: বিকালে মানুষটার হাত ধরে হাঁটলে, বিশেষ দিনে ডেটে গেলে, ফুল দিলে, মুখে আই লাভ ইউ, মিস ইউ বললে ভালোবাসা হয় কিনা - আমি জানি…	Neutral
451	কি বলব...!! আর কি বলা উচিত..!! কিছুই বুঝিনা না, তবে ডিজিটালের তালে তালে যে সবাই এখন যার যার মতো করে যা খুশি তাই করে… https://t.co/6NprDkGjaJ	Neutral
452	ট্রেনের ছাদে উঠে চলাচল বন্ধে কর্তৃপক্ষ এখন বদ্ধপরিকর। কিন্তু শাস্তি যেখানে সর্বোচ্চ ৫০ টাকা, মানুষ কি আদৌ ভয় পাবে?	Positive
453	আজ মনে হচ্ছে আমি শুন্ন্য ঘরে পরে আছি, যে ঘরে নেই কোন আলো, যে ঘরে নেই আলোক রশ্মি, মনে হচ্ছে ঘরটা যেন এক অন্ধকার জগত ।	Negative
454	@RaziaSu28252088 কথা টা কিন্তু মোটেও খারাপ ছিলো না, বরং আপনি নিজেই বোধ হয় বুঝতে পারছেন না,, youre is skills of lack I feel being were,,,	Neutral
455	নীল আকাশ যত দুরে হোক কখন ও দৃষ্টির আড়াল হয় না, হৃদয় যত কাছে হোক তাকে ছোয়া যায় না,ভালোবাসার মানুষটি যতই খারাপ হোক তাকে ভুলা যায়না।।	Neutral
456	আমার জবের মজা চলে গেছে সেই ১১ মাস আগে। প্রমশনের পর প্রথম ৬ মাস অনেক উড়েছিলাম। বাট স্থানান্তর করার পর ১১ মাস হয়ে… https://t.co/oMBPeHQnG5	Neutral
457	বাংলাদেশে কি যৌন উত্তেজক ঔষধের চাহিদা বাড়ছে?	Positive
458	RT @BDCricTime: আন্তর্জাতিক টি-২০ তে প্রথম ক্রিকেটার হিসেবে একই ম্যাচে ব্যাট হাতে ৪০ এর বেশি রান ও বল হাতে ৫ উইকেট নেবার রেকর্ড গড়েছেন সা…	Neutral
459	জীবনটা ছোট , বেঁচে থাকো ! ভালোবাসা খাটো , উপভোগ কর ! রাগ খতিকর , পরিত্যাগ কর ! সমস্যা সাময়িক , মুখোমুখি হও ! স্মৃ… https://t.co/AlC1M1uSmp	Positive
460	যতই সড়ক অবরোধ করুন আন্দোলন ও করুন কোনো লাভ ই হবে না এর আগেও তো কত আন্দোলন করলেন বিচার ও চাইলেন পেয়েছেন কী??? এই… https://t.co/66m8oIDhzv	Negative
461	শুধু রক্তের সম্পকই মানুষকে আপন করে না ! কিছু কিছু মানুষ রক্তের থেকে ও বেশি আপন করে আপন ভাবতে বাধ্য &lt;3 &lt;3 কিছু মানু… https://t.co/eNhEl1To5t	Neutral
462	ওরা বিভেদের কথা বলে, ওরা হিন্দু মুসলিম আলাদা করে। ওরা একতার কথা বলে না, ওরা সহাবস্থানের পথে চলে না। এক রাশ ঘৃণা ও ধিক্কার ওদেরকে।	Neutral
463	ইয়াবা, হেরোইন ও গাঁজাসহ পাঁচ যুবক গ্রেফতার	Negative
464	নাম লিখতে পারলেই একজন সাক্ষর হয়ে যান!  😕   😕   😕	Positive
465	তোমার বন্ধু হচ্ছে সে,যে তোমার সব খারাপ দিক জানেতবুও তোমাকে পছন্দ করে।--- অ্যালবার্ট হুবার্ড	Positive
466	লোক দেখানোর জন্য চিৎকার করে গলা ফাটালেই দেশ প্রেম হয় না। দেশ প্রেম বুকে ধারণ করতে হয় যা তার মহৎ কাজের মাধ্যমে প্র… https://t.co/EROiZFuGXj	Neutral
467	last ১মাস ভালোই কাটছিলো সময় মত খাওয়া, রাতে ঘুমানো, সকাল এ ঘুম থেকে উঠা সব মিলিয়ে ভালই ছিলাম ὠD then আবার সেই ঢা… https://t.co/bMlHuCZwVh	Neutral
468	সরি দোস্ত :( ! আজকে তোর সাথে অনেক মজা করলাম :D । মনে কিছু নিস না, আর নিলেও কিছু করার নাই :/ কারন তুই তো আমার... https://t.co/Iirsr4i7e9	Neutral
469	দেশের জন্য কারো কোন মাথাব্যথা নেই । যত মাথাব্যথা শুধু ক্ষমতা দখলের জন্য । অন্য সবকিছু গোল্লায় যাক । ভোট আসছে আর নে… https://t.co/qumfgdRMdp	Negative
470	নুসরাত হত্যা মামলার রায়ে বিএনপির মহাসচিব মির্জা ফখরুল ইসলাম আলমগীর অভিযোগ করলেন...	Positive
471	RT @iakashdas: হ্যা এই মানুষ গুলো দেব দা কে শুধু এক ঝলক দেখার জন্যে এসেছে .. এটাই ভালোবাসা দেব দার প্রতি ...last sunday at serampore ...শি…	Positive
472	RT @subalroy70: Dali:এই বুড়ো Dali:আপনি এসে গেছেন প্রতাপ নারায়ণ চৌধুরী এই বুড়ো আমি খুন করে দেব আমি খুন করে দেব দাঁত বের করছ কেন। তুমি…	Neutral
473	অন্যের লেখা কপি করে তার নাম না লিখে কালেক্টেড লিখে পোস্ট করা অনৈতিক ও অসৎ কাজ। কালেক্টেড লিখতে পারলে নামটা কেনো কষ্ট করে লেখা যাবে না?	Neutral
474	এ ধরণের মশা ঘরের ভেতরে নয় বরং বাইরেই কামড়ায়!	Negative
475	সব সময় ভাবি একটা হয় আর একটা ।দুর কপালটাই খারাপ কেমটা লাগে শুধু কি আমার জন্য এমন হয় কিছু বুঝতেছি না ..... — feeling angry	Negative
476	RT @Lovemymessi: একটা সময় সবার ইউজার নেম মুখস্ত রাখতে হতো.. কারোর ইউজার নেম ভুল টাইপ হলে পুরা কনভারসেশন নষ্ট হয়ে যেত.. :) তখন দিন রাত মা…	Neutral
477	যা হওয়ার হই গেসে, আগের কথা মনে রাখি লাভ নাই। অনেক ভুল বুঝা বুঝি হইসে। মাফ করি দিলাম কারন সামনে ঈদ, বিকাশ করা আসে,… https://t.co/Vxg94Tplgf	Neutral
478	আজ প্রায় অনেক দিন পড় রাত জেগে কাজ করছি :) রাতে কাজ করার মজা ই আলাদা। — feeling happy at Host Ambit - মূল্য নয়,… https://t.co/CYjA9vAXsh	Neutral
479	দেশে কিছু মানুষ আছে, যারা চোখ থাকতেও অন্ধ, কান থাকতেও বধির। তাই দেশের এত উন্নয়ন ও অগ্রগতি তাদের চোখে পড়ে না। - সং… https://t.co/ooAhBPyIE2	Neutral
480	RT @Tutul92757789: মনটা ভিশন খারাপ এতটাই খারাপ যে খুব কান্না পাচ্ছে ! কোন ভাবেই কান্না ধরে রাখতে পারছি না ৷ অাসলে অামার মত ছেলের জীবনে…	Negative
481	আমার মন বলে আমি বলছি না☺ তোমার বন্ধ চোখে ঘুম আসছে না!ὡ2 কেন ভুল করেও ভালো বাসছি না...... তা জানিনা! Ὁ4 — feeling loved	Neutral
482	শাড়ি কেনার আগে তিনটি বিষয়কে গুরুত্ব দিতে হবে - শাড়ির দাম, সূতার মান এবং কাজের সূক্ষ্মতা।	Positive
483	রক্ত দান!!! সে তো খুবই মহৎ কাজ!! সময় সুযোগ এলে আমি কেন পিছিয়ে এমন মহৎ কাজ থেকে??? আজ এই মহৎ কাজ করে আরো মাহাত্… https://t.co/Hm0G1nkHSm	Positive
484	RT @Sylhet_2000: যে নীতিতে শেষ বলতে কিছু নাই , তা হলো রাজনীতি , পলিটিক্সের মাইরে , সেই খেলা হয় মাঠের বাহিরে , দেখতে লাগে বেশ , আজ যে হি…	Negative
485	জীবন থেকে যদি ফেলে আসা দিন গুলো মুছে ফেলা যেতো, তাহলে তোমার জন্যে আর কস্ট পেতে হতো না। আমি তোমাকে ছারাই সুখী হতে পারতাম।	Neutral
486	নুসরাতের পড়ার টেবিল। এই টেবিলে মাথা রেখে মেয়ের স্পর্শ পেতে চাইলেন মা শিরিনা আক্তার।	Negative
487	জয়েশ প্যাটেল বিমানবন্দরে এসেছিলেন হুইলচেয়ারে চড়ে। তার মুখভর্তি সাদা দাড়ি, চোখে ভারী লেন্সের চশমা। পাথায় পাগড়ি। কিন্তু শেষ পর্যন্ত ধরা পড়ে গেলেন।	Positive
488	চ্যানেল আই'তে শুরু হয়েছে সরাসরি অনুষ্ঠান বিবিসি প্রবাহ। আজ শুরুতেই থাকছে, ছেলে শিশু যৌন নিপীড়ন ও ধর্ষণ প্রসঙ্গ। এবিষয়ে কথা বলতে স্টুডিওতে আছেন ঢাকা বিশ্ববিদ্যালয়ের শিক্ষক তাসলিমা ইয়াসমীন। প্রবাহ দেখুন রাত ৯ঃ৩৫এ চ্যানেল আইতে	Positive
489	কাটার বায়েস ও কেগ থোমাছ দ্বারা নির্মিত, যেমনে তোর মায়ের লগে মোর দেখা  #বায়োস্কোপ - http://t.co/zDsjlXQEig http://t.co/VbiCQRnOKb	Neutral
490	আমাদের ওবায়দুল স্যার এর কথায় যা বুজতে পারলাম বিদায় এর ঘণ্টা বাজতে শুরু হলো আর এই ঈদটাই তাদের জন্য শুভেচ্ছা বার্তা বিএনপি এর জন্য।	Neutral
491	পৃথিবীতে ২ টা জিনিসকে মানুষ খুব বড় করে দেখে।। ১। পুরুষ মানুষের ইনকাম ২। নারীর গায়ের রঙ :) শুনতে খারাপ লাগলেও চিরন্তন সত্য প্রায় :)	Neutral
492	মনটা অনেক খারাপ , কেন খারাপ তার প্রকাশ নাই করলাম , যারা খারাপ করার কারণ তারা ঠিকই বুজতে পারবে miss u kutta bilai gula	Neutral
493	যশোরে র‌্যাব-পুলিশের অভিযানে গাঁজা হেরোইন ও ফেনসিডিলসহ আটক চার http:/t.co/BseDcDRG1C	Positive
494	|¦ রাজনীতি টা সেদিন থেকে আর ঠিক ঠাক বুজে উঠতে পারি না, যেদিন থেকে রাজনীতি শেখানোর মানুষ টা আমার হাতটা ছেড়ে দেয় ¦| — feeling sorry ὤF	Negative
495	ছোট বেলায় রেজাল্ট খারাপ হলে আমাদের বলা হত তোর ত কোন কিছুর অভাব রাখি নাই, কুদ্দুস যা খায় তুই ও তাই খাস, ওর যে কটা… https://t.co/F5dQtFnGtu	Neutral
496	আর্জেন্টিনা নাকি এবার বিশ্বকাপ নিবে এরকম মজার মজার আরো জোকস পেতে ভিজিট করুন # WWW .লাষ্ট ২৪ বছরে কোনো কাপের মুখ দেখা হয় নাই.COM এই ঠিকানায়	Negative
497	একটা ফরয রোজা যে গেলো এর দায়িত্ত কে নিবে, বাংলাদেশ কি সব থেকে শেশের দেশ, চার পাশে কি আর কোন দেশ নেই। ওখানকার হুজু… https://t.co/C47ebARPXy	Negative
498	চোদা খাবে এমন কোন মেয়ে নাই আসো ওনেক সুখ দিবো তোমাকে আমি আমার ইমুতে যোগাযোগ করো শুধু মেয়েরা,, Iom sex call me +8… https://t.co/U5cH59xjdB	Neutral
499	মহান আল্লাহর রহমত আমরা হয়তো জাহেরি চোখে দেখলে ও বুঝি না.. এই রহমতের সময় সস্তির বৃষ্টিই এর নিরব প্রমাণ .. — feeling Thankful To Allah	Positive
500	গাজার নৌকা পাহাড়তলি যায়ওঁ মিরা ভাই — eating গাজা/ Boy ¥BAD MAN¥	Negative
501	বালের কেপ্টেণ হালা মাঠে থাইকাও দায়িত্ব নিতে পারে না...রুবেল রে দিছে পিটাইতে...	Negative
502	দেখুন তো টিভি সিরিজের কাহিনীর সাথে আসল সুলতান সুলেমানের কতটা মিল রয়েছে 🤔 🤔	Positive
503	সময়টা খারাপ যাচ্ছে কিন্তু আমি ঠিক আছি ὊF তোকে আজও অভিশাপ দেওয়ার মত কিছু নাই Ὁ4 ভুলটা আমারই ὢ3ὢD কেনো তকে এত ভালো বেসেছিলাম ὢ1	Neutral
504	সোনারগাঁও উপজেলার ইউএনও’র প্রত্যাহার দাবি মুক্তিযোদ্ধাদের | newsnarayanganj http://t.co/lruSK8zQrB	Neutral
505	তথ্য দিচ্ছেন ঠিক আছে। সাথে কোন দল বা ধর্ম যুক্ত হলে কিছুটা জটিলতা সৃষ্টি হয়। অপরাধীর কোন দল হয় না। অপরাধীর কোন ধ… https://t.co/KdFNNtAbcA	Neutral
506	আজ ৮ বছর পর পুটি মাছ ভাজি খাইলাম,তাও   আবার গলায় কাটা আটকে নাই, ফিলিং  অনন্ত জলিল :Dঅসম্ভব কে সম্ভব কইরালছি :p	Positive
507	হাই হাই এটা কি , আল্লাহ আজব এসে পড়বে বাংলাদেশ ।হে আল্লাহ তুমি এই অল্প কয়েক জনের জন্য আমাদের কে আজাব দিও না আমিন,,… https://t.co/JPItFE2nkB	Neutral
508	আচ্ছা যে কটা পুরাবর্ত্ম ও ২০ ফুটে ফুল চুরি গেল তা দিয়ে চোরের কোন মহৎ কাজ সাধিত হবে। ও তো ঠোঙা বানাতেও লাগবে না।	Neutral
509	@zenatKazi এত হট কেন আপনি একটু মজা করে বললেও হট হয়ে যানὠ4 আসলেই আমার মত মুর্খের জন্য টুইট নয় আপনি মনে হয় কালকে আস… https://t.co/mmIHVGPAMn	Neutral
510	আপনি কারো জন্য ৯৯ টা ভালো কাজ করেন কিন্তু রাগের বসে ১ টা খারাপ কিছু করে ফেলেন তখন মানুষ সেই ৯৯ টার কথা ভুলে এই ১... https://t.co/QpCA0P9TMu	Negative
511	সত্য জানার সুখ মূর্খের মিথ্যে নিয়ে পড়ে থাকার সুখের চেয়ে ভিন্ন। এই সুখ সস্তা সুখ নয়, এই সুখ রাস্তা ঘাটে মেলে না, এই সুখ দুর্লভ এবং দামি।	Positive
512	@boozy_me দিলাম ত দেখি কত টুকু পারেনὡD বেয়াই এইটা কিন্তু আপনার জন্য খুজে বের করছি অনেক কস্ট হইছে। পুরা প্রোফাইলটা ঘুরে আসেন মজা পাইবেনὤA	Neutral
513	বহু বছর বহু ক্রোশ পথ বহু ঘাম ফেলিয়া হাটার পর যদি জানা যায় চলিবার পথ টা ভুল ছিল, তবে তা নিয়া দু:খ করিয়া সময় নষ্… https://t.co/6k1iI5TL53	Positive
514	বিবিসি বাংলার আজকের প্রবাহ অনুষ্ঠানে যা থাকছে: ১. নিউজিল্যাণ্ডের পুলিশ মনে করছে শুক্রবার ক্রাইস্টচার্চের দুটি মসজিদে বন্দুক নিয়ে হামলা চালানোর ঘটনায় মাত্র একজন বন্দুকধারীই জড়িত ছিল। সন্দেহভাজন হামলাকারী অস্ট্রেলিয়ান ব্রেন্টন ট্যারান্টের বিরুদ্ধে হত্যার অভিযোগ দায়ের করা হয়েছে। নিহতদের স্মরণসভায় আজ যোগ দেন ক্রাইস্টচার্চের বাসিন্দা ইন্দোনেশিয়া, জর্দান, বাংলাদেশ, ভারত, পাকিস্তান ও সিরিয়ার নাগরিকরা। থাকবে এর বিস্তারিত। ২. নিউজিল্যান্ডের কর্তৃপক্ষ মসজিদে হামলার ঘটনায় নিহতের সংখ্যা ৪৯জন বলে জানালেও এখনও আনুষ্ঠানিক ভাবে তারা নিহতদের শনাক্ত বা তাদের নাম প্রকাশ করেনি।  ফলে নিহতদের মধ্যে বাংলাদেশি কতজন সে নিয়ে তৈরি হয়েছে সংশয়। শুনবেন এ নিয়ে প্রতিবেদন। ৩. নিউজিল্যান্ডের ক্রাইস্টচার্চে সন্ত্রাসী হামলা থেকে বাংলাদেশী ক্রিকেটাররা অল্পের জন্যে বেঁচে যাওয়ার পর বিদেশে খেলার সময় বাংলাদেশ জাতীয় ক্রিকেট দলের নিরাপত্তার ব্যাপারে আপনি কি উদ্বিগ্ন? -এনিয়েই রয়েছে আজকের ফোন ইন। সাথে থাকবে খবরের সবশেষ শিরোনাম।	Positive
515	টাক পড়ছে, তো কী হয়েছে? 😒 😒 😒	Positive
516	বছরের প্রথম ছবি আব্বার সাথে ὡ8 ঘুম থেকে উঠে বাবা আর আমি ὡ8 Love u বাবা ❤️ — feeling loved at পশ্চিম নাখালপাড়া, তেজ… https://t.co/X2yAEDP9tp	Neutral
517	এই পোলাটারে সবাই এড কইরা নাও চরম এক্টিভ :-)জাস্ট নাউ লাইকার+কমেন্টার	Positive
518	এটাই আমার জীবন, আমার মনের মানুষ ছিল বাট এখন আর নেই, কিন্তু আমি তার পথ চেয়ে বসে আছি,যে তার একদিন না একদিন সে ভুল বু… https://t.co/O4tWxSwh0m	Positive
519	RT @vrs0010: মন ভালো নেই; ফাঁকা রাস্তা, শূন্য বারান্দা সারাদিন ডাকি সাড়া নেই, একবার ফিরেও চায় না কেউ পথ ভুল করে চলে যায়, আমি কি সহস্র ব…	Negative
520	থানা প্রাঙ্গণের ভেতরে বিয়ে দেয়ার অভিযোগটি প্রাথমিকভাবে সত্য প্রমাণিত হয়েছে: এসপি পাবনা	Negative
521	অভিমান আমার কখনো অন্ধকার ঘরে একা অস্রুসজল এ চোখে যে প্রেম তা তোমার কখনো হবে না ধুম্রজালে এ ঠোট এ ঠোট আর তোমার কখ… https://t.co/E8djAecPU0	Neutral
522	বিসিবিও ভীষণ এক অস্থির সময় কাটাচ্ছে। বিসিবি চেষ্টা করছে উদ্বেগ চেপে রাখতে।...	Negative
523	*যি সকলে আগতে কৈছিল -*  হৰ হৰ মোদী ঘৰ ঘৰ মোদী  *সেই সকলৰ মাজৰ বহুতেই এতিয়া কবলৈ লৈছে -  হৰে কৃষ্ণ হৰে ৰাম নলবা… https://t.co/43fkhZtGuf	Neutral
524	আহাম্মকের কথার প্রতিবাদ করোনা,তাহলে তুমিও আহাম্মক হয়ে যাবে। হযরত আলী (রাঃ)	Positive
525	Photo: ঈদগাঁওতে সিংহভাগ বিদ্যুৎ গিলে খাচ্ছে টমটম-অটো রিক্সা সেলিম উদ্দিন, ঈদগাও:: কক্সবাজার সদর উপজেলার...	Neutral
526	আমরা যদি মন-প্রাণ এক করে কারো জন্য কিছু করি, বিপরীতে তার কাছ হতে সঠিক সম্মান না পাই বা কষ্ট পাই ! আমাদের তখন মানসিক… https://t.co/eKeaZO0PEv	Neutral
527	ফেনীতে নুসরাত হত্যা মামলায় অধ্যক্ষ সিরাজসহ ১৬ জনের মৃত্যুদণ্ড।	Positive
528	আমিই মহান আল্লাহ্ পাক! আমি ব্যতীত কোন ইলাহ নেই। অতএব আমার এবাদত কর এবং আমার স্মরণার্থে নামাজ কায়েম কর। - পবিত্র সূরা ত্বহা: ১৪।	Neutral
529	রিমু আক্তারের নবজাতক মেয়ে ও ছেলে জিসানের (৪) ভরণপোষণের ব্যবস্থা কীভাবে করবেন, তা ভেবে কূল পাচ্ছেন না আইবুল...	Negative
530	RT @JasikaParvin: কি ভুল আমার? কি এমন অপরাধ করেছি? কেনো চলে যাবে আমাকে ছেরে? এরকম বেহায়াপনা কথা থেকে দূরে থাকা উচিত। কারন যে যাবার সে যাবে…	Neutral
531	ছেলেটা চিন্তায় ফেলে দিয়েছে । যেই ছেলের মুখ কখনও হাসি ছাড়া দেখি নাই , কখনও মন খারাপ করতে দেখি নাই , সেই ছেলের... https://t.co/avLRFdHSZZ	Neutral
532	বাবর জানালেন, অধিনায়ক হিসেবে বিরাট কোহলি ও নিউজিল্যান্ডের কেন উইলিয়ামসন তাঁর আদর্শ	Positive
533	লাশ হয়ে ফিরল আরও এক নারী শ্রমিক	Negative
534	স্থানীও খবরঃ দুপচাঁচিয়ায় বিএনপি’র বিক্ষোভ মিছিল ও প্রতিবাদ সভা অনুষ্ঠিত http://t.co/zGH5QzxkeW	Neutral
535	নছু পাগলা লিখাঃ মুরাদ ইমরান কি রে, কিছু খাবি না কি রে! না। মন খারাপ ? না। ক্ষুধা লাগে নাই রে ? না। ওহ আচ্ছা। নছু... https://t.co/DxYag1dnmh	Neutral
536	তুই যা বলিস তার সবটা কি তোর? কোথাও কি ভুল নেই, একটু লোক দেখানো আবেগ কষ্ট সুখ? একটু মিথ্যা হাসি? তুই কি সবসময় তুই?… https://t.co/RUl9MgKDKy	Neutral
537	কোনো ব্যক্তি বা তার প্রদর্শিত পথই শতভাগ সঠিক নয় । সকল মানুষই ভুল করে । ভালো সব কিছু সব স্থান থেকে কুড়িয়ে নেবো ।… https://t.co/3RklAGlxqw	Positive
538	@SinhaKeya চাঞ্জ ছিলো না, ছোট আর চিকনা ছিলাম। সবার আগেই মার হয়ে যেতাম।কেন সবার আগে যাবো না। মনে তো শয়তানি চিন্তা। তবে মজা হয়ছে অনেকὡCὡC	Neutral
539	নয় মিছে আশা নয় শুধু ভালোবাসা নই অকারণ প্রেমে অন্ধ জানি তুমি আমি আমাদের তরী আজব এক বন্ধুত্ব Ὁ8 তোমার ছোট তরী, বলো... https://t.co/eFd365J8eg	Neutral
540	দু ὆3 এখন সহজ মানুষ। তা না হলে খোদার কসম। ওপর থেকে নিচ পর্যন্ত বাকেট লড়াই ফেলতাম। আমি সেই অধম কথা দিয়ে গুলি বের... https://t.co/bDFYxSj2QM	Neutral
541	লাক্স ক্যাফে লাইভে আজকের অতিথি বাপ্পী চৌধুরী উপস্থাপক: সারা ফ্যায়রুজ যাইমা (Sara Fairuz Zaima)	Positive
542	পৃথিবীর best relation কোনটি?..লাইলি-মজনু??..NOশিরিন-ফরহাদ?? ..NO..রোমিও-জুলিয়ট??..NO ..দুনিয়ার best...	Neutral
543	প্রিয় ভাই ও বোনেরা , আমাদের ( S.S.C -৯৬ ও H. S.C-৯৮ সালে পাশ করা ) সমগ্র বাংলাদেশ এর একটা গ্রুপ আছে। আমরা… https://t.co/P0f5R8Idug	Neutral
544	শোন বৃদ্ধ! একটা সময় ছিল তোর ইনবক্সে যেতে ভুল করতাম না তাতে তুই যত অপমানই করতিস! আর এখন তোর ওয়ালে যেতে ভুলি না... https://t.co/HuluzcERrp	Neutral
545	৭১ রে আলোচনা সফল হলে বাংলাদেশ হতো, পূর্ব পাকিস্তান ই থাকিতো, ১৮ তেও সংলাপ সফল হলে গনতন্ত্র ফিরে পাবো না, তাই অল আউট… https://t.co/xMruXfYGlp	Neutral
546	সারা উত্তরায় যত হাসনাহেনার গাছ আছে সারা ঢাকা শহরেও বুঝি অত হাসনাহেনা নেই। রাতে রিকশায় উত্তরার এমাথা ওমাথা গেলে একটু পরপরই পাগল করা ঘ্রাণ!	Neutral
547	যেসব বিষয়ে প্রশ্ন আপনাকে জিজ্ঞেস করা হতে পারে ভাইভা বোর্ডে...	Positive
548	RT @hm_enamul: সবাইকে খুশি রাখার চেষ্টা একটা বৃথা চেষ্টা ছাড়া আর কিছুই নয়, দিন শেষে কিছু মানুষ অসুখী থাকবেই সেটা আপনি চান বা না চান। htt…	Neutral
549	চারদিক থেকে কালো আধার ধেয়ে আসছে আমার দিকে, যেদিকে তাকাই শুধুই অন্ধকার আর অন্ধকার , আলোর আশায় চেয়ে আছি, কখন আলো এসে আমায় হাতছানি দিবে	Neutral
550	অনেকেই আছে কথা কথা রাগ করেন আর খারাপ ভাষা ইউজ করেন রোযা ত আল্লাহর খুশির জন্য তাই শুধো খাওয়া বন্ধ না সব রকম খারাপ… https://t.co/WPwOXYKtnd	Neutral
551	তামিম ছাড়া যে বাংলাদেশ টিম অচল সেটা আর কারও মনে হয় বুঝার বাকি নেই আগামীকাল পরীক্ষা আছে তার জন্য প্রস্তুতি নেই তাও একটা কাজ হইবে।	Neutral
552	আজ বাসায় ফিরে বাংলাদেশের খেলা দেখি নি , বাংলাদেশের জয় ও দেখা হয় নি । এতদিন বাপ ছেলে এক সাথে বসে খেলা দেখতাম, এখন… https://t.co/RSmtQv6ifh	Neutral
553	একটা আঁকাশে অনেক তাঁরা । একটা জীবনে দূঃখ ভরা । অনেক রকম প্রেমের ভুল । ভুলের জন্য জীবন দিবো । তবুও আমি তোমারই রবো https://t.co/iD6bqh4qar	Neutral
554	RT @_Jaati_: সেহরি সুহুর হইসে, রমজান রামাদান হইসে, তারাবী তারাউই হইসে । মানলাম এইগুলা আরবিতে সঠিক উচ্চারণ । এতদিন ভুল করতাম এখন ঠিক করে কর…	Neutral
555	RT @MooN_bOY00: ঘন্টাখানেক আগে হাতে লাঠি, রড আর রাম দা নিয়ে কয়েকশো ছেলে ঢাকা কলেজ, তেজগাঁও কলেজ থেকে বের হয়ে গেছে ঢাবির উদ্দেশ্যে। মিডি…	Neutral
556	ভেবে দেখুন তো ...। আপনি একটি ছেলে । রাস্তায় বের হলেন । রাস্তায় হঠাৎ কোন এক খারাপ মেয়ে আপনার কাছে এসে বলল , যা… https://t.co/4DhcYOzvbA	Neutral
557	কিন্তু তিনি ওপেনার হয়েছিলেন কার সিদ্ধান্তে?	Positive
558	নির্বাচন তো শেষ হয়েছে, আওয়ামী লীগ এখন ক্ষমতায়। ৫ বছরের জন্য রাজনীতি বাদ দিয়া দিলাম। আসেন সবাই মিলে আজ থেকে সুখ-দুঃখের গল্প করি :)	Neutral
559	আজও হয়নি প্রিয় মুখ দেখা, ভীড়ের মাঝেও লাগে একা, ভুল সুরে একই গান, ফিরে ফিরে গাওয়া, খাঁ খাঁ দুপুরের মত বুক, কত দূরে গেলে আছে ছায়া??	Neutral
560	সত্যজিৎ রায়ের বিখ্যাত চরিত্র 'ফেলুদা'র অভিনেতা সব্যসাচী চক্রবর্তী সম্প্রতি বাংলাদেশে এসেছিলেন ফাখরুল আরেফিন খান পরিচালিত 'গন্ডি' ছবির কাজ করতে। শুটিংয়ের ফাঁকেই তাঁর সঙ্গে আলাপ করার সুযোগ হয় বিবিসি বাংলার । সব্যসাচীর সঙ্গে আলাপন দুটো ভাগে দেখতে পাবেন আমাদের ইউটিউব চ্যানেলে | লিংক দুটো দেয়া হলো- ফেলুদা ও সব্যসাচী চক্রবর্তী: মিল আর অমিল - https://bbc.in/34SC1JU অভিনেতাই হতে চাননি যিনি কোনদিন-  https://bbc.in/2UR59fS	Positive
561	ভারত সরকার কাশ্মীরের বিশেষ মর্যাদা বাতিল করার পর তার বিরুদ্ধে সোচ্চার পাকিস্তান। কিন্তু এবিষয়ে আরব দেশগুলোর অবস্থান কী?	Negative
562	RT @PrincessMeherin: ভালোবাসা হাত বাড়ালো, লাগলো চোখে শুধু তোমার নেশাὠD একপলকে কি যে হলো বদলে গেল এই মনের ভাষা Ὁ3 মন জানিয়ে দিল তোমায় @idev…	Neutral
563	মানুষের জীবন টা সুখ দুঃখ হাসি কন্না দিয়ে গঠিত । তুমি যনি তোমার সুখ টা সবার সাথে ভাগ করে নিতে পারো তাহলে তুমি প্রকৃত মানুষ হয়ে উঠবা ।	Positive
564	চলে এলাম । ক্ষোভ , ভালোবাসা , ব্যথা বেদনা , কথা , ভালো ,মন্দ ,গাল (ঘা খেয়ে ফেরত দেওয়াটা আমার ফেভারিট ব্যবসা কিন্… https://t.co/SUxWyfMJQZ	Neutral
565	সংখ্যালঘু  ও মাদ্রাসা শিক্ষা দফতরে নিয়োগ	Neutral
566	- ভালোবাসা কী? . : একটা অসুখ। . - কেমন অসুখ? . : কর্কট টাইপ অসুখ। . - কেন এই অসুখ হয়? . : অজানা। . - লক্ষণ? . : আ… https://t.co/chYzJMXJN5	Negative
567	চার বছর আগে গাছ রোপনের সময় ভুল করছেন, আর এখন ফল ভালো আশা করছেন সম্ভব না ভালো ফল পেতে হলে, ভালো গাছ রোপন করেন ....… https://t.co/xcAGz16v8G	Neutral
568	আগামীকাল বৃহস্পতিবার আমার মন খারাপ দিবস। এই দিনে আমার খালি ঘুম আহে। প্রতি বিষুদবারে (বৃহস্পতিবার) আমার কেন এমন হয়! আমি এখন কি করতাম বদ্দা?	Neutral
569	জিপিএ ৫ প্রাপ্ত সকল ছোট ভাই ও বোনদেন অভিনন্দন ὠDὠD . যাদের ফলাফল আশানুরুপ হয় নি তাদের কে বলছি মন খারাপ করে না থেকে… https://t.co/6v5vqn5Alb	Positive
570	চান্দ্রমাস অনুযায়ী আগামীকাল বৌদ্ধদের মধুপূর্ণিমা। ২০১২ খ্রিস্টাব্দের ২৯ সেপ্টেম্বরের রাতটাও ছিল মধুপূর্ণিমার আগের রাত .	Neutral
571	@JasikaParvin আর তুমি একদিন আমাকে ভুল বুজেছ। আমার সেই আইডিটা এখন বন্দ আচে। যাক সবি তোমার খুসি। আমি মানুষ তাই আমার ভুল হতেই পারে।	Neutral
572	অনেক দিন পর। অনেক খারাপ থেকেও যে ভালো কিছু বের করা যায় সেটা Hayat Mahmud ভাই আপনি না থাকলে জানতাম ই না কখনো। https://t.co/do8riUh065	Positive
573	RT @MehediLoveUAll: Now Villains Time ὒB পোস্টার দেখে মনে হচ্ছে কোনো বলিউড এর ফিল্ম ὠDὠD দাদা তোমার ভিলেন ওয়ালা লুক দেখে একদম ফিদা ὠD ইন্ডি…	Neutral
574	ইসকো,ক্যাসিয়াস ও কার্ভাহাল<3#BOSS http://t.co/CXYBfqaXKt	Neutral
575	পারতাম, আমিও পারতাম &gt; রাজনীতি করতে যদি একটু পাম-পট্টি দিয়ে ১০ লাইন লিখতে পারতাম ᾑ0 তেল দেয়া দেখলে আমার মনে হয় তেল কি বাংলাদেশে ফ্রী!? ὠE	Negative
576	রাশিয়ার মস্কো বিশ্ববিদ্যালয়ের একটি ফ্যানজোনের সর্বশেষ অবস্থা জানাতে বিবিসি নিউজ বাংলার ফেসবুক লাইভ.....	Positive
577	ঠিক আফ্রিকার কোথা থেকে মানবজাতির যাত্রা শুরু হয়, তা নিশ্চিত ছিল না। বিজ্ঞানীরা দীর্ঘদিন গবেষণা করে সেই জায়গার সন্ধান পেয়েছেন।	Positive
578	@im_rubel আমিও ও এখন দেখি না	Negative
579	বিচারকদের স্বাধীনতা একবিন্দুও ক্ষুণ্ন হবে না: আইনমন্ত্রী http://t.co/SRVrW5odk7	Positive
580	আমার ঘুরাঘুরির নেশা এত তীব্রা কেন? কখন ও মন চাচ্ছে সুউচ্চ কোন এক পর্বতের চূড়ায় উঠে চিৎকার দিয়ে বলি লাইফ ইজ...	Neutral
581	@faysallabib413 ঘর থেকে বাহির হলে খরচ বেশি হবে তাই ঘরে থাকাই ভালো ৷ এটা নিয়া রাজনীতি করার কিছু নাই ভাই ৷ জোর যার সব তার	Neutral
582	ঘৃণা করা খুব কঠিন ... যদি কেউ বলে থাকে কাউকে সে ঘৃনা করে ... আদৌ করতে পারে না ... প্রকৃত ভালোবাসে এমন মানুষ তার দা… https://t.co/GU15biTjDJ	Neutral
583	RT @NaynaAnsari: বেদোনার আঁকাশ মেঘে ঢাকা নিজেকে লাগে বড় একা! !! আজো পেলাম না তোমার দেখা!!! হাজার মানুষ থাকা সত্যেও আজ আমি খুব একা!!!!	Negative
584	কেহ দূরে যায় , কেহ কাছে আসে, কেহ করে ঘৃণা, কেহ ভালোবাসে । ভালোবাসা কি সহজ, নাকি ঘৃণা ? জীবন সহজ নহে, মরন সহজ কিনা… https://t.co/VbZoyNZiYk	Neutral
585	RT @Mehedi925: যদি মন খারাপ থাকে তবে মায়ের পাশে গিয়ে বসো । যদি অস্থির লাগে মায়ের আঁচলে _____মুখ খানা মুচো । যদি ভয় পাও মাকে…	Neutral
586	তাহলে ভালবাসা হয় কিসে ? \\ আমার মতে -- //\\\ ভালবাসা থাকে বিশ্বাসে । আপনি হাজার খানেক বড় ভুল করার পরও , যখন আপ… https://t.co/u6P65kmnby	Neutral
587	সত্য ধর্ম মহান চরিত্র ও ভাল কাজের দিকে ডাকে ও খারাপ কাজ থেকে বিরত রাখে। ইহা সৃষ্টির জন্য রহমত স্বরূপ হয়, যা তাদের… https://t.co/zcaZWlS1bQ	Neutral
588	ময়না তদন্তে বেশ কয়েকটি বিষয় জানার প্রতি গুরুত্ব দেয়া হয়। কী কী জানতে চাওয়া হয় এই অনুসন্ধানে?	Positive
589	- অথৈ - হুউউ - মন খারাপ ? - হুউউ - আচ্ছা তোমার এত মন খারাপ কেন থাকে ? - জানিনা - শোনো না - হুউ - খাইছো রাতে ? - নাহ… https://t.co/mrhQhgxIE4	Neutral
590	@NushratFaria পাগলি বশি ভালোবাসা ভালোনা পেট বাঁরি হইয়া জাই পরে খালি কানদে তুর অবছতা তাই আর জদি কাউ কে না পাচ তাহলে আমার সাতে জুগা জুগ করিস	Neutral
591	গ্রেফতার করে করে জেল ভরে ফেলো । জায়গা না হলে নতুন নতুন জেল তৈরী করো। অথবা আরেকটা কাজ করা যায়, আওমীগীগের অফিস ও নে… https://t.co/6zjclQByT4	Negative
592	RT @Mistimeye_: জীবন যদি মেল ট্রেন হয় তবে দুঃখ গুলো হলো সেই ট্রেনের জংশন স্টেশন যেখানে ট্রেনটা কিছুখনের জন্য থামে , আর সুখ হলো সেই জলদি চ…	Neutral
593	বিবিসি বাংলায় আজকের প্রধান খবর।  থাইল্যান্ডে সেনাবাহিনী ক্ষমতা নেওয়ার পাঁচ বছর পর গতকাল যে নির্বাচন হয়েছে, তার ফলাফল নিয়ে অনিশ্চয়তা তৈরি হয়েছে। ২৫শে মার্চকে আন্তর্জাতিক গণহত্যা দিবস হিসেবে ঘোষণার জন্য বাংলাদেশ বিভিন্ন সময় চেষ্টা করলেও সফল হয়নি। এর কারণ কি? শুনবেন এ নিয়ে প্রতিবেদন। বাংলাদেশে এখন নতুন আতঙ্কের কারণ হয়ে দাঁড়িয়েছে অ্যান্টেবায়োটিক ওষুধের কার্যকারিতা নষ্ট হয়ে যাওয়া। থাকবে এ প্রসঙ্গ।  সাথে থাকবে খবরের সবশেষ শিরোনাম।  এসব নিয়েই বিবিসি বাংলার প্রবাহ।  শোনা যাবে রেডিও আর অনলাইনে, আর ফেসবুকে বিবিসি বাংলার পাতায় দেখতে পাবেন লাইভ স্ট্রিমিং।	Positive
594	ঢাকা শহরের ট্রাফিক সিগন্যাল এবং আমার মনের মধ্যে অনেক মিল আছে। কারন যে যার মত করে এটা ভেঙ্গে দেয়। Ὁ4 ZAFAR unacceptable but unforgettable™	Neutral
595	৪ টি রমজান এড়ানোর জন্য ভুল: ১. রাগ করা হচ্ছে ২. সমস্ত দিন ঘুমানোর ৩. রোযা ছাড়া রোযা। ৪. এবং খারাপ ভাষা ব্যবহার ক… https://t.co/Zm6xU04V9I	Neutral
596	জনৈকঃ ভাই চা অনেক মজা হইছে, আপনি খুব ভাল চা বানান। আমিঃ ( মনে মনে ) কাপের মধ্যে থুতু দিয়ে চা বানাইলে সকলেরই মজা লাগে !!	Neutral
597	আকাশ তুমি মেঘলা কেনো বকলো তোমায় কে চাঁদের সাথে আজ কি তোমার ঝগড়া হয়েছে তা না হলে সকাল থেকে কাঁদছো কেনো এতো,তোমারও কি মনটা খারাপ আমার মতো।	Neutral
598	@ProthomAlo খাদ্য নিরাপদ সংস্থা আগে কোথায় ছিল ? যখন র‌্যাব বাহিনি অভিযান চালায় তখন তারা গর্ত থেকে বেরিয়ে আসে, এ কেমন খাদ্য নিরাপদ সংস্থা।	Negative
599	গত ৫ বছরের সর্বোচ্চগোলদাতা :-১০। ওয়েইন রুনি - ১২৫গোল০৯। রবিন ভ্যান পার্সি -১২৫ গোল০৮। এন্টোনিওডি নাটালে -... http://t.co/SK8EZVHgHc	Neutral
600	টেস্টে সর্বশেষ সাত ইনিংসে বাংলাদেশ দল ২০০ রান ক্রশ করতে পারে নি!! টানা অষ্টম বারের মতো ২০০ এর নিচে অল আউট হতে যাচ্… https://t.co/4UWyPzyFn0	Neutral
601	✰ চিরকাল অন্ধকারকে গালমন্দ না করে ছোট্ট একটি বাতি জ্বালানো অনেক ভাল। ✰ যে অল্পতে তুষ্ট থাকে তার কাছে এ পৃথিবীর সব ক… https://t.co/okcS9Vxrbd	Neutral
602	সাদা কাপড় পরলে নাকি মন ভালো থাকে এবং মানুষের চোখেও সুন্দর দেখায়......তাই সাদা কাপড় পরলাম ......feeling....সাদা http://t.co/7FV526AHfQ	Positive
603	মিয়ানমার থেকে রোহিঙ্গাদের চলে আসার আগের ও পরের চিত্র!  দেখুন কিভাবে রোহিঙ্গা মুসলিমদের গ্রাম গুঁড়িয়ে দিয়ে তৈরি করা হয়েছে পুলিশের ব্যারাক, সরকারি ভবন এবং শরণার্থী পুনর্বাসন শিবির।	Negative
604	fb তে এক মাইয়া গান আপলোড দিছে,, পোলা ও পোলা তুই অপরাধী রে,, আমার যত্নে গড়া যৌবন তুই দে ফিরাইয়া দে,, এইডা আবার কেমন গানὠDὠDὠD	Neutral
605	নদীর ও তরঙ্গ মাঝে মাঝে থেমে যায় কার বিরহে ? ঐ চাঁদ কার প্রেমে জোছনা ঢেলে দেয় ধরনী রাত্রিতে! কোকিলের সূরে যেন কার… https://t.co/k7f3pFMDfB	Neutral
606	চোরে চোরে মাসতুত ভাই। একজন বলে চোর কিভাবে চুরি করে, তাহলে সেই জানে তার কৌশল। সেও হয়তো পারে। আর পারে বলেই কে কি ক… https://t.co/o4Pf1AXn1P	Neutral
607	আজ আমি ১৫ কেজি গরুর মাংস, ১০টা ঢালডা ঘি ও ৩ কেজি চাউল দিয়ে বিরানী পাখাইছি, খাইতে কি যে মজা হয়েছে ……… সত্যি... https://t.co/0rrMZG5TbS	Neutral
608	'জাকার্তা শহর প্রতিবছর ১ থেকে ১৫ সেন্টিমিটার দেবে যাচ্ছে শহরটি। শহরটির অর্ধেক এখন সমুদ্রপৃষ্ঠের নীচে অবস্থান করছে'	Negative
609	মানুষ যখন ভুল করতে সুরু করে তখন সে ভেজা কাকের মত আচরণ করে..। আর যখন সরিল শুকিয়ে যায় তখন তখনি পাশেপাশে তাকিয়ে দে… https://t.co/fxf6vVtle4	Neutral
610	@me_locket সত্যি এই ভোট এর রাজনীতি তে আর কত কি যে দেখতে হবে। 2005 সালে ছিল এক মেরু, কারণ তখন বিরোধিতা করে ইসু তৈরি… https://t.co/pPFuuW5Ukp	Negative
611	বিবিসি বাংলায় আজকের প্রধান খবর ব্রিটিশ পার্লামেন্টে ব্রেক্সিট চুক্তি নাকচ হয়ে যাওয়ার পর প্রধানমন্ত্রী টেরিজ মে-র সরকার আজ অনাস্থা প্রস্তাবের মুখোমুখি হচ্ছে। বাংলাদেশে সরকারবিরোধী জোট জাতীয় ঐক্যফ্রন্টের নাগরিক সংলাপের উদ্যোগ অনিশ্চয়তায় পড়েছে। নেতাদের অভিযোগ, নির্বাচনের পরে মতপ্রকাশের ক্ষেত্রে ভয়ভীতি বেড়ে যাওয়াতেই তাদের এই উদ্যোগে সাড়া মিলছে না। ৩০শে ডিসেম্বরের নির্বাচন যে 'সুষ্ঠু ও অবাধ হয়নি' এবং তার ফলাফলও যে 'অবিশ্বাস্য' - তা নিয়ে কোন সন্দেহ নেই, এরকমই মূল্যায়ন ভারতের কিছু গবেষক ও বিশ্লেষকের। শুনবেন এ নিয়ে বিস্তারিত। বাংলাদেশে সাম্প্রতিক বিক্ষোভের জের ধরে অনেক পোশাক কারখানাতেই শ্রমিকদের কোন কারণ না দেখিয়েই ছাঁটাই করা হচ্ছে বলে অভিযোগ উঠেছে, থাকবে এ নিয়েও। সাথে থাকবে খবরের সর্বশেষ শিরোনাম। প্রবাহ শুনতে পাবেন রেডিওতে এফএম ও শর্টওয়েভে। আর ফেসবুকে বিবিসি বাংলার পাতায় দেখতে পাবেন লাইভ স্ট্রিমিং।	Positive
612	বাংলাদেশ এখন ধনী রাষ্ট্রে পরিচিত হয়েছে, আমাদের দেশে গরীব নাই তবে এক বেলা খেতে পারেনা দিনে সেই সব মানুষ আছে হাজারো লক্ষ,এরা গরীব না	Neutral
613	আকাশ জুড়ে বৃষ্টি আর বৃষ্টি ভেজা মন মন বলে ভাল থাকুক আমার আপন জনল নীল রঙের আঁকাশ এখন মেঘে ঢাকা কালো আমি আছি ভালো বন্ধু তুমি আছো কেমন	Neutral
614	সন্তানের চলাফেরা, আচরণের দিকে লক্ষ্য রাখলেই বুঝতে পারা যাবে যে, সে আসলে কোন গ্যাং বা মাদকের সঙ্গে জড়িয়ে পড়ছে কিনা।	Positive
615	RT @Monimukta41941: মনটা দিলাম তোমার হাতে যতন করে রেখো , হৃদয়মাঝে ছোট্ট করে আমার ছবি এঁকো । স্বপ্নগুলো দিলাম তাতে আরও দিলাম আশা , মনের…	Neutral
616	হ্যাপি বার্থডে ভাইয়া তুমি ছাড়া কি আমার কোনো ভাই আছে বলো ?? তুমি আমাকে ঈদ বোনাস না দিলে কে দিবে বলো আজকে আবার তোমা… https://t.co/JnNCi47or2	Positive
617	আমি খারাপ আচরণটা তখনই করি, যখন কোনো মিথ্যা অপবাদ শুধু শুধুই আমার ঘাড়ে চাপানো হয়... গতকাল রাতের ঘটনার জন্য আমি দুঃখিত... — feeling sorry	Neutral
618	দাদা ওনাকে একটু জানিয়ে দিন গত ৪ বছরে মোদী জি কোনো ঋণ নেয়নি। গাঁজা খড়ের মতো ভুল ভাল বললে হবে না। হ্যা তবে দেশ কে… https://t.co/Wn3JHjindJ	Positive
619	ὄ9 সৈয়দ আশরাফুল ইসলাম আর নেই! হে দয়াময় আল্লাহ ওনার কবরের আজাব মাফ করে দিন , আমিন ὄ9 জাতীয় নেতা সৈয়দ নজরুল ইসলা… https://t.co/77FFE1NuJ3	Positive
620	ওই ডিসি দাবী করেন, ভিডিওতে থাকা ব্যক্তিটি তিনি নন। কিন্তু খাস কামরাটি তারই বলে স্বীকার করেন।	Positive
621	যদি মনের মাঝে বিশ্বাসের পরিমান টা গভীর হয় । তবে হাজার মাইল দুরে থেকেও একজন কে না দেখে ভালোবাসা যায়.. :-) &lt;3 . ♥ মশিউর — feeling happy	Positive
622	RT @nusratjahanjeni: কেমন থাকব কি বলবো জানিনা। জানি শুধু তোমায় ভালোবাসি আর ভালোবাসবো আজীবন। বলতে পারি না কেমন আছি আরো পারি না বলতে তোমাকেও…	Neutral
623	পশু আজ মানুষেরই নাম | সাবিত্রী সীতার দেশে দাও দেখা তুমি এসে শেষ করে দাও এই অনাচার || তোমার কঠিন হাতে বজ্র কি নাই… https://t.co/zqIWBYEubN	Neutral
624	RT @DrTapu: শ্লার মানুষ! কোটা রিফর্ম নিয়া ২০১৮ তে রাজনীতি করছে। আরে ভাই, কোটার সংস্কার সবাই চায়, তাইলে এটা নিয়ে এত রাজনীতির কি আছে? ভোট…	Negative
625	যেদিন তোমার মনে প্রকৃত ভালোবাসা জন্ম নিবে সেই দিন তুমি আমাকে পাবে, তুমি এতো দুর্বর কেনো? এক পথে চলো পথ হারাবে না,ভালোবাসি কথাটি বলতে হয়।।	Neutral
626	চাঁদ টা সুন্দর । বাসার সামনের গাছটা আলো আটকে রাখলো আনেক টা ই । তবুও কিছুটা আলো আসে বারান্দা তে, আবছা আলো । আজ আমি… https://t.co/rgfgyNXQBY	Neutral
627	মহান আল্লাহ তাআলার অশেষ রহমতে আমার রাজকন্যার বয়স এক বছর পূর্ণ হলো । সবার উপস্থিতিতে অনেক খুশী হইছি । সবাই দুআ করবেন । — feeling blessed	Positive
628	ইলিশ কেনার আগে কোনটি পদ্মার, কোনটির পেটে ডিম আছে, কোনটিতে স্বাদ বেশী জেনে নিন! ;) :p	Positive
629	@BCBtigers আজ আমাদের ফাইনাল মেচ তার মাজে আবার আমাদের সাকিব ভাই নেই উনি না থাকলে মেচ জেতার % কমে যাবে তামিম ভাই একা এই সামাল দিবেন কিভাবে	Neutral
630	চলে যাবো কোনো একদিন কোনো এক অন্ধকার সহরে হয়ত তখন তোরা খুসি এ হবি কারন খারাপ একটা ছেলে বিদায় হইছে তাতে কি অন্তত খা… https://t.co/A2U0fjTMDv	Neutral
631	RT @MdNasir16953655: @TuhinaAfrin কি করবেন এরই নাম বাংলাদেশ এখন তো নিজেকে প্রশ্ন করতে ইচ্ছে করে আমি কোন দেশের নাগরিক ভুলে গেছি আমি যে বাংলা…	Neutral
632	হাইরে বাংলাদেশ আমার বাবা মারা গেছে ৫ বছর আর আমার নানা মারা গেছে ১৬ বছর। আজ তাদের আত্তা এসে নৌকা মাকায় ভোট দিয়া গেছেὠD জয় বাংলা✌ #D	Negative
633	@PiyalBaruaPiyal কোথায় ছিলে মিঞা ভাই অনেক দিন পরে টুইটারে,_____বাস্তব হলেও সবাই মিথ্যার আচরয় নেয় না,	Positive
634	কোন পৃথিবীর মানুষ আমি ? প্রতিদিন ঘুম থেকে উঠে একটা করে ধর্ষণ এর নিউজ পড়ি। হয় সেটা বাংলাদেশ অথবা বিদেশ। দিন দিন মা… https://t.co/F0sHthTgxU	Neutral
635	২৭৯-৪ খারাপ না :-) তামিম ১৩০* সাকিব ৯৭ মুশফিক ভাই ১১ বলে ৩০ &lt;3 দারুণ ফিনিশ :-) ২০৭ রানের Partnership :-) তবে ৪০ ও… https://t.co/60z5BjvmI3	Positive
636	কেউ খারাপ behave করছে এর মানে এই না যে ignore করছে বা এই টাইপ এর কিছু ☺️ কাউকে কিছু বলার আগে ১০০ বার ভেবে বলা উচিত… https://t.co/MRowJvBNRt	Neutral
637	আমার সবাই মানুষ । জীবনে সবার অনেক কিছু চিন্তা , আশা , স্বপ্ন , শখ, ভালোবাসা জড়িয়ে থাকে।কিন্তু খুব কম মানুষ আছে যে… https://t.co/dHIwMxwbuS	Neutral
638	আপনারা কি ভুলে গেছেন? আগামীকাল সোমবার ৮ই সেপ্টেম্বর Freelancer To Entrepreneur প্রশিক্ষণ উপলক্ষে ও Sumon ভাইয়ের...	Neutral
639	ব্রেক্সিট নিয়ে কী হতে যাচ্ছে যুক্তরাজ্যে?	Positive
640	RT @torsa_islam: শুনো তোমরা, আমি যদি পরীক্ষায় খারাপ করি তোমাদের দোষ। আর হ্যা, যতোই Pied piper গাও লাভ নাই আর্মিরা অনেক ফাঁকিবাজ lmao. #iH…	Neutral
641	আমি সব যন্ত্রণা সইতে পারবো কিন্তু মিরাজ এর সাথে সম্পর্ক তা আমি কোনভাবে ই সহ্য করতে পারবো না। আমি অনেক খারাপ হয়ে যা… https://t.co/sm5nyHyQz1	Neutral
642	আর এখন খুনি দীপা বলছে, রথীশের 25 বছরের পরকীয়ার কথা। যে কারণে খুন করা হয়েছে রথীশকে। ὄ9 এরাই হচ্ছে আমাদের পিপি ও পি… https://t.co/6l0Km45Sqo	Neutral
643	বিচারবহির্ভূত হত্যার বিচারের জন্য জাতিসংঘের বিশেষ দূত আগ্নেস ক্যালামার্ড জাতিসংঘ সদর দপ্তরে আনাদোলু এজেন্সিকে বলেন, ...	Positive
644	@forhadmessi @msaif3109_m আর ওইযে ভাইজান সাইফ পয়েন্টের কথা বলছে ভাই তাকে বলি লি লিগা এখনো সিজন এর অর্ধেক ও হয় নাই খারাপ টাইম সবার ই আসে	Positive
645	ভুমিকম্প সহনশীল নগর গড়ার পুর্ব শর্ত হচ্ছে ‘দক্ষ রাজমিস্ত্রি ও রড বাইন্ডার’... http://t.co/QPm4EiVnVT	Neutral
646	সাগরের নিচে টাইটানিকের এখনও অনেক কিছু অক্ষত।	Positive
647	তাকে দেখে ঘুচে যেত দুর্ভাবনা মোর, জীবন আমার মনে হতো সুখী দীপ্ত ভোর । তার মিলনে পেতাম প্রীতি তার কুটিরে আশা, তার জীব… https://t.co/IeplzxvOFV	Neutral
648	ধুরবা*! বাক্কা বুক্কা রে না দিয়ে আমাদের মিনা কে দিতো :/ মিনা ভাই এর জন্য খারাপ লাগছে! ৩ গোল করেছে ১৮ বিশ্বকাপ এ আমাদের ইয়েরি মিনা :)	Negative
649	RT @Delowarhafiz: দেখ সখা ভুল করে ভালোবেসো না। আমি ভালোবাসি বলে কাছে এসো না। তুমি যাহে সুখি হও তাই করো সখা। আমি সুখি হব বলে তুমি হেসো না। -…	Positive
650	মেজবান ও কিছু মজার মুহূর্ত http://t.co/opgXuqMoZi	Positive
651	নভোমন্ডল ও ভুমন্ডলে যারা আছে, তারা তাঁরই। আর যারা তাঁর সান্নিধ্যে আছে তারা তাঁর ইবাদতে অহংকার করে না এবং অলসতাও করে না।[Quran 21:19]	Positive
652	RT @kawsar_feroz: ১ টা বছর,১২ মাস, ৩৬৫ দিন অনেক সময়!! এত গুরুত্বপূর্ণ সময় অবহেলায় চলে যাচ্ছে সে দুঃখে মন খারাপ অথচ সবাই কত অানন্দ করছে!!	Neutral
653	ঢাকা 6 এর বি এন পি ও এর সকল অঙ্গ সংগঠন ও সহযোগী সংগঠনের সকল নেতা কর্মীদের বিনা খর্চায় আইনগত সহায়তা দেব। রুমা পারভীন এ্যাডভোকেট।	Neutral
654	সবাই বলে আমি বাংলাদেশে থাকি কেনো এখনো?? আরে বোকা বাংলাদেশ ἞7἞9 ই একমাত্র দেশ, যেদেশে কোন কালো মেয়ে খুঁযে পাওয়া যায় না ফেসবুকে!ὤ4 #অভ্র	Neutral
655	জানিনা কত টুকু ভালবাসি তমাই,সুদু বলবো আমার ভালবাসার শেষ নেই...তুমি যদি সীমানা খুঁজতে যাও,তুমি নিজেই হারিয়ে... http://t.co/7og05LOYJ7	Positive
656	@PiyalBaruaPiyal আমি ও থ্যাঙ্কু দিয়া দিলাম	Neutral
657	@bdnews24com মুসলমানদের মধ্যে ধর্ম নিয়ে অহংকার বেশি । তাই সব দেশেই তাদের সাথে সংঘর্ষ । ধর্ম নিয়ে বাড়াবাড়ি করলে আত্ম হতি দিতে হবে ॥	Negative
658	@MunuSohini জীবন যে মূল স্রোত ...সব কিছু কি নিজের মতো করে হই ... বিয়ে করলে কি জীবনের সব সুখ পাওয়া যায় বুঝি ?? যদি ভালো মনের মানুষ না হই	Positive
659	@ProthomAlo এক তদন্ত প্রতি বেধন করে দেখা গেছে বাংলাদেশের ক্রিকেট দলের এত বড় বড় হারের পিচনে জামায়াতে শিবির ও বি এন পি এর সরযন্ত রয়েছে ।	Negative
660	"বিজ্ঞানীরা বলছেন বাসযোগ্য অন্য গ্রহে পানির অস্তিত্ব আবিষ্কার ""রীতিমত উত্তেজনাকর""।"	Positive
661	মিনতি - মোঃ খোরশেদ আলম যদিও বলি সুখে আছি সুখ যে আমার দূরে , কত কথা ভাবনা চিন্তায় চারিপাশে ঘোরে । ঘরের ভাই... https://t.co/7oqDadYXHl	Neutral
662	অসাধারণ হাঁসির একটি ভিডিও । মন খুলে হাঁসতে চাইলে ভিডিও টি এখনই দেখুন । মানুষ যা আশা করে আর যা পায় ভিডিও টি তার... https://t.co/1qKXAOlrtk	Neutral
663	@r_amin01 @iDon_joy অামি সহমত ৷ রাজনীতি এখন হিংসাত্বক ৷ তাই কাউকেই ভালো বলবো না ৷ তবে মন্দের ভালো বিএনপি ৷ মানতেই হবে যদি বিবেক থাকে অামাদের	Positive
664	ধরুন ১টা মদের আসর। বন্ধুর দাওয়াত: তুমি একবার নিজে গিয়ে দেখে আসো ওরা কেউই মাতাল হয়না :D কম খেলে মাতাল হয়না, তাই বলে কি সেটা হালাল?	Neutral
665	বিডিটুডে.নেট:এ কে খন্দকারের ‘১৯৭১: ভেতরে বাইরে’ পড়তে ও ডাউন লোড করতে ক্লিক করুন http://t.co/FblpXkMcvX	Neutral
666	RT @HotSonai: টেপা টেপি করলে যে মেয়েদের #মাই বড় হয়ে যায় এটা একদম ভুল কথা । মাই এর সাইজ বড় হবার পেছনে #হরমোন আর বডি ডেভেলপমেন্ট বেশি…	Neutral
667	পিঞ্জর ভাঙা পাখি কি আর নীড়ে ফিরে আসে হৃদয় ছেড়ে ভেসে বেড়ায় সে কোন আকাশে ভুল কি তবে আমার ছিল জারে দিলাম এ মন সু… https://t.co/zGXwWK5wkO	Neutral
668	ঢাকায় কোন রেস্টুরেন্টে বসে খেতে খেতে বড় পর্দায় খেলা দেখতে চান?	Positive
669	হবু প্রিয়তমা মেসেজ দিলোὡ1 : খেলে দিলো?ὡ2 : আমি বাংলাদেশ ὡ2 : আই লাভ ইউὠD : আকাশটা অন্ধকারὡE You cant reply to this conversation :3	Neutral
670	RT @00blackhole: ঐ হাড়কাঁপা শীতে আর কাঠপোড়া রোদে জানি ভুল ভরা গানটা গাইবেই তবু একবার মনে রেখো যতটাই দূরে থাকো সেই রাত জাগা ফানুস উড়বেইἻ6Ἳ6…	Neutral
671	ফুটবল খেলা দেখে রাত ২ টায় ঘুমাতে ঘুমাতে অভ্যাস হয়ে গেছে এখন আর ২ টার আগে ঘুমে ধরে না ὡ2 অভ্যাস খুব খারাপ একটা জিনিশ ὠ8	Neutral
672	কষ্ট হবে? তা তো ক্ষণিকের। ছি ছি করবে? সেও ক্ষণিকের। কেউ কাদবে? সেও ক্ষণিকের। কি রবে? সুখ আজিবনের। কে পাবে? ঐ যে ঐ মানুষগুলো।	Neutral
673	যে সব পেজ মিথ্যা খবর দিচ্ছে গলাবাজি কোরছে সাধারণ জনগন কে ভুল বোঝাচ্ছে আমরা সাধারণ জনগন আমাদের উচিৎ সে পেজ গুলো এরিয়ে চলা... বি,বি	Positive
674	RT @somoytv: কর্নেল অব. ফারুক বলেন, বিএনপি এই সরকারে আসবে না। অন্যদিকে মেজর অব. হাফিজ উদ্দিন বলেন, আমরা চাই বিনা ভোটে যারা নির্বাচিত তারা…	Neutral
675	বিশ্বম্ভরপুরে কোনাজাল ব্যবহারকারীদের বিরুদ্ধে বিক্ষোভ ও স্মারক লিপি প্রদান - Abnews http://t.co/GSgSl3KkRD	Negative
676	গত ১৮ তারিখ সোম বার তোমি কি করে যে এত রেগে গেলে, আর কেন ই বা এত রেগে গেলে ঠিক বুঝে উঠতে পারলাম না। আর অযথাই ভুল বোঝ… https://t.co/mDAUhRsfII	Neutral
677	বাংলাদেশ থেকে ১৯৭০ এর পর যারা এসেছে, তারা নাকি সবাই উগ্রপন্থী- বললেন দিলীপ ঘোষ। East Bengal এর সকল সমর্থক, আপনি আমি সবাই কি উগ্রপন্থী ??	Neutral
678	ভারত সফরে কাল দেশ ছাড়বে বাংলাদেশ ক্রিকেট দল।	Positive
679	RT @Santanu83034089: বি জে পির নাটক রথের অবস্থা ঢাকা পোড়ে গেছে পাঁচ রাজ্যের ফালা ফলে বুঝিয়ে দিলো সবাই কে.... বি জে পি মোদি হটাও দেশ বাঁচা…	Neutral
680	কি সুখ পাই, তোরে দেখায় ὠD হায় সুখ যায় তোরে হারায় ὡE আমায় বান্ধিয়া রাখো কলিজায় ὡ2 পর কইরা যাইওনা ফালায় ὡE এ মন… https://t.co/ekbeQoz3BJ	Neutral
681	RT @forhadmessi: $একে ফজলুল হক $মাওলানা ভাসানী $শেখ মুজিবুর রহমান $শহীদ জিয়াউর রহমান ὠD $জাতীয় চার নেতা তাদের কে অনেক ভালোবাসি ও পছন্দ ক…	Positive
682	প্রতিবছর ইসরায়েল পাঁচশোর বেশি ফিলিস্তিনী তরুণকে গ্রেফতার করে যাদের বয়স ১৮ হয়নি।	Negative
683	আমার মাঝে খারাপ ও ভাল দিক কি কি আছে?? কত % মানুষ আমাকে পছন্দ করেন? সবার মতামত চাই। এই পোস্ট চোখে পরলে মন্তব্য অবশ্যই দিবেন। ধন্যবাদ	Neutral
684	আমরা ইরামই। বিশ্বকাপ দেখি, ষ্ট্যাটাস লিখি মজা করার জন্য :) :) :) আপনি সিরিয়াস দর্শক হলে, এই একমাস ফেবুতে না আসাই ভালো :P :P :P	Neutral
685	মনে পড়ে যায় আমার কৈশোর স্মৃতি হারানো সেই সুর আজও ভুলিনি সেই দিনগুলি মনে পড়ে যায় আবার ফিরে আসে আবার ফিরে আসে ঘ… https://t.co/GAyYaOcEhd	Neutral
686	সবাই যখন বলে, ব্রা জিল তখন সেটা খারাপ না? ২টা থ্রি পিস + একটা ব্রা = 7UP এটা খারাপ না? আমার একটু কিছু হলেই খারাপὢ1ὢ1… https://t.co/pkupYOthr8	Negative
687	RT @HotSonai: #বাঁড়া #চোষার মজা আলাদা । কারোর সাথে কমপেয়ার করা যাবে না !! আর #বীর্যের মন মাতানো গন্ধ !! ওঃ যে একবার চোষে #নেশা না ছাড়ে ।…	Neutral
688	আজ ৩রা মার্চ, রবিবারের প্রবাহে যা থাকছে... আল কায়দার সাথে ঘনিষ্ট একটি জিহাদি গ্রুপ সিরিয়ার ইদলিব প্রদেশের কাছে কুড়িজনেরও বেশি সরকারি সৈন্যকে হত্যা করেছে। ইদলিবের বহু এলাকা এখনও বিদ্রোহী বিভিন্ন গ্রুপের দখলে। বাংলাদেশে ক্ষমতাসীন দল আওয়ামী লীগের সাধারণ সম্পাদক এবং সরকারের প্রভাবশালী মন্ত্রী ওবায়দুল কাদেরের শারীরিক অবস্থা গুরুতর।বঙ্গবন্ধু শেখ মুজিব মেডিকেল বিশ্ববিদ্যালয়ে নিবিড় পর্যবেক্ষণে রাখা হয়েছে তাকে। শুনবেন তার সবশেষ শারীরিক অবস্থার খবর। বাংলাদেশে ৩০শে ডিসেম্বরের নির্বাচনে বিরোধী জোট জাতীয় ঐক্যফ্রন্টের অন্যতম দল, গণফোরাম থেকে নির্বাচিত দু'জন প্রার্থী সংসদে যাওয়ার সিদ্ধান্ত নিয়েছেন বলে জানিয়েছেন। তাদের এই সিদ্ধান্ত কি প্রতিক্রিয়া তৈরি করতে যাচ্ছে? শুনবেন বিস্তারিত। বাংলাদেশের দক্ষিণ পূর্বাঞ্চলের জেলা বান্দরবানের নাইক্ষংছড়ি সীমান্ত দিয়ে অবৈধ অনুপ্রবেশের জন্য আটক মিয়ানমারের এক সেনা সদস্যকে আজ নিজ দেশে ফিরিয়ে দিয়েছে বাংলাদেশ। কীভাবে তাকে ফেরত পাঠানো হলো আর কেন সে অনুপ্রবেশ করেছিলো? আমেরিকা থেকে সবশেষ যে যানটি মহাকাশে পাঠানো হয়েছে সেটি সফলভাবে ইন্টারন্যাশনাল স্পেস স্টেশেনের সাথে যুক্ত হয়েছে। এই পরীক্ষা সফল হলে আমেরিকা আট বছর পর আবারও নিজেরাই মহাকাশে নভোচারী পাঠাতে পারবে। শুনবেন নাসার একজন বিজ্ঞানীর সাক্ষাৎকার। সাথে থাকবে খবরের সর্বশেষ শিরোনাম।	Positive
689	আজ একজনের উপদেশ খুব মনে পড়ছে.. ভাই বলেছিল যদি সবকিছুতে জিত চাও তবে খারাপ পথ এ চল...যদি শান্তি চাও তবে আল্লাহ্‌ কে ডাকো... তবে	Neutral
690	বাংলাদেশ ছাত্রলীগ, স্যার এ এফ রহমান হল কর্তৃক আয়োজিত ১৫ আগষ্ট জাতীয় শোক দিবস স্বরণে আলোচনা সভা। — at স্যার এ এফ র… https://t.co/d1UADLzBPc	Neutral
691	আর্জেন্টিনাতো কোচ ছাড়াই ভাল খেলে ὠ2 তাইলে এত কষ্ট করে কোচ রাখার কি দরকার ὠ9 এমনি অনেক মজা করলেও #মেসি এর জন্য মন থে… https://t.co/AzclybeCKA	Neutral
692	ইদানিং সবার ধারনা আমি এর সাথে প্রেম করি আমি ওর সাথে প্রেম করি.... সবার ভুল ধারনা ভাঙাতেই আমার এই স্ট্যাটাস, আমি ভাই এইসবের মধ্যে নাই......	Neutral
693	আমি এক #অপরাধী ὡC কাল সন্ধার পর থকে এই পর্যন্ত কত গুলা ব্লক যে খাইছি হিসাব ছারা। মাঠ ভাল তো তাই ὠAὠAὠA..।। — feeling অপরাধী	Neutral
694	#আমার_তুমি সবই আছে আগের মত সবই আছে তেমনি, তবু কেনো এ মন আকাশ। মেঘে ঢাকা এমনি,বয়ে চলা নদীর মত চলে জীবন একাকি,একা এ… https://t.co/ckxhZIbg34	Neutral
695	আজ দুদিন হলো ঘরে বন্ধ করে রেখেছে আমাকে ৷ একটু আগে ভাইয়া এসে দরজার ওপাশ থেকে বলে গেলো ইরা এখনো বল তুই ওই ছেলেকে ভু… https://t.co/AbkwNDgzAN	Neutral
696	বিএনপি জামাতের পরাজয়ে যারা মাতম করছে আপাতত তাদের জন্য কোন আশার বাণী নাই। পাঁচ বছর মাতম করতে থাকেন। পাঁচ বছর পর আবার দেখা হবে।	Neutral
697	: আপনার ছেলের ছোড়া ইটে আজকে একটুর জন্য মাথাটা বেঁচে গেল। : ইট কি আপনার মাথায় লেগেছে? : জ্বি না। : তাহলে ওটা আমার… https://t.co/JUec2lvptu	Neutral
698	RT @Osman__R_______: গ্রামের স্মৃতি বিজড়িত দৃশ্য! ছোট কালে প্রতিনিয়ত এসব করেই অামাদের দিনের বেশি সময় কাটতো ৷ এখন এমনটা দেখা যায় না ৷ মি…	Neutral
699	আপনি জীবনে সব চেয়ে বড় ভুল করে সময় নষ্ট করবেন, যখন আপনি কে কি বললো বা করলো বা কে আপনাকে দাম দিলো কি দিলো না, এমন.… https://t.co/gs22c7dVFy	Neutral
700	তখন মন ছিলো খারাপ রাত টা ছিলো ভালো এখন মন ছিলো ভালো রাত টা ছিলো খারাপ। এমন কথাই মনে হয় যে সুধু আমিই খারাপ... https://t.co/17kqmpGISr	Neutral
701	আহলে বাইতে [ নুরনবী [ ﷺ ] -এর বংশধরদের ] মুহাব্বাত ও সাহাবী কেরাম [ রাঃ ] দের মুহাব্বাত ঈমানের অংশ --- আল্লামা… https://t.co/pwCkAqY74i	Neutral
702	সেই মিষ্টি হাসি ভুলতে পারিনি তার মনের কথা জানতে পারিনি দিন চলে যায় মাস চলে যায় এই মনতো আর মানে না ভালোবাসা সে তো.… https://t.co/qZa4Xq9Lsg	Neutral
703	তোরা পাশে থাকলে না হেসে কী পারা য়ায় ᾒ3ᾒ3ᾒ3 বন্ধু মানেই এক অবিরাম ভালোবাসা যা কোন দিন শেষ হয় না ❤️ বন্ধু মানেই সারা… https://t.co/U0xueLRrjs	Positive
704	একদিন সুসময় আসবেই ὄ9 ὄ9 ὄ9 ὄ9 ὄ9 ὄ9 ὄ9 ὄ9 মানুষ তো খেলনা নয়।। বাঁচবে মরবে যুদ্ধ করবে এ এ এটাই তো তার পরিচয়। মানুষতো… https://t.co/9pbAg6Qyvh	Positive
705	“হয়তোবা মাঝে মাঝে কিছু ভুল করে বসি তাই বলে এই নয় যে আমি পচে গেছি আমি যেমন ছিলাম তেমনি আছি শুধু সময়ের সাথে বদলে… https://t.co/V60HGWOjvc	Neutral
706	আজকে বাংলাদেশেন ব্যাটিং খারাপ করছেতো হাজার কথা শুরু হয়েছে। কিন্তু যদি সবাই খারাপ করে দলের রান হতো ২৮০-৩০০ রান তাহরে কনো কথা হতো না।	Neutral
707	ব্যবসা শুরু করতে আগের চেয়ে খরচ কমেছে বাংলাদেশে...	Positive
708	@PaPraGo @bora_dimpy সকলোৱে নিজৰ ৰাজ্য পাব । no quota system . আন্দোলন নহব । ৩৬৫ দিন খোলা থাকিব । ঘোচ দিব নালাগিব । মজা ।	Neutral
709	<<<<<<,Education Special>>>>প্রতিদিনের সব সংবাদ ও টকশোসহ এক্সক্লুসিভ ভিডিও দেখতে ক্লিক করুন....... http://t.co/HHznZQw1iI	Positive
710	দুই দিন অফিস বন্ধ চিল আগামী কাল যেতে হবে কাজে, সপ্তাহ ৫ দিন কাজ আর কাজ। ছুটি করে পরের দিন কাজে যেতে এত খারাপ লাগে… https://t.co/2OrqQ5GJl1	Negative
711	জীবনে অনেক কিছুই দেখতে হবে আবার অনেক কিছুই মুখ বুজে সহ্য করতে হবে। তবে কেও মুখ বুজে থাকার দলে আবার কেও মুখ খোলার দ… https://t.co/mknHLWiPso	Neutral
712	কে কোন সিগেরেট খাওকমেন্টে জানাও১)গোল্ড-লিফ২)বেনসন৩)ব্লাক৪)গুদামঘর৫)মোর৬)সুইচ৭)পালমাল৮)নেভি৯)পাইলট... http:/t.co/yyCf7m1DRs	Neutral
713	তারা রাত্রিদিন তাঁর পবিত্রতা ও মহিমা বর্ণনা করে এবং ক্লান্ত হয় না।يسبحون الليل والنهار لا يفترون[Quran 21:20]	Neutral
714	@wyeasynzz ভাই ভুল করে পাপ হইয়া গেছে , এত গণিত পারুম না তাই সাইন্স নেই নাই , কিন্তু এখন দেখি সাইন্সের গণিত ও মেনেজমেন্ট এ পরে	Neutral
715	RT @SinhaKeya: সবাই তো যে যার মতো করে ভালো আছে।তাহলে আমি শুধু শুধু তাদের খারাপ থাকার কারন হব!!তাই আজ থেকে আমি ও চেষ্টা করতেছি নিজের মতো করে…	Positive
716	ওহে মেরে বাচ্চো..!! একবার ভুল কারোগি তো মাফ কার দুঙা ৷ দু বার ভুল কারোগি তো কুচবি বলুঙা ৷ লেকিন তিনবার ভুল কারেগা… https://t.co/DzQtN8kdBb	Neutral
717	শতকোটি অভিবাদন সেই নারীকে, তিনি চেপে যাননি। ফলে ছাত্রলীগের ওই নেতা গ্রেপ্তার হয়েছেন। কিন্তু নারীর ভয় কমল নাকি বাড়ল?	Negative
718	বলিউড যেভাবে যৌন উত্তেজনা মূলক দৃশ্য হয় (ভিডিও) http:/t.co/1x8ysDXzcZ via @sharethis	Negative
719	শুভ জন্মদিন লালরিনডিকা  রালতে  ভালো করে খেল রেড & গোল্ড লাভার ও সমস্ত লাল হলুদ সমর্থক পক্ষ থাকে অনেক... http:/t.co/Qv6dQB9eSm	Positive
720	চায়ের সাথে দুধ তো অনেক খেয়েছেন, দুধের সাথে চা খেতে চান? মিরপুর ১১ এর বি ব্লকের ১১ নং রোডের বিসমিল্লাহ টি স্টলে আ… https://t.co/hfqBvltFxr	Neutral
721	অখেলোয়াড়সুলভ আচরণের জন্য...	Positive
722	সাব্বাস ! একে খন্দকার : হান্নান শাহ: মুক্তিযুদ্ধের উপসেনাপতি ও সাবেক পরিকল্পনামন্ত্রী একে খন্দকারকে তার লেখা ১...  http://t.co/iWA2qIuOZk	Neutral
723	প্রবলেম কি?? ৭৮ এ প্রথম ম্যাচ ছিল ৩-১ ৮৬ এ প্রথম ম্যাচ ছিল ২-১ ১৮ এ প্রথম ম্যাচ হল ১-১ History will be repeated i… https://t.co/RzVCbEKRx1	Neutral
724	প্রতিবন্ধী 3 রহমানের P ভাই জান ২ বাঙালি জাতি জাতি আমি মা বাংলা সাদা রঙের সপ্নগুলোর সেই পুরনো মিনার সত্যি ল সব ট্যা… https://t.co/4Enxfw3NFj	Neutral
725	RT @Osman___R____: শেষ ভালো যার সব ভালো তার! বছরের শেষ ৩ দিন অামার খুব ভালো গেছে কষ্টে থাকার পরও ৷ প্রবাদ বাক্যটা যদি সত্যি হয়, তাহলে এই ব…	Positive
726	RT @BestBengal1: রবীন্দ্র চক নাম বদলে অটল চক : ধরা পড়লো বিজেপির বাঙালি বিদ্বেষ। পাটনার রবীন্দ্র চকের নাম বদলে অটল চক রাখার প্রস্তাবের পিছ…	Negative
727	ধ্রুব সত্য বললেন আজ। • কর্ম - ১০০ দিনের কাজ নিয়ে চলে রাজনীতি। • ভাত - ধান বিক্রি, দু টাকার ভিক্ষা, সর্বোপরি মিড ডে… https://t.co/rLgpsjYbR4	Neutral
728	গ্রেপ্তারকৃত ব্যক্তি বুয়েটের প্রাক্তন ছাত্র, নাম এস এম মাহমুদ (সেতু)। এ ঘটনায় এখন পর্যন্ত পুলিশ ২১ জনকে গ্রেপ্তার করল।	Negative
729	জানি  আমি তেমন সুন্দর নাহ ὃ8 তেমন সুন্দর করে কথাও বলতে পারি নাহ - কিন্তু ✌ - পৃথিবীর অসুন্দর মানুষটারতো ὤA - ভালোবাসার অধিকার আছে ὠD	Positive
730	মেঘে ঢাকা আকাশটা দেখলেই আমার মনটা আনচান আনচান করে উঠে । আর বৃষ্টি হলে তো কথাই নাই। মনটা অস্থির হয়ে যায়। মনে হয় এ… https://t.co/KcC3Pnvmh5	Neutral
731	অনেক দিন পর ছোট ভাই দের সাথে খেললাম আমার চার জন Zealous AH Javer তারেক কাশেম, অনেক মজা হয়েছে ছোট ভাই দের সাথে খেলে। — feeling happy	Neutral
732	ঢাকা-টোকিও সম্পর্ক আগামিতে আরো জোরদার হবে : প্রধানমন্ত্রী: নিউজডেস্ক, বাংলাদেশনিউজ… http:/t.co/ZI9zdIOjTV	Positive
733	আমি রাজনীতি করি না আমি বুঝি শেখ হাসিনার বিকল্প নাই। আমি যদি খুলনার ভোট ঢাকায় বসে দিতে না পারি, আমার কাছে ডিজিটাল ইভিএম এর প্রয়োজন নাই।	Positive
734	কোথায় যাই যারা সহিহ তারা যদি ভুল ধরতে গিয়ে পশুর মত মানুষের ছবি বির্করিত করে ভুল শুদ্ধ করতে চায় তাহলে অন্যরা কি চুমা দিবে ?	Negative
735	অনেক মজা নিসি কালকে কিন্তু আজকে আমার ব্রাজিলের খেলা । প্লিজ ভাই বোনেরা মনে কিছু রাইখেন না ! আমরা আমরাই তো! হে হে হে ...	Neutral
736	৫ বছর বয়সে রেকর্ড গড়লেন বিস্ময়কর বালক!(ভিডিও) | Last News BD .com	Neutral
737	কিছু কিছু মানুষ আছে যারা বারবার ভুল করার পরেও নিজেকে অনেক বড় মনে করে। কিন্তু প্রকৃত অর্থে তারাই আসল বোকা।সময় তাদের সবকিছু বুঝিয়ে দিবে।	Neutral
738	সোহেল তাজ রাজনীতি করেন না, এবং আগামীতে করবেন না বলে এই মর্মে পোস্ট দিয়েছেন, আমার মনে হয়না ওনার মত লোকের এখন রাজনীতি করার দরকার আছে,	Neutral
739	বিবিসি বাংলায় আজকের প্রধান খবর অস্ট্রিয়া বলেছে, তারা সেদেশের ৭টি মসজিদ এবং বিদেশের অর্থায়নে পরিচালিত বেশ কিছু ধর্মীয় প্রতিষ্ঠান বন্ধ করে দিচ্ছে। বাংলাদেশে ‘মাদকবিরোধী অভিযানে বন্দুকযুদ্ধের নামে শতাধিক বিচারবহির্ভূত হত্যাকাণ্ডের’ প্রতিবাদে ঢাকায় আজ মানববন্ধন ও সমাবেশ করেছে শিল্পী, সাহিত্যিক, প্রকাশকসহ পেশাজীবিদের একটি দল। আগামী অর্থবছরের বাজেটে অনলাইনে পণ্য কেনা-বেচায় কর আরোপের যে প্রস্তাব করা হয়েছিল, সমালোচনা হবার পর তাকে 'নতুন করে' সংজ্ঞায়িত করা হয়েছে। বাংলাদেশে কয়েকটি সংগঠন বলছে, রাজধানী ঢাকা শহরে পথ-শিশুদের সংখ্যা আড়াই লাখের বেশি, তারা বিভিন্ন অপরাধের সাথে জড়িত হয়ে পড়ছে - যার পেছনে রয়েছে সংঘবদ্ধ চক্র। শুনবেন এ নিয়ে প্রতিবেদন। এসব নিয়েই বিবিসি বাংলার আজকের প্রবাহ – বাংলাদেশ সময় সন্ধ্যে সাড়ে সাতটায়। শোনা যাবে রেডিওতে ও অনলাইনে – আর ফেসবুকে দেখতে পাবেন লাইভ স্ট্রিমিং।	Positive
740	মডেলিং দিয়ে শুরু। এরপর নাম লেখান অভিনয়ে। বিনোদনের এই জগতে নিশোর পথচলার বয়স ২০ হতে চলেছে। আমরা এই দুই দশকপূর্তির জের ধরেই অভিনেতা আফরান নিশোর সঙ্গে আলাপ করতে বসি।	Positive
741	কেউ বলে ছেলে অপরাধী, কেউ বলে মেয়ে অপরাধী। আর আমি বলছি, এরা কেউ অপরাধী না। আসল অপরাধী তো কারেন্ট :P :P হালার পো কা… https://t.co/Ez8Z0KxR3W	Neutral
742	স্বার্থপর ও বিশ্বাসহীন মানুষরা সাবাইকে নিজের মত মনে করে এরা জীবনে সকল মজা ভোগ করতে পারবে কিন্তুু প্রকৃত সুখ কি তা কোনদিন পাবেনা ৷	Neutral
743	RT @TheNathEmpire: Pic 1… ধেইত! মই এইখিনিতে ফচি গলো নহয়! Pic 2… তেনেকে কব নাপাই নহয় বাইদেও! Pic 3…মগজুৰ ৰঙা নীলা সেউজীয়া সব ওলট…	Neutral
744	RT @AITCofficial: আমি এই রাজনীতিকে রাজনীতি বলে মনে করি না, যে রাজনীতি মানুষকে মানুষের সম্মান দিতে পারে না। আমি সেই রাজনীতি বিশ্বাস করি, যে…	Negative
745	এটা কক্ষনো ভেব না যে অামি সবসময় এক রকম ই থাকব। সবসময় ভুল ক্ষমা করে দিবো। কারো ধৈর্য পরীক্ষা করা ঠিক না। কাউকে ছেড়ে দিব না।	Neutral
746	আমি নিজেকে কেন যানি ক্ষমা করতে পারতেছিনা , নিজেকে অনেক বড় অপরাধী মনে হচ্ছে , আমার জন‍্য কেউ যদি অপমানিত বা কষ্ট পা… https://t.co/3nhphPyvAX	Negative
747	তুমি দেখতে সুন্দর বলে, অন্যকে ঘৃণা করোনা। কারণ, তুমি যার হাতে সৃষ্টি, সে তার হাতে সৃষ্টি । কখনো নিজের সৌন্দর্য নিয়ে অহংকার করোনা । ￪	Positive
748	@nusratjahanjeni ডাঃ কথা মানতে ই হবে কিছুই করার নেই তবে হে মনের জোর থাকলে অনেক কিছুই হয় মন খারাপ করে লাভ নেই আপু উ… https://t.co/0oXTa1CWaT	Neutral
749	কাওকে অনেক বেশি ভালবাসেন  এই কথাটা তাকে কখনো বলা বা বুঝতে দেয়াটা ঠিক না কারন, তখন থেকেই সে আপনার ভালোবাসা নিয়ে উপহাস শুরু করবে ।।।।।	Neutral
750	RT @GolakSarker: আজ হলো সেই দিন, সুখ পেলাম যত! আজ হলো সেই দিন, বুকে পেলাম ক্ষত! আজকের এই দিনে, আপন হলো পর! আজকের এই দিনে, ভাঙলো এই অন্তর!	Neutral
751	RT @NazmulHasanNoyn: ধূমপান মৃত্যুর কারন জেনেও তা অবৈধ নয় ὠ9 গাঞ্জা মৃত্যুর কারন নয় তবুও তা অবৈধ!ὢ1 . এটা থেকে কি শিখলাম?ὡ0ὒB . #কি???ὡ2 স…	Neutral
752	আমি সাধারণ মানুষের কথা বলছি আমি এক বাংলাদেশের’ কথা বলছি, আর কেউ বলুক না বলুক, আমি বারবার বলে যাবো। — feeling শুভ সকাল বাংলাদেশ	Neutral
753	#Bangladesh #News সওজের জমিতে সাভার পৌরসভার হাটবাজার - ঢাকার সাভার পৌর এলাকায় হাটবাজার ও যানবাহনের স্ট্যান্ডের... http:/t.co/vrloQz36p6	Neutral
754	RT @munnimeta: অনুভূতিহীন ছোট ছোট স্বপ্ন গুলো এখন গুটি বেঁধেছে এই হৃদয়ে কাছে পাওয়ার ইচ্ছে গুলো আজ বাঁধন হারা বার বার ছুটে যায় মন সেই স্ব…	Neutral
755	RT @abu38470: #ফিকহ বই পড়ে মাসয়ালা মাসায়েল জানতে পারি তখন অনেক ভাল লাগেὠD মাসয়ালা জানার পর পুর্বের কোনো কাজে ভুল ধরা পড়ে তখন খুব জোরে…	Neutral
756	যে খুঁজে আমার মাঝে সুখ আমি তাকে করি বিমুখ আমি খুঁজি যার কাছে সুখ সে করে আমায় বিমুখ । পাওয়া না পাওয়ার এই জগতে কেঁ… https://t.co/fnkMlTw3K6	Neutral
757	ওয়াশিংটনকে হয়তবা তার বন্ধু রাষ্ট্রগুলোকে রক্ষা করার জন্য চীনের বিরুদ্ধে লড়তে হবে!	Positive
758	RT @iShuvo_: বাংলা শব্দ ঠিক মতো কইতে না পারলে বা উচ্চারন উলটা পালটা করলে আমাগো গায়ে লাগে না। মাগার ইংলিশ a আর e এর উচ্চারনে ভুল…	Neutral
759	আল্লাহপাক যখন চাইবেন তখন ভাগ্য বদলাবেন, তার আগে না। তারপরেও আমরা প্রার্থনা করি নিজেদের মনের শান্তির জন্যে।	Neutral
760	পাকিস্তানই সন্ত্রাসের আঁতুরঘর : জাওয়াহিরির ভিডিও বার্তা তৈরি হয়েছে পাকিস্তানে! http://t.co/vwMZWIYdee	Negative
761	সবকিছু এলোমেলো তাও আমি হালছারার পাত্র নই, , , , , , এই খেলায় আমি জিতেই ছাড়বো, — feeling hopeful	Positive
762	কেহ আগে কেহ পরে যেতে যে হবে বাড়ি-গাড়ি; জায়গা-জমি সাথে না যাবে আমি অধম কি করিবো সময় হলে চলে যাবো মাটির দেহ মাটির সাথে যাবে মিশিয়া....?	Neutral
763	আমি মিস ক্যালকাটা, 1976 -কে তো রাস্তায় নেমে #লোমবাতি মিছিল করতে দেখা যাচ্ছে না। ὤ2 কি খবর ওনার ?? শরীর খারাপ হল নাকি ?? ὢE	Neutral
764	কিছু কিছু গান শুনলে মনে হয় প্রেম না করেও ছেঁকা খাইছি। মাঝ রাতে ভালোও ই লাগে চাঁদ দেখতে দেখতে শুনতে গানটা ὠA সাথে এ… https://t.co/SWIDZQ2kDA	Neutral
765	সময় বের করে আমিও কাটা কুটি করে ফেললাম জমানো ভিডিও গুলোকে :P :P আসা করি ভালো লাগবে :D :D বিঃদ্রাঃ সকল ভিডিও এই গ… https://t.co/36u1d1igbz	Neutral
766	@gray_earth হা হা মজা লাগল।। ফলো ব্যাক কি মানুষ চেয়ে নিবেὠ0ὠ0। কি করব মেয়ে মানুষ হই আপ্নে ফলো ব্যাক করেন না তাগো ইগো তে বাজেὠ0।	Neutral
767	RT @TaibDipu: মন খারাপের রাতে আমি ছিলাম পাশে এখন তোর জন্য রাতগুলো অামার মন খারাপ করে কাটে তোকে মুছে দেবার নেই কোনো আইন তোকে ভুল... https://…	Negative
768	** নূপুর ও শিকল **নিকুঞ্জ ভিলা।দোতালা বাড়ি। ছিমছাম করে সাজানো বাড়িটা। রফিক সাহেব তার জীবনের সঞ্চিত সমস্ত কিছু...	Neutral
769	এমন ভালোবাসার গল্প কি আপনার জানা আছে? শুভ সকাল 😊	Positive
770	শোভনালীতে মা ও পরিচর্যাকারীদের ওরিয়েন্টেশন অনুষ্ঠিত - Abnews	Neutral
771	১৯ অক্টোবর, শুক্রবারের প্রবাহে যা যা শুনবেন: -সৌদি সাংবাদিক জামাল খাসোগজির কথিত হত্যাকাণ্ডের সময় রেকর্ড করা কিছু তথ্যপ্রমাণ যুক্তরাষ্ট্রের হাতে তুলে দেওয়ার কথা অস্বীকার করেছে তুরস্ক। -বাংলাদেশে এক মা তার নবজাতক শিশুকে নিয়ে হাসপাতালের ছাদ থেকে ঝাপ দিয়ে আত্মহত্যা করেছেন। -বাংলাদেশের জনপ্রিয় ব্যান্ড তারকা আইয়ুব বাচ্চুর প্রতি শেষবারের মতো শ্রদ্ধা জানাতে ঢাকায় আজ কেন্দ্রীয় শহীদ মিনারে এসেছিলেন শত শত মানুষ। -দক্ষিণ ভারতের কেরালায় প্রাচীন হিন্দু মন্দির সবরীমালায় যাওয়ার চেষ্টা করলে সেখান থেকে একজন মুসলিমসহ দুই নারীকে ভক্তদের প্রবল প্রতিরোধের মুখে ফিরে আসতে হয়েছে।	Positive
772	RT @m_____O____u: পোলা কয় মাইয়া অপরাধী ὣ7ὣ7 মাইয়া কয় পোলা অপরাধী ὣ7ὣ7 আচ্ছা ! চারদিকে এত অপরাধী থাকা সত্ত্বেও পুলিশ কাউরে ধরে না কেন ὠ5ὠA	Neutral
773	জানেন কি, কোন ৭টি কারণে পার্বত্য চট্টগ্রামে এতো অশান্তি?	Negative
774	হে নারী সমাজ সামান্য শীতের ভয়ে যদি আপনি পুরো শরীর ডাকতে পারেন তাহলে মহান আল্লাহর ভয়ে কেন পুরো শরীর ডেকে পর্দা করতে পারেন না?	Neutral
775	RT @RabiulH96792846: সুখ ছিল বুকের মাঝে, শান্তি ছিল মনে,, সুখ শান্তি কেড়ে নিলো অন্য আরেক জনে তাই আজ কষ্ট বুকে, মনে নেই সুখ,,, চোখের জলে ন…	Neutral
776	মিলাদ ও শিরনি http://t.co/znBjsBAxuN	Neutral
777	➡বাংলাদেশ ἙA উইন্ডিজ ওয়ানডে সিরিজ Ὂ5 দ্বিতীয় ওয়ানডে Ὂ5 ⏬ বাংলাদেশ ➡ ৪/০; ওভার ➡০১/৫০ ⏬ লিটন দাস ➡ ১ (৪)* তামিম ইক… https://t.co/PQ7pjhjzWe	Neutral
778	কাঠের গাড়ি আটক করে পুলিশ ও বনবিভাগ কর্মকর্তাদের চাঁদাবাজি! http:/t.co/BA10wCDHBE	Negative
779	২০১৩ সালে এই কথা বলে, ২০১৮ সালে এসে আজকে এক মঞ্চে কি দোয়া নিলেন? বিএনপির অভিযোগ তো ঠিকি মনে হয় এখন, তারা বলে বিএন… https://t.co/yzPqrLYWTH	Neutral
780	হাতে টাকা নেই , চিটাগাং ছিলাম কাজে , বোর খাইছি , মন মেজাজ খারাপ , তাই ধুম করে চলে আসলাম। কেম্নে যাবো ঢাকা এখনো জা… https://t.co/Gf7U7h4xI4	Neutral
781	প্রধানমন্ত্রী পদ থেকে বিদায়ের সময় টেরিজা মে মোট ৫৭ জনকে নাইটহুড মনোনীত করে যান।	Positive
782	সুপ্রভাত = (suprovat)= s – সুন্দর সকাল u – উষর আলো p – পূব আকাশে R – রক্ত রাঙা A – আবির ছোঁয়া B – ভালোবাসা আর H –… https://t.co/FEXkRoyLFy	Neutral
783	RT @emptymahmud: তুমি যতই কষ্ট দেও।আমি তোমাকে আপন করে নিব তুমি আমাকে যতই দুঃখ দেও আমি সেই দুঃখকে সুখ ভেবে নিবো। আমাকে যদি তুমি ভালোবাসা…	Neutral
784	গোলাপি বলে দিন-রাতের একটি টেস্ট আয়োজন করার কথা ভাবছে বিসিসিআই। তবে খেলোয়াড় ও টিম ম্যানেজমেন্টের...	Positive
785	~ আমি বিয়ে করব না। মা। ~ কেন করবি না মা?? আমাদের ত ছেলে পছন্দ, আবার ছেলে দেখতে শুনতে খারাপ না। ~ওটার জন্য না,... https://t.co/SyIsCZAxH1	Neutral
786	এককালীন ২০ লাখ , মাসে ২০ হাজার ! ব্যবসা খারাপ না হইলেও বলতেই পারে ভাই এই মাসে মাফ করেন হাতে টাকা নাই। জীবনের মুল্য… https://t.co/Nr5F5AMYTe	Neutral
787	@Kashmi11 আমার বৌ যদি আমাকে ভালবেসে বিষ এর থেকে খারাপ কিছু ও মেশাই চা এ তনে নির্দিধায় সেটা পান করব। কেননা তাতে ভালবাসা আছে।	Neutral
788	নাজমুল হোসেন অপু ভালো বোলার হতে চায় নাই। ভাল নাগিন হতে চেয়েছিল। ভুল পেশায় আসলে খেলা কি আর হয় ? রশিদ মুজিব এই দেশে হয় না কেন ? #BANvAFG	Negative
789	একাদশ শিক্ষক নিবন্ধন পরীক্ষা আগামী ১২ ও ১৩ ডিসেম্বরবেসরকারি শিক্ষক প্রত্যয়ন কর্তৃপক্ষের (এনটিআরসিএ) অধীনে একাদশ... http://t.co/OTkN8AElgc	Neutral
790	- ডাক্তার সাহেব, আমার মাথা ব্যথা করছে... - এই নেন ওষুধ... - এই ওষুধে গতবার কাজ হয়নি... একটু ভাল করে চেক করবেন? - আ… https://t.co/0U85rkic1H	Neutral
791	গান-বাদ্য প্রেমে টানার বড় একটা কারণ। মন ভালো ও মন খারাপ হলে গান শুনতে হবে বলে আসলে যে ভাইরাস গেলানো হয়েছে তা এ… https://t.co/XgXEfY97g6	Neutral
792	RT @nusratjahanjeni: ভোর বেলা ফজর পড়ে যখন আমি হাটি হৃদয় মাঝে তখন আমি প্রভু গো তোমায় ডাকি রাস্তায় তখন কেউ থাকে না পুরো রাস্তা খালি পাখি…	Neutral
793	একটা মানুষ আর কত যন্ত্রণা সইবে , এর কি শেষ হবেনা কখনো ? আমি মানুষ কিন্তু সেও কি তাহলে মানুষ না, আবার দেখি সবাই মানুষ !!	Negative
794	দেখতে দেখতে ৪ টি বছর পেরিয়ে গেলো আজ প্রিয় নেতা, প্রিয় মানুষটির সাথে তার সাথে পথ চলা হলো ৭ টি বছর । সুস্থ থাকেন ন… https://t.co/XKtLLTR9sh	Positive
795	আমি জন্মদিন কখনো পালন করি নাই পালন করতে ভালোও লাগেনা ὠ2 তবুও ভালো লাগে চেনা অচেনা সবার কাছ থেকে উইশ পেতে ☺☺ ভালোবা… https://t.co/eBhXAzm48X	Neutral
796	অপার দুরত্ত সামরিক উপকার এর পতিফলন। উপকার যে করিবে তাহাকে ভুলিতে দেরি করিবে না। নিহাত বরদের ভুল করিবে তাদের জিবনের সব চেয়ে বর ভুল।	Neutral
797	RT @e_gafari: একজন নেতার পিছনে শতশত কর্মী সবসময় গুরগুর! এদের ইনকাম সোর্স কি? বেকার আর গন্ড মূর্খদের জন্যে রাজনীতি নিষেধ করা হোক। এতে দেশ…	Neutral
798	রিভেঞ্জ পর্ন: '১ মিনিট ৩২ সেকেন্ডই জীবনকে পাল্টে দেওয়ার মতো বিষয়' 😨 😨 😨	Positive
799	সুবর্ণচরের ধর্ষক বিএনপি করতেন: বিচারপতি মানিক --- আজকে থেকে সব চ্যানেলের খবর দেখা বন্ধ করে দিলাম । শালার কি বলব ? ক্যাম্নে পারে এরা ।	Negative
800	উপশম সানজিদা আমীর ইনিসী ~ জখম হইয়া আমার কাছে আইসো না বা মনে মনে ভাবতে থাইকো না পৃথিবীর কোথাও আমি আছি— ছুইটা আইসা জ… https://t.co/5La13cE6hf	Neutral
801	বিএনপি , তোমরা কি হাসিনার মেচেজ টা ধরতে পেরেছো ? সাবধান , ঠাকুর ঘরে কে রে আমি কলা খাই না । হাসিনা কিন্তু ঐক্য… https://t.co/pQpdcBZudR	Neutral
802	আইন প্রণয়নকারী এবং আইন বাস্তবায়নকারীদের সন্তানদের চাকরির প্রয়োজন হয় না । অসৎ পথে যে অর্থ উপার্জন করে, তা দিয়েই তারা বহু দিন চলে ।	Negative
803	শুভ জন্মদিন @Fahbins আপু। খুব বেশি শুভ হোক আপনার আগামি দিনের পথ চলা। ডিপির হাসি মাখা মুখটা যেন কখনো অমলিন না হয় সে… https://t.co/mL0NYgSYwD	Positive
804	RT @RituparnaSpeaks: “শঙ্খ বাজিয়ে মাকে ঘরে এনেছি , সুগন্ধি ধুপ জ্বেলে আসন পেতেছি” | সকলে কে কোজাগরী লক্ষী পুজোর অভিনন্দন ও শুভেচ্ছা | ht…	Positive
805	RT @hafizur_noyon: @JasikaParvin একটা মানুষ তখনই আত্বহত্যা করে, যখন তার আর কিছু করার উপায় থাকে না। যে পথেই যাক না কেনো শুধু কষ্ট আর ক…	Neutral
806	RT @TeamTigersBD: ক্যারিয়ারের ১১ মত সেঞ্চুরী ὊF ἼF করার জন্য অনেক অভিনন্দন #তামিম কে, এগিয়ে যাও আরো অনেক দূর ἸA ἼF এশিয়ার বাইরে ৪র্থ নাব্…	Positive
807	জীবনে চলার পথে যত করি ভুল, ভুল টা কে ভুল করে ভাবি রাঙা ফুল আলোর পরশ খুজি মিছে আলেয়ায় সূর্য লুকাতে চায় গাছের ছায়ায়..ὡEὡEὡE — feeling upset	Neutral
808	ὠ2 ὠ2 অতপর এক দেশপ্রেমির কাছে যা উদ্ধার হলো.. ὠ2 ও মেজর ও মেজর রে তুই অপরাধী রে.. আমার ফেলে আসা সোনার জীবন দে ফিরাই… https://t.co/wsGIqtuFnC	Negative
809	এভাবে কেন যে কষ্টে ভোগায় ভীষণ আপন হয়েও এত অবহেলা কেন আমার কথায় এত ভুল বোঝ কেন, এভাবে সেভাবে চলে আর কত আপন করে… https://t.co/s3MpqYsZiz	Neutral
810	রোহিঙ্গা প্রত্যাবাসনের চেষ্টার খবর বাংলাদেশের মিডিয়ায় গুরুত্ব পেলেও মিয়ানমারের সংবাদপত্রগুলো কিভাবে তা প্রকাশ করেছে  👇 👇 👇	Negative
811	RT @JONAK_POKA2670: কয়লা গায়েবের গোপন খবর ফাঁস। ১৯৭৩ সালে যদি ৩ লাখ টন চাল চড়ই পাখি খেয়ে ফেলতে পারে তাহলে ২০১৮ সালে ১ লাখ ৪৩ হাজার টন…	Negative
812	এই হচ্ছে আমার আকামার মেয়াদ  এই চার মাস আগেই আমাকে বাংলাদেশ এ ফিরে করিতে হবে। কারন আকামা নবায়ন এর মত টাকা আমার… https://t.co/gyxUS8Pd1a	Neutral
813	নাবিল পরিবহন কোচ -২০ দিনাজপুর, ঢাকা মেট্রো ব - ১৪ ৯৩ ২৩ যে রিসিভ করতে আসবেন কাল সকালে সানন্দা তে নাস্তা আর পাবনা সু… https://t.co/hzIG0XPXnr	Neutral
814	বিনয়ী ব্যক্তি দুনিয়া ও আখেরাতে যা অকাংক্ষা করবে তাই পাবে ।— হযরত ওসমান (রাঃ)	Positive
815	সময় কে আটকাতে পারবে না । ও নিজের গতিতে প্রবাহমান । তুমি তোমার ১০০ শতাংশ দাও, প্রতি সেকেন্ড কে কাজে লাগাও । আজ না হ… https://t.co/h6GiKJfdda	Positive
816	লেয়লা লা মে লেয়লা এইসি মে লেয়লা হার কয়ী চাহে মুছছে মিলনা একেলা । নাই বিনোদন নাই ,সব শেষ হয়ে গেছে । এখন চা… https://t.co/5BHRpR977W	Negative
817	খুলনায় বিএনপি মেয়র প্রার্থী জনাব মঞ্জু নাকি ভুল করে নৌকার সীল দিয়া কয় আমাকে আরেকটি ব্যালট পেপার দেন। হা হা হা হা। এই হল অবস্থা!!!	Neutral
818	New phone কিছু লিখতে গেলেই উলট পালট হইয়া যায় । এক লাইন লিখতে 10 বার কাটা লাগে । এ কেমন বিচার । ὡ5 বাংলাদেশ ব্যাংক এর সাথে জড়িত নয়তো ὤ4	Negative
819	ইসস্ এই রকম ফাঁকা যদি সবাই হত ঢাকা শহর টা ... মাত্র 41 মিনিটেই সেগুনবাগিচা টু টঙ্গী স্টেশন রোড... (হোক না সেটা বাই… https://t.co/G9DG8vZuHg	Positive
820	বিবিসি বাংলার রেডিও অনুষ্ঠানের লাইভ স্ট্রিমিং-এ আজ যা থাকছে: * বাংলাদেশে টানা তৃতীয়বারের মতো শেখ হাসিনার নেতৃত্বে শপথ গ্রহণ করেছে আওয়ামী লীগের মন্ত্রিসভা। এ নিয়ে থাকবে বিস্তারিত। * নতুন যে মন্ত্রীপরিষদ আজ শপথ নিয়েছে তার অর্ধেকেরও বেশি নতুন মুখ। মন্ত্রিসভায় এত নতুন মুখ কী ধরনের বার্তা দেয়? * বাংলাদেশে গার্মেন্ট শ্রমিকরা মজুরি বৃদ্ধির দাবীতে আজও ঢাকায় বিক্ষোভ করেছে। শুনবেন তার কারণ সম্পর্কে।  * ভারতে এক বিজ্ঞান সম্মেলনে বক্তারা উদ্ভট সব দাবি করার পর সে দেশের বৈজ্ঞানিক সমাজ এর প্রবল সমালোচনা করেছে। থাকছে সে সম্পর্কে। ধন্যবাদ।	Positive
821	আমার যখন মন খারাপ হয় তখন আমি সুখের দিনের কোন ঘটনার কথা ভাবতে থাকি। দেখি নিমিষেই মনটা ভালো হয়ে যায়। একা থাকলেই মন… https://t.co/pIUWp0MnQP	Neutral
822	ডেঙ্গুর প্রকোপ বেড়েই চলেছে। কী অবস্থা এখন হাসপাতালগুলোর, এখনি কী পদক্ষেপ নেয়া উচিত - এসব নিয়েই বিবিসি বাংলার ফেসবুক লাইভ। আপনার যে কোন মতামত বা প্রশ্ন থাকলে জানাতে ভুলবেন না। আমাদের সাথেই থাকুন।	Negative
823	@muradevean ভাই @Omarn25 কিছু বলেন !! আমি কি ভুল কিছু বলেছি ?? আর আমি তার বড় এখন আমি পুলাপাইন হয়ে গেছি !! দিন আসলে বদলাইছে	Neutral
824	ঢাকা ভার্সিটি ছাত্রলীগ কি পরিমাণ পদ দিসে । নিউজ ফিড ভাইসা যাচ্ছে অভিনন্দন বার্তায় । আর তো সহ্য হয় না ὢ0ὣ3ὣ3ὣ3 — feeling angry	Negative
825	জীবনে তুমি যাকে চাও, থাকে গুরুত্ব না দিয়ে, যে তুমাকে চাই থাকে গুরুত্ব দাও, তাহলে জীবনে অবহেলার পাত্র কম হবে সুখী হতে পারবে। #MIS	Positive
826	প্রিয় নবী [ ﷺ ] -রওজা মোবারাক বের হওয়ার রাস্তা [ পূর্বে এ গেইট দিয়ে প্রবেশ করা হতো ] গেইটে নবীজী [ ﷺ ] সালাম লি… https://t.co/BUcsb3kKIE	Neutral
827	প্রযোজনা প্রতিষ্ঠান তথাকথিত মডেলদের দিয়ে অশ্লীল ভিডিও নির্মাণ করে সারাদেশে ছড়িয়ে দিচ্ছে।	Negative
828	সবার ভাল মন্দ বুঝার ক্ষমতা আছে, তারপরও মানুষ বিপথগামী হয়, বিপথ মানেই ভুল পথ। আর সেজন্য নিজেকে সব সময় ভাল মানুষের সান্নিধ্যে রাখা প্রয়োজন।	Neutral
829	সে : হ্যালো...!! আমি : হ্যাপি বার্থডে টু ইউ...!! সে : ওহ তাই..? আমি : হ্যা তাই। সে : নাহ আমি ভাবলাম অন্য... https://t.co/1h8McCPG7y	Neutral
830	সুখ যেন ক্বাবা ঘুরি তাঁকে ঘিরে সাত পাকে নয় শত পাকে ফিরে কষ্টরাই যে ঘোরে সুখ ঘিরে মেটে সুখ ছোঁয়া সাধ ? হাজারো... https://t.co/i6SBtegMh4	Neutral
831	এই বিসিএসে নেওয়া হবে ২ হাজার ১৩৫ জনকে।	Positive
832	বিডিটুডে.নেট:এ কে খন্দকারের ‘১৯৭১: ভেতরে বাইরে’ পড়তে ও ডাউন লোড করতে ক্লিক করুন http://t.co/A9hOjV5Lcx	Neutral
833	RT @krrish_ovi: সব শেষমেশ জীবনের last scene এ হিসেব নিকেষ হোক, কোলে মাথা ছিল কার আর মনে কার পান পাতা ঢাকা চোখ অসাধারণ lyrics @srijitsp…	Neutral
834	@HafizDiluyar হুম ভাই,, আপনার অপেক্ষায় থাকলে ও সারাজীবন সুখে থাকত	Positive
835	একটা নতুন গান তৈরি করেছেন কবীর সুমন	Positive
836	Just Pinned to জন্ম দিনের মজার ভিডিও !! দেখুন কি হল তার পর ??? Live Video !!: জনম দনর মজর ভডও !! দখন ক হল তর পর ??… https://t.co/kS1LEoVjct	Neutral
837	@ims_joy আমার একা ইফতার করতে হয় বাসায় , যার জন্য অনেক টা খারাপ লাগতো । এক ভাই বল্লো এখানে যাইতে পারস । পরে গিয়ে তো অবাক । ὣ1	Neutral
838	টুইটারে আসতে মন চায় না কারণ কিছু মানুষ আছে যা নিজে কে কি মনে করে আমি যানি না তবে আমি একটা কথা যানি যে এরা পাগল মা… https://t.co/PkPrNOO0if	Negative
839	বিবিসি, আল জাজিরা, এএফপি, রয়টার্সসহ বিভিন্ন গণমাধ্যমে নুসরাত হত্যার রায়ের খবর যেভাবে প্রকাশ করেছে...	Positive
840	অনেক কাল আগের কথা, একসময় ঘুষ খাওয়াকে অপরাধ ভাবা হত। ছোট হোক বা বড় ঘুষখোর, বলেন দেখি, দেখা হলে কি মনে ঘৃণা আসে? — feeling sad	Neutral
841	RT @shahin8723: শুভ রাত্রি। বন্ধুরা গুমানোর আগে আমরা জেন নিজের আত্তাসমালোচা করি সারা দিন কত ভালো কাজ করছি আর কত খারাপ কাজ করলাম। আর আমরা জে…	Neutral
842	আচ্ছা মহান আল্লাহ পাক উনার চেয়ে বড় অদৃশ্য কোন কিছু আছে? উনার চেয়ে বড় গোপন আর দামি গায়েব কিছু আছে? যদি না থাকে… https://t.co/Lb0DsM9J1r	Neutral
843	অনিয়ম বা অপরাধ নিজে করি ও তা থেকে পরিশুদ্ধ হতে তওবা করে নেই এবং একই কাজ আবারও করি। সেই কাজটি অন্যকে করতে দেখলে সমা… https://t.co/FdP7snu3ZV	Neutral
844	স্তন ক্যানসার রুখবে স্মার্ট ব্রা !(ভিডিও সহ) http://t.co/RdBHx08kfP	Neutral
845	RT @sopnotara: হাই,সবার কি খবর?. আমি তুমাদের জন্য আছি সারাক্ষণ। সো যারা যারা ক্যাম এ মজা নিতে চাও,ইমু তে নক করো। ইমু নাম্বার : 019943688451	Neutral
846	RT @itz_sojib: হে আল্লাহ তোমার ঘরে গিয়ে আমাদের সবাইকে পাঁচ ওয়াক্ত নামাজ পড়ার তৌফিক দান কর।ὤFὤF আমাদের খারাপ থেকে দুরে রাখো,আর বেশি বেশি আম…	Positive
847	@ProthomAlo জুতা মেরে গুরু দান এর মত কাহিনী টা হয়ে গেল? আবাল বাংজ্ঞালির কাঁঠাল ভেগে খাবে । কিন্তু আমাদের দেশের সরকার কিছুই করতে পারবে না।	Negative
848	RT @HdlG7bepe96rsVO: হয়নে মা আরো মাল বেহের করলো তখর মা সোনা টেপ টেপ করে মাল আসলো মা বলে আমি আর পারচিনা আমা চুদ বাবু তখন আমার ধোনটা মার সো…	Negative
849	আমি যদি কোনোদিন পথ ভুলে যাই হাতছানী দিয়ে কাছে নিও মমতার বন্ধনে আমায় বেঁধে সব ভুল ক্ষমা করে দিও জেনে না জেনে কত ক… https://t.co/trXijEkwkv	Neutral
850	ভেড়ামারায় চাকুরী না করেও নিয়মিত বেতন উত্তোলন এক শিক্ষিকার http://t.co/GrtkyOye00	Negative
851	ইন্টার‍্যাক্টিভ: স্যাটেলাইট থেকে তোলা একই এলাকার দুই সময়ের ছবিই বলে দিচ্ছে রোহিঙ্গা সংকট কক্সবাজারের এক বিস্তীর্ণ এলাকাকে দুই বছরে কীভাবে বদলে দিয়েছে। দেখুন বিবিসির এই ইন্টার‍্যাক্টিভ ছবিতে।	Negative
852	@SinhaKeya তা তো কখনো দিবে না। যতো দিন বেঁচে থাকে সন্মানের সাথে কথা বলবে। খাবার দাবার পোষাক আষাক সব কিছু ঠিক ভাবে ক… https://t.co/vieeizpy5G	Neutral
853	গত কাল বিকাশ বাসে আমার ওয়ালেট টা ভুল করে ফেলে আসি . বাস থেকে নামার পর মনে পরে আমার ওয়ালেট বাসে রেখেছি . বাস টা দ্… https://t.co/2bb0WuNZem	Neutral
854	RT @HotSonai: চোদা খেয়েই সকাল । এবার থেকে আমি কিছু প্রাইভেই এক্সক্লুসিভ অডিও / ভিডিও / আমার সাথে ভিডিও কল চালু করব । Patreon. com - এ ।…	Neutral
855	এত শিক্ষিত লোক সম্মান এর বানানে ন -এ ম -এ লেখেন কেন?! মুখে বলেন ও শুনেছি, সন-মান। বানান টা তো ম + ম, নাকি… https://t.co/VVcYv7SlAs	Neutral
856	@tasnim_24 তা ঠিক সে অধিকার একজন মেয়ের জন্যে একজন পুরুষের। নিশ্চয়ই আমি ভুল বলিনি। আর যদি আমি ভুল বলি তবে হৃদয় সস্তা পচা বস্তু।	Neutral
857	আজকে অনেকদিন পরে নাস্তা দিল।  তবে সত্যি আমার ক্ষুধা ও লাগছিল। ঘুম থেকে উঠে কিচ্ছু খাওয়া হয় না।	Neutral
858	RT @Osman__R_______: বিবেক দিয়ে ভেবে উত্তর দিবা !!! খেলায় যদি হার_জিত থেকেই থাকে তাহলে এতো দিন 7up 7up করছো কেনো সবাই ৷ তখনতো এটা বলতে পা…	Neutral
859	RT @Nowrin07: দূর আকাশে দৃষ্টিতে আজ অন্ধকার ও বর্ণহীন! কাঁপন ধরা বইছে বাতাস ব্যালকোনির ও গ্রিলে তবুও কেনো নিঃশব্দ আজ আমি কেনো প্রাণহীন ॥…	Neutral
860	তুমি যদি কারো সাথে খারাপ আচরন কর আর সে যদি চুপ থাকে তাকে দুর্বল বেভোনা, কারণ সে তোমাকে সম্মান দিচ্ছে সে মানুষ কে... https://t.co/tOnxbW2uOr	Neutral
861	--কিরে ও তোর পিছনে লেগেছে কেন? --ওর গ্যাস খুব পছন্দ!! আর আমি তো পিছন দিয়েই গ্যাস ছাড়ি!!	Negative
862	ভালোবাসা তো অনুভূতি , অনুভূতি রা তো মরে না।মানুষ যতদিন বেচে থাকে ততদিন অনুভূতি ও বেচে থাকে । ভালোবাসার অর্থ বদলে দিও না । বদলে যেও না । Ὁ4	Positive
863	ইমাম ভাতার damage control । এই সবই তৃণমূল ও বিজেপির vote bank এর জঘন্য রাজনীতি । তবে মানুষ এই সব মেনে নেবে না ।	Negative
864	RT @Popi_akbar: বার বার একই ভুল করলে, সেটা আর ভুল থাকেনা হয়ে যায় অপরাধ। ঠিক তেমনি বার বার একই অপরাধ ক্ষমা করলে, সেটা হয়ে যায় মস্ত ভুল।	Neutral
865	এই বছরের সেরা জোকস✌ ব্রাজিল, রাশিয়া ২০১৮ ফিফা ওয়ার্ড কাপ জিতবেὠ2 এমন মজার মজার আরো জোকস পেতে লগ ইন করুন WWW. ব্রাজিল ৭ গোল খাইছে.কমὠ1	Neutral
866	হলে হলে ‘গেস্টরুম ও সালাম-আতঙ্ক’	Negative
867	আজ সব আছে আমার কাছে, নেই শুধু তুমি :( বেছে থাকার জন্য ভুল গুলিও ঠিক করে নিয়েছি। তোমার স্মৃতি গুলাকে আক্রে ধরে বেছে আছি।	Neutral
868	জাতীয় নির্বাচন নিয়ে দেওয়া বক্তব্যের জন্য ১৪ দলের কারণ দর্শানো চিঠির জবাব দিয়েছেন রাশেদ খান মেনন।	Positive
869	টাকা উপার্জন তো সবায় করতে পারে। বৈধ-অবৈধ নানাভাবে পারে। তবে টাকা সামনে আসলেও না বলতে কত জন পারে??? যারা পারে তারাই মহৎ তারাই গ্রেট।	Neutral
870	মানিলন্ডারিংসহ বিদেশে অর্থ পাচারের অভিযোগ...	Positive
871	হায় মোর জ্বালা ! সোস্যাল মিডিয়াও এখন 3 পিস ময়। আগে আমি 7 আপ এ মজা পাইছি আর এখন 3 পিসে কারন আমি খেলাও দেখিনা কোনো… https://t.co/KrlHy36oaG	Neutral
872	প্রাণের শহরের এই অবস্থা কেন?	Positive
873	Talk Islam &lt;3 এমন এক সময় ছিল যখন জামআত এ নামাজ না পড়তে পারলে আমার মেজাজ খারাপ হয়ে যেত, যেকোন কাজে আমার প্রায়… https://t.co/P316A6XWR4	Neutral
874	পুরা দেশটা / ৬৪ টি_জেলা ঘুরে দেখার শখ যেন নতুন করে মনের কোণে উকী দিল । যদিও ইতোমধ্যে অনেক জেলা ঘোরা হয়েছে। আসলে শখ… https://t.co/4yJEkSteK3	Neutral
875	ঢাকা এখন আমেরিকা ।।। ὠ0 মাগার আমার ফোনটা মনে হয় নষ্ট হইয়া গেছে । তা না হইলে দেশে ৪.৫ জি আসার পরেও নেটওয়ার্ক এর এ… https://t.co/d8WcSVpStn	Negative
876	ব্রিটিশ এয়ারওয়েজের সোম ও মঙ্গলবারের প্রায় সমস্ত ফ্লাইট বাতিল হয়ে গিয়েছে। কর্তৃপক্ষের দাবী পাইলটদের সাথে আলোচনার মাধ্যমে সমস্যা সমাধানের চেষ্টা চলছে। 🛬 🛬	Positive
877	হে মুমিনগণ, তোমরা মহান আল্লাহ্ পাককে ভয় কর যেভাবে করা উচিৎ এবং তোমরা মুসলিম না হয়ে মৃত্যু বরণ কর না। -পবিত্র সূরা আল ইমরান: ১০২।	Neutral
878	তখন অবাক হয়ে যাই, যখন দেখি আমার মন খারাপ হয় ।। শুধু মন খারাপ হলেই মনে হয় আমার একটা মন আছে ।। #অকাবাই =D ।~~~	Neutral
879	আমি চাই ভারতে যত রেপ ও হত্যা হয়েছে তাদের অপরাধীদের সবার ফাঁসি হোক শুধু আসিফা নয় সবাই মানুষ ই ছিলো। আর কিছু সেকুলা… https://t.co/3i6u4cPeRt	Positive
880	কষ্টের পাহাড় আমার বুকে ঝরনা ঝরে এই দু\চোখে সুখ নেই মোর মনের নীড়ে একা থাকি কিম্বা ভিড়ে... কেউ বোঝে না আমার ব্যথা আমি যে আজ বড়ই একা॥	Neutral
881	মানুষ কোন কিছু অর্জন করে যতটা না সুখ পায় তার চেয়ে বেশি সুখ পায় সেটা অন্যকে দেখিয়ে, পৈশাচিক সুখ পায় তারা। :) :)… https://t.co/aSZJR7LaN1	Negative
882	হাহহা নিজের বউ অন্য জনের সাথে লুডু স্টার খেলে। আর নিজে ওয়েটিং থাকে কখন বউয়ের খেলা শেষ হবে। ( মজা পাইছি আফা মজা পাইছি :-P :-P )	Neutral
883	RT @_Ovi_Cr7: দেলোয়ার হোসাইন সাঈদী যদি জামাতের সাথে সংযুক্ত না হতেন তবে তাকে এই পরিণতির মোকাবেলা করতে হত না। আবার জামাত যদি ১৯৭১ সালের পরে…	Neutral
884	শেখ হাসিনা ও শিনজো অ্যাবের মধ্যে উপহার বিনিময় http:/t.co/nNRlcZK3ls via @sharethis	Neutral
885	বাংলাদেশ জিতার আনন্দে পাশের বাসার ভাবিকে ধরে অনেক্ষন নাচলাম। এখন উনার জামাইর কাছে ফেরত দিয়ে বাসায় এসে কোল বালিশ এর সাথে ঘুমাই পড়লাম। ὃ8	Neutral
886	ভাই লোক খবর টা শুনে খারাপ লাগলো তবু কিছু করার নাই যা ভাগ্য আছে তাই হবে মন খারাপের কিছু নেই সব কাকুর কারসাজি মেনে নি… https://t.co/Ip3YGJbXJY	Neutral
887	বুধবার দুপুরে টেকনাফের নয়াপড়ায় ১৬ নম্বর ক্যাম্পে গিয়ে দেখা যায়, গত দুইদিনে যারা সাক্ষাৎকার দিয়েছেন তাদের কেউই ঘরে নেই।	Negative
888	RT @Twiter_Twets: যদি শোঁকগাথা হাতে বহূদুর যাও একদিন ঠিকই এনে দেব হাসিমুখ	Positive
889	কারো কোন বান জানা থাকলে মালিঙ্গারে একটা বান মারেন...! আমি হিসু করতে গেলাম ... আমি হিসু করতে গেলে রান বেশি হয়... বাংলাদেশ ভালো খেলে!!!!	Neutral
890	ইমামে আজম কনফারেন্স -২০১৮ খ্রিঃ [ প্রথম পর্ব ] [ ইমামে আজম হযরত আবু হানিফা [ রাঃ ]-এর স্মরণে ]। স্থান ঃ বি,এম অডি… https://t.co/UzsxOaWi7c	Neutral
891	যে তার নিজের মাতৃভাষা ভাল করে আয়ত্ত করেনি, তেমন কেউ যদি নিজেকে শিক্ষিত বলে দাবি করে তাহলে তার ভানকে আমার ঘৃণা হয় মাইকেল মধুসূদন দত্ত	Neutral
892	@Rayhan________ নু নু ভাই ৷ ভুল অাপনাদের অামগোরে যেমন ভাবেন অামরা তেমন না ৷ যা ইনকাম করি ৷ খরচ তারও বেশি ৷ জমা কিছু… https://t.co/3t3eHzNruY	Neutral
893	দালাল তো দালাল ই.. &gt;:( নগদের উপর মিথ্যা কথা কইতে শালারা ১ সেকেন্ড ও টাইম নেয় না :/ :/ :/ আজকে দিছি মজা দেখায়া -_-	Negative
894	RT @artis_amir: ᾘBনীলᾘB ᾘBনীলᾘB তুমি কি কখনও দূরের আকাশকে দেখেছো? দেখেছো কি আগ্রহ তার মাটির সাথে মিলনের তুমি কি কখনও আকাশের কান্না দেখেছো? আকা…	Neutral
895	এবার সত্যিকার প্রেমের দেখা পেতে চান সেলেনা। তিনি বলেন, সেই প্রেম যেন অনির্ভর ...	Positive
896	আজ প্রথম ধরলাম। মজা পাইলাম। একটু টিপলাম নরম লাগলো। একটু চুষলাম। অস্থির লাগল।       এইটা ছিল বছরের প্রথম পাকা #আম খাওয়ার অনূভুতি.ἴB	Neutral
897	আজ শেষ হচ্ছে ‘গঙ্গা-যমুনা নাট্য ও সাংস্কৃতিক উৎসব’ http://t.co/XLa6okbLYr	Neutral
898	RT @RoopaSpeaks: আর কত কি দেখব পশ্চিমবঙ্গে!!! সবেতেই রাজনীতি ????? যে কাজটা আড়াই বছরে হয়নি সেটা এক দিনে কী করে হলো ? তার মানে হওয়া সম্ভ…	Neutral
899	আমি আবার ভুল করব, যেনে, বুঝেই করব। সবকিছু মেনে গেল কিন্তু মন কে পারলাম না মানিয়ে নিতে। হয়তো, আর সব ভুলের মত এটাও.… https://t.co/Kwyr8eAKjn	Neutral
900	গল্প গল্প শুনতে যেমন ভালো লাগে, গল্প বলতে আরও বেশি ভালো লাগে। কোন গল্প আমাদের মন ভালো করে আবার কোন গল্প মন খারাপ ক… https://t.co/hAie5TzUmt	Neutral
901	ছোট জীবনে অতীত নিয়ে ভেবে মন খারাপ করার কোন মানে হয় না । মানে হয় না , অন্যের জন্য নিজের মন খারাপ করে বসে থাকা । জ… https://t.co/OwZT6rcOZs	Positive
902	@bbcbangla এ জন্যই ত আমরা নিজেরাই দায়ি আমরা কেনার সময় যদি দেখি মেড ইন বাংলাদেশ লেখা আছে তাহলে ত হবে না মেড ইন টাই… https://t.co/ji1QHFY1Jr	Neutral
903	কিছু জীবন চলে যায়, কিছু জীবন চালিয়ে নিতে হয় । জীবন ঠিক যেন গাড়ি অথবা ঘড়ির মতো, সুখ আর অসুখের হিসাব করি যতো ॥ [জীবন]	Neutral
904	সৃজন ভালবাসার যে ভ জানে না তার সাথে কি হয় সংসার | আদিম যুগের আদিম মানুষ আদিম যে তার ব্যাবহার | Full poem link… https://t.co/ibFaLbVKTN	Neutral
905	আজ অনেক দিন হয়ে গেলো তোর সাথে দেখা। তোর জন্য ভালোবাসা না থাকলেও একটু মায়া হয়তো আমার মনে ছিল তাই আজও রাস্তার পাশে… https://t.co/xTfyGz9Z87	Neutral
906	YouTube থেকে ভিডিও ডাউনলোডের জন্য কোন APK টা কাজ করে? এবং ইজি।	Positive
907	ইতিহাস বড় নিষ্ঠুর, বহুকাল পরে হলেও তা প্রকাশ পায় কারণ ইহার পদ চারণা যে কালের সাক্ষী। http://t.co/phZTfcoWYF	Positive
908	জীবনে ভুল হয়ত সংশোধন হয় কিন্তু সরলতা আর ভুল যখন একা সাথে থাকে তা কোন দিন সংশোধন করা যায়না। জীবনের অবসান একমাত্র তার যথার্ত মুল্য।	Negative
909	উজ্জ্বল ও সজীব ত্বক দুই সপ্তাহে | Bangla | Banglamail24 http:/t.co/IYDLvjW5wA	Neutral
910	@MooN_bOY00 ছোট বেলা থেকে এখনো মুরগী-হাঁস উল্টো করে ঝুলানোর বিষয় টা মনে অনেক খারাপ লাগে । আলহামদুলিল্লাহ্‌ , আইন টা ভালো ই হইলো । ὄFὄF	Neutral
911	সুযোগ বুজি JDS ক লাট মাৰিবও পাৰে কংগ্ৰেছে । ইতিহাসত নজিৰ আছে । এই ভুল কৰিলে গণতান্ত্ৰিক ভাৰতীয়ই কংগ্ৰেছক চিৰদিনৰ বাবে লাট মাৰিব ।	Neutral
912	RT @TwitBangla: “ ও কী গুণছ ! দিন! দিন তো যাবেই ! দুঃখপোষা মেয়ে ! শুকোতে দাও স্যাঁতস্যাঁতে এ জীবন রোদের পিঠে, আলোর বিষম বন্যা হচ্ছে দেখ,…	Neutral
913	দেখুন এ কেমন বাবা -মা ? নিজের মেয়েকে দিয়ে জোর করেই করাচ্ছেন অবৈধ কাজ !!এমন বাবা মা কারো যেন না হয় ! দেখুন ভিডিও… https://t.co/Y9K1mRPn26	Negative
914	এ মেঘলা দিনে ক্লাস অফ। তাই সকাল থেকে মজা করে একটা ঘুম দিলাম। এখন আমার নাকের ডগার সামনে ভুনা খিচুড়ির ধোঁয়া ওঠার দৃশ্যটা খুব মিস করছি।	Neutral
915	আঃ হালিমের খুটির জোড় কোথায় সরকারি গাছ কর্তন করার ৬দিন পেরিয়ে গেলেও মামলা হয়নি অভিযুক্ত শিক্ষকের বিরুদ্ধে http://t.co/VyfWs0a9ea	Negative
916	RT @ExceptionalRdx: তুমি হিনা এই আমার নেই আর কেও, দূরে আছো তাই মনে বিরহের ঢেউ। আসবে ফিরে সেই আশায় পথ চেয়ে আছি,সব ভালোবাসা আমার তোমার জন্য…	Neutral
917	জগন্নাথ বিশ্ববিদ্যালয়ের ২০১৯-২০ শিক্ষাবর্ষে স্নাতক (সম্মান) প্রথম বর্ষের ভর্তি পরীক্ষায় উত্তীর্ণ পরীক্ষার্থীদের ভর্তি কার্যক্রম আগামী ১১ নভেম্বর থেকে শুরু হচ্ছে। প্রথম মেধাতালিকায় স্থান পাওয়া পরীক্ষার্থীরা আগামী ১৭ নভেম্বর পর্যন্ত ভর্তি ফি জমা দিতে পারবেন। এরপর তাঁরা প্রয়োজনীয় সনদ ও কাগজপত্র ১৮ নভেম্বর পর্যন্ত মনোনীত বিভাগে জমা দিয়ে ভর্তির সুযোগ পাবেন। বিশ্ববিদ্যালয়ের রেজিস্ট্রার ওহিদুজ্জামান প্রথম আলোকে এ তথ্য জানান।	Positive
918	লিখেছেনঃ কবি ও কাব্য নিচে ৯০ দশকের দুটি ছবির দুটি গানের লিঙ্ক দিলাম । একটি হিন্দি সানী দেওল ,সাইফ আলি খান ও... http://t.co/MEBFhCgcW6GeoLocation{latitude=22.6412451, longitude=92.1943473}	Neutral
919	@iadily4u এটা কে ঠিক করতে হবে যেন ভবিষৎ এ সাধারণ মানুষ রাজনীতিবিদ দেড় খারাপ না বলেন।এই দায়িত্বও তো আপনার আমার আমাদের নিতে হবে আপু	Positive
920	এ দেশের মাটি ও মানুষ আলেম বলতে বুঝায় .........http://t.co/nZ3ilZ2F47	Positive
921	আমি বাংলাদেশ থেকে বলছি । এক যে ছিল রাজা মুভিটির জন্য অধীর আগ্রহে অপেক্ষা করছি । এরকম একটা জিনিস নিয়ে কাজ করা নিঃস… https://t.co/iOTL9ShPP5	Neutral
922	মাথায় নতুন ভুত ঢুকছে ! বৃক্ষ রোপণ ভুত ! কৃষিবিদ gf থাকলে এমন ভুত ঢুকা অস্বাভাবিক কিছু না ! আপাদত বারো মাস ফল দিবে… https://t.co/SZyaz9w6JJ	Neutral
923	রিন তোমার আলোয় উজ্জ্বল বাংলাদেশ-এর আজকের অতিথি আহমেদ ইমতিয়াজ জামি প্রতিষ্ঠাতা- সভাপতি অভিযাত্রিক ফাউন্ডেশন উপস্থাপক: মুনির হাসান  সমন্বয়ক, যুব কর্মসূচি, প্রথম আলো	Positive
924	১৯৭১ - বাংলাদেশ - ২ লক্ষ নাম .. .. .. ৮ অক্টোবর ২০০১ - সিরাজগঞ্জ - পূর্নিমা রানি শীল . . . ১ জানুয়ারি ২০১৯ - নোয়াখালী - গৃহবধু...	Negative
925	এই ইউনিটে পাসের হারও ২ দশমিক ৮৮ শতাংশ বেড়েছে...	Positive
926	আজকে বিগত ৫ ঘন্টা বাংলাদেশ পুলিশ সম্পর্কে যা দেখলাম, শুনলাম, বুজলাম তার পরিপেক্ষিতে কিছু বলার নেই! :) এইটা আমি কখনোই কল্পনা করি নি ☺	Negative
927	মন বলে চল ফিরে আবার , সপ্ন যাবে বাড়ি আমার। ὠAὠAὠAὠA কার কার প্রিয় এই বিজ্ঞাপনটি ? আমার তো সব থেকে প্রিয় &lt;3 যতবার শু… https://t.co/xcHkUfjC2j	Neutral
928	নিজে থেকেই নিজেরটাই বলি - আমি বাবা মা সাথে কখনো খারাপ ব্যবহার তোঁ দুরে থাক উচু গলায়ও কথা বলি না , বলা উচিৎ ও না।… https://t.co/YVY71UtFMW	Positive
929	বাংলাদেশ ২৪/৫ . শুন্য রানে আউট হওয়া সাকিবকে মেসি ভাবুন, আর এখনো পর্যন্ত টিকে থাকা লিটন দাশ কে নেইমার মনে করুন।।। . রাগ কমে যাবে....	Neutral
930	তেজগাঁও এলাকা র সব গলি তে উজ্জল আলো দিতে হবে। বিশেষ করে শিল্প এলাকা তে। অন্ধকার এ মাদক এর বাণিজ্য বেশি। এবার বাংলাদেশ মাদক মুক্ত করতে হবে।	Positive
931	সাউদাম্পটনের মাঠে গতকাল আক্ষরিক অর্থেই উড়েছেন জেমি ভার্ডিরা...	Positive
932	RT @HotSonai: যখন কেউ তোমার জন্য কিছু কাজ করে দেয় তখন তুমি তাকে ভালো বলে কিছু উপহার দাও । ঠিক তেমনি যখন #চুদবে তখন মেয়েদের কে অবশ্যই তো…	Neutral
933	লাক্স ক্যাফে লাইভে আজকের অতিথি এই শুক্রবারে মুক্তিপ্রতিক্ষীত সিনেমা ‌'সাপলুডু'র পরিচালক গোলাম সোহরাব দোদুল, অভিনেতা আরিফিন শুভ ও অভিনেত্রী বিদ্যা সিনহা মিম (Bidya Sinha Saha Mim) উপস্থাপক: সারা ফ্যায়রুজ যাইমা (Sara Fairuz Zaima)	Positive
934	জেনে নিন বছরের যে ৫ দিন রোযা রাখা হারাম / নিষিদ্ধ। রোযা রাখার হারাম / নিষিদ্ধ দিন সমূহ। মহান আল্লাহ আজ্জা ওয়া জা… https://t.co/A6xAOhgST5	Neutral
935	RT @Your_FRI3ND: শোক করার সময় নেই, কীভাবে পাল্টা জবাব দেওয়া যায় তা ভাবা উচিত... জানি অনেক কঠিন হবে তবে অসম্ভব না! Go Ahead @Bcbtigers...	Positive
936	রোহিঙ্গাঃ ওখানে কি হইছে ঠিক জানি না তবে রোহিঙ্গা জাতি যে খুব খারাপ তা টের পাচ্ছি ὇F আমরা কি দুধ কলা দিয়ে সাপ পোষতে… https://t.co/6UrWr0ayCT	Negative
937	বিবিসি বাংলার আজকের প্রবাহ অনুষ্ঠানে যা থাকছে: ১. নেটো জোটের এক শীর্ষ সম্মেলনের আগে যুক্তরাষ্ট্রের প্রেসিডেন্ট ট্রাম্প আবারও জার্মানি এবং অন্য ইউরোপীয় মিত্রদের তীব্র সমালোচনা করেছেন। তিনি বলেন, জার্মানি রাশিয়া থেকে তেল-গ্যাস কিনতে অনেক অর্থ খরচ করলেও নেটোর জন্য থরচ করছে অনেক কম। এ নিয়ে থাকবে প্রতিবেদন ২. বাংলাদেশে বহু বছর ধরে জনসংখ্যা নিয়ন্ত্রণ কার্যক্রম চলার পরও প্রজনন হার কেন কমানো যাচ্ছে না? আজ জাতিসংঘের জনসংখ্যা দিবস উপলক্ষে থাকবে এ নিয়ে প্রতিবেদন। ৩. বাংলাদেশে কোটা সংস্কার আন্দোলনের ওপর হামলার নিন্দা করে কয়েকটি ইউরোপীয় দেশের দূতাবাস বিবৃতি দেয়ার পর এনিয়ে বিতর্ক শুরু হয়েছে আবার। শুনবেন এ প্রসঙ্গে ৪. বিশ্বকাপের দ্বিতীয় সেমিফাইন্যালে আজ ইংল্যান্ড খেলবে ক্রোয়েশিয়ার বিরুদ্ধে। কারা যাবে ফাইন্যালে? থাকবে বিবিসির সাবেক স্পোর্টস এডিটর এবং বিশ্লেষক মিহির বোসের বিশ্লেষণ।	Positive
938	আমাকে সকাল বলে ডাকতে তুমি। কতোকাল ঐ ডাক শুনি না। তুমি কি আকাশ থেকে সকাল, আমার সকাল বলে মাঝে মধ্যে ডাকো? নাকি আমি ভুল শুনি?	Neutral
939	আহা আহা কি শান্ত শহর চারদিকে নরব কোনো শব্দ নেই চারপাশে এমন শান্ত শহরের প্রেমে পরেছি এই শান্ত শহরে কারো মনে সুখ আর… https://t.co/ldz2tdlI0z	Positive
940	RT @TeamTigersBD: ἞7἞9 বাংলাদেশ Vs শ্রীলঙ্কা ἟1἟0 এশিয়া কাপ ২০১৮ বাংলাদেশ যদি টসে জয় লাভ করে তাহলে আগে কি করা ভালো হবে? #BANvSL #SL…	Neutral
941	আজ শেষ হলো দাবা উৎসব এর সেমিফাইনাল পর্ব। ফাইনালে পৌঁছে গেছে যে দুজন- ১) মো: সাইফুল হোসেন ২) আনিকা সিয়ামিন। অভিনন্দন তাদেরকে! শুভকামনা। :)	Neutral
942	কোন ব্যক্তি যদি একজন বা এক পরিবারের সম্পদ চুরি, বা লুট করে, সে একজন বা এক পরিবারের কাছে ঋণী আর যদি কেউ সরকার বা রা… https://t.co/u3XG5KYcSh	Neutral
943	সরকার দেশে ফ্যাসিবাদী শাসন কায়েম করেছেঢাকা, ৭ সেপ্টেম্বর : মুজিবনগর উপজেলা ভাইস-চেয়ারম্যান ও জামায়াত নেতা... http://t.co/lGRviLyMzu	Neutral
944	✅সমস্ত ঢাকা শহরে হোম ডেলিভারী পাবেন।। Ὥ2অর্ডার করার জন্য 24/7 কল বা SMS করুনঃ ☎ 01916 56 70 44 ☎ 01795 89 70 39 ☎… https://t.co/6Vl3iEXR61	Neutral
945	সুখ নামের ময়না পাখি হয়তো আর আসবেনা ফিরে আমার এই মনের ছোট ঘরে | দুঃখ নামের নিষ্ঠুর পাখি আমার থাকবে সারা জনম ভরে |	Negative
946	কিযে এক জ্বালা সবাইকে এখন বাঘ গল্প শোনানো রাখাল বালকের মতন লাগছে। কে যে সত্যি বলছে, কে যে মিথ্যা বলছে কোন কিছু ঠাও… https://t.co/CbFYK1PloI	Neutral
947	মানুষ যখন সুখে থাকে তখন একের পর এক ভুল করেই যায়। বুঝতেও পারে না যে সে এত্তগুলো ভুল করেই যাচ্ছে। আর এই ভুলই... https://t.co/kIAuySwNuU	Neutral
948	বাংলাদেশ জামায়াতে ইসলামীর অন্যতম সহকারী সেক্রেটারি জেনারেল ব্যারিস্টার আব্দুর রাজ্জাক দল থেকে পদত্যাগ করেছেন। ব্যারিস্টার রাজ্জাকের সাথে বিবিসি বাংলার এক বিশেষ ফেসবুক লাইভ। ধন্যবাদ।	Positive
949	কারোর #ID তে কোনো #Problem থাকলে বলেন #Solve করে দেয়া হবে #Time: 10:07-2:00 টা পর্যন্ত #Free আছি &amp; মনটা খারাপ কাজ এর ভিতর থাকতে চাই	Neutral
950	মুখ ও মুখোশ নিয়ে অশ্লীলতার অভিযোগে মুখ খুললেন হিল্লোলhttps:/t.co/duSmU5c040 http:/t.co/3qh4W6zbdk	Positive
951	RT @greenDp420: কাউকে আপন করতে বেশী ভয় হয় সে যদি ভুল বুঝে দূরে চলে যায়,,,, কাউকে দূরে রাখতে আরো বেশী ভয় হয় যদি সে আমায় ভুলে অন্য কা…	Neutral
952	মাঝে মাঝে খাপ ছাড়া ভাব সাথে কিছু ভুল পাস আর মিস শট ছাড়া অসাধারন ব্রাজিল! নেক্সট ম্যাচে আশা করি আরো ভালো খেলা হবে! গুড নাইট টাটা!	Positive
953	সারা দুনিয়া থেকে যদি বাছাই করে ৫০০ জন ভালো মানুষ বাছাই করা হয়। সেখানে ও ১০ থেকে ১৫ জন খারাপ লোক পাওয়া যাবে। আর… https://t.co/346iCQxVG7	Neutral
954	লোহাগাড়ায় ভ্রাম্যমান আদালতের অভিযান গ্যাস সিলিন্ডার ভর্তি অবৈধ সিএনজি ষ্টেশনের ২টি ট্রাক আটক ও ৩ জনকে জরিমানা	Negative
955	RT @Ahmedshahjahan7: সব স্বপ্ন বাস্তবায়ন হয় না আমার ও হয়নি সুখ বলতে আর কিছুই নেই সব মিথ্যে মরীচিকা তাতে কি? এক সাগর দুঃখ পেয়েছি, এটাই…	Neutral
956	মোটামুটি। তেমন একটা মজা পাই নাই। তার উপর শেষের অংশটা দুই আড়াই বছর আগে টিভিতে দেখছিলাম :/ রেটিং ৭/১০। — watching Penguins of Madagascar	Neutral
957	বিবিসির প্রযুক্তি বিষয়ক অনুষ্ঠান ক্লিক-এর এ সপ্তাহে থাকছে:  বঙ্গবন্ধু স্যাটেলাইট উৎক্ষেপণের সব ব্যবস্থা গ্রহণ করা হয়েছে, কিন্তু বাংলাদেশ কি কখনো নিজেদের উদ্যোগে স্যাটেলাইট তৈরী করতে পারবে?  আলিবাবা'র ওয়্যারহাউজে কিভাবে একইসাথে কাজ করতে মানুষ ও রোবট?  কৃত্রিম বুদ্ধিমত্তা কি মানুষকে সঠিক স্বাস্থ্যসেবা দিতে পারবে?  প্রচারিত হবে শনিবার সন্ধ্যা ৬টায়, চ্যানেল আইতে। #BBCCLICK	Positive
958	একটা মানুষের জীবনে এর চাইতে বড় কষ্ট কি হতে পারে? মা থাকতে সুখ দেখা দিলো না। মা চলে যাওয়ার পর সুখ দেখা দিলেই কি আর… https://t.co/oiVUN2cHMP	Negative
959	..প্রেম , পিরীতি , আবেগ , ভালোবাসা , ঠিক মানুষ , ভুল মানুষ , ফিরে আসা , বাঁচবো না , জান , জানু , জানোয়ার (এটা... https://t.co/tamqOpMqJY	Neutral
960	সকাল ৭ টার বিমান বাংলাদেশের ফ্লাইট এতই লেট করছে যে ঢাকা থেকেই যাবে ১ টা বাজে। শেষ পর্যন্ত ক্লাইন্টের ট্রেন টিকেট ই বাতিল করতে হইল।	Neutral
961	কোন তরুণ কী স্টাইলে চুল-দাড়ি রেখেছে, তার সঙ্গে কি বখাটেপনার কোন সম্পর্ক আছে? বাংলাদেশের পুলিশ বখাটেপনা ঠেকাতে নানা ছাঁটে চুল-দাড়ি রাখা বন্ধের নির্দেশ জারির পর এই প্রশ্ন তুলছেন অনেকে...	Positive
962	মেরুদণ্ড সোজা ও মাথা উচু করে হাঁটুন। মাথা নিচু করে কুজো হয়ে হাঁটবেন না। এতে আপনার ব্যক্তিত্ব সম্পর্কে অন্যদের ধারণা খারাপ হবে। - #মিঃড্রিম	Positive
963	মুখ ও মুখোশ নিয়ে অশ্লীলতার অভিযোগে মুখ খুললেন হিল্লোল http:/t.co/i2M8qNKZ67	Positive
964	ভোট দেইখা আসলাম। অনেক সুন্দর ভোটের পরিবেশে ঢাকা ১৩ তে ইভিএমে ভোট হলো। সবচেয়ে বেশী ভোট কাস্ট হবে এবার। জয় বাংলা। জিতবে আবার নৌকা	Neutral
965	listening to Amake Amar Moto Thakte Dao - আমাকে আমার মত থাকতে দাও	Neutral
966	@RaselCps আরে ভাই বড় ভায়েরা কইলো সবাই মিলে যাই উবারে মজা হবে ।। গান টান বাজিয়ে গেলাম ।। পরে চিন্তা কইরা দেখলো বা… https://t.co/17Kl22qyGk	Neutral
967	ঢাকা থেকে ছুটিতে যখন বাসায় যাই মাঃ কিরে শরীরের কি অবস্তা করেছিস,খাসনা নাকি কিছু?ὡ2 আমিঃ খাই তোὠA মাঃ কি খাস?὇F আমিঃ তোমার ভবিতব্য বৌমার বকাὢB	Neutral
968	এই ছোট্ট জীবনে কিছু একটা হইলেও শিখতে পেরেছি। আর সেটা হচ্ছে ... খারাপ কে কখন ও খারাপ বলা যাবেনা। — thinking about doing something different	Negative
969	'প্রাথমিক বিদ্যালয়ের পরিচালনা কমিটির সভাপতির ন্যূনতম শিক্ষাগত যোগ্যতা স্নাতক করার বিষয়ে দ্রুতই আদেশ জারি হবে...	Positive
970	একা বড় একা এই মন তুমি ছাড়া শূণ্য জীবন দু চোখে শ্রাবণ বুকে ঝড় ভালোবাসা হার বাংগা ঝড় কাদে মন কাদে হিয়া এএএ মন বরে প্রিয়া প্রিয়া।	Neutral
971	চারুকলার শিক্ষার্থীরা কীভাবে বর্ষবরণের প্রস্তুতি নিচ্ছেন - এ নিয়ে বিবিসি বাংলার ফেসবুক লাইভ	Positive
972	মানুষ একজন অন্যজনকে বিভিন্ন Meme এ মেনশন করে কতো মজা নেয় ὡ2, আর একদল কার না কার চোখে পরে যায়, এই ভয়ে কাওকে মেনশন.… https://t.co/cWMF1Q9PLD	Neutral
973	ওহে দাদা ঠাকুর তুমি আর কত ভুল বুঝবে বল। জাতীয় সংসদ কিন্তু বার বার তোমার সেই ভুল গুলা মেনে নিবে না। বি:দ্র:- না... https://t.co/oRRTSFfJPB	Neutral
974	করুণা করে হলে চিঠি দিও, খামে ভরে তুলে দিওআঙুলের মিহিন সেলাইভুল বানানেও লিখো প্রিয়, বেশি হলে কেটে ফেলো তাও,... http://t.co/buMR8Bm58G	Negative
975	RT @BBachelor007: আমাদের সময়ের সেরা ৩ জন দড়িবাজ ভন্ডের নাম উল্যেখ করলে একজন থাকবে দড়িবাজ জাফরের নাম। কপাল কত্ত খারাপ হইলে এইরকম একটা ধ…	Negative
976	এক মাতাল দুতলা থেকে জানালা দিয়ে পেশাব করছে | তখন আরেক মাতাল বলছে, আরে তোর পেশাব বেয়ে তো চোর উঠে যাবে ? এ কথা... https://t.co/2O2vf3qdRK	Neutral
977	@Antara14252422 হায় অন্তরা তোমি আমাকে ভাল ভাব আর খারাপ ভাব কিন্তু তোমাকে দেখলেই I Love u বলতে মনে চায় সত্যি তোমি অনেক সুন্দর I love u .	Neutral
978	ইদানীং একটা কাজ করে খুব মজা পাই। কারো সাথে দেখা হইলে হাত এমন পজিশনে রাখি যে ওই লোক হ্যান্ডশেক করার ইচ্ছা থাকলেও আমা… https://t.co/ihR5nKo1Sk	Neutral
979	বাংলাদেশে সম্প্রতি পুলিশের ওপর কয়েকটি হামলার ঘটনায় নতুন করে উদ্বেগ দেখা দিয়েছে। আন্তর্জাতিক জঙ্গী সংগঠন আইএস প্রতিটি ক্ষেত্রেই হামলার কৃতিত্ব দাবি করেছে। পুলিশের তদন্তে কী পাওয়া যাচ্ছে? সাম্প্রতিক এসব হামলা কি জঙ্গী তৎপরতার নতুন ধারা? এ নিয়ে প্রতিবেদন দেখতে চোখ রাখুন বিবিসি প্রবাহে, আজ রাত ৯টা ৩৫ মিনিটে চ্যানেল আই-তে। এ বিষয়ে আপনার মতামত জানান এখনই। আপনাদের পাঠানো মন্তব্যের মধ্যে বাছাইকৃত কয়েকটি মন্তব্য প্রচার করা হবে আমাদের আজকের অনুষ্ঠানে।	Positive
980	নিজেদের পড়ার খরচ ও নাশতায় বরাদ্দ টাকা থেকে প্রতিদিন পাঁচ টাকা করে সপ্তাহে ৩৫ টাকা জমান তাঁরা। সেই টাকা দিয়ে ফুটপাতে থাকা ছিন্নমূল মানুষের মুখে তুলে দেন খাবার।...	Positive
981	RT @TeamTigersBD: ‘একটি পদক্ষেপ নেওয়া হল। যদিও আমার পূনর্বাসন এখনও চলছে তবে ব্যাট হাতে নিতে পেরে আমি বেশ খুশি। ইনজুরির পর এই প্রথম ব্যাট…	Neutral
982	@mdreyazhosain80 ইতা ও ভাউ , হাচা কতা । ὠ1ὠ1 হেতে আচোদা না , হেতে কি আর সিলেট চিনে ? ᾒ3ᾒ3ᾒ3 হেতে চিনে বাংলাদেশ । ὠ2ὠ2ὠ2	Neutral
983	আল্লাহ কাউকে তার সাধ্যাতীত কোন কাজের ভার দেন না, সে তাই পায় যা সে উপার্জন করে এবং তাই তার উপর বর্তায় যা সে করে।… https://t.co/F7Ro6nNfKX	Neutral
984	চোর চোর চোর চোর চোর ছাদে চোর, আরে ভাই কে চোর? চোর না হলে এত রাতে ছাদে কি করেন? আরে ভাই পতাকা নামাই,, মজা না ভাই,,,… https://t.co/C93mk0u3ei	Neutral
985	ঈদ মুবারক সবাইকে। :) থাকছি আপনাদের সাথে আজ রাত 8:30 এ বাংলাদেশ বেতার এ আর কাল সকাল 7:30 এ আসছি যমুনা টিভি তে। বিস্… https://t.co/ftRbivN7oM	Neutral
986	২১শে অগাস্ট গ্রেনেড হামলা মামলা: অভিযুক্তদের মধ্যে ৩১ জন কারাগারে আর পলাতক রয়েছেন ১৮জন	Negative
987	আবার অনেক দিন পর যদি পথে দেখা হয়...... যদি চোখে চোখ পরে, তুমি বুঝে নিও আমি কেমন আছি..... আবার অনেক দিন পর যদি ভুল… https://t.co/7JojYcUYpB	Neutral
988	সবাই কে নতুন বছরের শুভেচ্ছা । নতুন বছরের প্রথম দিনে 2G আছেন না 3G তে ? কারন ডিজিটাল বাংলাদেশ বলে কথা । আন্তর্জাতিক… https://t.co/9HADNKlTWa	Neutral
989	আব্বুর শরীর খারাপ বেশি হয়ে গেছে কেন জানি। সবাই দোয়া করবেন। জুম্মার দিন আর রোজার মাস। আল্লাহ তায়ালা নিশ্চয় দোয়া কবুল করবেন। ὡE ὡE	Neutral
990	বেকার চাঁদ মুখের ওই বাঁকা ঠোটে কাজল কালো চোখ | আড় নয়নে তাকা ও যখন জ্বলছে শতলোক | Full poem link #bengali #poetry #bangla #poem	Neutral
991	মুছে ফেল মনের সব শোনিতের দাগ ভুলে যাও সুখ দুঃখ আছে যত রাগ অতীতের কথাগুলো থাক পিছে পড়ে, তারে আর বার বার ডাকিওনা ফিরে..	Positive
992	রক্তিম আভার হে ফুল আমি তোমারি রূপে হই বারেবারে আকুল.... আর যা কিছুই হোক সঠিক ভুল, কেবল ভুল নয় আমার দুহাতে মেলে ধরা এই মায়াবী ফুল।	Neutral
993	কখনো কখনো অনেক কিছু বলতে গিয়ে ও চুপ করে থাকতে হয়।মাথা নত করে নিয়ে বলতে হয় আমিই ভুল করেছি। এর অর্থ পরাজিত হওয়া… https://t.co/sXkYvs1FPn	Neutral
994	আজব বাংলাদেশ A এর পায়ে বল, তাই যত পারছে বি কে দেধারছে গোল দিয়ে যাচ্ছে, আবার B এর পায়ে যখন বল ছিল যত পেরেছে গোল… https://t.co/3EkjpxIwzV	Neutral
995	মানুষ ভাল থাকতে চায়- ভালভাবেই ভাল থাকতে চায়, যখন ভালভাবে ভাল থাকার পথ বন্ধ হয়ে যায়, তখনি ভুল পথে পা বাড়ায়-ভাল থাকার জন্যই। COPY. .	Neutral
996	কি আর বলবো এমন এক দেশ এ আছি যেখানে সঠিক কিছু বলতে গেলে অধিকার আদায় এর জন্য রাস্তায় নামলে বলে রাজনীতি করি, কেও প্র… https://t.co/42Y8UQsxvr	Negative
997	বৃষ্টি বৃষ্টি জলে জলে জোনাকি আমি সুখ যার মনে তার নাম জানো কী ? মেঘ মেঘ চুল তার অভ্রের গয়না নদী পাতা জল চোখ ফুলসাজ… https://t.co/UgtpVDTdWI	Neutral
998	বাংলাদেশে মাদকবিরোধী অভিযানে নিহত টেকনাফ পৌর কাউন্সিলর মো. একরামুল হকের স্ত্রী অভিযোগ করেছেন,  ডিজিএফআই এবং র‍্যাব তাকে ডেকে নিয়ে গিয়ে খুন করেছে। বিবিসির সাথে এক সাক্ষাৎকারে আয়েশা বেগম এই অভিযোগ করেন। এসব অভিযোগের ব্যাপারে স্বরাষ্ট্রমন্ত্রী আসাদুজ্জামান খানের কী বক্তব্য? শুনুন...	Negative
999	‘মার্কিন প্রেসিডেন্ট ডোনাল্ড ট্রাম্পের কাছে বাংলাদেশের ধর্মীয় সংখ্যালঘু পরিস্থিতি নিয়ে প্রিয়া সাহার দেয়া বক্তব্য নিয়ে বিভিন্ন মহলে আলোচনা-সমালোচনা ঝড়; সংখ্যার বিচারে এদেশের ধর্মীয় সংখ্যালঘুদের চিত্রটা আসলে কেমন?’ এ নিয়ে প্রতিবেদন দেখুন বিবিসি প্রবাহের আজকের অনুষ্ঠানে। বিষয়টি নিয়ে আপনার মতামত জানাতে এখনই মন্তব্য করুন। বাছাইকৃত কিছু মন্তব্য প্রচার করা হবে বিবিসি প্রবাহ অনুষ্ঠানে আজ রাত ৯:৩৫ মিনিটে, চ্যানেল আই’তে।	Positive
1000	@Ali4198642 আমি আপনার জেলার আপনি মনে হয় ভুলে গেছেন আমি ভুলি নাই ঢাকা থাকি তাতে কি আমি একদম রাগি না যে যেমন আমি তার… https://t.co/KgWJFT1Poh	Neutral
1001	এখানে প্রতিদিন তিন থেকে চার মণ মিষ্টি বিক্রি হয়।...	Positive
1002	\\সংসদের অভিশংসন ব্যবস্থায় বিচারকদের স্বাধীনতা একবিন্দুও ক্ষুণ্ন হবে না\\: আইন, বিচার ও সংসদ বিষয়ক মন্ত্রী...	Positive
1003	আজ ২৮শে মার্চ, বৃহস্পতিবার বিবিসি বাংলার প্রবাহ অনুষ্ঠানে যা থাকছে: ১. বাংলাদেশের রাজধানী ঢাকার বনানীতে একটি বহুতল অফিস ভবনে আগুনে এখন পর্যন্ত ৭ জন নিহত এবং বহু মানুষ আহত হয়েছে। নিহতদের মধ্যে রয়েছেন একজন শ্রীলংকান নাগরিক। থাকবে বনানীর এফআর টাওয়ারে এই অগ্নিকান্ডের সর্বশেষ খবর। ২. বনানীর এই ভবনটিতে অগ্নিনির্বাপন ব্যবস্থায় ঘাটতি এবং অগ্নিনিরাপত্তার নানা দুর্বলতার কথা জানাচ্ছে দমকল বাহিনী। বহুতল ভবনগুলোতে অগ্নি নিরাপত্তার বিষয়গুলো কতটা মানা হচ্ছে? ৩. ব্রিটিশ পার্লামেন্টে ব্রেক্সিট প্রশ্নে সিদ্ধান্তহীনতা এবং অনিশ্চয়তা অব্যাহত রয়েছে। প্রধানমন্ত্রী টেরিজা মে তার চুক্তি পাশ করানোর জন্য প্রয়োজনে পদত্যাগের ঘোষণা দেয়ার পরও এখনো অচলাবস্থা কাটার কোন আশা দেখা যাচ্ছে না। থাকবে এ নিয়ে প্রতিবেদন। ৪. ব্রেক্সিট নিয়ে এই অনিশ্চয়তা সবচেয়ে বেশি উদ্বেগে ফেলেছে ব্যবসায়ীদের। কিভাবে এই অনিশ্চয়তা ব্যবসা-বাণিজ্যের ক্ষতি করছে তা নিযে শুনবেন ব্রিটেনের একজন শীর্ষস্থানীয় ব্রিটিশ-বাংলাদেশি ব্যবসায়ীর সাক্ষাৎকার। সাথে থাকবে খবরের সবশেষ শিরোনাম।	Negative
1004	যদি মন স্বপ্ন দেখা ভুলে যেতো যদি বেদনার বুকে সুখ মুখ লুকাতো কিছু হতো না , তবে কিছুই হতো না জীবনের সন্ধান কেউ পেতো… https://t.co/q6RNExXLtv	Neutral
1005	বেলী ফুলের গন্ধটা যে তোকে দিতে পারলাম না। ব্যাস্ত শহর ঢাকা ছেড়ে মায়ের কোলে। তাসরিফ -১/২০৪ নাম্বার কেবিনে থাকলে কেউ এসে আড্ডা দিতে পারেন।	Neutral
1006	একজন আনিসুল হক কে মিস করছে ঢাকা বাসি ὡE তিনি থাকলে হয়তো ছাত্র ছাত্রী দের রাস্তায় নামতে হতো না! ὡE প্রিয় নেতা আপনাকে মিস করছি আমরা! ὣ0	Neutral
1007	✍️এটা সিঙ্গাপুর স্কুলের একটি ঐতিহ্য, ক্লাশ শুরু হওয়ার আগে মহান আল্লাহর (99 নাম) স্বরন করে তারপর ক্লাশ শুরু হয় । —— মা শা আল্লাহ —	Neutral
1008	চিকিৎসাসেবাও দেবে গুগলনানা ধরনের সেবা চালুর পর এবার চিকিৎসাসেবায় নামতে যাচ্ছে বিশ্বখ্যাত সার্চ ইঞ্জিন গুগল। এর... http:/t.co/XmNtx7waAb	Positive
1009	@Aasad__ আমার আসনে কি খুশি লও? কোথায় স্বাগত জানাবে, তা না!ὡ0 আও আগে কুলাকুলি করে লইᾑ7 তারপর বলি আসল কথা! ভুল করে মনে হয় আইসা পড়ছি὇B	Neutral
1010	কার কি যেত এত,যদি হত। অত্নত সবগুলোর গালে থাপ্পর টা পরত। প্রতিদিনের একটু একটু গুলো ই বড় ভুল হয়। কেমন যেন সময়টা, কেমন যেন চাওয়াটা।	Neutral
1011	RT @nusratjahanjeni: #আজ্ঞাবহতা আমি ধ্বংস করে দেবো তোমার সাজানো সংসার, আমি কেড়ে নেবো,জীবনে যতো সুখ আমার। আমি মানবো না কোন হার, তুমি মন ভে…	Neutral
1012	@SeriousHoax হাহা.. না ঘুরাঘুরি করি না ὡC তবে নতুন ফোন কেনার পর ফোনে বাগ যন্ত্রণা ছিল। একটা Adware ঢুকে ছিল। OTA আপডেটের পর এখন ঠিক ὠE✌	Neutral
1013	আল্লাহর সন্তষ্টির জন্য দান করিলে মাল সম্পদ কমেনা বরং বাড়ে , যেমন মাথার চুল সারা জীবন কাটলেও কমেনা বাড়তেই থাকে ।ইমাম গাজ্জালী (রহঃ)	Negative
1014	প্রায় এক দশক পর ঢাকার মঞ্চে ফিরলেন ফুয়াদ আল মুক্তাদির। গতকাল শনিবার রাজধানীর বসুন্ধরা ইন্টারন্যাশনাল কনভেনশন সিটি বসুন্ধরার হল–২–এ অনুষ্ঠিত ‘ফুয়াদ লাইভ ইন ঢাকা’তে ১২জন শিল্পীকে নিয়ে মুগ্ধ করেন দর্শক ও শ্রোতাদের। স্কাই ট্র্যাকার আয়োজিত এই কনসার্টের রেডিও পার্টনার ছিল এবিসি রেডিও। ছবি: দীপু মালাকার	Positive
1015	অাজ যতই চাই দূরে যেতে তোমার দুঃখ গুলো যেন হতাশায় যায় মেতে ৷ পারছিনা ফিরে যেতে যদি তুমি এ রকম বেদনা পেতে তবে বুঝতে ভুল করে হলে ও খুজতে ৷	Negative
1016	আল্লাহ তুমি আমার প্রতি আর নারাজ রইয়ো না, আল্লাহ আমাকে খমা করো। আমি আর পারছি না, মানুষ এত খারাপ কি করে হতে পারে,... https://t.co/Sz8wPChsKr	Negative
1017	“স্যার ৫ টা টাকা দেন না ইফতার কিনমু, যা তো বিরক্ত করিস না, দেন না স্যার, একটু ইফতার খামু, যা ভাগ, যা এখান থেকে!” ক… https://t.co/J1eL5YGpTD	Negative
1018	বাংলাদেশ ও জাপানের মধ্যে বিদ্যমান সম্পর্ক আগামিতে আরো জোরদার হবে : প্রধানমন্ত্রী http:/t.co/72j4HWDv26	Positive
1019	মেয়ে জাতটা বড় অদ্ভুত। কী বললে পুরুষ মানুষের মন ভালো হয় সেটা যেমন জানে, আবার কী বললে পুরুষ মানুষের মাথা খারাপ হয়ে যায় সেটাও জানে।	Neutral
1020	# মাতাল যতই অশিক্ষিত হোক না কেন, পেগ বানানোর সময় মদ আর জল নিয়ে এমন ভাব করে যেন মনে হয় ল্যাবে সায়েন্টিস্ট গবেষণা করছে। ὠ4ὠ4	Neutral
1021	যে এলাকাতেই যাচ্ছি, মানুষ ঘিরে ধরে প্রশ্ন করছেন - এবার কি ভারত-পাকিস্তান যুদ্ধ লাগবে? আরও কঠোর ক্র্যাকডাউন শুরু হবে? উত্তর কারওরই জানা নেই, আর সাধারণ মানুষও যেন আতঙ্কের ঘেরাটোপে বন্দী, - শ্রীনগরে বিবিসির রিয়াজ মাসরুর	Positive
1022	সবার চোখে তুমি বড় হতে চাও সবাই কি চায় বুঝনা যদি নিজের চোখে তুমি নিজেকে গড় পাবে প্রকৃত ঠিকানা সুখ আছে তোমার খুব... https://t.co/2b5vtCFjqe	Neutral
1023	Sakib Al Hasan খেলা নিয়ে ভাবার দিন আপনার শেষ । রাজনীতি তে যোগ দিয়ে রোড ঘাট ঠিক করতে জান । ᾝ9‍♀️ এই ভাবে দেশের ক্… https://t.co/5DsnEICurP	Negative
1024	RT @stoptobaccobd: পৃথিবীতে এমন কোনো মা নেই, যিনি তার সন্তানের ভালো চান না। তাই তো তার এতো আকুতি। চলুন না, মা দিবসে মায়ের এই কথাগুলো মেনে…	Positive
1025	পাঁচ বছর পূর্বে যে খাবারে দুর্গন্ধ ছিল পাঁচ বছর পর ফ্রিজ থেকে বের করলেই কি তা টাটকা হয় ? আসলেই রাজনীতি শেষ কথা বলে… https://t.co/uck5xh28zO	Neutral
1026	¤ সকালটা শুরু হোক আল্লাহ ও রাসূলের - সাঃ বাণী দিয়ে ¤তোমরা নেক ও আল্লাহ ভীতিমূলক কাজে একে অপরকে সহযোগীতা কর।... http:/t.co/Co8G449IzS	Positive
1027	জীবন নামের খাতাটাতে এত বেশি ভুল করোনা যে, পেন্সিল শেষ হবার আগে রবার শেষ হয়ে যায়... . আর তাওবা করার আগেই জিন্দেগী শেষ হয়ে যায়...!!	Positive
1028	RT @Mujafforbd: “হে মানব, আমি তোমাদেরকে এক পুরুষ ও এক নারী থেকে সৃষ্টি করেছি এবং তোমাদেরকে বিভিন্ন জাতি ও গোত্রে বিভক্ত করেছি, যাতে তোমরা প…	Neutral
1029	বাংলাদেশ ক্রিকেট বোর্ড আমি খুব ভাল বল করতে পারি কিন্তু আমি এতটা ধনী পরিবার এর ছেলে নই ওই জন্য গ্রাম এ থাকি এবং কোন… https://t.co/OCn3Rh5S9u	Neutral
1030	টিউশনি , প্রেম আর চাকুরী এই তিনটি জিনিস একই রকম৷ যে একটা পায় সে শুধু পেতেই থাকে আর যে পায় না সে একটা ও পায় না..ᾑ0… https://t.co/1S0Y98TZqe	Neutral
1031	১৯৭৬ সালে গবেষণা শুরুর পর অবশেষে মঙ্গলগ্রহে পানির অস্তিত্বের ব্যাপারে অনেকটাই নিশ্চিত হল বিজ্ঞানীরা। এবার কি তবে প্রাণের অস্তিত্ব মিলবে?	Positive
1032	মৌ দুদ এর একটা জিনিস আমার পছন্দ সেটা হলো শালার ব্যাটা যত খারাপ লোকই হোক তার বই এ কিন্তু অধিকাংশ কথাই সত্য লেখে। https://t.co/jdtqzSx74S	Positive
1033	"নাম সই করতে পারলেই কি সাক্ষর বলা যায়?আমাদের ভৌগলিক অবস্থান, আমাদের ভাষা, সাহিত্য, সংস্কৃতি, আমাদের আচার ব্যবহার চিন্তাধারা, এমনকি আমাদের জনগণের অন্তরে সৃষ্ট মমতার চেতনা সবকিছুই '' স্বতন্ত্র "" ।..."	Negative
1034	RT @Mr_Saif1981: ভুল বুঝে বন্ধু দুরে চলে গেলে আষাঢ়ের বর্ষা ঝরবে অঝরে। অভিযোগ নেই কোন তোমাকে ঘিরে অনুরোধ শুধু রেখ আমায় মনে। ধীরে বন্ধু চলো…	Neutral
1035	Photo: ১৭ বার ইন্টারভিউ দিয়েও চাকুরী পায়নি দিনাজপুরের মুক্তিযোদ্ধার সন্তান কুরবান আলী, দিনাজপুর ॥ বাঙালী... http://t.co/RSn75ErZAQ	Negative
1036	শুধু ঢাক তবলা ওয়ালা সাদা পা জামা আর পাঞ্জাবি পরে একদিন পান্তা আর ইলিশ খেলেই বাঙালি হওয়া জায় না। আসল বাঙালি তো সে… https://t.co/F1TrUyrNvh	Negative
1037	দেশে প্রথমবারের মতো অনুষ্ঠিত প্রথম সায়েন্টিফিক কংগ্রেস অন নন–কমিউনিকেবল ডিজিজেস...	Positive
1038	আজকের যে ওয়েদার তাতে স্যার Sefat Ullah এর কথা মনে পড়ছে বার বার। উনি যে মহান দুটি কর্ম করে থাকেন তা এই ওয়েদারের জন্য পারফেক্ট ὠBᾑ0	Neutral
1039	বিবিসি বাংলায় আজ সন্ধ্যার প্রবাহে প্রধান খবর: সিরিয়ায় ইরানের সামরিক স্থাপনা লক্ষ্য করে ইসরায়েলের দফায় দফায় ক্ষেপণাস্ত্র হামলা। ইরানী বিমান বাহিনী প্রধান বলছেন - ইসরায়েলেকে বিশ্বের মানচিত্র থেকে মুছে দেয়ার জন্য তার দেশ প্রস্তুত। সাবেক সামরিক শাসক, সংসদের বিরোধী নেতা এইচ এম এরশাদকে গুরুতর অসুস্থ অবস্থায় গত দেড় মাসের মধ্যে দ্বিতীয় বারের মতো সিঙ্গাপুরে পাঠানো হয়েছে। তার শারীরিক অবস্থা আসলে কতটা খারাপ? থাকবে এ সম্পর্কে প্রতিবেদন। বাংলাদেশে খাবারের মান অনুযায়ী রেস্তোরাঁগুলোর গ্রেডিং করার সিদ্ধান্ত নিয়েছে কর্তৃপক্ষ, শুনবেন এ নিয়েও ।  ভারতের সবচেয়ে ধনী মাত্র ন’জন ব্যক্তির সম্পদের পরিমাণই দেশের নিচের অর্ধেক জনসংখ্যা বা ৬৫ কোটি লোকের মোট সম্পদের চেয়েও বেশি, বলছে এক জরিপ। সাথে থাকবে খবরের সর্বশেষ শিরোনাম। অনুষ্ঠানটি শুনতে পাবেন রেডিওতে শর্টওয়েভ আর এফএম প্রচার তরঙ্গে – আর ফেসবুকে বিবিসি বাংলার পাতায় দেখা যাবে অনুষ্ঠানটির সরাসরি লাইভ স্ট্রিমিং।	Positive
1040	সুখ বড় নিষ্ঠুর আমায় বোঝেনা কাছে এসে উঁকি দেয় ধরা দেয় না জীবনে সুখ নামের নদীতে পাইনি কোন কূল আজ মনে হয় সুখের আশায় বেঁচে থাকাই বড় ভুল	Negative
1041	এখানে রাশিচক্রে  ‘নিউমারলজি’ বা ‘সংখ্যা-জ্যোতিষ’ পদ্ধতি প্রয়োগ করা হয়েছে।	Positive
1042	আমার ও জেবিন এর এক সাথে পথ চলার চার বছর পূর্ণ হলো আজ। ২০১৪ সালের ২৩ মে দুজনে অামৃত্যু এক সাথে পথ চলার প্রত্যয়ে প্র… https://t.co/MOWJi7JsfT	Neutral
1043	উত্তম চরিত্রই হল পুণ্য আর গুনাহ হলো তোমার মনে যা খটকা লাগে আর মানুষ তা জেনে ফেললে তোমার খারাপ লাগে।  (মুসলিম শরীফ ৭:৬২৮৫)!	Neutral
1044	ও পারলে তুমি পারবে না কেন........... :/ :/ — feeling pained in Khulna http:/t.co/Yl0ZDwwVD0	Positive
1045	বুঝলাম না যে কেই আমার সাথে চ্যাট করার পর বলে :আপনি কি কোনদিন খারাপ থাকেন না? : কেন? : আপনারে যখই জিজ্ঞাস করি ভাল... https://t.co/UOz1pqXVP9	Neutral
1046	অবাক করা মজার কিছু তথ্যঃ . ⭕ পৃথিবীর সব সাগরে যে পরিমাণ লবণ আছে তা দিয়ে পৃথিবীকে ৫০০ ফুট পুরু লবণের স্তূপ দিয়ে... https://t.co/IV2olBGJtT	Neutral
1047	RT @asif_akbar_bd: বড় বেশি বিরহে নিঃসঙ্গ কাটে দিন রাত এলে দু চোখে নামে বর্ষা বড় বেশি দেরিতে ভেঙেছে তোমার ভুল আমাকে পাবে না ফিরে করোনা আশা…	Negative
1048	বাংলাদেশ দলের ভারত সফর ঠিক সময়েই হচ্ছে	Positive
1049	RT @MdFarukMunshi2: কল্পনার জগতে মানুষ যতটা সুখ আনন্দ পায়, তার বিন্দূ পরিমাণ যদি বাস্তব জীবনে পেত তাহলে তার মত সুখি পৃথীবির কেউ হত না। ht…	Neutral
1050	একটি মেয়ে তোমার জন্য কি অনুভব করছে, সেটা তার বলার প্রয়োজন নেই। ὠDὠD তার না বলা কথাগুলো সবই লেখা থাকে তার অসাধারণ দুই চোখেὠDὠD #চৌধুরী ὠEὠE	Neutral
1051	আওয়ামী লীগ নেতারা কি এখন বিএনপি এর উপদেষ্টা হিসেবে কাজ করছে? নাকি তাঁদেরকে ঐ পদে চাকরি দেয়া হয়েছে? কতজনের কত রকম কথা। বাপরে বাপ!	Negative
1052	ভুল গুলো সব আমার মেনে যদি বলি আবার, তবু তুমি যাবে কি চলে? মুখ শান্ত মন হাহাকার রাগ দুঃখ সব একাকার শুধু চাই যেওনা চলে......	Neutral
1053	তোমার ঔ মন খারাপের দিন গুলি আমায় দিয়ে দাও সখি ,কত দিন হয় ভরা পূর্ণিমার রাতে আমার মন খারাপ হয়না । তোমার ঔ মন... https://t.co/WFZSsPyAl4	Neutral
1054	ফুটবল নিয়ে যুদ্ধ বেধে যাওয়ার ইতিহাসও রয়েছে। ততটা বিপদ না থাকলেও আলবেনিয়ার সাথে কূটনৈতিক যুদ্ধ শুরুর ভয়ে দ্রুত হস্তক্ষেপ করেছেন ফরাসী প্রেসিডেন্ট	Positive
1055	দেশের ৪ কোটি মানুষ সাগরের নোনাপানির ঝুঁকিতে	Negative
1056	আমি ১০টাকা কেজি চাল খাই আর প্রতি কেজিতে ৫০ টাকা বখশিশ দেই দোকানদারকে। ὄ9কারন আমরা তো গরিব না, দেশটা তো গরিব না। গরি… https://t.co/T25BRlCRFr	Negative
1057	হে.... নেতা,, আপনি বড় নেতা হন আর ছোট নেতা হন দিন শেষে ভালো দিক গুলির পাশা পাশি যদি খারাপ দিক গুলো চোখ না পরে তাহলে… https://t.co/4ZxIOlCrl1	Neutral
1058	বাংলাদেশের সাম্প্রতিক তথ্যাবলী (Current Info: Bangladesh)নিয়ে ... প্রশ্ন উত্তর ও এমসিকিউ টেস্ট [ মোট প্রশ্ন ৫০...http://t.co/rQ3tjWioek	Neutral
1059	হাই রে ἞7἞9 বাংলাদেশ নিজের টাকা দিয়া এমবি কিন্না নেট চালাই তাও শান্তিতে চালাইবার দেছ না।।। 4G নাই 3G নাই 2G কি জন্যে ὡ2ὡ2	Negative
1060	আল কোরআনসূরা আল সাফ নভোমন্ডলে ও ভূমন্ডলে যা কিছু আছে, সবই আল্লাহর পবিত্রতা ঘোষণা করে। তিনি পরাক্রান্ত... http:/t.co/u0icfHJK68	Positive
1061	@maimuna_ctg বোলাররা অনেক চেষ্টা করছে ওদের কে কিছু বলার নাই পিচ তাই ব্যাটিং সুলভ আমাদের ও সুযোগ কাজে লাগাতে হবে @bcbtigers	Neutral
1062	RT @Mistimeye_: ভালোবাসা আসে কারোর অগোছানো জীবনকে গুছিয়ে দিতে আর নইলে কারোর গোছানো জীবনকে অগোছালো করে দিতে । তাহলে তুই কেনো এলি আমার অগো…	Neutral
1063	অযোগ্য শহর হিসেবে ঢাকা ২ নাম্বারে আছে বলে এত আলোচনা হচ্ছে, কই করাচি (পাকিস্তান) যে ৪ নাম্বারে আছে সে নিয়ে তো কোন ক… https://t.co/qxyXfCNEgT	Neutral
1064	ঝঞ্ঝা-বিক্ষুব্ধ সময়ে সাকিবের পাশে এসে দাঁড়িয়েছেন জাতীয় ফুটবল দলের অধিনায়ক জামাল ভূঁইয়া	Positive
1065	২৭ ও ২২ কেজি ওজনের দুইটি বাগাড় মাছ...	Positive
1066	[★] সত্য গ্রহন করতে মানুষ যে সকল বাঁধার সম্মুখীন হয় তা হলো- ❌ বাপ-দাদারা কি এতদিন ভুল করে আসছেন..? ❌ এত বড় বড় আ… https://t.co/FACVzObLbN	Neutral
1067	#Masood_Sayedee - মাসুদ সাঈদী -আল্লামা সাঈদী তার বুলন্দ কন্ঠ এবং জ্ঞানগর্ভ তাফসীরের মাধ্যমে ইসলাম ও মানবতার...	Neutral
1068	RT @rak_shil: ভালোবাসা না কি অন্য কিছু তা আমি বলতে পারি না। ὣ0 তবে তোমার জন্য হৃদয়ে যে অনুভতিটা জাগে।ὣ0 তা অন্য করো জন্য জাগে না।ὣ0	Neutral
1069	সব কিছুরি দুটো দিক থাকে, একটা ভালো একটা খারাপ । একটা সহজ, একটা কঠিন । খারাপ দিকে যাওয়া সহজ ,আর না জেতে চাইলেও এটা… https://t.co/ogw2KCP06T	Neutral
1070	উপ কি যে Big Problem যে যাকে ভাল পায় তাকলিদ করে তার ভুল যদি ১০০ % সটিক হয় এর পরেও কিছু মুকাল্লাীদ আছে মানতে রাজি নয় এর সমাদান কি?	Neutral
1071	কত দু:খ আমার বুকে দেইখা হাসে পাড়ার লোকে তোর কিরে নাই কলঙ্কেরই ডর আমি যদি যাই মরিয়া কে করবে তোরে আদর অপরাধী হইলেও আমি তোর।।	Neutral
1072	দেখুন: ভারতের প্রথম মহিলা নাপিত শান্তাবাই যাদব	Positive
1073	RT @JasikaParvin: আজ একটা ভুল হয়ে গেলো আমার জন্য কেউ কাঁদলো কি করবো বুঝতে পারছি না কিভাবে এতোবড় ভুল করলাম, কারো কষ্টের কারন হলাম। আমি তো…	Negative
1074	ঢাকা বিশ্ববিদ্যালয়ের এস এম হলের মোড়ে পাশে রিকশাওয়ালা ভাই টি মাথা গুড়ে পড়ে যায় । তখন এই পুলিশ ভাই এসে মাথায় পানি ঢাললেন । #	Neutral
1075	@maimuna_ctg আলহামদুলিল্লাহ এই টেষ্ট ড্র করতে পারলেই হয় আর কিছু সেন্চুরি থাকলে খেলা দেখেও মজা পেতাম	Neutral
1076	হিম হিম সন্ধ্যায় দেশ-বিদেশের শিকড়সন্ধানী গানে হারিয়ে যাওয়ার দিন আসছে আবার। পঞ্চমবারের মতো...	Positive
1077	পিলিচ দয়া কইরা কেও কতাডা চিরিয়াচলি নিয়েননা http://t.co/Nk7DVzVl8a	Negative
1078	এমপিওভুক্তির খবরে ‘অস্তিত্বহীন’ প্রতিষ্ঠানে ঘর উঠছে...	Positive
1079	Another photo on my Mobile Photography Blog about: সে যে বসে আছে একা একা রঙিন স্বপ্ন তার বুনতে সে যে চেয়ে আছে ভরা… https://t.co/trKAv7MgLr	Neutral
1080	@MooN_bOY00 তা তো জানি না কি হয়েছে কিন্তু আমি রিপ্লাই করলাম আমাদের নিউমার্কেট এর ক্যাম্পাস বলে এই আর কি হইত ঢাকা কলেজ এর পোলাপান বের হইছিল	Neutral
1081	@she_twts হুম চাὠD ফুপির বাসায় ঘুমানোর মজা আছে ১২ টা নাগাত ঘুমাইলেও কেউ কিছু বলার নাই। বাসায় ত ৮ টা বাজলেই কে কু তে ঘুমাইয়া থাকা যায় না	Positive
1082	বিশ্বকাপ ক্রিকেট নিয়ে ইংল্যান্ড থেকে ফেসবুক লাইভ। সঙ্গেই থাকুন।Facebook live from England with world cup cricket. Stay tuned.	Positive
1083	ওপারে ভাল থাকুন প্রিয় নেতা,আপনার বাংলাদেশ আজও আপনার মন মত হতে পারে নি। ὣ7ὣ7 মুজিব আদর্শ বলতে যা ছিলো,সে তো ৭৫ ই কুলা… https://t.co/opHVN4Qbs4	Neutral
1084	পাঁচশো বছর আগে স্প্যানিশ ঔপনিবেশিকরা 'উলামা' নামে যে বল খেলাটি নিষিদ্ধ করেছিল, সেটি এখন ফিরে আসছে মেক্সিকোতে...	Positive
1085	RT @HotSonai: যখন কেউ আমার কচি মাই দুটো তে দুধ বের হবে না জেনে ও চুকচুক করে চোষ তখন তোমার প্রতি প্রচুর ভালোবাসা পায় আর খুব আদর করতে ইচ্ছা…	Negative
1086	RT @IamMustafizzzz: @YourTeletalk ২সপ্তাহ হয়ে গেলো, মাগুরাতে 3G পায় না, 2G হয়ে থাকে সবসময়.! 4G তো চালু হয় ই নি, 3G ও পায় না ঠিক মতো…	Negative
1087	ইরাকের আল্বু-হামাদ ইউসুফিয়্যাহতে আল-খিলাফাহ ইসলামিক স্টেইট_এর মুজাহিদীনেরা ৩০ জন শীয়া সেনা ও মিলিশিয়াকে হত্যা... http://t.co/gK027LcIzg	Negative
1088	ভারতে সড়ক দূর্ঘটনায় ৩৩ জন মারা গেল কোন হই চই নাই, আর বাংলাদেশ ৩ জন নিয়াই লাফা লাফি! শোকর করেন বাকি ৩০ জন বাইচা… https://t.co/ZPJf2QphNB	Negative
1089	ছাত্র সকল নেতা হব নোৱাৰিলে সদৌ অসম বৃদ্ধ ( ছাত্ৰ) সন্থা সুখী হবহে লাগে ὠD এতিয়াৰ পৰা বৃদ্ধ সকল কিয় ছাত্ৰ নেতা হৈ আ… https://t.co/g4OdfNEPLl	Neutral
1090	মিথ্যার খোলসে সত্যকে চাপা দেয়া যায়, কিন্তু মুছে ফেলা সম্ভব নয়। চুলে কলপ দিয়ে সাদা চুল ঢাকা যায়, কিন্তু সাদা হওয়া বন্ধ করা যায় না।	Neutral
1091	হাসিনার নির্দেশে তৈরী হচ্ছে ঐক্য বিএনপি কে পরাজয়ের ষড়যন্ত্র মাত্র, আর সব করছে কামাল ও বি চৌধুরী, কিন্তু বাংলার জনগণ তার সুযোগ আর দিবে না।	Negative
1092	RT @habib_bhai_: একজন রাজনীতিবিদের কাছে রাজনীতি ছাড়া আর কোন কিছুই বড় হতে পারে না সেটা হউক জানাজার নামাজ হউক সেটা ঈদের নামাজ হউক সেটা ওয়া…	Neutral
1093	RT @SankhaGhosh19: @hellorabiul এটাই ওদের কাজ । কি করে বাংলায় অশান্তির পরিবেশ সৃষ্টি করবে যেটা ওদের থেকে ভালো কেউ জানে না । কবে বন্ধ হবে…	Negative
1094	২০০৯ সাল থেকে ঢাকার বাইরে জব করছি। মাঝে মাঝে ঢাকা আসি আর বাসায় গিয়া বলি আজাবের, গজবের অপর নাম ঢাকা। খুলনা is the… https://t.co/RkYyBYmtvo	Neutral
1095	দ্বিপক্ষীয় নীতিতে কাজ হয়নি?	Positive
1096	মানুষ কুশল কর্ম করলে নিজের ও সমাজের সুখ হয়। এই সুখ স্বর্গ সদৃশ। মানুষ অকুশল কর্ম করলে নিজের ও সমাজের দুঃখ হয়। এই দুঃখ নরক সদৃশ।	Neutral
1097	অনেকেই আছেন আমার নাম জানেন না। হেঁটে গেলে বলে ওই যে ফেলুদা যাচ্ছেন,- সব্যসাচী চক্রবর্তী সত্যজিৎ রায়ের বিখ্যাত চরিত্র 'ফেলুদা'র অভিনেতার সঙ্গে আলাপ করার সুযোগ হয় বিবিসি বাংলার । সব্যসাচীর সঙ্গে আলাপন দুটো ভাগে দেখতে পাবেন আমাদের ইউটিউব চ্যানেলে | লিংক দুটো দেয়া হলো- ফেলুদা ও সব্যসাচী চক্রবর্তী: মিল আর অমিল - https://bbc.in/34SC1JU অভিনেতাই হতে চাননি যিনি কোনদিন-  https://bbc.in/2UR59fS	Positive
1098	#Bangladesh #News ব্যর্থ প্রেম নিয়ে জেনিফার লোপেজ - একের পর এক বিয়ে, বাগদান ও প্রেম ভেঙে যাওয়ায় স্বভাবতই মর্মাহত মার্কিন গায়িকা ও...	Negative
1099	RT @niluarif: কাউকে ভালোবাসার আগে তাকে বিশ্বাস করা জরুরি | | | | ভালোবাসা বার বার জোড়া লাগতে পারে কিন্তু বিশ্বাস একবার ভাঙ্গলে তা আার জো…	Neutral
1100	RT @MohammedBadsh20: সন্ত্রাসী তলেতলে উন্নয়নে গা জ্বলে সেই বিএনপি আর না আর না। এতিমের টাকা চুরি তারউপর সীনা জুড়ি এই বিএনপি আর না আর…	Negative
1101	২ মাস পর #ঢাকা এসে মনে হচ্ছে হাজার হাজার বছর পর এসেছি। সব কিছু অচেনা লাগছে। শুধু এই অচেনা শহর এ একজন ই পরিচিত হয়ে আছে	Neutral
1102	ইসলামিক স্টেটের (আইএস) ভেতরেই গুপ্তচর নিয়োগ করেছিল যুক্তরাষ্ট্র?	Positive
1103	বাংলাদেশের কিছু অকর্মা মোল্লা শ্রেনী আছে যারা ভিক্ষুক এর চেয়ে অধম এ আল্লাহ ও রাসুল সা: এর সাথে ধোকা দিচ্ছে আল্লাহর কালাম বেচে খায়|	Negative
1104	একশনএইড-প্রথম আলো বন্ধুসভা জাতীয় বিতর্ক উৎসব ২০১৯ ঢাকা অঞ্চল...	Positive
1105	- রোজা রখছস? - না রাইখা অপরাধী হমু? - কয় রোজা চলে? - এটাও জানস না? অপরাধী তুই। - প্রেম করস এখন? - অপরাধী হতে চা… https://t.co/KutD6oad78	Neutral
1106	যার হাসি - খুশির জন্য, জীবনের বেশির ভাগ সময় নষ্ট করলান। সে এখন বলে তার সার্থের জন্য সে আমায় ব্যাবহার করছে। ( মজা পাইলাম ).	Neutral
1107	“” কেন এভাবে বদলে গেলে? কখনোই ভাবিনি এতটা বদলে যাবে ὢAআগে আমার সাথে কথা না হলে তোমার দিন খারাপ যেত, আর এখন দিন আমারি… https://t.co/LYjE3U6I3X	Neutral
1108	নো টু ন্যাটো – নো টু নিউ ওয়ার বিক্ষোভকারীদের র‌্যালী ও সমাবেশ অনুষ্ঠিত http:/t.co/J47rG4yZ5p	Negative
1109	RT @mkabir73: রাজনৈতিক নেতাদের চিৎকার চেঁচামেচি আর শুনতে ইচ্ছা করে না। গলা ফাটানো শুনলে মনে হয় ধোয়া তুলসী পাতা । ওটা কিছু না অনেক দিন ধরে…	Negative
1110	শুধু মিশ্র বর্ণ হওয়ার কারণে রক্তের স্টেম সেল ডোনার পাচ্ছেন না ৪২ বছর বয়সী এই নারী...	Negative
1111	@ProthomAlo,,লিটন দাস এয়টা কোন কাজ করলো? আর একটু ধৈর্জ সহকারে খেললেই ১০০ করতে পারতো। এতো রান করে সেঞ্চুরি যদি না হয় তাহলে লাভ কি হলো	Neutral
1112	এক ডলারের দাম প্রায় ৮৪ টাকা, যেখানে ২০১৭ এর আগে অনেক বছর তা ৭০ এর ঘরে ছিল। ডলারের দাম আরো বেশি হলেও হতে পারত যদি… https://t.co/W3aJZhTqXX	Neutral
1113	ভালোবাসা এমন এক টেনশন!! যা ভাবলে শেষ হয়না | আর না ভাবলে ঘুম আসেনা | আপনজন কাছে থাকলে বুঝা যায়না | আর না থাকলে মন মানেনা !!	Neutral
1114	ঘরোয়াভাবে শুধুমাত্র ওই তরুণীটির জন্যই একটি চাকরির সাক্ষাৎকারের আয়োজন করা হয়েছিল বলে ধারণা করছে পুলিশ!	Negative
1115	খেলা নিয়ে আমরা যা করি তা অনেক বেশী করে ফেলি ।। দেখা যায় আমরা যা মুখে আসে তা ভালো অথবা খারাপ বলে দি, একবার ও চিন্… https://t.co/q3Z3CgfrhR	Neutral
1116	ক্যাসিনো কেলেঙ্কারির অভিযোগে সরকারি দলের প্রভাবশালী নেতাদের বিরুদ্ধে ব্যবস্থা নেওয়া হলেও বিএনপির রাজনীতিতে যুক্ত লোকমানের বিষয়ে বিসিবি কোনো পদক্ষেপ নেয়নি।	Positive
1117	লাক্স ক্যাফে লাইভে আজকের অতিথি আশিকুর রহমান মেহরাব উপস্থাপক: মৌসুমী মৌ (Mousumi Mou)	Positive
1118	আজ ২২শে জানুয়ারি, মঙ্গলবারের প্রবাহে যা থাকছে... ইউরোপে যখন জাতীয়তাবাদী চিন্তা চেতনার উত্থান ঘটছে তখন জার্মানি এবং ফ্রান্স নতুন একটি মৈত্রী চুক্তিতে সই করেছে। ৫০ বছর আগে তারা প্রথম মৈত্রী চুক্তি করেছিল। কী আছে নতুন চুক্তিতে? বাংলাদেশ থেকে সৌদি আরবে গৃহকর্মীর কাজ করতে গিয়েছিলেন এরকম ৮১ জন নারী নির্যাতনের শিকার হয়ে সোমবার রাতে দেশে ফিরেছেন। নিরাপত্তার ব্যাপারে কর্তৃপক্ষের নিশ্চয়তা সত্ত্বেও ফেরত আসা শ্রমিকের সংখ্যা বাড়ছে কেন? বাংলাদেশের জাতীয় পরিচয়পত্র নিবন্ধন বিভাগের সার্ভার বিকল হয়ে পড়ায় চরম দুর্ভোগে পড়েছে বহু মানুষ। তাদের পাশাপাশি সমস্যায় পড়েছে ব্যাংক, টেলিকমসহ সরকারি বেসরকারি খাতের অনেক প্রতিষ্ঠানও। ভারতের উত্তর-পূর্বাঞ্চলীয় রাজ্য ত্রিপুরাতে বিশ্ব হিন্দু পরিষদসহ বিভিন্ন হিন্দুত্ববাদী সংগঠনের উদ্যোগে অন্তত ৯৬ জন খ্রিস্টান নারী-পুরুষকে ধর্মান্তরিত করে হিন্দু বানানো হয়েছে বলে অভিযোগ উঠেছে। বাংলাদেশের প্রখ্যাত সুরকার আহমেদ ইমতিয়াজ বুলবুল মারা গেছেন। শুনবেন বিবিসিকে দেওয়া তার একটি সাক্ষাৎকারের কিছু অংশ। সাথে থাকবে খবরের সর্বশেষ শিরোনাম	Positive
1119	রংপুর ও পাবনায় সড়ক দুর্ঘটনায় নিহত ৩:  http://t.co/8vsoqNcHIn	Negative
1120	এই খবরের তথ্য অনুযায়ী নিজের আয়ু নিজেই ৬ বছর কমিয়ে ফেলছি আর ভুল না, কাল থেকে ৯ টা - ৫ টা অফিস করা যায় এমন একটা… https://t.co/cV7jdTL8ei	Positive
1121	বিচারকদের স্বাধীনতা একবিন্দুও ক্ষুণ্ন হবে না: আইনমন্ত্রী | Daily Janatar News http://t.co/6bqwhfkvKC	Positive
1122	কারা যেন বলছিল কিছুদিন আগে LM10 মনে তথাকথিত লিও মেসি নাকি কি সব ছিঁড়ে কুটে একসার করে দেবে । আজ থেকে LM10 বলতে বুঝ… https://t.co/Dso1VpqmYb	Negative
1123	দায় স্বীকার করে, ক্রিকেট উন্নয়নে অবদান রাখার প্রত্যয় সাকিবের	Negative
1124	। যদি তুমি মানুষকে বিচার করতে যাওতাহলে ভালবাসার সময় পাবে না।- মাদার তেরেসা	Positive
1125	১। ১৬ তম সংশোধনী- ১৭ সেপ্ট ২০১৪ ২। মেহেরপুর সরকার গঠন- ১০ এপ্রিল ১৯৭১ ৩। মেহেরপুর সরকার শপথ গ্রহন- ১৭ এপ্রিল ১৯৭১ ৪… https://t.co/muVbNcPn0L	Neutral
1126	★ বন্ধু তারা হচ্ছে বাসুদ ★ ★ এর অর্থ বাংলাদেশ সুবিধাবাদী দল এর লোক ★ ★ আরেক অর্থে বলা যায় ★ ★ বন্ধু তারা পি,জে,… https://t.co/h9zwGpASZD	Negative
1127	তুমি কখনোও কি হবে না আমার হবে নাহ মায়াতে মোমের দেয়াল কখনোও কি ভাঙা হবে নাহ Ὁ4 #রাজকন্যা #আদর #দুষ্টামি #হারিয়ে #বহুদূর #ভালোবাসা Ὁ4	Neutral
1128	RT @AHNAFSHAHRIYAA: একটা নির্দিষ্ট বয়সের পর মা বাবার কথা যেন সন্তান শুনতেই চায় না। ভুলে যায় যে মা বাবার অভিজ্ঞতা তার চাইতে অনেক বেশি। তা…	Neutral
1129	ছাগল এর নন্দন , টুকে পাস করেছে নাকি ? ভারতের এর কি অবদান আছে, একটু বলবেন ? খালি বিবাহ করায় , সিদ্ধি লাভ করেছে https://t.co/YfHM7V3aG7	Neutral
1130	এক ট্রাভেলার সারা পৃথিবী ঘুরে বিভিন্ন দেশের ১০০ জনকে দিয়ে একটা রুবিক কিউব এর সমাধান করার ভিডিও। চমৎকার। কনসেপট টা... http://t.co/vQVqJStTOy	Positive
1131	শুভ জম্মদিন আন্টি প্রচুর ঘুম পাচ্ছে তাই অগ্রিম শুভেচ্ছা ও ভালোবাসা ♥ আর হ্যাঁ তোমার সাথে আমি প্রেম করবো সাবধান আমাকে ছ্যাকা দিবা না :P	Positive
1132	দেশে প্রতি বছর গড়ে ১০ হাজার মানুষ নানা মানসিক চাপ থেকে আত্মহত্যা করে থাকে! 😨 😨 😨	Negative
1133	RT @nusratjahanjeni: পৃথিবীর মাঝে শুধু একটি কথা নাম না জানা সেই ভালোবাসা। সবারি মাঝে সে কি যে আছে? কারো বা সুখ ভরা, দুঃখ, বেদনা এটি শুধু…	Neutral
1134	মেরুদণ্ড ভেঙে দিলেও নেইমারের ক্ষমা পেলেনজুনিগা !মাস দুয়েক আগে কলম্বিয়ার ডিফেন্ডার সুনিগারআঘাতেই বিশ্বকাপ...	Positive
1135	RT @monpagol134: আসসালামু আলাইকুম, আপনাদের সাথে কিছু কথা ছিল, কিছুদিন আগে আমি একটা মেয়ে মানে মৌ কে নিয়ে যা কিছু করেছি ভুল করেছি, আসলে আমা…	Neutral
1136	কাঠের গাড়ি আটক করে পুলিশ ও বনবিভাগ কর্মকর্তাদের চাঁদাবাজি!http:/t.co/Sz6HMLlmA2 http:/t.co/ssn3AJzl8v	Negative
1137	মুন্সি আর তার চ্যালা, দুইডা খাচ্চরের খাচ্চর। একজন সুর তোলে আরেক জন তাল দেয় কিন্তু কোন কিছুই স্পষ্ট করে বলে না।... মজা নেয় দুনিয়ার ὇F ὠ8	Neutral
1138	মিয়ানমারের রাখাইনে গিয়ে বিবিসির জোনাথন হেড দেখতে পেলেন, রোহিঙ্গাদের বসতিগুলো গুড়িয়ে দিয়ে তৈরি করা হয়েছে একের পর এক  পুলিশ ব্যারাক, সরকারি ভবন...	Negative
1139	অনেকে বলে বয়স হয়ে গেছে, এখন আবার ঈদ হলেই কি আর না হলেই কি!!! ভাবনা সব গুলো কেমন জানি ভাবেই এসে বসে মাথায়।।। নিজে… https://t.co/JVyId9exBc	Neutral
1140	এ কি হল, কেন হল, কবে হল, জানি না শুরু হল, শেষ হল, কী যে হল, জানি না তো। কেউ বোঝে কি না বোঝে হায়, আমি শুধু বুঝি। এ… https://t.co/hr0usuC4dC	Neutral
1141	চিত্র-বিচিত্র: মাটিতে লুকিয়ে থাকা গুপ্তধন পেলেন এক দম্পতি! [ভিডিও]  http://t.co/gLWKuYSZIA http://t.co/Kxqlx9hUfU	Positive
1142	এখন আর দুঃখের জন্য চোখের জল বের হয় না। দুঃখের মাঝে একটু সুখ আসলে তার জন্য চোখের জল বের হয়ে আসে। সুখটাই আমার মাঝে এখন বিষন্নতা	Neutral
1143	@RanaMasum1 সব চিন্তা আমার ভুলের জন্য,, যদি ছোট থেকে দেখে শুনে বড় করতাম তাহলে এখন চিন্তা করতে হতো না,, তুই আমার মত ভুল করিছ না??	Neutral
1144	@shakz_samir হা হা!  আপু গুলা ও আমাদের শান্তিতে থাকিতে দিবে না	Negative
1145	কথা দিয়ে কথা বের করা যেমন সহজ কথা দিয়ে কথা ডেকে রাখাও কিন্তু তেমন কঠিন কেউ কথা দেয় কেউ কথা নেয় কথা নেয়া দেও… https://t.co/0xCUPhmpiS	Neutral
1146	ভারতের প্রথম শ্রেণির ক্রিকেটারদের বেতন-ভাতা বাড়ানোর সিদ্ধান্ত নিয়েছেন বিসিসিআই প্রধান সৌরভ গাঙ্গুলী	Positive
1147	একটু আগে একজন ব্লক মারলাম না আমি বিএনপি করিনা জামাত এর মার খেয়েছি বিএল কলেজে এগুলো বলতে চাই না , কিন্তু এই নব্য… https://t.co/s3s3w1182E	Neutral
1148	দেশের ১৫টি স্থানে পানি বৃদ্ধি ও ৬৬টি স্থানে পানি হ্রাস পেয়েছে http://t.co/lg30GvlQ11	Negative
1149	ভালোবাসা বোঝানোর জন্য কথা খরচের কোন দরকার নাই... যে বোঝার, সে চোখ দেখেই বুঝবে !!!!! আর যে না বোঝার, তার জন্য জীবন দিলেও বুঝবে না।	Neutral
1150	ঢাকা দক্ষিণ অংশে বিগত ১০ বছরে যে উন্নয়ন হয়নি, তার ৩ বছরে এর বেশি কাজ হয়েছে বলে দাবি করেছেন ঢাকা দক্ষিণ সিটি কর্… https://t.co/WSvWRp50sS	Neutral
1151	নাম আমার খারাপ নাহ ὠE কিন্তু খুব কম মানুষ ই আমার নাম টা শুদ্ধ উচ্চারণ করে বলতে পারে। ὡ2 সুমনা সুমন্না সুবন্যা বন্যা… https://t.co/mcCIdvMGZH	Neutral
1152	The Lyric stuck in my head.. &lt;3 তুই অনেক ভালো থাকিস অন্য কারোর কাছে আমি না হয় একটা জীবন কাটিয়ে দিবো মিছে। তুই… https://t.co/jZE9agj8ur	Neutral
1153	এখনো সময় আছে বিএনপি আওয়ামীলীগ এক হয়ে নতুন দল গঠন করার। নাম হবে বিএনপিলীগ এই জোটের ক্ষমতা এতই বেশী হবে যে আমেরিকা পর্যন্ত কেপে উঠবে।	Neutral
1154	খালা জামাই নাকি ধন টা একটু ছোট খালা আর খালু চোদে চোদি আমার খালা মজা পাইনা সেই জন্য খালা আমার মোটা ল ধন টা পছন্দ করে? https://t.co/QkkUUdqR7N	Neutral
1155	সুখ জিনিসটা কি এর মর্ম ভেদ করা সত্যিই দুসাধ্য । অনেক গবেষনা করে দেখলাম যে টাকা, পয়সা, ধন , আবেগ , প্রেম , ভালবাসা.… https://t.co/QEF51oaMfv	Neutral
1156	ভালোবাসা ভালো বটে ὠ2 ভালো অতিশাই অধিক বাসিলে ভালো তাহা নাহি রয় ὡC সেটা যেই ভালোবাসা হোক না কেন, হতে পারে ভাই বোন এর… https://t.co/Y5fQJmG5gZ	Neutral
1157	Fifa World Cup RUSSIA 2018 এর থিম সং Live it up. নাহ ... সেই মজা এলো না :( ফিলিং স্যাড উইথ জার্মানি অ্যান্ড ৩১ আদার্স টিম ὠ2	Negative
1158	এক ফোঁটা শিশিরের কারনেও বন্যা হতে পারে যদি বাসাটা পিঁপড়ার হয়, তেমনি এক চিমটি ভালবাসা দিয়ে ও সুখ পাওয়া যায় যদি সেই ভালবাসা খাঁটি হয়	Neutral
1159	রোজা রেখে যে ৬টি কাজ করা নিষিদ্ধ কোন ব্যক্তি যদি রোজা রেখে নিচের ৬টি কাজ করে, তাহলে তার রোজা নিশ্চিত ভাবে উপোশের ম… https://t.co/Sj3VBHFc4n	Neutral
1160	দাদি বলসে ২ টা ডিম হাফ সেদ্ধ করে ছিলে দিতে। আমি পরপর ৮ টা ডিম নষ্ট করলাম :) হ্যাপি লাইফ এন্ড হ্যাপি কুকিং :) :) :)	Neutral
1161	@Russell_khan911 ভাই , আমি কারো সুখের কাটা হতে চাই না , কেউ যদি অন্য দেশের কিছুতে সুখ পায় , তাতে দুশের কিছু নাই ,… https://t.co/oAwRxsH9uG	Neutral
1162	এবারের মত বিদায় জানালাম সাতক্ষিরা কে! জনি না আবার কবে আসা হবে! অনেক ভাল সময় কাটল ভাই বোন ও আত্তীয় সজনদের সাথে! অ… https://t.co/MVOTJ32P49	Neutral
1163	RT @Osman__R_______: হাজারো স্মৃতি নিয়ে পিছনে ফেলে অাসা দূরন্ত শৈশব ৷ চাইলেই যদি ফিরে যেতে পারতাম জীবনটা হতো কতোই না মধুর ! #বাংলাদেশ #ওস…	Neutral
1164	সকলেই তাদের আইফোনে *#০৬# ডায়াল করে ১৫ ডিজিটের যে IMEI নাম্বার পাবেন তা অবশ্যই অবশ্যই কোথাও যত্নসহকারে সেভ করে... http://t.co/WHRyUamoiA	Neutral
1165	একজন দায়িত্বশীল ওপেনারের তিন ইনিংসের মোট রান (0 + 6 + 7 = 13) সাবাশ স্যার লিটন দাশ। এগিয়ে যাও তুমি । তোমাকেই খুঁজছে বাংলাদেশ	Negative
1166	“কেউ যদি আমার সমালোচনা করে আমি ক্ষেপে যাই না। প্রথমে দেখি আমার মধ্যে সেই ভুল আছে কি না? যদি থাকে আমি সংশোধন হয়ে যা… https://t.co/yu2NFk39WA	Neutral
1167	আপনি যাকে ভালোবাসেনসে হয়তো দুনিয়ারসবচেয়ে সুন্দরী নাওহতে পারে, কিন্তুআপনি তাকে ভালোবাসার পরআপনার কাছে...	Neutral
1168	'যাঁরা বলছেন প্রকৌশল শিক্ষার পাঠ্যক্রমে আরও মানবিক বিষয় অন্তর্ভুক্ত করা প্রয়োজন, তাঁদের একটু ভাবতে বলি—সামাজিক দায়বদ্ধতা, মানবিক মূল্যবোধ, ন্যায়পরায়ণতা, সততা, পরমতসহিষ্ণুতা এসব কি ছাত্ররা পাঠ্যক্রম থেকে শেখে?	Positive
1169	পার্বত্য চট্টগ্রামে ইউপিডিএফ এত শক্তিশালী হয়ে ওঠার পেছনে কারা?	Negative
1170	আজব একটা শহর ঢাকা । সারাদিন 5 ঘন্টা যানজট উপভোগ করছি 30 মিনিট এর রাস্তা । নিরাপদ সড়ক সহ যানজট মুক্ত শহর চাই । এতো… https://t.co/9me8ygan7l	Negative
1171	বুঝলাম না, কপাল কি আমার খারাপ না আমার বসদের, গত দেড় বছরে আমার বস চেঞ্জ হইলো ৮ বার ᾑ3 — thinking about doing something crazy	Neutral
1172	অনেকদিন পর যাওয়া হচ্ছে। সচরাচর কাজ না থাকলে যাওয়া হয় না। আজকে যা গরম পরেছে ঢাকা যেতে ভয়ই লাগছে :( :( যাই হোক,… https://t.co/zu7yeDnK5Z	Neutral
1173	মোটা ভাই বলেই পিছন থেকে যখন ঝাঁপিয়ে পরে মজার ইশকুলঃ ঈদ উৎসব ২০১৮ । সিজন - ৬ তখন থেকেই শুরু হয়, ৭ জুন ২০১৮ শুধুই আ… https://t.co/7bgwliFJ7E	Neutral
1174	RT @Tutul07327631: শয়তানের পাঁচটি ফাঁদ ১/ তুমি এখন যুবক, মজা করো। ২/ জীবন উপভোগ করতে থাকো, জীবন অনেক দীর্ঘ,পরে তাওবা করে নেওয়া যাবে। ৩/…	Neutral
1175	ছল কইরা কল ঘুরায়,এমন মানুষ কেউ না চায়।অর্থ: কথায় ও কাজে প্রতারণা করে এমন লোককে কেউ পছন্দ করে না।	Negative
1176	🎓 নতুন র‍্যাংকিং: ঢাকা বিশ্ববিদ্যালয়ে শিক্ষার পরিবেশের অবনতি। বিদেশী ছাত্র নেই। গবেষণা খাতে কিছু উন্নতি।	Positive
1177	কেন জানি আগের মত খারাপ দিন গুলি চলে আসতেসে। ভালোই কাটছিল দিন গুলো, আবার কি শুরু হল বুজতে পারসি না। আমার কপালে মনে হয় ভাল থাকা নাই ὢ2ὢ2ὢ2ὢAὢAὢA	Negative
1178	@DhakaTribune এই বিকল ধারা র ১৫০ আসন কোথায় গেল? বি চৌধুরী আর মাহি এখন ২ / ৩ টা আসন নিয়ে তেতুল হুজুরদের কওমি জন… https://t.co/wesQ2mTvFg	Neutral
1179	কেউ যদি ফন দিয়ে একটু বলত বাবু অনেক রাত হয়েছে এখন আর পড়তে হবে নাহ। এখন ঘুমাতে যাও।  তাহলে পড়ার গতিটা আরো বাড়… https://t.co/s5XRkAwLrn	Neutral
1180	যারা বলে নাটক তাদের বলি আমার কাছে আসেন এও উন্নত বুট না দেশি নরমাল ফুটবলের বুট দিয়ে হাল্কা একটা পারা দেই তার পর দে… https://t.co/KHPe7zYnPv	Neutral
1181	@SinhaKeya ভালো কথা বললে খারাপ লাগবে , রাগ করবা- এটা জানি । ভালো বন্ধু শুভাকাঙ্খী তাই তারপরও বললাম।। ওকে ধন্যবাদ ॥॥ এটি তোমার ব্যাপার ॥	Neutral
1182	এসেছি একা - যেতেও হবে একা আর অন্ধকার কবরে থাকতেও হবে একা। কি আছে কি নেই, তা নিয়ে ভেবে ভেবে খারাপ ভাবে সময় নষ্ট… https://t.co/nfzEnRZRjL	Positive
1183	বলার কিছু নাই, স্বাধীন বাংলাদেশ হয়েও আমরা পরাধীনই রয়ে গেলা :( :( উনি যে কথা বলছে উনার সরম আছে :( বয়স তো হইছে এই… https://t.co/OQPTXZrXOF	Negative
1184	আজ থেকে আর কোন দিনও বলবো না তোমাকে ভালবাসি লিখবো না তো আর কোন কবিতা আকবো না তোমার কোন ছবি ভুল করেছি আমি ভুল করেছি… https://t.co/7qLlvL2pvH	Neutral
1185	বিশ্বম্ভরপুরে কোনা জাল ব্যবহারকারীদের বিরুদ্ধে বিক্ষোভ ও স্মারক লিপি প্রদান...	Negative
1186	ঢাকা থেকে ৭ : ৩০ এ রউনা করে সকাল ৮ : ১৫ তে শাহ আমানত বিমানবন্দরে পৌঁছেছিলাম। বিমানবন্দর থেকে গাড়ি রিজার্ভ করে আঁকা… https://t.co/Oi2USeR1M1	Neutral
1187	এটি বাদুড় নাকী ড্রোন? 🦇 দেখুন ভিডিও:	Positive
1188	সোনালী ও প্রাইম ব্যাংকের ৭ কর্মকর্তার বিরুদ্ধে মামলার সিদ্ধান্ত - http://t.co/0LNsWhbuGX @ http://t.co/T0q6cdtRPC	Negative
1189	দুই বন্ধুর যুদ্ধআঠারো নম্বর গ্র্যান্ড স্ল্যাম জিতে ক্রিস এভার্ট ও মার্টিনা নাভ্রাতিলোভার পাশে ইতিহাসের অংশীদার... http://t.co/7ti244HoXB	Positive
1190	এক দলের এক সাথে  দুই জন চেয়ারম্যান কীভাবে হয়?	Positive
1191	কেউ কেউ বিবাহবিচ্ছেদের পরও বন্ধুত্বপূর্ণ সম্পর্ক ধরে রাখেন। সে রকম পাঁচ তারকা জুটি নিয়ে এই আয়োজন	Positive
1192	বাংলাদেশ কোন একটা সুস্থ বিচার মিলে না বিচার বিভাগ অবৈধ সরকার এক তোর পা করে যাচ্ছে। শেখ হাসিনা একদিন এর জবাব দিতে হ… https://t.co/DENfsGiCFw	Negative
1193	থাক ভাই তোরা মন খারাপ করিস না এই বছর তো বিশ্বকাপ থেইকা আগামী বছর বাছাই পর্ব থেকেই বাদ পড়ে যাবি ὠ2ὠ2 যাইহোক তোদের জন্য রইল এক বালতি সমবেদনা ὡC	Negative
1194	RT @kamrul_off: দীর্ঘ ৪ বছর পর আব্দুর রাজ্জাক ফিরলেন টেস্ট ক্রিকেটে। ১ম টেস্টের একাদশ হতে পারে এমন। ১. তামিম ২. ইমরুল ৩. মুমিনুল ৪. মুশফিক…	Neutral
1195	শিশু ও মূর্খরা সব কিছু চায়। কেননা গুনাগুন বিচারের বুদ্ধি তাদের নেই।----- সাভাইস	Neutral
1196	তোমার সাথে জানুয়ারি এর পরে তো অার দেখা হয় নাই. তাই জানো না এখন কত খারাপ হয়েছি। তার পরও অনেক ধন্যবাদ মতামত দেওয়া… https://t.co/W5vj5lkT8d	Neutral
1197	বগুড়ার জেলেদের মাছ ধরার কিছু ছবি নিয়ে এই ছবির গল্প	Positive
1198	মনে হচ্ছে ভিতর থেকে আমার আত্মাটা কেউ নিয়ে চলে গেছে , বাংলাদেশ ৪৩ রানে অল আউট হওয়ার পর ও এতো কষ্ট লাগে নাই খেলা… https://t.co/zv2kvfpUcJ	Negative
1199	কিছু কিছু স্বপ্ন ভাঙ্গার সাথে সাথেই হারিয়ে যায় তখন আর ঘুম আসেনা। গরিবের ঘরে সূর্য শুধুমাত্র উত্তাপ দেয় তার অন্ধকার ঘর কে আলোকিত করে না।	Negative
1200	যুগের পর যুগ চলে যাবে যাবে শতাব্দীর পর শতাব্দী অন্ধকার কেটে যাবে আবার ঘনিয়ে আসবে কিন্তু কৌতুহলী মানুষ কখনো ই ভুলতে চাইবে না ভালবাসা	Neutral
1201	ডা. জুবাইদা রহমানের চাকুরিচ্যুতি ও সংসদে অসৌজন্যমূলক বক্তব্যের প্রতিবাদে ১০০১ বিশ্ববিদ্যালয় শিক্ষকের বিবৃতি...	Neutral
1202	@Jononetri আফ্রিকা তে বাংলাদেশ এর ১০ টা দুতাবাস খুলতে হবে। জকি আহাদ নাইরোবি তে দুত হবে। বাকি ৯ টা দেশ এ আর ১০ জন… https://t.co/00UegTC727	Neutral
1203	বেড়িয়ে পরেছি ὠA বেশীনা জংগল দিয়ে মাত্র ১১৫০ ফিট + উপরে উঠতে হবে -_- নিরাপত্তায় কোন সমস্যা নেই কারণ সাথে রয়েছে বাংলাদেশ সেনাবাহিনী ὠA	Neutral
1204	বলিউডে পা রেখেছেন একঝাঁক নতুন প্রতিভা, যাঁরা আগামী দিনে হয়তো বলিউডের আকাশে উজ্জ্বল তারা হয়ে উঠবেন। ধারণা করা হচ্ছে, ২১ শতকের সামনের দিনগুলোয় এঁরাই বলিউড সাম্রাজ্য শাসন করবেন। সারা, জাহ্নবী, অনন্যা, তারা, ঈশানের মতো নবাগতদের নিয়ে এই প্রতিবেদন।	Positive
1205	বাংলাদেশের বিপক্ষে আসন্ন টি-টোয়েন্টি সিরিজের জন্য ১৫ সদস্যের টি-টোয়েন্টি দল ঘোষণা করেছে ভারত।	Positive
1206	প্রেম ভালোবাসা গুলো এখন টাকার কাছে বিকৃত হয়ে গেছে, এখন সবাই যোগ্য খুজেঁ ! কেউ যোগ্য করে নিতে রাজি নয় । — feeling টাকা :-)	Negative
1207	আল্লাহ্তায়লা রোজ কেয়ামতের মাঠে দূই ব্যাক্তির হিসাব করবেন। এক মানুষ দুই জ্বিন। তাই আমরা কেন খারাপ কাজ করবো। আমারা কি পারি না ভালো কাজ করতে।	Positive
1208	আচ্ছা দরসন কাকে বলে কতো প্রকার ও কি কি??? এখন বাংলাদেশ এ যে গুলা হচ্ছে এই গুলা কি দরসন নাকি নষ্টামি???? তিন বছর ধ… https://t.co/Vq8YgEwthJ	Neutral
1209	সাংস্কৃতিক সফরে সিঙ্গাপুর ও মালয়েশিয়ায় গেলেন সাংবাদিক সৌরভ | newsnarayanganj http://t.co/X5VjMYZN0F	Neutral
1210	‘গৃহপালিতের’ গর্জন ও তোফায়েল আহমেদের ‘ক্রন্দন’ http:/t.co/fnNQTq9WSD	Negative
1211	RT @mtanmay: - শেক্সপিয়ারদা! - আমায় ডাকলে ভাই? - উইশ করার ছিল। বিলেটেড। - উইশ? - হ্যাপি শুয়োরেরবাচ্চা ডে! - তবে রে হারামজাদা! - এ কী! -…	Neutral
1212	RT @HotSonai: ওঃ মাই গড !! এক দুই করতে করতে আজ আমরা ২০ হাজারের ও বেশি । সব্বাই এইভাবে পাশে থাকলে আমাদের গ্রুপ অরো অনেক বড় হবে । মজা ও হ…	Positive
1213	তোমা ছাড়া আর এ জগতেমোর কেহ নাই কিছু নাই গোআমার ও পরান ও যাহা চায়	Negative
1214	@agkanon143 ঐটা বুঝিনা, অবশ্য আমি মোবাইলেও চালাই, একেবারে কমদামি জাভা মোবাইলে	Neutral
1215	ভারত পাকিস্তান ম্যাচ নিয়ে সরাসরি	Positive
1216	আবেগের বশে আমরা অনেক কিছুই করে বসি। সেটা ভুল না ঠিক ভালো না মন্দ কিছুই টের পাইনা। তাও আবার কখন টের পাই কাজটা সম্প… https://t.co/nPPmiQHiRv	Neutral
1217	একটা সময় ছিলো , সংবাদ মাধ্যম যা দেখাইতো আমরা তাই দেখতাম আর এখন আমরা যা দেখাই , ওরা তাই দেখে :) এদেশের সংবাদ মাধ্যম… https://t.co/XaN1bxvcTg	Neutral
1218	দেশের অগ্রগতির জন্য নারী ও পুরুষকে একযোগে এগুতে হবে:ভূমিমন্ত্রী http:/t.co/2lXoDA4uIh	Positive
1219	সোনালী ও প্রাইম ব্যাংকের ৭ কর্মকর্তার বিরুদ্ধে মামলা করবে দুদক http://t.co/KcG0oJM3nu	Negative
1220	যে বেক্তি ধৈর্য্য ধারন করতে পারবে, সে কখনো সফলতা থেকে বঞ্চিত হবে না। হয়তো বা সফল হওয়ার জন্য তার একটু বেশি সময় লা… https://t.co/eN2mXjO0oz	Positive
1221	সারা দেশঃ বাণিজ্যিকের পাশাপাশি আবাসিকও হচ্ছে তেজগাঁও শিল্পাঞ্চল	Neutral
1222	জানুয়ারি ১৫, ২০১৬ তে বাংলাদেশ এবং জিম্বাবুয়ের খেলা হইছিল :D ২ বছর পর আবার একি দিনে :) Go Ahead Our Tigers &lt;3 Best… https://t.co/uNVMuLXbsZ	Neutral
1223	বড় কোন ছুটিতেও ঢাকা ফাঁকা থাকে না, কারণ ছুটিতে ঢাকার মানুষ অবকাশে যায় ঢাকার বাইরে আর বাইরের মানুষ ঢাকায়। তাই জ্যাম জ্যামের মতোই থাকে ।	Neutral
1224	RT @HotSonai: গুদ মারানোর সময় বাঁড়া যদি দুটো থাকে , আরাম তখন দুগুন আর কষ্ট দুগুন না হয়ে হাফ হয়ে যাবে । আর মজা ওখানে বাংলাচটি সেক্স টিপ…	Neutral
1225	আজকের রাশিফল ( ৮ সেপ্টেম্বর ২০১৪ ): মেষ: কর্মস্থলে প্রতিকূলতার মধ্যেও সাফল্যের সূচনা। চারুশিল্পে নৈপুণ্যের সুব... http://t.co/Zdu4qfWS9k	Positive
1226	বিবিসি বাংলায় এখনকার প্রধান খবর কাতারে মার্কিন – তালেবান শান্তি আলোচনায় যোগ দিচ্ছেন তালেবানের অত্যন্ত প্রভাবশালি নেতা, তাদের রাজনৈতিক শাখার নতুন প্রধান মোল্লা আব্দুল গনি বারাদার । বাংলাদেশের কুমিল্লায় কয়লা বহনকারী ট্রাক উল্টে ঘুমন্ত অবস্থায় নিহত ১৩ জন ইটভাটার শ্রমিকদের বেশিরভাগই ছিল কিশোর বয়সী। ইটের ভাটাগুলোয় এত শিশু শ্রমিক কাজ করে কেন? শুনবেন এ নিয়ে। সোমবার বাংলাদেশে নিরাপদ সড়ক আন্দোলনের ছ'মাস হতে যাচ্ছে। সড়কে গাড়ি চলাচলের ক্ষেত্রে কোন পরিবর্তন কি আপনার চোখে পড়েছে? এ প্রশ্ন নিয়ে থাকবে শ্রোতাদের ফোন ইন। সাথে থাকবে খবরের সর্বশেষ শিরোনাম। এসব নিয়েই আজ সন্ধ্যের প্রবাহ। শোনা যাবে রেডিও আর অনলাইনে, তা ছাড়া ফেসবুকে দেখতে পাবেন অনুষ্ঠানের সরাসরি লাইভ স্ট্রিমিং।	Positive
1227	RT @RudraBose19: #Highoilprice পাপ্পু , কবে আর পাশ করবে? কত দিন, কত বছর, হয়ত কত যুগের অপেক্ষায় থাকতে হবে, জানি না, মিথ্যাচার করে রাজনীতি…	Negative
1228	I posted 35 photos on Facebook in the album মাস্তুল সাইক্লিস্ট ও ডব্লিউবিবি ট্রাষ্ট এর প্রীতি রাইড	Neutral
1229	কখনো কখনো এমন কিছু ভুল হয়ে যায় যা চোখে পড়ার মত। আর এই ভুলগুলো এতটাই স্পষ্ট, আপনার মনে হবে যে কাজটি করেছে তাঁর... https://t.co/31D2KAvPLw	Neutral
1230	মা ফোন করে বললো তোর ফোনে #মেগাবাইট আছে? থাকলে ভাই এর ফোনে ভিডিও কল দে তো একটু দেখতাম তোকে কথাটা বলার পর থেকে… https://t.co/gF0Gut9Wq1	Neutral
1231	ডাক ডোল বাজিয়ে আন্দোলন কখনো হয় না, আট তারিখ নিয়ে অনেক খেলা হচ্ছে। সামনেও হবে। গত ১০ বছর আওয়ামী লীগ কোন ভুল করে… https://t.co/G60oPWlK5R	Neutral
1232	একটি মুচকি হাসী ৬০ বছর নফল ইবাদতের চেয়ে ও দামী।যারা হাসি মুখে কথা বলে তারা খুব সহজে মানুষের আপন হতে পারে, আর সেই আ… https://t.co/bwnucsBDLX	Positive
1233	কোটা সংস্কার আন্দোলনকারীদের ওপর হামলার ঘটনার পর প্রশাসনের পক্ষ থেকে কী ব্যবস্থা নেয়া হচ্ছে? দেখবেন বিবিসি প্রবাহ টেলিভিশন অনুষ্ঠানে আগামীকাল রাত সাড়ে ৯টায় চ্যানেল আই-তে	Negative
1234	@love143MK যদি সব সময় তার পাশে থাকতে চান তাহলে তাকে আপনার এই পাগলাটে অনুভুতি টা বুঝতে দেয়া যাবে না। সে যখন ই বুঝ… https://t.co/qizoIDO6eM	Neutral
1235	আমি আবেগের আয়নায় তোমায় দেখে, ভুল করে তোমায় ভালোবেসে, জেনেছি আমি এক বামন ; বামনদের চাঁদ ধরার স্বপ্ন কখনো থাকেনা আর থাকা উচিৎও না। #বুড়ি	Neutral
1236	বুকের বা পাশে কিছু একটা চেপে বসে আছে। প্রতি ক্ষনে ক্ষনে চাপ বেড়েই চলেছে আর চোখের ঢাল ধরে অবাধ্য সব নোনা জল বুকের... https://t.co/JgYYatp6Iz	Negative
1237	অনেকদিন পর টিএসসিতে বসে #আড্ডা দেওয়া হল মজা হয়েছে কিন্তু আরো বেশি হত যদি আরো পোলাপান থাকলে হালকা কার্ড খেলতে পারলে খারাপ হত না...ὠA	Neutral
1238	সুয়ারেজ নাকি ‘শান্ত’ ও ‘ভদ্র’.....#খেলাধূলা..................... / http://t.co/NU5cslK4kz	Neutral
1239	বিবিসি বাংলার শনিবারের ফোন-ইনের বিষয় বাংলাদেশের বিশ্ববিদ্যালয়গুলোতে চলতি বছরের ভর্তির প্রক্রিয়া শুরু হয়েছে। অনেকে মনে করেন বাংলাদেশে বিশ্ববিদ্যালয়ে ভর্তি প্রক্রিয়াটি বেশ জটিল এবং তা বদলানো দরকার। আপনি কী মনে করেন?  এ নিয়েই বিবিসি বাংলায় আজ শনিবারের প্রবাহে থাকবে শ্রোতাদের ফোন-ইন। অংশ নিতে চাইলে এসএমএস পাঠাতে হবে ০১৭১৪ ১১ ৫৫ ৭৮ এই নম্বরে। অনুষ্ঠানের আগে আমরাই আপনাদের সঙ্গে যোগাযোগ করবো।	Positive
1240	As salamu alai kum wr wb বিল গেইট বলেছিলেন গরিব হয়ে জন্ম গ্রহণ করলে এটা তুমার ভুল নয়। গরিব হয়ে মৃত্যু বরণ করলে এটা তুমার ভুল।	Positive
1241	আমি কাউকেই ভালো বা মন্দ বলিনা, তবে সত্যিই কেউ ভালো হয়ে থাকলে ডেফিনিটলি ভালো বলতে ভুল করিনা, আর যাকে ভালো বলি সে অন্নেক ভালো হলে তবেই বলি ὠA	Neutral
1242	ভেড়ামারায় চাকুরী না করেও নিয়মিত বেতন উত্তোলন এক শিক্ষিকার	Negative
1243	একদিন ভোর রাতের দিকে । ঘুমের কোলে মাথা দিয়ে শুয়ে আছি । হঠাৎ দরজায় কড়া নাড়ার শব্দ । ঠক ঠক... আমি ঘুমের মাঝেই অ… https://t.co/P15EpalGQv	Neutral
1244	RT @munnimita: তুমি আমার সুখ গুলো নাও দৃঃখ গুলো থাক, দুঃখের আগুনে হৃদয় পুড়ে সোনা হয়ে যাক! তুমি আমার স্বপ্নটুকুও নাও আশা টুকু শুধু থাক,…	Neutral
1245	- রোল এক : জয় বাংলা। - রোল দুই : জয় বাংলা। - রোল তিন : স্যার ও বাংলাদেশ জিন্দাবাদ। - মানে? - আসেনাই স্যার, নির্বা… https://t.co/0frklr2t8s	Neutral
1246	খাবার খাওয়ার দৃশ্য আপলোড করেই কোটিপতি হলেন যে নারী!	Positive
1247	@ProthomAlo থেকে কি হবে এখানে টাকা ছাড়া কোন কথা নেয় এখানের পুলিশ ধরে আর চল্লিছ হাজার টাকা দিলে ছেড়ে দেয় অজাথা নিহরো মানুস হয়রানি	Negative
1248	পার্থিব জীবন ক্রীড়া ও কৌতুক ব্যতীত কিছুই নয়। পরকালের আবাস পরহেযগারদের জন্যে শ্রেষ্টতর। তোমরা কি বুঝ না ?(আল কুরআন)	Positive
1249	এই শহরটা খারাপ না । এই শহরের কিছু খারাপ মানুষ আছে যাদের কারণে কিছুটা নোংরা গন্ধ ছড়াচ্ছে । আর সেই গন্ধ পেয়ে আমরা... https://t.co/PsEIDFdqrK	Neutral
1250	অনেক হইছে এইবার ঘরে ফিরা যাও । বি এন পি নামক তেলাপোকার পাখা গজায় ছে । এখন তারা ছাত্রদের ব্যবহার করে রাজনীতি করবে ।… https://t.co/RSn2F0PF6Q	Negative
1251	যে দলের চেয়ারম্যান স্বাধীন ভাবে রাজনীতি করতে পারতেছেন না। সেই দলের নেতারা পদ রক্ষায় মুখে তালা দিয়ে আছেন। এই সব পদ দিয়ে কি হবে??	Neutral
1252	আল্লাহর ভয়ে আপনি যা কিছু খারাপ কাজ ছেড়ে দিবেন ।। আল্লাহ্‌ তা থেকে উত্তম কিছু অবশ্যই আপনাকে দান করবেন ।। ।। হজরত মুহাম্মদ ( স :) ।।	Positive
1253	RT @Dreamlook_JS: ভালোবাসা বলে হতে আমর বিলিয়ে দিতে যা সুন্দর। ভালোবাসা এক অম্লান আশা অনন্ত অক্ষর যার ভাষা। ভালোবাসা নয় পাবার আশা যা সু…	Neutral
1254	#Bangladesh #News তিন ছবি নিয়ে শাকিব-অপুর থাইল্যান্ড মিশন - কথা ছিল গত বৃহস্পতিবার থাইল্যান্ড যাবেন ঢাকাই ছবির জনপ্রিয় জুটি শাকিব খান ও...	Neutral
1255	মাঝে মাঝে খুব বেশি খারাপ লাগে এই ভেবে যে আমি বাংলাদেশের মতো একটি সুন্দর দেশে বাঙালি হয়ে জন্মেছি। কারণ দেওয়ার প্রয়োজন আছে বলে মনে করি না	Negative
1256	এরশাদের স্ত্রী বনাম এরশাদের ভাই... 🤔 👇	Positive
1257	@lisahaque152 হা হা হা—— আমি বলেছি আমি সেরা টুইট করি ? আমি আমার মনের মতো যা ইচ্ছা তা লেখি। তুমি নিজেই এমন মনে করো… https://t.co/tHx5UpTGq2	Neutral
1258	দেবীর আরাধনা কিভাবে করে তা এ অধম জানবো কোথা হতে? শুধু চোখের জলে স্নাত হই। সে জলও যদি আরতির যজ্ঞ হতো ! —... https://t.co/FkrDgPdsS0	Neutral
1259	RT @TeamTigersBD: ৩ ম্যাচ সিরিজের ১ম টি২০ তে আয়ারল্যান্ড এ দল কে ৪ উইকেটে পরাজিত করে সিরিজে ১-০ তে এগিয়ে গেল বাংলাদেশ এ দল। ὄF #সংক্ষিপ্ত…	Neutral
1260	RT @ImShafiyanCR7: রাশিয়া বিশ্বকাপ থেকে এখন পর্যন্ত ৩ টি দল বাদ পরেছে...!! আর ৩ টি দেশ ই মুসলিম দেশ..!!ὡE ἟2἞6 মরক্কো ❌ ἞A἞C মিশর ❌ ἟8἞6 সৌদী আর…	Neutral
1261	RT @mahbubmamun1: তোমার পরিবার পরিজনকে নামায পড়ার নির্দেশ দাও এবং তুমি নিজেও তা দৃঢ়তার সাথে পালন করতে থাক।(সূরা ত্বা-হা: ১৩২)	Neutral
1262	RT @Dukkhobilashii: হযরত অানাস (রা) বর্ণনা করেন, নবী করীম (সা) ইরশাদ করেছেন, তোমাদের মধ্যে হতে কেহই ঈমানদার হতে পারবে না, যতক্ষণ না সে তার…	Neutral
1263	@AsaduliSK না হলে কি করবো ৷ ভালো টুইট করলে কেউ তাকায় না ৷ যখনি অাবেগ অার বালুবাসার টুইট করি তখনি জনগন উপচে পড়ে মজা নিতে অাসে	Neutral
1264	বলনা তুই বলনা কেনএই ছলনা , ও মন তুইবলনা ভালবাসি বলনা...	Neutral
1265	মামার জন্য মামি চাই! শর্ত : ১। বয়স ২৭ থেকে ৩৫ পর্যন্ত ২। সুন্দর অসুন্দর যাই হোক না কেন ভাল মনের অধিকারী হতে... https://t.co/U9tVJZbdns	Neutral
1266	সুখ গুলো সব বিলিয়ে দিয়েছি। এখন সুধু বাকি আছে দুঃখ গুলো। জানিনা কেন দুঃখ গুলো কেউ নিতে চায় না প্রশ্ন জাগে মনে কেন? — feeling pained	Neutral
1267	সবকিছু বুঝে যদি কিছুই না বুঝার ভাব ধরে। কোন কিছুই ঠিক নাই তবু সবকিছু ঠিক আছে মনে করে। ইহাকে কি ধরনের অপরাধ বলা যা… https://t.co/vMyjb7vtz6	Negative
1268	আন্দ্রে শূর্লে অনেক চেষ্টা করছে শুধু একটি গোল দেয়া কিংবা দেয়ানোর জন্য।  তুমি এগিয়ে যাও।  তুমি সফল হবেই হবে।	Positive
1269	আমার শরীর আমার মন, জানি না কি করবে মোদি মদন ভালোবাসা কে লাল সেলাম !!! বি: দ্র: - রেলের এক অফিসার এর জন্য আমি এর… https://t.co/rKOuKGptpC	Neutral
1270	RT @BOONMITRA: কাদের রাজ্যকালে সিমেন্ট বালি,কাদের সময় এর কনস্ট্রাকশন এই সব নিয়ে এই সময় এ নোংরা রাজনীতি শুরু করে দেবেন না প্লিজ ὤFἿB সকল রা…	Neutral
1271	মেয়েটার নাম ছিল প্রতিমা . তার দুঃসম্পর্কের ইংরেছ বয়ফ্রেন্ড ভুল করে একবার  পুতনা  ডেকেছিল... . ছেলেটি আজও ব্রেকাপের কারন জানে না ᾑ4ᾑ4ὡDὡD	Neutral
1272	@Nowrin07 আমার আব্বা আজ কতো বছর যে কোনো ঈদে কিছু নেয়না, তাই মনে পড়ে না। নিজে আয় করার পর থেকে যতটুকু পারি তার জন্… https://t.co/DAunoP1CYD	Neutral
1273	@SafaKabir_ বেকা না করে পিক তুলতে মজা নাই। তাই না আফা। আপনার সাতের জনের কি পলিও রুগি নাকি। জলদি করে পলিও ভেকচিন দেন ওনাকে আফা	Negative
1274	মানছি অপরাধী গানটা আমার খুব ভালো লাগে ὠDὠDὠDὠD তা বলে এত গুলো ভার্সান প্লে লিস্টে কীভাবে এর বুঝতে পারছি নাὡ1ὣ1ὣ1ὣ1ὣ1 হোয়াটসঅ্যাপ এ কে এ পাঠালোὤ4ὤ4ὤ4ὤ4	Neutral
1275	অনলাইনে প্রেম করছেন?হুট করে অনলাইনে ওর সঙ্গে পরিচয়। কথা হয় রোজই। হয়েছে কিছুটা ঘনিষ্ঠতাও। রাগ-অনুরাগ। তবে সবই... http:/t.co/mhT8YpcGSD	Neutral
1276	যখন গুনহা করি! তখন ভুলে যাই আমি মুসলিম! আমার মরতে হবে! এই গুনহার জন্য শাস্তি ভোগ করতে হবে!!ὡ2  ঠিক যখনি সরণ হয় আ… https://t.co/HB3OLRCaW2	Neutral
1277	মাত্র চৌদ্দ বছর বয়েসেই বিরল ডিম্বাশয়ের ক্যান্সারে আক্রান্ত হয়েছিল এক কিশোরী, ভিডিওতে জানুন যেভাবে তার রোগমুক্তি ঘটলো-	Negative
1278	RT @javedkobir: ὄ9পাখি কখনও ডাল ভেঙে ὄ9 পড়ে যাওয়ার ভয় করে না ὄ9 কারন তার বিশ্বাস ডালের ওপর নয় ὄ9 ডানার উপর তাই জীবন চলার পথে ὄ9 নিজের উপর…	Positive
1279	মুসলমানদের মধ্যে এমন একটি দল থাকা উচিত,যারা মানুষকে সৎ কাজের আহ্বান জানাবে এবং অসৎ কাজে নিষেধ করবে। এরাই হলো সফলকাম। —— সূরা আলে ইমরান ১০৪ ।	Neutral
1280	স্ত্রীর চিঠি প্রবাসী স্বামীর নিকট দাড়ি , কমার ভুল প্রয়োগ । । । পড়ে দেখুন ভালো লাগলেও লাগতে পারে । ‘ওগো আর কত… https://t.co/ujhLKaHrcV	Neutral
1281	জাতীয় পার্টি কি ভাঙনের কবলে?	Positive
1282	বেইমান তো তাঁরাই যারা অন্যকে সুখের আশা দেখিয়ে বেগোবান নৌকা কে মাঝ নদীতে ডুবাই, আর এই সব কাজ যারা করে তারা মানুষ রু… https://t.co/QOBd85q9cC	Neutral
1283	বৃষ্টি এলে মাখব কাদা মাঠে,চুল ভেজাব ইচ্ছে করে রোজনোংরা জলে হাত ডোবাব কব্জি থেকে কনুইপেতেও পারি নতুন কিছু খোঁজ। http://t.co/p8sxOHC7Yv	Neutral
1284	আজকে ১২ টার ঢাকা - ফেনী এর ট্রেনের টিকেট কিনার কোন উপায় আছে? অনলাইনে ২ দিন আগে কিনতে হয়। কমলাপুরে গেলে টিকেট পা… https://t.co/gz998gRNAe	Neutral
1285	বিষণ্ণতা খুব খারাপ একটা জিনিস। আগে ৪ টা ঘুম এর ওষুধ এ কাজ হতো এখন ৮টা করে খাই তাতেও ঘুম আসে না, জীবন এ কিছু সিদ্ধান্ত বড় ভুল ছিল।	Negative
1286	আজ রেজাল্ট । হইতো আজকের দিনটি অনেকের জীবনে খারাপ একটি দিন । আমি মনে হয় সবার চেয়ে আলাদা একটা ছাত্র যার টেনশন এর প… https://t.co/1CNBwn1cFn	Neutral
1287	জীবনে আমরা যা ভাবি তার অনেক কিছুই আসল না। যেসব জিনিষকে আমরা ভুল ভাবি তার সবকিছু ভুল নয়, যাকে পাপ ভাবি তার অনেক কি… https://t.co/envczOZWFo	Neutral
1288	অস্ট্রেলিয়ার বিপক্ষে অসাধারণ জয় এনে দেয়ার পর অনেকেই বেন স্টোকসের এই ইনিংসকে বলছেন টেস্টের সেরা।  আপনি কী মনে করেন?	Positive
1289	বহুদূরে থেকেও ফেসবুকে প্রতিদিন বন্ধুদের চেহারা দেখা, চ্যাট করা, মজার ছবিতে লাইক দেওয়া, পোস্টে মনের অনুভূতি শেয়ার... http:/t.co/id2ohNZztW	Positive
1290	বঙ্গবন্ধু শেখ মুজিবুর রহমান, ব্রিটেনের রানি এলিজাবেথসহ বিশ্ববরেণ্য অনেক নেতা অস্ট্রিচে চেপে নদী ভ্রমণ করেছেন	Positive
1291	... এটা যদি সত্য হয় তাহলে আসলেই খুব বেশি সতর্ক হবার সময় এসেছে। কেউ কেউ মজা করে বা অবজ্ঞা করেই বলছেন যে ব্লু... https://t.co/4upLN3sZcc	Neutral
1292	#অনুশোচনা আজ মনটা খুব খারাপ হয়ে গেল । মনে হচ্ছে অনেক দিন পর আজকে একটা পাপ করলাম । আমার এই ত্রিশ বছরের জীবনে কখনও… https://t.co/ClpdO1snTP	Negative
1293	@maimuna_ctg তামিম ফিরে আসছে না রিয়াদ ও আসবে ইনশাল্লাহ	Positive
1294	চলছে ইলিশের মৌসুম। বাজারে এখন প্রচুর ইলিশ মাছ। অনেকের বাড়িতেই রান্না হচ্ছে ইলিশের নানা পদ। ইলিশ মাছের কোন পদটি আপনার সবচেয়ে পছন্দের? আপনার তোলা ইলিশ মাছের যে কোনো পদের ছবি/ভিডিও পাঠিয়ে দিন বিবিসি বাংলার ফেসবুক মেসেঞ্জারে। সাথে লিখে পাঠান নিজের নাম-ঠিকানা, ছবি তোলার স্থান, ফোন নম্বর এবং ই-মেইল অ্যাড্রেস।  বাছাইকৃত কয়েকটি ছবি/ভিডিও প্রচার করা হবে বিবিসি বাংলার টেলিভিশন অনুষ্ঠান বিবিসি প্রবাহে।  	Positive
1295	অ্যাকশনএইড-প্রথম আলো বন্ধুসভা জাতীয় বিতর্ক উৎসব ২০১৯-এর উদ্বোধন। ড্যাফোডিল ইন্টারন্যাশনাল ইউনিভার্সিটি, ঢাকা, ২৬ অক্টোবর। ছবি: শুভ্র কান্তি দাশ	Positive
1296	আমি খুব একটা ধার্মিক না।আর ইদানিং রাজনীতি নিয়ে ওত কিছু বুঝিও না, বুঝতে ইচ্ছাও করেনা (দূর থেকে দেখে ত আর মন ভরে না… https://t.co/jTdGWmb13F	Neutral
1297	নিজের কাজ নিজে কে ই করতে হয় । অন্য কেউ তোমার কাজ করে দিবে এমন ভাবা টাও ভুল । কারন তোমার কাজের গুরুত্ব শুধু তুমি... https://t.co/yfCXKORkrx	Positive
1298	@Rajibpalanoy1 @MooN_bOY00 হা হা কাউকে যদি প্রশ্ন করা হয় তাহলে কী এই রকম উওর এর আশা করা যায় না ভাই । আমার খুব খারাপ লাগল ।	Neutral
1299	মজার ইশকুলঃ ঈদ উৎসব ২০১৮ । সিজন - ৬ যতো কাছে আসছে, পথশিশুদের ভালোবাসায় আমরা যেন তত বেশী মুগ্ধ হচ্ছি । ঈদের আগেই ও… https://t.co/iLTi7g5RWk	Positive
1300	পটিয়া সাত গাছিয়া দরবারে বার্ষিক ওরশ ও মিলাদ সর্ম্পন্ন - Abnews: http://t.co/DCO6hFd6X4	Neutral
1301	সৌদি আরব এক লাখ গাড়ি চালক নিবে বিভিন্ন দেশ থেকে। আর বাংলাদেশ এই সুযোগ কাজে লাগাতে চায়। এ জন্য প্রবাসী কল্যাণ ও বৈ… https://t.co/S0ppXSK85g	Neutral
1302	I added a video to a @YouTube playlist http:/t.co/Y0LLoS74nL	Neutral
1303	ঢাকা-টোকিও সম্পর্ক আগামীতে আরো জোরদার হবে : প্রধানমন্ত্রী http:/t.co/vKNDgvcldG	Positive
1304	RT @Osman___R_____: একটি ভালো কাজ করার জন্য অাপনার,অামার সৎ মন_মানষিকতাই যথেষ্ট✊✊ তাই অাসুন সৎ ও কর্মঠ হইὄDὄC সৎ কাজ না করতে পারলেও খারাপ কা…	Positive
1305	সব কাজের ফল পেতে হয়... বিশ্বাস করো তুমি আজ যে কাজটা করবে কোন একদিন তার ফল তুমি ঠিকেই পাবে... ভালো করলে ভালো হবে… https://t.co/UY4t8yztjM	Neutral
1306	আমার তিন ধরনের মন খারাপ হয়। এক ধরনের মন খারাপের সময় সব দখল করে নিতে ইচ্ছা করে। আরেক ধরনের মন খারাপের সময় সব ছে… https://t.co/WMeI6cjKyx	Neutral
1307	RT @hfdfhcfs: আমাকে ছায়াতো সে ভালোই আছে,তো আমি কেনো ওকে ছারা ভালো থাকতে পারবো না? আমিও ভালো আছি। সবার life টা মিথ্যা ভালোবাসা থেকে safe…	Positive
1308	সবকিছু জোর করে দখল করা যায়। But ভালোবাসা জোর করে দখল করা যায় না। আর করলেও সেটা টিকে না। Emotional Black mail খুব খারাপ যিনিস।	Neutral
1309	-মন খারাপ হলে কি করিস? -ঘুমাই -খুব বেশি মন খারাপ হলে? -আগে Nion ভাইয়ের রুমে ঘুমাইতাম কিন্তু ভাই ঢাকা ছাড়ার পর Limon এর রুমে ঘুমাই!	Neutral
1310	পাশের মানুষ যখন বই নিয়ে কথা বলবে আর আপনি শুধু শুনে যাবেন এর চেয়ে হীন এবং দৈন্যদশা আর হতে পারে না। মানুষ আর যাই ক… https://t.co/gVuKDFq3K3	Neutral
1311	RT @Sylhet_2000: একই চালের ভাত , একই পাতিলে রান্না হয়। আমি খেয়ে বুড়ো হই , ছেলে-মেয়ে খেয়ে বড় হয়। এটাই সৃষ্টির রহস্য! — নিশ্চয় আল্লাহ…	Neutral
1312	কেউ কেউ আবার ভাবছে, মেয়েরা আগে শিরোপা এনে দিলো - ছেলেদের দল নিশ্চই অভিমান করে মন খারাপ করে বসে আছে :3 । এটা তাদে… https://t.co/m1tN6jwfMH	Neutral
1313	আমি কি তোমায় সত্যি আর কোনো দিন ফিরে পাবো না?? নাকি তুমি নিজে থেকেই আমার হবে না?? তুমি হয়তো অন্য কাউকে নিয়ে সুখী… https://t.co/sMVYVsH8tb	Neutral
1314	ভিডিও ওয়েবপোর্টাল ইউটিউবে প্রতিদিন ঢুঁ মারছেন লাখ লাখ ব্যবহারকারী। নাটক, সিনেমা, গান থেকে শুরু করে বিভিন্ন... http:/t.co/ZFFXfjDNbb	Positive
1315	তবু মনে রেখো, যদি পুরাতন প্রেম ঢাকা পড়ে যায় নবপ্রেমজালে । যদি পড়িয়া মনে ছলোছলো জল নাই দেখা দেয় নয়নকোণে -তবু মনে রেখো । (রবি ঠাকুর)	Neutral
1316	RT @angeldaliaislam: নামাযের বাহিরের সাত ফরজ। ১। শরীর পাক ২। কাপড় পাক ৩। জায়গা পাক ৪। সতর ঢাকা ৫। কেবলামুখী হওয়া ৬। ওয়াক্ত হওয়া ৭। নি…	Neutral
1317	যখন মন খুব খারাপ হয় তখন গভীর মনোযোগে নামাজের পর আল্লাহর কাছে দুহাত তুলে দোয়া শেষে খুব হালকা লাগে মনটা. চমৎকার এক অনুভুতি !!!	Neutral
1318	"কাশ্মীরের এক গ্রামবাসী বিবিসিকে বলছিলেন, নির্যাতন এতটাই ভয়ংকর ছিল যে তারা সৈন্যদের অনুরোধ করছিলেন, ""আমাদের পেটাবেন না, বরং গুলি করে মারুন""হে আমার মুসলিম ভাইরে বাস্তব টা একটি বার হলেও ভাবুন !জয় ভারত মায়ের জয় হোক !জয়হিন্দ"	Negative
1319	 যে দিন রাস্তার পাঁশে বড়া পেট নিয়ে বাচ্চারা বলবে আমি ভালো আছি সেই দিন বিজয় দিবস হবে বুক বড়া ভালোবাসা । সবা… https://t.co/mG3xr0eK5Y	Neutral
1320	যদি ভুল থেকে সঠিক কিছু জানা যায়, তবে সেই ভুল আমি বার বারই করতে চাই। হউক না সে ভুল, ভুলেরও মাঝে । যে ভুল গুলো জীবন… https://t.co/8k5XSqV7DH	Positive
1321	২০১৭ সালের ২১শে অগাস্ট বাংলা চলচ্চিত্রের খ্যাতনামা নায়ক রাজ্জাক মৃত্যুবরণ করেন। ঢাকায় এসেছিলেন শরণার্থী হয়ে, সেখানে থেকে তিনি কিভাবে 'নায়ক রাজ' হয়ে উঠলেন - ২০১৬ সালে বিবিসি বাংলার সাথে আলাপকালে সেটাই ব্যাখ্যা করছেন!   বিস্তারিত পড়ুন: 	Positive
1322	ছোট মুখে বড় কথা বলতে হয় ভিডিওটি আমি দেখেছি ভাইয়ের কথা ঘুলা ১০০% রাইট। এখন নেতা তেল মারের লজ্জা করে না এদের জু… https://t.co/uXpXM2X3R8	Neutral
1323	একটি শিশু তার মাকে জিগ্গাসা করলো :  মা , আমার কতো বছর হলে তোমাকে না বলে বাইরে যেতে পারবো আর বন্ধুদের সাথে মজা… https://t.co/U2RV5ewKHI	Neutral
1324	মাঝে মাঝে অনেক মন খারাপ হয় কিন্তু কারনটা সবাইকে বুঝতে দিতে নেই। নাহলে অনেকে অনেক প্রকার সুবিধা নেই। :( :( :( — feeling sad	Neutral
1325	আমি যানি আমি খারাপ - কিন্তু হাজারও মানুষ এর ভিরে একটা ভাল মানুষ দেখাও তার আগে নিজে চোখ বন্ধ করে একবার ভাব তুমি... https://t.co/YsUnvggTOK	Neutral
1326	এ নিয়ে গত চার বছরে ফেনীর ফুলগাজী ও পরশুরাম সীমান্ত দিয়ে পারাপারের সময় ১৩ জন নাইজেরীয়কে আটক করেছে বিজিবি।	Positive
1327	RT @MukulDebnath10: কথাটায় কেউ খারাপ ভাববেন না, বিশ্বাস না হলে যেকোন ধর্মতলা ঘুরে দেখে আসতে পারেন! দান করতে হলে তো মুক্ত হস্তে দান করা উচি…	Neutral
1328	কাল আমার কাজে একটা অডিট ছিল. একটা পর্যায়ে যেয়ে ইচ্ছা হৈছিল অডিটর এর চুল ছিড়ে ফেলি. তখন মনে হলো আমি তো ঢাকা উনিভা… https://t.co/xSoCZjA0Vm	Neutral
1329	RT @iamdimpl: HSLC ৰ Result দিয়াৰ আগত Relative~ Result ভাল কৰিলে তুমাক দামী Mobile এটা দিব মই তুমাৰ মা-দেউতাক কৈ থৈছো HS ৰ Result দিয়াৰ…	Neutral
1330	সিচুয়েশন রুম হলো হোয়াইট হাউসে তৈরি ‘যোগাযোগ কেন্দ্র’, যেখান থেকে ...	Positive
1331	নিরক্ষরমুক্ত বাংলাদেশ গড়তে সরবারের গৃহীত সকল কর্মসূচিকে সামাজিক আন্দোলনে পরিণত করার ওপর গুরুত্ব আরোপ করেছেন। আধুনিক, বিজ্ঞানমনস্ক ও প...	Positive
1332	RT @dreamer_bony: হাই রে ! রাইতের পর রাইত জাইগা গান শুনিতাম, আর সেই গানেরও সুরে সুরে হারাইয়া যাইতাম.. এখন একা একা একটা গান শুনি কেমনে? অত…	Neutral
1333	রুশ তিন বোন বাবাকে হত্যা করেছে ছুরি আর হাতুড়ি মেরে।	Negative
1334	আত্মহত্যা: প্রেমিক মারা গেলেও সাঁতরে জীবন বাঁচাল প্রেমিকা | News Agency 24	Positive
1335	একটি উন্নয়নশবাংলাদেশের আর্থ-সামাজিক ও অবকাঠামোগত উন্নয়ন ধরে রাখতে গণতান্ত্রিক ব্যবস্থা ও আইনের শাসন অপরিহার্য।... http:/t.co/b3zxTR5ZpM	Positive
1336	ঘুষ দিয়ে চাকরি নেয়া হারাম কারণ হতে পারে অন্যের হক নষ্ট করা.. আর যদি GPA -এর কারণে কোন একটা চাকরি পাওয়া যায় যেখা… https://t.co/kVgPVBJeqY	Neutral
1337	এই নিস্পাপ শিশুদের অভিশাপ লাগবে আমাদের গায়ে যদি এই ঘটনার সুষ্ঠু বিচার না হয় ! বুকটা কেঁপে উঠলো এই দুটো ছবি দেখে ὡE… https://t.co/BkgwsGLnE2	Negative
1338	RT @Abhisa123: “ও রে চুদমারানী খানকী মাগী রে… তোর পাছায় এতো সুখ কেন রে… তোকে আমার পাছা চোদানী বৌ বানাবো রে…। খা বেশ্যা মাগী খা, পাছায় ছে…	Neutral
1339	ঈদ তোমাদের ওই আমার না ὤ3ὤ3 আমার আবার ঈদ হা হা হা হা ..... মজা পাইলাম ...ঈদের কথা শুনে ..... ভাল কয়রা ঈদ করুক সবাই দো… https://t.co/Icq3ZU4oyR	Negative
1340	বি+ (০২) জন - ঢাকা এ+ (০১) জন- ঢাকা বি+ (০১) জন - বরিশাল ঈদের এই ব্যস্ততম সময়ে মুমূর্ষু রোগীর ব্লাড ম্যানেজ করতে… https://t.co/ABkM2QPkve	Neutral
1341	@arif_rony2 আমার ও	Neutral
1342	ভুল ধরতে চাইলে ১ টা সাদা কাগজেরও কমপক্ষে ৬ টা ভুল ধরা যায়। ১। কাগজটা বেশি সাদা না। ২। কাগজের পুরত্ব কম। ৩। লম্বা… https://t.co/QBflJjxCqZ	Neutral
1343	চাঁদপুর জেলা বিএনপির নিন্দা ও প্রতিবাদ http:/t.co/TnFrJRx0N5	Negative
1344	তুই এক ফালি আকাশ... আমি ভুল করে ঢোকা একলা শঙ্খচিল... ভয় দেখাস না প্লিজ আমি বদলে গিয়েও ঘরে ফিরতে চাই... — listening to ভয় দেখাস না প্লিজ	Neutral
1345	জানি না লোকে যা বলে সত্যি কিনা সবার কপালে নাকি সুখ সয় না... খুব প্যারা দিচ্ছে লাইন দুইটা... কিছুক্ষণ পরপর মাথায় ঘুরিতেছে :3 অসহ্য &gt;_&lt;	Neutral
1346	RT @MIHIRMO97682279: আজ ১৭জুন পিতৃ দিবস পিতৃ দিবসে আমার পিতাকে শতকোটি প্রনাম ও আমার অনেক ভালোবাসা রইলো তুমি সুস্হ থাকো ভালো থাকো এ আশা রাখি…	Positive
1347	ভূমি ব্যবস্থাপনায় সততা, দক্ষতা ও জনসেবাকে সর্বাধিক গুরুত্ব দিতে হবে:ভূমিমন্ত্রী http://t.co/lSUkEvRpjY	Positive
1348	লাক্স ক্যাফে লাইভে আজকের অতিথি অর্ষা উপস্থাপক: উপস্থাপক: সারা ফ্যায়রুজ যাইমা (Sara Fairuz Zaima)	Positive
1349	মোদি হটাও দেশ বাঁচাও সব টাকা এল কালো টাকা এলো না আরে হ্যাঁ ওদের ধর্ম ছাড়া কোনো রাজনীতি নেই মানুষের মধ্যে বিভেদ সৃ… https://t.co/CvhwrwUd78	Negative
1350	শেষ ৬ বলে যখন ৯ রান দরকার, পেটে একটা মোচড় দিলো। এই ৬ বলের ৯ রান খুব খারাপ জিনিস। ৬ বলে এই ৯ রান প্রথমবারের মতো আফ… https://t.co/mqPVYEnomW	Neutral
1351	ইমরুল কায়েসের ব্যাটিং খারাপ হইতে পারে। তবে আউট হওয়ার পর যে অভিনয়টা করে যেন এত কম রানে সে আগে আউট হয় নাইই। এইটার… https://t.co/9ven84h80u	Negative
1352	বেলুন বিক্রেতাকে ঘিরে ধরাই কাল হলো পাঁচ শিশুর... রাজধানীর মিরপুরের রূপনগর আবাসিক এলাকার ১১ নম্বর সড়কে দুই-তিন দিন পরপরই গ্যাস বেলুন বিক্রি করতে আসতেন এক ব্যক্তি। আসা মাত্রই তাঁকে ঘিরে ধরত ফজর মাতবরের বস্তির শিশুরা। বরাবরের মতো আজও বেলুন বিক্রেতার গাড়িটিকে ঘিরে দাঁড়িয়েছিল শিশুরা। সেটিই কাল হলো তাদের। গ্যাস সিলিন্ডার বিস্ফোরণে মুহূর্তেই ঝরে গেছে পাঁচ শিশুর তাজা প্রাণ। বিস্তারিত: https://www.prothomalo.com/bangladesh/article/1621813	Negative
1353	প্রকৃতিতে হাজির হয়েছে শরত। ফুটতে শুরু করেছে ভাদ্রা, কাশফুলের মত নানান ফুল। আপনার তোলা এরকম কোন ফুলের ভিডিও বা ছবি পাঠিয়ে দিন বিবিসি বাংলার ফেসবুক মেসেঞ্জারে। সাথে লিখে পাঠান নিজের নাম-ঠিকানা, ছবি তোলার স্থান, ফোন নম্বর এবং ই-মেইল অ্যাড্রেস।   বাছাইকৃত কয়েকটি ছবি/ভিডিও প্রচার করা হবে বিবিসি বাংলার টেলিভিশন অনুষ্ঠান বিবিসি প্রবাহে আজ রাত ৯টা ৩৫ মিনিটে  চ্যানেল আইতে।	Positive
1354	'নির্যাতনের একপর্যায়ে যখন আমরা অজ্ঞান হয়ে যাই, তখন বৈদ্যুতিক শক দিয়ে আমাদের জ্ঞান ফিরিয়ে আনে'	Negative
1355	আপনার যে অনুরোধ আমি রাখি নাই, বুঝে নিবেন, চেষ্টা করেও তা আমি করতে পারি নাই। আর যদি তা না বুঝেন, আমি ভুল মানুষের... https://t.co/BFmg2dmNkD	Neutral
1356	যা বলবো তা চুপিসারে মাইন্না নাও তাইলে-ই তুমি বেশ, আর একটু টের-বেটের করছো তো তোমার ১৪ ঘোষ্ঠী শেষ !! কারণ , এটা আ… https://t.co/SbhUVkA23m	Negative
1357	যখন কেউ কেউ সব বুজার পরও না বুজার ভাব করে। তার সাথে আর কথা না বাড়ানোই ভাল। এতে অহেতুক যন্ত্রণা থেকে মুক্ত থাকা যায়। সুমন সামাদ।	Positive
1358	দেশে কোনো গ্যাঞ্জাম করি না ὠA রাজনীতি ও করি না কোনো। ইরাঞ্জেল, স্যানোক এ পরে থাকি, দেশের নাম ও মাঝে মাঝে উজ্জ্বল ক… https://t.co/QzDzSeARKI	Neutral
1359	ছবিগুলো দেখতে সবাই হুমড়ি খেয়ে পড়েছিল- আপনিও দেখে নিতে পারেন চাইলে	Positive
1360	যে মানুষটি কে নিজের হাতে মানুষ কর লাম আজ সেই মানুষটি বদলে গেল কেন আমি জানি অনেক কষ্টে আছে তার পরেও আমি চাই তুমি… https://t.co/MQcXXwiXXd	Neutral
1361	ছিপকোড়ো নিয়ে দিন রাত কাটে ডালশহর গ্রামের মানুষদের	Positive
1362	ডোনাল্ড ট্র্রাম্প নিশ্চিত করেছেন হামজা বিন লাদেনের নিহত হবার খবর সঠিক।	Positive
1363	'দলের সাধারণ সম্পাদক তাঁকে এ বিষয়ে কিছু জানাননি...	Positive
1364	সরকার ঢাকা শহরে লেগুনা বন্ধ করছে, কিন্তু এতে কোন লাভ হবে ক্ষতি ছাড়া? ঢাকা শহরে লেগুনা আছে কয় হাজার? এর ফলে কি জ্… https://t.co/T4WJEhAAA6	Neutral
1365	ভেবেছিনু তোমার সনে আজ হতে শুরুর এক আহবান জানাই, তুমি সুধালে কতোটা ভুল আমার ৷ আর নিরব রক্তারক্তি হলো৷ যুদ্বে জিতলো কে? হারলো সবাই ♥	Neutral
1366	দেখুন দুই হুইলচেয়ার আরোহীর প্রেম, সংসার আর নিত্যদিনের খুনসুঁটির গল্প 🧡💛💚	Positive
1367	''৩৭০ ধারা বাতিল হতে না হতেই 'ফর্সা কাশ্মীরি মেয়ে'দের বিয়ে করার তোরজোড় শুধু অশালীন নয়, লজ্জাজনকও বটে।''শুনুন কাশ্মীরী পণ্ডিত এই মহিলার কথাগুলি......!	Negative
1368	ব্রাজিল ও ব্রাজিল তুই অপরাধী রে আমার যত্নে দেয়া টু পিস দে ফিরায়া দে, ও রে মনের খাঁচায় যতন করে দিলাম তরে ঠাই, এখন… https://t.co/14lpS0JLUw	Neutral
1369	গাছের আম চুরি করে খাইলাম আবার চোরের উপর বাটপাড়িও করলাম।একজন চুরি করলো তাকে বললাম আম না দিলে নানুকে বলে দেবো।ὡDὡD আহা চুরির আম কত্তো মজা ὠ6ὠ6ὠ6	Neutral
1370	১৫ বছরের এক মেয়ে হাতে ধরা একটা ১ বছরের বাচ্চা লোকেরা তাকে বলে “ খারাপ মেয়ে!!” কিন্তু কেউ জানেনা সে ১৩ বছর বয়স এ… https://t.co/Zb4ZhFLnod	Neutral
1371	RT @jasika_parvin: আমি কিছু বিষয় নিয়া বহুত চিন্তায় আছি, ভালোবাসা কথাটা লিখলে সবাই এটাই বুঝে ১টা পোলা আর ১টা মাইয়া। বেঈমান বা ঝরা পাতা এ…	Neutral
1372	যা, যা পাখি উড়তে দিলাম তোকে যা যা যা খুঁজেনে অন্য কোনো বাসা খুঁজেনে অন্য কোনো মন ভুলে যা বন্য ভালোবাসা যা, যা... https://t.co/1LPtxmxu9D	Neutral
1373	@shahanaz_rumy আসলে আমাদের প্রতোকের জীবন কোন না কোন জায়গায় এমন ভাবে মিলে যায় তা বলে বুঝানো যাবে না।  জাস্ট একটা বৃও মাঝে আমিরা সবাই	Neutral
1374	তখন অপরাধী না হয়ে এখন হলো কিভাবে? - স্বপ্নচারী আলো এর বাংলা ব্লগ । bangla blog | সামহোয়্যার ইন ব্লগ - বাঁধ ভাঙ্গা… https://t.co/c1QNywq1UU	Neutral
1375	মুসলমানদের একদল, যারা কোনো রকমে অর্থ ও মর্যাদা লাভ করতে পেরেছিলো, তারা গর্ব করতে ভালোবাসতো এ ব’লে যে তারা এদেশের... http://t.co/mj3MnY4Ip1	Positive
1376	তেল গ্যাস রক্ষা কমিটি  বলছে গ্যাস রপ্তানি দেশের স্বার্থ-বিরোধী; সরকারের এ যুক্তি নাকচ।	Negative
1377	জাপানিজ তেলের পিঠা, একে সাতা আন্দাগি বলা হয় । কখনো কখনো একে গোল ডোনাট -ও বলা হয়ে থাকে । খুব সহজ উপকরণ দিয়ে তৈরি… https://t.co/7cZ51S5ilP	Neutral
1378	RT @_shahjalal: দুনিয়াতে খুব অল্প কিছু মানুষ আছে ,যারা আসলেই আলাদা , সারাজীবনেওতারা কারও আপন হতে পারে না , তাদেরকেউইবুঝে না!!!!!	Negative
1379	RT @foyez_komol: দুটো গুণ হতে উত্তম কিছু নেইঃ (১) আল্লাহর প্রতি বিশ্বাস আনা এবং (২) মুসলমানদের উপকার করা। পক্ষান্তরে দুটো দোষ হতে খারাপ কি…	Neutral
1380	এক মুঠো সুখ চেয়ে এই ধরনী হতে কতই সুখ আমি পেলাম,পাচ্ছি আর পাবো। সুখ বড়ই অভিমানী। আমার সাথে অভিমান করতেছে। হা হা হা। — feeling sad	Neutral
1381	একটা নির্ভেজাল রাত চাই আমার চাই এক বিছানা সুখ একটুখানি খুনসুটির অসুখ, এক চিমটি রাগ চাই আমার চাই একছুট ঘুম, আদর ভরে এই কপালে চুম...	Neutral
1382	RT @nusratjahanjeni: ঐ আকাশটা জুড়ে আছে কতো সুখ চাঁদ তারা আলো দিয়ে আছে ঘিরে তার সারা বুকে।সাগরের বুকভরা কত জল? নিষ্ঠুর সাগরের দুচোখের জল…	Neutral
1383	ফ্রী থাকলে আসোন একটু আড্ডা দেই প্রবাসী ভাই ও আপুরা !	Positive
1384	সবচেয়ে মজা লাগে যখন কেউ বলে আগে অনেক হ্যাকিং করতাম ὠ2ὠ2 আরো মজা লাগে যখন মার কাছে মামার বাড়ির গল্প বলে ὤ8ὤ8 — feeling naughty	Neutral
1385	#বাংলা ভাষা টা দিন দিন সবার মত হয়ে যাচ্ছে। যখন যার যে ভাবে ইচ্ছে সে ভাবে ব্যবহার করছে। #বাংলা নামক কোন ভাষা ই থা… https://t.co/QXOxpOHofa	Negative
1386	আমার এমন একটা প্রিয় মানুষ আছে যাকে আমার মন থেকে কিছু দিলে বা দিতে চাইলে ও নিতে চাইতো না। ও শুধু আমাকে এ টুকু বলতো… https://t.co/UknGW5Cg2s	Neutral
1387	#আবাল_ফ্যাক্ট আজকের যুগে কিছু মহৎ কাজ করে যত দ্রুত সেলেব্রিটি হওয়া যায় , আবাল হলে তার থেকে হাজার গুন দ্রুত তা হওয়া যায় ্‌্‌্‌	Negative
1388	পারলে ১০ জন সৎ VIPর নাম বলুন? না পারলে VIP ট্যাগধারী চোর বাটপারদের আলাদা লেন মেনে নিন, এতে অন্তত অসৎ লোকের সংখ্যা গোণা যাবে...	Neutral
1389	সেই সব মহান মানুষ দের অনুরোধ বন্ধুত্ব করার ইচ্ছে প্রকাশ করবেন না যদি আপনি মাজহাবী বিতর্কে মজা পান। যদি লিস্ট এ কেউ থাকেন ব্লক খাবেন।	Neutral
1390	ঋণী করো .. ।। দা উ দু ল ই স লা ম এসো, আমাকে ঋণী করো মনে প্রাণে যৌবনে প্লাবনে করো ঋণে ঋণে জর্জরিত, বিদীর্ণ... https://t.co/LCbid9RlWq	Neutral
1391	RT @sumonhasan_: পড়াশোনা কম জানলে দোষ গরিব হলে দোষ অসুন্দর হলে দোষ তাইলে কি যাদের এসব নাই তাদের বিয়ে হবে না এ ক্যামন বিচার?	Neutral
1392	আসুন মিলে মিশে খাই :D সাড়ে চার লক্ষ কোটি টাকার বাজেট হয় এই দেশে । ষোল কোটি জনগন । সবাইকে বাৎসরিক পাঁচ লাখ টাকা… https://t.co/RlDxVK8BiC	Neutral
1393	RT @ZimHamza51: নেককার স্ত্রী ছাড়া কোন পুরুষ যেমন সুখী হতে পারে না, তেমনি নেককার স্বামী ছাড়াও কোন মেয়ে সুখী হতে পারে না। একটি সুখী পরি…	Neutral
1394	আমার এক বন্ধু ছিল যার একটা মেয়ের সাথে সম্পর্ক ছিল প্রায় ৪ বছর্। এই ৪ বছরের মধ্যে ৩ বছরই ওরা একে অন্যকে গালাগালি ক… https://t.co/1wZ6i7kx5t	Neutral
1395	শুক্রবার সকালে আমি কার্ডিও কেয়ার হাসপাতালে রোগী দেখতে বসি। এমন একটা দিনেই উত্তরা আসার পরিকল্পনা করা হল, ঠিক... http://t.co/U9IIhpogKj	Negative
1396	নাইন ইলেভেন শিশু যার জন্মতারিখ, জন্মসময় এবং জন্মের ওজনে বিস্ময়কর মিল	Positive
1397	লাক্স ক্যাফে লাইভে আজকের অতিথি সংগীতশিল্পী এস আই টুটুল। (ABM Shahidul Islam) উপস্থাপক: কবির বকুল (Kabir Bakul)	Positive
1398	মেজবান ও কিছু মজার মুহূর্ত http://t.co/OkWhkbarRs	Positive
1399	জেএসসি ও সমাপনী পরীক্ষার্থীরা দুশ্চিন্তায়: বানের পানি কমিচ্চে কিন্তু স্কুলোত এখনও কাদা-পানি। হামাকেরে (আমাদের... http://t.co/Q9GUAYFi3E	Negative
1400	মহান আল্লাহ আমাদের সবাইকে মাহে রামাদান এর পবিত্রতা রক্ষা করে চলার এবং বেশি বেশি নেক আমল করার তৌফিক দান করুক। আমিন !!! — feeling delighted	Positive
1401	রাজনীতি করবো ভাবি কার সাথে যাই আশেপাশে কত নেতা নেতা কোথায় পাই আমি যদি নেতা হইতাম কি হতো ভাই হাল গণতন্ত্র এখন ভারী… https://t.co/fqd2kBfcGZ	Neutral
1402	গুনাহ করার পর গুনাহটি ছোট নাকি বড় তা নিয়ে চিন্তা করার চেয়ে আমাদের ভেবে দেখা উচিত আমরা যার অবাধ্য হচ্ছি তিনি কত বড়, তার আযাব কত কঠিন!	Neutral
1403	এখন মানলাম যার টাকা আছে তার দুনিয়ার সব সুখ আছে। কিন্তু যার টাকা নাই তার উপর তো কোনো বিশ্বাষ নাই। তার তো কোনো গ্যারান্টিও নাই।	Neutral
1404	ছাত্রদের প্রত্যাশা ও ছাত্ররাজনীতির মধ্যে যত ফারাক 👇👇	Positive
1405	@sheikhriad1 তাহলে এড করে নাও ;	Neutral
1406	RT @RASELHO73505329: বালিকা ভালোবাসি কেন জানিস তুই গরমে ঘামলে টিস্যু ব্যবহার করিস না কিন্তু আমি ঘামলে তুই ব্যাগ থেকে টিস্যু বের করে আমার ঘা…	Neutral
1407	পরকীয়া নয় ভালবাসা বলো- ভালবাসার কথা এখন শুনতে চায় না কেউ । কেনই বা শুনবে মানুষ সে কি আর আছে কারো কাছে? দেশে না… https://t.co/Q4l1Qq5oV8	Neutral
1408	আজ নিজের মোবাইল টা খারাপ হবার পর বুজলাম আমাকে বাড়ী এর তে কেন আপনারা ধরে আনেন , নিউ মার্কেট খুলে আমার ফোন টিক করলা… https://t.co/7FCzvVJ52b	Neutral
1409	এই পোলা ভালা না এই পোলার স্বভাব খারাপ গুন্ডামি করে রাস্তা ঘাটে আবার টাকা পয়সার অভাব... #Samrat_Sij — listening to Shomoy PT 2 - Music Video	Negative
1410	RT @TithiSpeaks: সানির জীবন কাহিনী জানি ।।।। ও একজন মানুষ হিসেবেও ভালো আর ও মেয়েদের কল্যাণে অনেক কাজ ও করছে ,,,,, সবই ভালো এটা মানা সম্ভব…	Positive
1411	গ্রামবাংলার ছবি আঁকতে পছন্দ করতেন প্রয়াত শিল্পী সৈয়দ জাহাঙ্গীর। ২০১৮ সালে তিনি মারা যান। ২০১৭ সালে একটি ছবি এঁকেছিলেন 'ফ্লিইং রোহিঙ্গা' নামে যার বিশেষত্ব ছিল বিশাল আকার। ছবিটি নিয়ে প্রতিবেদন দেখতে পারেন আমাদের ইউটিউব চ্যানেলে।  বিবিসি বাংলার ভিডিওগুলো পেতে সাবস্ক্রাইব করতে পারেন বিবিসি বাংলার ইউটিউব চ্যানেল  https://bbc.in/2zNqQ6U	Positive
1412	৯৯% লোক ভুল উত্তর দেয়। তুমি সহ ১০১ জনের দৌড় প্রতিযোগিতা দেয়া হলো। তুমি শেষ জনকে ওভার টেক করলে। এখন তুমি কত তম স্থানে আছো? #rst	Neutral
1413	যে সমাজে আমার কোন জায়গা নেই সেই সমাজে গাইছি আমি গান। আমি মাতাল হতে পারি, আমি পাগল হতে পারি, হতে দাও। তবুও I dont care.	Neutral
1414	আত্মবিশ্বাসী হলেও সতর্ক বাংলাদেশ -  http://t.co/8KmRsoNxql @ http://t.co/T0q6cdtRPC	Positive
1415	এই হালার পো এত কথা কয় ক্যারে তার বউকে ধর্ষণ করলে কেমন লাগিবে কিন্তু জিজ্ঞাসা করেন। বউ মায়ার বাদ দাও, বোন কে ধর্… https://t.co/H0ssfBDFM2	Negative
1416	RT @HotSonai: চোদার পর গুদের ভেতরে মাল ফেলে দিয়ে অনেকে মনে করে সাথেসাথে প্রস্রাব করিয়ে নিলে গুদ থেকে বীর্য বের হয়ে যাবে । তাই আর প্রেগন্…	Neutral
1417	@mehedi_36 এই অধম কোনদিন বরযাত্রী হয়ে ফ্রি খাবার খাইতে পারে নাই ὠ1ὠ1ὠ1ὠ1 কর্ম না করলে ঐ ৪ জনই রোজা রাখতে হয় ἳ9ἳ9ἳ9ἳ9 ধন্যবাদ ভাই #শুভরাত্রি	Neutral
1418	RT @SmahfujAhmed: #অবৈধ সরকারের কথা শুনে সেই দিন আন্দলোন বন্দ করেছ ভাই আজ তার মাসুল দিয়ে দিল অবৈধ ছাত্র লীগ ভাই এই লজ্জা তোমার একা নয় এ ল…	Negative
1419	আমাদের আচরন ছোট শিশুর মতোই রয়ে গেছে , বাস একটি জড় পদাথ তার কোন হাত পা নেই যে কাউকে মারতে পারে অপরাধী চালক তবে বাস… https://t.co/WrXsPuIqhh	Neutral
1420	শাকিরার নতুন সুগন্ধীএই কলম্বিয়ান গায়িকা ও ফুটবলার পত্নী সম্প্রতি জানিয়েছেন যে আবারও মা হতে চলেছেন তিনি। শুধু...	Positive
1421	তেহরান ও ওয়াশিংটন নিষেধাজ্ঞার জন্য একে ওপরের ওপর দোষারোপ করে কিন্তু তাতে ঝামেলায় পড়েছে ইরানের সাধারণ নাগরিকেরা	Negative
1422	বাংলাদেশ পরিসংখ্যান ব্যুরোর (বিবিএস) কৃষি শুমারি ২০১৯ এর প্রাথমিক ফলাফল...	Positive
1423	'আশিক আহমেদ নামের এই তরুণের বয়স ৩৮ বছর। তিনি ডেপুটি নামের হিসাব রক্ষণাবেক্ষণকারী একটি সফটওয়্যারের...	Positive
1424	অনেক দিন হল তোমায় দেখিনা মোবাইলে চার্জ হওয়ার মত আমি নিজেকে চার্জ করতে পারি না,তুমি ভাবছ আমি পাগলের মত ভুল ভাল কি বকছি হ্যাঁ আমি পাগল,,,	Neutral
1425	ইচ্ছাশক্তি বা আত্মনিয়ন্ত্রণ এক ধরণের মোটিভেশন কিন্তু এটিই সর্বোত্তম নয়	Positive
1426	বাংলাদেশ থেকে যদি কেউ আমার খবর নিত প্রতিদিন সেটা হলো আমার মেজো বোন । আজ ৪ দিন হলো আমার বোনটা চির নিদ্রায় দেশ থে… https://t.co/OMwggECOcR	Neutral
1427	লালমনিরহাটে প্রতিবাদ সভা ও সাংবাদিক সম্মেলন করেছে মুক্তিযোদ্ধাদের একাংশ http://t.co/Yb7PWA3HUr	Positive
1428	ভালোবাসা হলো বৃষ্টির পানির মতো, যা একবার নিছে পরলে তা আর কখনো উপরে তোলা যায় না ।। ঠিক তেমনি এক বার যাকে ভালো… https://t.co/DDcwPqgSx1	Neutral
1429	তিনি।বহু পুরুষকে সামলেছেন।তবে নিজের স্বামীকে দিয়েছেন ১০-এ ১০।যদিও স্বামী ভদ্রলোকটি মানসিকতার দিক থেকে তাঁর... http:/t.co/PHpWNWYHm6	Neutral
1430	@nisshango কিন্তু তুমি না আসলে আমার মত কয়েকজন যে মন খারাপ করে সেটাও তোমার বুজা উচিৎ। @rofarahny	Negative
1431	আওয়ামী লীগ সরকার দেশকে উন্নত করে দেশকে এগিয়ে নিয়ে যাক আর আপনারা বসে বসে হিসাব কষতে থাকুন । এখন আমার প্রশ্ন মিঃ ম… https://t.co/mTaOjujtCN	Neutral
1432	এ জীবন তোমাকে দিলাম ও বন্ধুতুমি শুধু ভালবাসা দিওবন্ধু ....	Neutral
1433	আহা কি যে বলি... সুধু বলি, ঘটক বিদায় দেখে এলাম কি আরাম... কত আনন্দ... কি ভালো যে সময় টা কাটল Poulami Bose ὡ8 তোমার… https://t.co/hkxj2zxULh	Neutral
1434	@ProthomAlo আরে ভাই ডারিয়া হলে আমরা পেট কেটে ফেলে দি না, ডারিয়া থেকে বাঁচার জন্য ওষুধ খায়, তাই আগে ওষুধ খান । আ… https://t.co/gacB3asSAr	Neutral
1435	ঢাকা শহরে সাবওয়ে কবে হবে ভাই? - নাই হওয়াই ভালো! কেন ভাই? - ঠিকাদারেরা উপরের মতো মাটির নিচেও দুই নাম্বারী করা মানে নির্ঘাত মরণ!	Negative
1436	RT @IamShahidaRimi: @hridi_aishika @weareoneEXO Hmm ঈদ ই তো... এত্ত খারাপ বউ না 2 দিন খালি রাগ ছিলাম.... বাকি 2 দিনে র পর ঘরে নিয়া গেসি...…	Neutral
1437	@arif_rony2 তারপরে ও দেখতে পেলে খুব মজা পাই	Positive
1438	চরিত্রহীন কখনো সঠিক দিকে যায় না ... এবং কোনদিন সুখী হবে না ... তারা ধ্বংস হবে ভগবান এর দ্বারা ... তারা কখনো কোন ভা… https://t.co/vtfCQfmwjG	Negative
1439	আর্জেন্টিনা .. নাকি .. ব্রাজিল ? অরে একটা হইলেই হয় , ভিডিও সবার জন্য .. আশা করি অনেক ভালো লাগবে ভিডিও টি .. এবং ভা… https://t.co/G1vyDoWvxs	Neutral
1440	রাজনীতি বলে একটা কথা আছে আওয়ামীলীগ ছাড়া এখন অন্য কোন দল জানে না , কোটা কেমনে আম পারার কোটা হয় তা জয় বাংলা শুধু জানে	Negative
1441	হুসেইন মুহাম্মদ এরশাদ মারা যাওয়ার পর থেকেই জাতীয় পার্টির নেতৃত্ব নিয়ে বিরোধ চলছিল	Positive
1442	কি খবর বাচ্চারা ὢ4 ὇6ἿF ? মানে এবার যারা নতুন ভোটার , কেমন ভোট দিলা তোমরা ? তোমাদের একটা বিষয় জানা উচিত ছিল যে , ভোট… https://t.co/H8V1BDSKk0	Neutral
1443	সাংস্কৃতিক সফরে সিঙ্গাপুর ও মালয়েশিয়ায় গেলেন সাংবাদিক সৌরভ | newsnarayanganj http://t.co/FBPoNz4eYg	Neutral
1444	কে কি ভাবলো, কে কি বললো সেটা চিন্তা না করে আপনি ভালো কাজ করে যান। কেউ আপনার মূল্যায়ণ না করলেও মহান আল্লাহ তা... https://t.co/ijtmOAMt4y	Positive
1445	আমি সতি বলেছি তুমি জেনো কসট না পাও আসলেই আমি ওনেক ভুল করে ফেলেছি কেনো এমোন হলো আমার জীবনে আমি কেনো মিথার আসরয় নি… https://t.co/z2lDD7rCFI	Neutral
1446	আপনার মত হিমু কে অামি পকেটে রাখি। তাই নাকি স্যার। হে, কি ভাবেন নিজেকে? কিছু মনে না করলে একটা কথা বলব স্যার? হে বলেন… https://t.co/klyZ5gbUcM	Neutral
1447	'মেয়েটির শরীরের বিভিন্ন জায়গায় ভোঁতা কিছু দিয়ে আঘাত করার চিহ্ন রয়েছে...	Negative
1448	বড্ড ভুল হয়ে গেছে । এক্সের সাথে ব্রোক-আপ করার আগে ন্যাকামি আর বাচ্চাদের মতো মিথ্যেবলাটা শিখে রাখাটা দরকার ছিল । সময় অসময় কাজে লাগতো ὡ2	Neutral
1449	আমি জানি না...আজ যদি আমি মরে যাই কাল আমাকে নিয়া লোকে কি বলাবলি করবে! কেউ হয়তো বলবে আমি খুব খারাপ ছিলাম আবার কেউ ব… https://t.co/T4ZIBjDczu	Neutral
1450	মা - তামান্না . মা মমতার খনি, মা মুছে দেয় চোখের পানি। মা তুমি অনেক ভালো, তুমি আমার জগতের আলো। মায়ের আঁচলে পাতা আ… https://t.co/RoUg2Zdqn6	Positive
1451	আসাম সরকার জানিয়েছে এনআরসি থেকে বাদ পড়া মানুষদের এখনই বিদেশী বলে ঘোষণা করা হবে না অথবা গ্রেপ্তারও করা হবে না।	Negative
1452	বনানীর বহুতল ভবনের আগুন নিয়ে সর্বশেষ লাইভ...	Negative
1453	যে চলে যাবার সে হাজার টা ভালো গুন থাকলেও একটা খারাপ গুন বের করে চলে যাবে। আর যে ধরে রাখার সে হাজার টা খারাপ গুন... https://t.co/6rtJoohmgU	Neutral
1454	- ইসলাম ও মানবতা	Neutral
1455	@shahanaz_rumy কাহিনী এক নয় তবে একটা সাথে আরেক টার প্রতিছব্বি ও থাকে।  এবং সম্পক যুক্ত ও।	Neutral
1456	হে আল্লাহ আপনার চেয়ে বড় দয়াল নাই সকল কাজে আপনার কৃপা চাই আমি অধম মহা পাপী হাত তুলে চাই গুনা মাফি আমাকে আপনি ক্ষ… https://t.co/iqwupN430H	Positive
1457	কোনটাকে সুখ বলি ভেবে পাচ্ছি না! তবে আমার মতে দেয়াতেই অনেক সুখ কয়জন পারে এমন সুখ দিতে এত কষ্ট করেὠD কিন্তু সেইম টাইমিংটা সঠিক মনে হয়নি	Neutral
1458	আর ও অনেক খবর জানতে এখানে ক্লিক করুন -http://t.co/1vHV1Kyu1fWest Indies declared on 484 for 7, with...	Neutral
1459	ওয়েস্ট ইন্ডিজ বাংলাদেশ টেস্ট ম্যাচ এ কি ইভিম এর ব্যবহার হয়েছে ! এক ইনিংস ও ১৮৪ রানে জয় কিভাবে সম্ভব ! সুক্ষ্ম কা… https://t.co/dI40fTN0z4	Negative
1460	যেই জিনিস চোখে ধরে না তা কখনো মনে ও ধরে না। সন্দেহ এমন একটা জিনিস যা আস্তে আস্তে ঘৃণায় পরিনত হয়। — feeling confuse	Negative
1461	নিজেদের কেই সচেতন হইতে হয়। ।। সব দোষ সরকার এর সব দোষ মেয়র এর সব দোষ কমিশনার এর সব দোষ ওই লোকটার আমার কোন ভুল ও না… https://t.co/lUzAPFR7zh	Neutral
1462	- আসে পাশে মেয়েরা থাকলে ভুল করেও কোনও বাচ্ছাকে শিশু দিবস উইশ করবি না! - কেন? - মেয়েরা ভুল শুনলে মার খেয়ে মরবি!… https://t.co/54eHdjeZEx	Neutral
1463	এবার ফেসবুকই হবে শিক্ষার মাধ্যমপ্রতিদিন আমরা যে সময় ফেসবুকে ব্যায় করি সেই সময়ের মাঝে কিছুটা হলেও শিখতে পারি।... http://t.co/IQx9oYbuNC	Positive
1464	আমি কোন ট্রোল করব না আজ ব্রাজিল এর আজ কপাল সত্যি খারাপ গেছে এত ভালো খেলার পর ও শেষ রক্ষা হল না। লিজেন্ড তোমার হাতে… https://t.co/1kvKd9WqwA	Neutral
1465	@IstiacJack আরো 20 টা ম্যাচ বাকি আছে, আর সব দলেরি খারাপ সময় আছে ὠA আর সব কিছু পর ও রিয়াল সব সময় #UCL এর উপর চোখ রাখে	Neutral
1466	দেশবন্ধু পলিমারের বোনাস ও রাইটের ঘোষণা	Positive
1467	মূর্খ বা অজ্ঞদের সাথে কখনো কথা বা তর্ক-বির্তক করতে যাবেন না, কারন তারা ভাল কোন কথা বা পরামর্শ দিতে পারবে না বরং তা… https://t.co/zw0e2AFEvn	Neutral
1468	আমি সুখী হলে দুঃখই যদি পাও তুমি তবে সে সুখ আমি চাই না আমি চাই না আমায় দুঃখ দিয়ে যাও তুমি ৷ এই জীবনে কখন ও হবা… https://t.co/Vb1iF1N7Xb	Neutral
1469	ওহে ......... বাজিকররা তোমরা যারা গতকালকে হাজারে ৮-১০ হাজার করে দিয়ে ছিলে, তাদের কি কারোর হার্ট অ্যাটাক হয়েছে নাকি ? ὠ9ὠ9ὠ9 #BAN #Vs #SA	Neutral
1470	টপ বিশ্লেষন অফ দ্যা ডে! ভুল করে যদি প্রতিটা ব্যাক্তি সাথে সাথে স্বীকার করে নিত তবে পৃথিবীতে আদালত নামে কোন জায়গার সৃষ্টি হত না!	Neutral
1471	দিনকে যদি রাত বলে কেউ রাত কি হয়ে যাবে? খোলা মনে চোখ খুলিলে দিন এ দিন ই পাবে। যে ধর্মের মহান নবী সকল অনুগামীর তরে… https://t.co/33c1adq99j	Neutral
1472	মহিলাদের টিপ এর ব্যবহারকোথায় থেকে ও কিভাবে আসল :-----------------------------হযরত ঈবরাহীম (আঃ) কে যখনআগুনে... http://t.co/6sjB2gwBEI	Neutral
1473	আমি ছোট বেলা থেকে বাবা মা ভাই বোনে ভালোবাসা পাই নাই সুদু বলে আমি আমার ভাই বোনে মতো হয় নাই আমি আর কি করলে তাদের মতো হয় নাই	Negative
1474	বেশেষে কার্লোস তেভেজের বাবার অপহরণকারীদের ধরেছে পুলিশ। তিনজন পুরুষ ও একজন নারীকেকে অপহরণের অভিযোগে গ্রেপ্তার... http://t.co/GyMFWtFw3s	Negative
1475	সম্রাটকে কেরানীগঞ্জে কেন্দ্রীয় কারাগারে পাঠানো হলো...	Positive
1476	ঈদের মজা আসলে ঈদের আগের দিনটাতেই ὡE, ঈদের দিন তো কোন ফাঁকে শেষ হয় টেরই পাওয়া যায় না -_-, আর ঈদের পরদিন একদম মন… https://t.co/rAk4mViRni	Neutral
1477	কেউ কি খেয়াল করেছেন যে ওয়ার্ল্ড ট্রেড সেন্টার ভবনটি বিমানের আঘাতে ধ্বংস হয় নি? না কি শুধু আমিই এটা বুঝেছি? #9/11	Positive
1478	মনে হয় আজকে বাংলাদেশ২০০ রান ও করতে পারবে নাহ।	Neutral
1479	এসব দুর্নীতিকে অস্বাভাবিক বলে বর্ণনা করে তিনি বলেছেন, এগুলো দিনে-দুপুরে ডাকাতি। এই দুর্নীতির কারণে আওয়ামী লীগকে চড়া রাজনৈতিক মূল্য দিতে হতে পারে।	Positive
1480	ভালো ভালো দল গুলো যদি এই ভাবে বাদ পরে যায় তা হলে খেলা দেখার মজা থাকে না। ...#র্জামানি দলের জন্য খারাপ লাগছে ;-( ;-… https://t.co/AcM4LQOdoJ	Neutral
1481	RT @Anyprob_: কিছু কথা বলা হবে না হয়তো কোন দিনও, তাদের কে যারা ভুল বুঝে চলে গেছে, দূরে যাদের কে আর কাছে ডাকবো না, হয়তো তারাও আসবে না... এ…	Positive
1482	আমার একটা দুঃখ বাংলাদেশ সরকার, ১৪ কোটি মোবাইল দিল, ৭ কোটি কম্বল দিল মাগার আমি ত কিছু ই পাইলাম না, এই কথা কারে কই ?? ᾒ3ᾒ3ᾒ3 — feeling funny	Neutral
1483	এক হাতে স্টার প্লাস অন্য হাতে আমি কোনটা নিবি ছেমড়ী বল পেয়ে যাবি সবই,,,ὢ4 ὆Fএক দুই তিন চার পাঁচ আছে যত তুরে দিলাম… https://t.co/rkmsYi7V7x	Neutral
1484	( আমার জন্মের সাত মাস পরে চে শহীদ হয়েছেন ) চলেন হে, চলেন এগিয়ে চলেন .........( ফিদেল কে লেখা চের কবিতা ) আগুনর… https://t.co/57hlq0aPdy	Neutral
1485	প্রিয় মজা লসস বাসী সবাইকে জানাই টেডি ডে এর শুভেচ্ছা। সাথে থাকছে শুভ সকাল। সকলের দিনটি শুভ হোক এই কামনায় সাথে আছি আমি, #কিউট_পাগল	Neutral
1486	বাইশারী শাহ্ নুরুদ্দীন দাখিল মাদ্রাসাটি দীর্ঘ ২ যুগেও এমপিও ভুক্তি হয়নি	Neutral
1487	যার কথা বলছি তিনি মহান ইসলামী দলের নেত্রী। উনি এমনই মহান যে উনি যখন সামনে মোনাজাত ধরেন বাকি সবাই উনার থেকে নিচু স্… https://t.co/5qgqv4sYhA	Negative
1488	RT @RONY01725427070: গল্প : শেষ বিকালের ভালোবাসা . . শেষ বিকেলের আলো যখন বিদায় নেয় এই নশ্বর পৃথিবীর মঞ্চ থেকে তখন আর কিছুই করার থাকে... h…	Neutral
1489	RT @hmfaruq: এই ৩৯ টাকা ৫০ পয়সা ইতিহাস হয়ে রইলো। হে অবৈধ শাসকগোষ্ঠী মনেরেখো এই- ৫৬ হাজার বর্গমাইলের বুকে এর বিচার একদিন হবেই হবে ইনশাআল্…	Negative
1490	@ProthomAlo ২ কোটি টাকা জন্য মিথ্যা মামলায় জেলে বাংলার রানি আর ৮ হাজার কোটি টাকা চোরি করে মাল সাহেবের মত লোক মন্ত্রী হয়ে VIP সুবিধাভোগী	Neutral
1491	Dainik Moulvibazar » যুদ্ধবিরতির মধ্যেও চলছে পাল্টাপাল্টি গোলাবর্ষণ http://t.co/uoZF7Zwkzd	Negative
1492	১৯৭১ - তোমরা ৭ কোটি বাংগালী কে দমায় রাখতে পারবা না। ২০১৮ - তোমরা ১৬ কোটি বাংগালী কে দমায় রাখতে পারবা না। ঢাকা শ… https://t.co/Ro4Al49WCO	Positive
1493	RT @GolamMo28495622: ★★ তুমি আর তোমার কর্ম, যতোই ভালো হোক না কেনো,, সুখ তুমি পেতেও পারো আবার নাও পারো,, কারন সুখ প্রাপ্তির সাথে ভাগ্যের এক…	Neutral
1494	এই বিএনপি মহিলা ৪ ঘন্টা আগে পেইজ খুলে লীগ হয়ে গেছে Dhaka Metropolitan Police - DMP আপনারা এই মহিলা সব ত্বত নেন। কে… https://t.co/Vh49WsxGfC	Neutral
1495	জ্যাম থেকে বাঁচতে মাঝপথে এসি বাস থেকে নেমে ভটভটিতে উঠে বাসায় ব্যাক করছি ᾒ3ᾒ3ᾒ3ᾒ3 কোন সমস্যা ? মনে ঈদের সময় R ঢাকা যা… https://t.co/twz1kE1QyP	Neutral
1496	কেমন চলছে বাংলাদেশের ‘ডাক বিভাগ’? চিঠিপত্র ছাড়াও অর্থ জমা রাখাসহ অন্যান্য সেবা দিয়ে গ্রাহকদের চাহিদা কতটা মেটাতে পারছে সংস্থাটি? এ বিষয়ে প্রতিবেদন দেখুন ‘বিবিসি প্রবাহে’র আজকের অনুষ্ঠানে।  ডাক বিভাগ নিয়ে আপনার অভিজ্ঞতা জানিয়ে এখনই মন্তব্য করুন। বাছাইকৃত কিছু মন্তব্য প্রচার করা হবে ‘বিবিসি প্রবাহে’ আজ রাত ৯:৩৫ মিনিটে, চ্যানেল আই’তে।#bbcprobahotv	Negative
1497	আমাকে খুজতে তুমি কোথায় যেতে চাও ?আমি বৃষ্টির মাঠে নগ্ন একা ভিজি... — listening to Tahsan	Neutral
1498	সব সমইতো অকথা কূকথাই বের হয়, তারচেয়ে সবসময় চুমু বের হইলেও তো বাংলাদেশ একজন ইমরান হাশমি পাইতো.. টি এস সি র ঐ ঘটনা… https://t.co/JsqUxnvECd	Negative
1499	ক্ষণটা যতই কাছে আসছে ততই ঘুম আর আহার কমে যাচ্ছে। মাথায় ঘুরপাক খাচ্ছে সব কিছু ঠিকঠাক মতোই হচ্ছে তো নাকি কোথাও কোন কিছু বাদ পড়ে যাচ্ছে ?	Negative
1500	কাশ্মীরে জুম্মার নামাজের পর বিক্ষোভে নিরাপত্তা বাহিনীর ছররা গুলি- বিবিসির সরেজমিন রিপোর্ট	Negative
1501	As salamu alai kum wr wb যে অনু পরিমাণ ভাল করবে সে তার প্রতিদান পাবে আর যে অনু পরিমাণ খারাপ কাজ করবে সেও তার প্রতি… https://t.co/2NCb7ViETX	Neutral
1502	ঢাকা থেকে ফেরার পথে বন্ধুদের সাথে কিছু সময় এবং বড় ভাই এর সাথে পদ্না নদীতে নৌকা ভ্রমন। সময়গুলো খুব ভাল ছিল। — fee… https://t.co/ORVIkqYj4G	Neutral
1503	আজ ২৫শে ফেব্রুয়ারি, সোমবারের প্রবাহে যা থাকছে... বাংলাদেশে বিমান ছিনতাইয়ের চেষ্টা করতে গিয়ে সেনা কমান্ডোদের হাতে নিহত যুবকের পরিচয় কী? এবং কেন তিনি এরকম একটা বিপজ্জনক কাজ করতে গেলেন- শুনবেন বিস্তারিত। ঐ যুবক কিভাবে এই নকল পিস্তল এবং তার পেঁচানো ভুয়া সুইসাইড বেল্ট নিয়ে নিরাপত্তা গলে বিমানে উঠতে পেরেছিলেন, সেটাই এখন বড় প্রশ্ন। এই ঘটনা বাংলাদেশে বিমানবন্দরের নিরাপত্তা সম্পর্কে কী ধারণা দেবে? আজ থেকে ১০ বছর আগে বাংলাদেশের সীমান্ত-রক্ষী বাহিনী তৎকালীন বিডিআর-এ নজিরবিহীন সশস্ত্র বিদ্রোহ হয়েছিল। নিহত হয়েছিলেন ৫৭ জন সেনা কর্মকর্তাসহ মোট ৭৪ জন। এই ঘটনা থেকে বাংলাদেশের নিরাপত্তা এবং প্রতিরক্ষা বাহিনীগুলো কী শিক্ষা নিয়েছে? চকবাজারের চুড়িহাট্টায় ভয়াবহ অগ্নিকাণ্ডের ঘটনায় মৃতদের স্মরণে আজ রাষ্ট্রীয় শোক দিবস পালন করা হচ্ছে। ঘটনার পাঁচদিন পর কেমন সেখানকার পরিস্থিতি? উত্তর ভারতের একটি গ্রামে সহজ সাধারণ পদ্ধতিতে স্যানিটারি প্যাড বানিয়ে কীভাবে মেয়েরা মাসিকের ট্যাবুর বিরুদ্ধে লড়াই চালাচ্ছেন, সেই কাহিনি নিয়ে নির্মিত একটি তথ্যচিত্র অস্কার পুরস্কার জিতে নিয়েছে। সাথে থাকবে খবরের সর্বশেষ শিরোনাম	Positive
1504	খুলনা না এলাম চুইঝাল দিয়ে মাংস খেলাম না তা করে হয়। এত মজা লেগেছে খেতে খেতে ছবি তুলতেও ভুলে গেছি। খাওয়া শেষে সেই.… https://t.co/iotaKjPJaK	Neutral
1505	নতুন আইডি গুলো এসে কিছু দিন ভালোই মজা নেয় অনেকে ফলো পায় অনেক পায়না এরি মাঝে যেই একটু লাইন ঘাট চিনাই দেই এমনি তারা লাপাত্তা আমারে চিনে নাᾒ3	Neutral
1506	ভাল লাগছে না, কিছু একটা দেখে খুভ খারাপ লাগলো , জাই হোক ভালই হইছে না দেখলে বুজতে পারতাম না হয়ত বা আমার অজানাই... https://t.co/t4n4B9LCYw	Negative
1507	অভিনেত্রী ও মডেল এলিজাবেথ হার্লিকে ইচ্ছা করলেই যেকেউ চুমু দিতে পারবেন	Neutral
1508	আজ ৩রা ফেব্রুয়ারি, রবিবারের প্রবাহে যা থাকছে... ভেনেজুয়েলায় রাজনৈতিক সঙ্কট চলতে থাকার মধ্যেই বিরোধী নেতা হুয়ান গোয়াইদোর অনুরোধে দেশটিতে মানবিক ত্রাণ পাঠানো শুরু করতে যাচ্ছে যুক্তরাষ্ট্র। বাংলাদেশে কোনো ব্যক্তির বিরুদ্ধে নদ-নদী দখলের অভিযোগ থাকলে তাকে সব ধরনের নির্বাচনে অযোগ্য করার ব্যবস্থা নিতে নির্দেশ দিয়েছে হাইকোর্ট। বাংলাদেশে এবারের মাধ্যমিক পরীক্ষার প্রথম দিনই বিভিন্ন কেন্দ্রে ভুল প্রশ্নপত্র বিতরণ ও কিছু ক্ষেত্রে সেই প্রশ্নপত্রেই পরীক্ষা নেয়ার অভিযোগ খতিয়ে দেখা হচ্ছে বলে জানিয়েছেন শিক্ষামন্ত্রী। ফেরারি এক ব্যক্তির সাথে চেহারার মিলের কারণে কোটি কোটি টাকার ব্যাংক জালিয়াতির অভিযোগে দু’বছর কারাবাস করার পর আদালত তাকে মুক্তির আদেশ দিয়েছে। এ নিয়ে কী বলছে দুর্নীতি দমন কমিশন? ভারতে বিরোধী দল কংগ্রেসের সভাপতি রাহুল গান্ধীকে তার কিশোর বয়সে তোলা একটি ছবিতে মোনাজাতের ভঙ্গীতে দেখা যাচ্ছে, এমন একটি ছবি সোশ্যাল মিডিয়াতে তুমুল আলোড়ন ফেলেছে। কেন এই বিতর্ক? সাথে থাকবে খবরের সর্বশেষ শিরোনাম	Positive
1509	Plaese সবাই এই ভিডিও টি share করুন, এবং share করুন, ভিডিও টি সম্পূর্ণ দেখার পর আমার আর বলতে দ্বিধা নেই , যে অভিযোগ… https://t.co/n5ll9lzBOg	Neutral
1510	বাংলাদেশ থেকে এক ছোট ভাই কল করে বলল, ভাই... মাত্র ভোট দিয়ে আসলাম। সুন্দরভাবে ভোট হচ্ছে কোনো ঝামেলা নেই। আপনার ভোটটাও দিয়ে দিয়েছি। ᾑ4ὣ2	Neutral
1511	কে কাকে মঈ দেয় মজা করে দেখবো । গলাতো শুকিয়ে গেল মার্ক্স লেলিন জপ ।।১ স্বপ্ন দেখো খুব ভালো ঘাস আদা খাও রামদেবজীর… https://t.co/OAFszNi5vz	Neutral
1512	আলালসহ ৮ জনের বিরুদ্ধে চার্জ : ১ মামলায় জামিনযুবদল সভাপতি মোয়াজ্জেম হোসেন আলাল ও সাধারণ সম্পাদক সাইফুল ইসলাম...	Negative
1513	'বাংলাদেশের শীর্ষ ৩০০টি ঋণ খেলাপি প্রতিষ্ঠানের তালিকা সংসদে প্রকাশ, পরিস্থিতি কতটা উদ্বেগের?' এ বিষয়ে প্রতিবেদন দেখুন বিবিসি প্রবাহে। আপনার মতামত জানাতে এখনই মন্তব্য করুন। বাছাইকৃত কিছু মন্তব্য প্রচার করা হবে বিবিসি প্রবাহের আজকের অনুষ্ঠানে রাত ৯:৩৫ মিনিটে, চ্যানেল আই'তে।	Negative
1514	মিশরের জন্যেও হুমকি  ইসলামিক স্টেট	Negative
1515	এই জন্মে এ মানুষ হইলো কই? শয়তান বলে উপাধি দিলে শয়তান ও লজ্জা পাইবো ὠ7 ছোট বেলা থেকে যতো গালি দিছি আর শিখছি সব উৎ… https://t.co/hHrYbggYWi	Negative
1516	আপন মানুষ গুলা কষ্ট দিলে তখন কিছু ভালো লাগে না । কোন দিন আশা করি নাই।টাকা দুনিয়েতে সব কিছু না। আমার ভুল মনে হই সব… https://t.co/qFGdc9vg5E	Negative
1517	হাল চাষ করার জন্য ট্রাক্টর আনা হলে গরুর যেমন মন খারাপ হয়, তেমনি বিশ্বকাপ আসলে নেইমারের নাম শুনলেও আর্জেন্টিনার ফ্যানদের এমন মন খারাপ হয়...	Neutral
1518	১৪/০৬/২০১৮ তারিখ দুপুরের পর ঢাকা টু রাজশাহী এর বাস বা ট্রেন এর ১ টি টিকিট দরকার। অতিরিক্ত টিকিট থাকলে Plz call me ০১৭১৪ ৪৬১ ০৬৮	Neutral
1519	ফাউমি ঃ বিক্রয় ৫০ পিস ৯ দিন বয়সি ১ টা ভ্যাক্সিন দেয়া ২৯ পিস ৩ মাস বয়সি ৪ টা ভ্যাক্সিন দেয়া CPF-3:বিক্রয় ৪৫… https://t.co/TzpRijINX5	Neutral
1520	ইদানিক দেখেছি বাজে মে রা এত খারাপ ছি ছি ওইসবর মেরা দিকা দেই কেন দেহ বেপসা করে খায় ওরা কি মানুশ না ওরা পসু সুদু ছে… https://t.co/WJgQydbDIJ	Neutral
1521	আইভরি কোস্টের আবিদজানে ঐতিহ্যবাহী 'ফ্যাচু' অনুষ্ঠানে যোগ দেয় বিভিন্ন প্রজন্মের মানুষ। সম্প্রদায়ের নেতৃত্বে তরুণ প্রজন্মের অংশগ্রহণ ও ভূমিকার বিষয়ে জানাতে প্রতি বছর এই উৎসবের আয়োজন করা হয়। ছবি: GettyImages	Positive
1522	একেই তো আজকে বহরমপুরে কয়েকটি sbi atm ঘুরে দেখলাম no service, তার পর অন্য ব্যাংকের atm এ গিয়ে ভুল password type করি। !!! I hate SBI.	Negative
1523	ভালো আছি বলে মিথ্যা বলব না। এই ঠিকানা, সেই ঠিকানা,কিংবা আকাসের ঠিকানায় চিঠি দিতে হবে না। শুধু আমার খারাপ থাকার বিনিময়ে তুমি ভালো থেকো..	Neutral
1524	আওয়ামীলীগ এর কয়জন এর মনোনয়ন বাতিল হইছে নির্বাচন কমিশন কি তা কইতে পারবো! সবি দেখি বিএনপি ও তার অংগ সংগঠন এর বাতিল হচ্ছে। ᾑ4	Neutral
1525	'বিয়ের পর থেকে বিজয় যৌতুকের জন্য স্ত্রীকে চাপ দিতে থাকেন। একপর্যায়ে বিজয়কে দুই লাখ টাকায় মোটরসাইকেল কিনে দেওয়া হয়। এরপরও...	Negative
1526	বিশ্বকাপে ১ম বারের মত চান্স পাওয়া দল ও ড্র করে, পেনাল্টি ঠেকায় :D জয় হো, জয় হো :D এই ম্যাচ ড্র এর পিছনে সব থে… https://t.co/BxREeRVb5N	Neutral
1527	চায়নাতে যত ধরনের টেকনোলজি তাদের কাছে সবই সম্ভব! আর বাংলাদেশ 22 দিনের শিশু মামলা খায় এবং তাকে হাজিরা ও দিতে হয় এটা বাংলাদেশে সম্ভবὠ2ὠ2	Neutral
1528	খমতা এমন একটা যিনিস যখন খমতা থাকে তখন যা মনে চায় তাই করি আমরা একবার বাবুন তো কুকুর টা দিকে লোপ এমন একটা যিনিস তখন… https://t.co/b6TTm8vk1r	Neutral
1529	আজ আবার দু মাস পর ঢাকা যাচ্ছি। অনেক বন্ধু ই আছে ঢাকাতে কিন্তু গ্রামের পরিবেশ, এখানকার বন্ধু সবাই কে খুব মিস করব। ঢা… https://t.co/EEOuRYgSZi	Neutral
1530	বাংলাদেশ টা আমার আমার আদিকার আছে দেশ টাকে নিয়ে স্বপ্ন দেখা কেউ সে স্বপ্ন টাকে নষ্ট করতে পারবে না। I love My Bangladesh &lt;3	Positive
1531	সরকার পতন হলেই তারেক রহমান দেশে ফিরবেন - অপদার্থ রিজবী ! সরকার পতন কবে হবে ? - আন্দোলনের পর ! আন্দোলন কবে হবে ?… https://t.co/c9KQEofUCr	Negative
1532	মঠবাড়িয়ায় পৌরশহরের পাকা সেতু বিধ্বস্তের দুই বছরেও নির্মিত হয়নি	Negative
1533	@BegumZiaBd কেন আপনার সময় তো মাঠে ফসল চুরি হয় ঘরে থেকে ছেলে নিয়ে জায় গিয়ে বলে টাকা দে তা না হলে ছেলে মেরে ফেল… https://t.co/RAaBUtJBOP	Neutral
1534	RT @faysallabib413: ভালবাসি তোমায়  বলা কত সহজ !!! কিনতু সেই ভালবাসাকে ধরে রাখা ভীষণ কঠিন !!! অনেক সময় লাগে কারো ভালবাসা পেতে , কিনতু এক…	Neutral
1535	ও ভাই ভুলেও কারো উপকার করতে যাইবেন না ঘরে খেয়ে বনের মহিষ তাড়ানোর থেকে বিরত থাকুন✋ এনি ওয়ে বাড়ি যাচ্ছি ঢাকা টু ঝিনাইদহ ✈✈	Neutral
1536	আজকে আপনার হাতে ধূমায়িত এক কাপ চায়ের পেছনে রয়েছে উটের কাফেলা, পারলৌকিক প্রয়োজন এবং বিপ্লব-এর চমকপ্রদ ইতিহাস....	Positive
1537	এই যে এত বৃষ্টি আসে দিন চলে যায় দূরে এমন কিছু থাকে কি পড়ে এ বুকের সমুদ্দুরে! এই যে এত লোভ ঘৃণা আগুন জ্বলছে... https://t.co/9QVktdWmGN	Neutral
1538	মানুষ গুম হয় হোক, দেশ তো ভাল চলছে ! মানুষ খুন হয় হোক, দেশ তো ভাল চলছে !! অপহরণ হয় হোক, দেশ তো ভাল চলছে !!! ক্রস… https://t.co/ol44FHKBoA	Negative
1539	আমার কাছে ভালোবাসা হলো ত্যাগ ১ হয় তাকে নিজের মতো করে নাও ২ আর না হয় তার মতো হয়ে যাও প্রথমটাতে থাকবো ততদিন, যতোদিন পর্যন্ত সম্ভবনা থাকে	Neutral
1540	আওয়ামী লীগের ১০ বছর ক্ষমতায় আছে আর সেই দশ বছরে ব্যাংক থেকে প্রায় সাড়ে ২২ হাজার কোটি টাকা লোট হয়েছে.. — আজব বাংলার রাজনীতি	Negative
1541	আজ আমরা সবাই জানি 15 ই জানুয়ারি এবং এই দিন ভারতে সেনা দিবস হিসাবে উদযাপন করা হয়। এই বছর 70 তম সেন দিবসকে মহান উদ্… https://t.co/TvgeEEsyYn	Neutral
1542	RT @6FJnq7M99KZJcdv: এতো দিনে আমার মনের মতো একটা কথা বলেছে এক জন তার কথা আমার সারা জীবন মনে থাবনে কারণ আমরা অনেক সময় বড় ভুল করে পেলি তাই…	Neutral
1543	মজার ইশকুলঃ ঈদ উৎসব ২০১৮ । সিজন - ৬ বাকি আর মাত্র কিছুদিন। মাপ নেয়া প্রায় শেষ, সব পয়েন্টে চলছে উৎসবের আমেজ, স… https://t.co/hRVdrr97rq	Neutral
1544	# সৃজনশীল_প্রশ্ন : অহংকারী + বেয়াদব রশিদ খান এর বয়স ২০ বছর! এবং তার ছেলের বয়স ৪ বছর হলে, ঢাকা থেকে মঙ্গল গ্রহ এ… https://t.co/8TQ49bkKRw	Neutral
1545	কিছু কুটনা মানুষ জন্মায়- নিজের ভুল না ধরে আপনার ভুল ধরে, হেটে হেটে ঘরে ঘরে বদনাম রটানোর জন্য। just show your middle fingure to them! Ὑ5	Neutral
1546	RT @Shuvro_r: আর মিছিলের ওই স্লোগানে মিশে থাকা সব গল্প, ভালোবাসা যায় হারিয়ে থাকেনা কিছুই অল্প, ভেঙে পড়া ওই দরজায় পড়ে থাকে অভিমান। http…	Neutral
1547	বাংলাদেশে সর্বশেষ রোহিঙ্গা সঙ্কটের এক বছর: শরণার্থী শিবিরে রোহিঙ্গাদের প্রতিবাদ। ভিডিওটি পাঠিয়েছেন উখিয়ার স্থানীয় সাংবাদিক ওবাইদুল হক চৌধুরী।	Negative
1548	‘টাকার বিয়ে’ প্রথার মধ্য দিয়ে নাইজেরিয়ার বেশেভে সম্প্রদায়ের মেয়েদের কেনাবেচা চলে। ঋণ শোধের জন্য ছোট মেয়েদের বিয়ে হয়ে যাচ্ছে ৯০ বছর বয়সী পুরুষদের সাথে। আন্দোলনকারীরা বলছেন, এটা এক ধরনের দাসপ্রথা।	Negative
1549	ধ্বংস খুব নিকটে কিন্তু আমি বা আমরা-তো তরল পদার্। আমি বা আমাদের কি’বা করার আছে। আমরা ৯৯% খারাপ হলেও ১% তো ভালো..তাই .? আপনাকেই বলছি	Neutral
1550	RT @Mdliton_BD: প্রতিটা মানুষই তার নিজের কাছে নির্ভুল, আর এ জন্যেই মানুষ ভুল করে, কারন ভুলকে নির্ভুল ভেবেই মানুষ সবচেয়ে বড় ভুল করে থা…	Neutral
1551	সময় খারাপ তাই আজ সারা কাপড় থেকে রঙ উঠেছে আমার ὡ1ὡ1 এমন একটা দেশে বাস করি যেখানে মসজিদ থেকে জুতো চুরি হয় ὡ1ὡ0 ৭দিন… https://t.co/qcW7N6ljLR	Negative
1552	RT @JaigirdarNusrat: আমরা গরীব, আমাদের Exor Lightstick নাই থাকতে পারে, Exo r Concert এ যেতে পারব না জানি,, কিন্তু আমাদের Exo র জন্য বুক ভ…	Neutral
1553	বিশ্বের সবচেয়ে বড় পরিবার (ভিডিও)! http://t.co/ytbE7Fm6TH	Neutral
1554	আমি রাজ পুত্র হলে, তুমি ওতো অপ্সরী…! সামাজিক রীতি নীতি, ধর্ম ও রাজনীতি ওই সব বুঝি কম, বুঝি প্রেম বুঝি নারী, অলি গলি… https://t.co/Uzsg7ToSqg	Neutral
1555	'যুক্তরাজ্যের লন্ডনে সংবাদ সম্মেলন করে এ ঘোষণা দেওয়া হয়েছে...	Positive
1556	RT @PSCBSVseGBbIasW: মানুষের মানুষ অত্বয় নাই আমার এক বন্ধূ আমাকে একা চোদার কথা নিয়ে ৫ জনে চুদলো এই টা কি ঠিক করছে যাব আমি অনেক মজা পাইয়া…	Neutral
1557	-ওই কোথায় রে তুই? আর কত সময় লাগবে? -এইতো আর একটু। প্রায় চলে এসেছি -একঘন্টা ধরে তো এই কথাই বলছিস তুই। -কি করবো বল… https://t.co/feroctVigI	Neutral
1558	দোলে দোদুল দোলে ঝুলনা । দোলে দোদুল দোলে ঝুলনা । দোলে কৃষ্ণ দোলে ঝুলনা । দোলে রাই দোলে ঝুলনা । দোলে দোদুল নাই তুলনা… https://t.co/TVpSrNxFuP	Neutral
1559	নির্যাতনের একপর্যায়ে তাদের বলি যে আমাদের মেরো না, এর চেয়ে গুলি করো। একপর্যায়ে সৃষ্টিকর্তার কাছে অনুনয় করি যেন আমাদের উঠিয়ে নেয়। 👇👇👇	Negative
1560	RT @DrJakirHussain: @himantabiswa এই তথ্যটো মাত্ৰ এখন Block phc ৰ হে ৷ মহোদয় ,বৰ দুখেৰে কৈছো why this is not a priority area. আপোনাক কোনো…	Neutral
1561	মুক্তিযুদ্ধের বই নিয়ে মুখোমুখি আওয়ামী লীগ ও বিএনপি http:/t.co/0S39lMdLw0	Negative
1562	Full stop টাও বাকি থাকলো না।এবার আর্জেন্টিনা একবার বলে দেখুক আগেরটা তাদের ভুল ছিলো না আর পরের টা opponent এর খেলতে না পারার কারণ ছিলো।	Neutral
1563	K - Force : মানে এক হয়ে অনলাইনে কাজ করা” এখানে একেক জন অনলাইনের নাপাকি ছাগু শিকারী ὠ1ὠ1 জয় হোক বাংলাদেশ আওয়ামী প্… https://t.co/yxNmRvcXEZ	Neutral
1564	সিম কার্ড ফের ডিএকটিভ ফোন চালাতে অার ভালো লাগে না ৷ কেনো জানি খুব অনীহা লাগে ৷ ভালো থেকো ভালো রেখো ৷ #অাবেগী_মনὉ8Ὁ8 https://t.co/xzBhhecONK	Neutral
1565	জীবন টা যখন জলে ভরা নদী তীরে অবস্থিত সভায় দেখে আনন্দ করে নদীতে কেউ জাপ দেয় না মরে যাবার ভয়ে। নদী যখন সুখী য়ে যা… https://t.co/Hhsg4vAWeg	Neutral
1566	RT @ARFINANTU: যে মানুষটি মনের দিক দিয়ে ভালো হয় সে মানুষটির ভাগ্যটিই খারাপ হয়। কারণ সবাই তার সহজ,সরল মনটা নিয়ে খেলা করতে শুরু করে।	Neutral
1567	|| ὠ0ὠ9 ধামাকা অফার - Reloaded 2.0 ὠ0ᾒ9 || কম দামে অসাধারণ Gadget কে না চায়? তাই আপনার কথা মাথায় রেখে প্রতিদিন যোগ... https://t.co/nZ22B3ZRVO	Neutral
1568	“পাখীরা চায় আকাশের নীল কবিতা চায় ছন্দের মিল; সরসীর ভালোবাসা চায় রাজহাঁস শিশিরকে পেতে চায় সবুজ সে ঘাস ; আর আমি শুধু চাই তোমাকে !”	Neutral
1569	@ahmealauddin আমি চিনি এবং প্রমাণ ও বের করে ছি তবে বলা যাবে না গোপন বিষয়রাজ পরিবার এখনও আছে	Negative
1570	RT @niluarif: তোমাকে তুলনা করব কার সাথে, তুলনা করি যদি ঐ আকাশের সূর্যের সাথে, নিশ্চই আমার ভুল হবে। কারন, সূর্যের ও গ্রহণ লাগে। তুলনা করি য…	Neutral
1571	RT @bbcbangla: সাত বছর বয়সী একটি মেয়ে শিশু গত ২৬শে জুন নিখোঁজ হবার পরদিন তাকে অচেতন ও রক্তাক্ত অবস্থায় খুঁজে পাওয়া যায় একটি বাস স্টেশ…	Neutral
1572	হজ ও ওমরাহ যেভাবে আদায় করবেনহজের মতো গুরুত্বপূর্ণ ইবাদত তাওফিক হওয় খুবই সৌভাগ্যের। কিন্তু হজের মাসয়ালা ও... http://t.co/gwVz2nzY7S	Positive
1573	RT @subalroy70: #Hori:একটু আগে একটা বুড়ো আমাকে চুমু খেয়েছে ὠ6 মাইরি ও একটা খারাপ বূড়োὠ3 আর আপনি একটা খারাপ মেয়ে মাইরিὠ2 #purbi:কি কি বললি…	Neutral
1574	ভদ্রতার ধার দেরে ভাই স্মাজকে ভাইয়া বলিয়া অনেক বার ঢেকেছি । আর হেব না ভুল , বাঁচতে হলে ভাইকে ভাইই ঢাকতে হবে ।... https://t.co/YMWRkmeQtl	Neutral
1575	সখী, ভালোবাসা কারে কয় ! সে কি কেবলই যাতনাময় । সে কি কেবলই চোখের জল? সে কি কেবলই দুঃখের শ্বাস? — listening to Robindro Songit	Neutral
1576	'অবরোধের ফলে কর্মকর্তা-কর্মচারীরা কার্যালয়ে প্রবেশ করতে পারেননি। উপাচার্য, সহ-উপাচার্য, রেজিস্ট্রারসহ বিশ্ববিদ্যালয়ের শীর্ষ কর্মকর্তারা কেউই...	Positive
1577	এক জেনারেলের মত নির্দেশ দিলেন আমরা কি আর একটা মুক্তিযাদ্ধা না করে সুধু দশক হতে চাই এটা সবার বিবেক এর কাছে প্রশ্ন ?… https://t.co/ThXpnco4S4	Neutral
1578	এক  Brathwaite খেলেছে ৪৪৭ বল বাংলাদেশের  স্পেশালিস্ট  ৮ জনের ৭ জন মিলেও তা খেলতে পারে না :3	Negative
1579	অনেকেই খারাপ কিছু ঘটলে বলেন পি এম এর কানে এ সব পৌঁছে না চামচারা ঘিরে রাখে করে সর্বনাশ ।অন্তত আমি তা বিশ্বাস করিনা… https://t.co/57Ho4PLx45	Neutral
1580	আমাদের গ্যাসের দাম কয়েকদিন পর পর বাড়িয়ে দেয়া হচ্ছে। গ্যাসের ব্যবহার সীমিত করে আনা হচ্ছে। এমন অবস্থায় কেন গ্যাস রপ্তানির কথা আসবে? তেল-গ্যাস রক্ষা আন্দোলনের সমর্থক মির্জা তসলিমা সুলতানা	Negative
1581	অবৈধ স্থানে নির্মিত মন্দিরে পূজা হবে কি? | আন্তর্জাতিক | অবৈধ তো অবৈধ ই , মন্দির হােক আর মসজিদ হোক সেখানে তো প্রাথ… https://t.co/sdj0TMgMer	Neutral
1582	সুখ গুলো সব এক জীবনে স্বপ্নে ছোঁয়া যায় না মনের আকাশ মেঘলা হলে রাতের শেষ আর হয় না যার কাছে আপনি বেশি সুখের আশা ক… https://t.co/RFBNt94mNy	Neutral
1583	সকাল ৬ টা ৩০ মিঃ এখন যমুনা পার হচ্ছি. যে ট্রেন সকাল ৬ টা ২০ মিঃ, আমাদের নামিয়ে দিয়ে, ঢাকা কমলাপুর থেকে খুলনার উদ্… https://t.co/OFFBlevTby	Neutral
1584	- আপনি অনেক হ্যাপি আছেন - হ্যা অনেক! (মনে মনে বললাম, সারাদিন না খেয়ে ঘরে দম বন্ধ হয়ে মরছিলাম, সেটা কেউ দেখলো না) — traveling to Dhaka	Positive
1585	জাহাঙ্গীরনগর বিশ্ববিদ্যালয়ে যে উন্নয়ন প্রকল্পে ছাত্রলীগের শীর্ষ নেতৃত্বের চাঁদাবাজির অভিযোগ, প্রায় দেড় হাজার কোটি টাকার সেই বৃহৎ প্রকল্পটিই অনেকের বর্ণনায় 'অস্বচ্ছ'	Positive
1586	সবার একি প্রশ্ন :  আমি খারাপ ব্যবহার করছি কেন?  আসলে আমি মানুষ টায় খারাপ তাই খারাপ ব্যবহার করছি । আপনারা ভাল মা… https://t.co/KBu8lEIT31	Negative
1587	মানুষ চিনতে ভুল ই করেছিলাম; কিছু দিন এও মানুষ চেনা যায়। আবার কয়েক বছর ও লেগে যায় , তাই অনেক কিছু সংশোধন করেছি;... https://t.co/1Kf0AXKTzA	Neutral
1588	 দীপু নাম্বার টু  মুভিটা যতবার দেখি ততবারই নতুন লাগে , আর ছবির শেষে প্রত্যেকবারই মন খারাপ হয় । #মাস্টারপিস — watching DIPU NUMBER 2	Positive
1589	বর্তমানে সঠিক মনে হওয়া সিদ্ধান্তটি যখন অতীত হয়ে যায়, সেদিন বরাবরই তা ভুল প্রমাণিত হয়। বর্তমান সবসময় ঠিক থাকে, অতীত ভুলে ভরা। :( :( :(	Negative
1590	C O N G R A T U L A T I O N S ! ওয়ার্ল্ড বাংলাদেশ অর্গানাইজেশনের (ডব্লিউবিও) কানাডা কোঅর্ডিনেটর মাইনুর রহমান সরকা… https://t.co/4PJFRlV7qL	Positive
1591	হয়তবা কারোই সময় হবে না আমার এই কথা বা আমার এই লেখা গুলো পড়ার। কিন্তু এক দিন আমার এই লেখাতেই কেউ আমায় খুজবে। যদি… https://t.co/mq0nWK8fsg	Neutral
1592	@Obykto মা-য়ের আচল বেধে ঝুল্লু লেগে, ৫ ৳ নেওয়ার জেদ্দ, তারপর মিলে গেলে টাকা, কি যে খুশি লাগতো। এখন এইগুলা ভাবতেও মনটা খারাপ হয়ে যায় :-(	Neutral
1593	RT @MdShafkat: অবুঝ সুবিধা বঞ্চিত শিশু দুটো এই টুকুন বয়সে জেনে গেছে কেউ বিশেষ করে মা অসুস্থ হলে,জ্বর হলে মাথায় পানি ঢালতে হয়। হায় সমাজে…	Neutral
1594	আমি তোমার মাঝে ঐ ছোট্ট সময় টুকো নিয়ে সুখ পেতে চাই না,,, আমি সারা জীবন তোমার সাথে সুখে থেকে তোমায় নিয়ে জীবণ পার করতে চাই বালিকা	Positive
1595	আরে, শালার ὠ2ὠ2ὃ8ὃ8 আমার ছবি দিয়ে ফেইক Id ὣ7 BCB আমার সাথে ইতিহাস করলো। এখন এই Id দেখে আমার হাসি থামছে না ὠ2 সবাই ম… https://t.co/o0JtNNxfKn	Neutral
1596	মধ্যবিত্তদের খুব কমন গল্প যা এত্তো ভালো লাগে যে ভাষায় প্রকাশ করার না, সুখ তুমি এখন কেন ধরা দেও না ? আমার পকেট ভরা… https://t.co/UemcwvE0xy	Neutral
1597	ওরে নুপেল দেওয়া চাইὣ9ὣ9ὣ9ὣ9। । । । তোরা আর একটু লেট করে আসলে লেজটা সহ ভের হতে পারতিὣ9ὣ9ὣ9ὣ9ὣ9। । । কে বলেছে মুজিব নাই??… https://t.co/pyDvKnXC8C	Negative
1598	এহ, আসছে! হুহ!আমাদের Imtiaz Hasan ভাইয়াও দৈনিক দশ বারটা করে স্ক্রিপ্ট রিজেক্ট করে, কই, সেতো কোনদিন কিছু বলে না... http://t.co/XPMBNIPcJn	Negative
1599	@jannat1819 আমরা বোকা তাই দল যতই দুর্বল হোক না কেনো আশা ছাড়ি না,মন খারাপ করবেন না হার জিত থাকবে তবে আশা করি যাতে একটু ফাইট হয়	Positive
1600	আর না হলে যত্ন করে ভুলেই যেয়ো, আপত্তি নেই৷ গিয়ে থাকলে আমার গেছে, কার কী তাতে? আমি না হয় ভালোবেসেই ভুল করেছি ভুল.… https://t.co/HdMiiuh7Wr	Neutral
1601	মানুষের জীবন এত কঠিন কেন? মানুষ যা চায় তা কি সত্যি পায়? যদি তাই হয় তাহলে আমার মনের আশাগুলো সবসময় অপূর্ণ থাকে কে… https://t.co/y2NPVzH07A	Negative
1602	RT @Ahmedshahjahan7: এই ছোট কপালে মনে হয় আমার জন্য কারো বুকে একটু ভালোবাসা জাগবে না কখনো। যাকেই মন থেকে কাছে পেতে চাই সেই দূরে ঠেলে দেয় স…	Negative
1603	বাল্যবিবাহ ধর্ষণের চাইতেও খারাপ, এই প্রথাটি উৎখাত করা উচিত http://t.co/hoAlybC8oj	Negative
1604	সাক্ষী এমনই এক গুরুত্বপূর্ণ বিষয় যে, সন্তানকে ধার দেওয়ার সময়ও কাউকে না কাউকে সাক্ষী রাখতে হয়। এর পর পর্যবেক্ষণ... http://t.co/VGHo97oaPF	Neutral
1605	যাদের কে খুব ভালোবাসা হয়, তাদের কাছ থেকে কষ্ট ও বিশ্বাসঘাতকতা পেলে, দুঃখ টা সবচেয়ে বেশি লাগে, রাগ আসে না.... এরকম না করলেও পারতিস তোরা।	Negative
1606	বাংলাদেশ ও অস্ট্রেলিয়ার মধ্যে বাণিজ্য ও অর্থনৈতিক সম্পর্কের সম্ভাবনা কতটুকু এবং কী কী পর্যায়ে কাজ করা যায়...	Positive
1607	অন্যরা আজ যা ভাবেন তা শেখ হাসিনা ১০ বছর আগে ভাবেন। আওয়ামী বিরোধীরা আজ যা ভাবেন আলীগ তা ভাবে আরও ২০/৪০ বছর আগে। ঐ… https://t.co/orRHVnC9L7	Neutral
1608	"''ক্যাম্প দিনের বেলায় বাংলাদেশের আর রাতের বেলায় সশস্ত্র গোষ্ঠীর। এটা এখন ওপেন সিক্রেট।"""	Negative
1609	নিজের সমর্থন করা দলকে যারা বেশি ভাল না বেসে অন্য দলকে তার চেয়ে বেশি ঘৃণা করে তারা আর যাই হোক ফুটবল প্রেমিক না বি… https://t.co/ahv2Cr2FdM	Neutral
1610	@Im_Hassi কাহ্লি এই ২০১৪টাই তো। ২০১৩তেও ভালো সময় গিয়েছে আল্লাহর রহমতে এবং ২০১৫তেও যাবে ইনশাআল্লাহ।	Positive
1611	বসে বসে টু ইট আর আর টি এবং অন্য অন্যদের থেকে প্রমাণপত্র না চেয়ে সিনেমা টা গিয়ে সিনেমা হলে দেখলে কাজে দিত মুখে আর… https://t.co/4YVV1ftrb4	Neutral
1612	@afroze_farzana আমার সবচে প্রিয় যে কয়টা গান আছে সেগুলা আমি খুব কম শুনি, বেশি শুনলে অনীহা আসতে পারে তাই, এই গান গুলা আমি নিজেই গুন গুন করি	Neutral
1613	ফেইসবুকে যারা পুরুষ হয়েও মেয়ে সেজে ফেক আইডি চালাই, আমার মনে হয় তাদের পুরুষত্বর যথেষ্ট অভাব আছে।	Negative
1614	যে বেশি ভালো কিছু খুঁজবে তার ভাগ্যে অশেষ দুর্গতি ... ভালোটা তো হারালো আর তার থেকে ও খারাপ জুটবে ... ভগবান এর মার তো জানে না	Negative
1615	@nusratjahanjeny @BCBtigers জাতীয় টিমের কাছে থেকে কি আশা করেন জানি না তবে এই এ টিম আফগান এ টিম এর কাছে গেলে ১০০ তে প্যাক আপ হবে	Negative
1616	আমার বউ বলে, “তুমি থাম. আর লিখোনা. আমাদের পুরো পরিবারকে অনিরাপদ করে তুলছ তুমি “. আমি না কথা বলে পারছি না. আমিতো এ… https://t.co/BejSovD8tC	Neutral
1617	সুখবর যদি আগাম জেনে নাও তাহলে অপ্রত্যাশিত লাভের জন্য যে আনন্দ তা আর পাবে না আবার খারাপ আগাম জেনে গেলে ঘটনা ঘটবার ব… https://t.co/u0fOiZGuA5	Neutral
1618	RT @Dream_Waterman: প্রিয় রাত্রি,, তুমি কিছু অন্ধকার কেন সঙ্গী সঙ্গত করে সাথে নিয়ে আসো রোজে? জানোনা কত রাত্রি আমার রচিত, কষ্ট আর পালা বদ…	Neutral
1619	মিছিল - মিটিং করার মতো জনবল ও সমর্থন কোনটাই নাই !! তাই বলে কি ঘরের মধ্যেও রাজনীতি করবে না ? !! আপনারা হুদাই সন্দেহ করেন !!	Neutral
1620	মতলব দক্ষিণে আলোচিত পিতা হত্যার ঘাতক ৩ বছরেও আটক হয়নি http:/t.co/gHb7D8CNmj http:/t.co/JalVaAqWLw	Negative
1621	বিএনপি যদি নির্বাচন করে তবে একা করলেই ভাল করবে নইলে বিএনপি’র সমর্থনে ঐক্যজোট ৩/৪ টা সিট পেয়ে যাবে তাতে বিএনপির কোন লাভই হবে না।	Neutral
1622	মামু ভাগ্নির আলাপ । মামু : কি রে বেটি কি করিস ??? ভাগ্নি : ফেসবুকে স্ট্যাটাস দিলাম । মামু : তা কি দিলি ??? ভাগ্… https://t.co/ZV197KaT2e	Neutral
1623	আফগান যে মেয়েরা আবার স্কুলে যাচ্ছেনাউজুবিল্লাহ। 👉ইফতারের সাথে সুকরের মাংস খাওয়াচ্ছে। ♦ইফাতারির মাংসের সাথে শুকরের মাংস রেখে সেই মাংস খাওয়াচ্ছে গুলশানের একটি হোটেল, ভেজাল খাদ্য অভিযানে ধরলো এই...	Positive
1624	শাহরুখ খান আর গৌরী খানের প্রথম দেখা ১৯৮৪ সালে। তখন শাহরুখের বয়স ছিল ১৯ আর গৌরীর ১৪ বছর। শাহরুখ খান এক সাক্ষাৎকারে জানিয়েছেন...	Positive
1625	AK Lotus Miazi ভাই এর আইডি হ্যাক হইছে, যদি ওনার আইডি থেকে ম্যাসেজ দিয়ে কেউ টাকা চায় বা কোন প্রকার খারাপ কথা বলে,… https://t.co/zlXeQQvCmI	Neutral
1626	বিবিসি বাংলার আজকের ফোন-ইনের বিষয়: বাংলাদেশে আশ্রয় নেয়া রোহিঙ্গা শরণার্থীদের মিয়ানমারে ফেরত পাঠানোর উদ্যোগ ভেস্তে যাবার পর  সামাজিক যোগাযোগ মাধ্যমে ব্যাপকভাবে রোহিঙ্গা-বিদ্বেষী প্রচারণা দেখা যাচ্ছে। এ বিষয়টিকে আপনি কিভাবে দেখছেন? এ নিয়েই হবে আজ শনিবারের ফোন ইন। এতে অংশ নিতে চাইলে আপনার নাম ও ফোন নম্বর এসএমএস করে জানিয়ে দিন  ০১৭১৪ ১১ ৫৫ ৭৮ এই নম্বরে। অনুষ্ঠানের আগে আমরাই আপনাদের সাথে যোগাযোগ করবো।	Positive
1627	মনে প্রাণে চাইলেই সব কিছু পাওয়া যায় না । কিছু পেতে হলে । কিছু করতে হয় । বড় ভুল থেকে ছোট হলেও শিক্ষা নেওয়া... https://t.co/6cfJEYJ9zV	Neutral
1628	বাংলাদেশ-শ্রীলঙ্কা ম্যাচ হবে তো? সবশেষ আবহাওয়ার খবর কি? ব্রিস্টল থেকে বিবিসি বাংলার ফেসবুক লাইভে বিস্তারিত।	Negative
1629	আগামী সপ্তাহেই সরকার আর বিরোধীদের মধ্যে ক্ষমতার লড়াই।	Positive
1630	মিথ্যা নাটক করি না, হঠাৎ করে রেগে যায় হাজার মন খারাপ থাকলেও কাউকে বুঝতে দেই না! মনে মনে আকাশ, পাতাল চিন্তা করি আ… https://t.co/8A4HVsUYmc	Neutral
1631	#bengali রনি খুব আনন্দে রয়েছে এতো গিফটস দেখে | এক পিসি তাকে একটা পেন দিলো যার কালি নাকি ভীষণ দামি এবং ফ্রান্স থেকে… https://t.co/grw8oaCdU9	Neutral
1632	কিছু না বলেও যেভাবে বলা যায় ভালোবাসি http:/t.co/lMhxdlgrtL	Neutral
1633	ক্ষুব্ধ প্রধানমন্ত্রী শেখ হাসিনা নিজে এই সংগঠনের নেতৃত্বের ব্যাপারে সিদ্ধান্ত নেবেন বলে দলের নেতারা জানিয়েছেন।	Positive
1634	চাড্ডি আর ছাগু , বলা হয় এরা একই গুয়ের এপিঠ ওপিঠ । এরা এমন এক প্রজাতি যাদের একে অপরের সাথে অধিকাংশ মতের মিল থাকা… https://t.co/Bp2MUxOWPT	Negative
1635	সে আমাদের দেশের ই ছেলে । বাংলাদেশ এর ছেলে :) এই দেশ এর কর্তৃপক্ষ যদি খেয়াল না করে হয়তো একদিন দেশের বাইরের থেকে… https://t.co/1tNXAyrVlg	Neutral
1636	কী ভীষণ চেয়েছি তোমাকে জানে আয়না জানে আলগা বিনুনি পরিপাটি চুল জানে অক্ষর চার কিশোরী চোখের কাজল আর জানে অপলক চেয়ে থাকা ভুল কী ভীষণ	Neutral
1637	বিয়ের পর যদি কোন মেয়ে স্বামীর সংসারে গিয়ে তার মা কথা মত চলে সব বিষয়ে মা কে গুরুত্বপূর্ণ মনে করে সে কোন দিন সুখী… https://t.co/twZMUWikMR	Neutral
1638	কর্তাদের অন্ধকারে রেখে ফুটবলারদের এক মাসের ছুটি ঘোষণা আর্মান্দোর৷ নিজেও গোয়ার টিকিট কেটে ফেলেছেন৷ কর্তারা কী... http://t.co/gVmsuWCkaB	Negative
1639	বিবিসি বার্মিজ ভাষা বিভাগের একজন সাংবাদিকের তোলা ভিডিওতে দেখা যায়, পুরো এলাকাই জনমানবশূন্য, নিরব। সীমান্ত সেতুটির ফটক তালাবদ্ধ। কিন্তু খোঁজ নিয়ে জানা যাচ্ছে, প্রত্যাবাসন নিয়ে ভেতরে ভেতরে আবারো সক্রিয় হয়ে উঠেছে মিয়ানমার সরকার। #রোহিঙ্গা #Rohingya	Negative
1640	*** দুনিয়াটা কার? দুনিয়া টাকার। যার আছে টাকা, তার সব পাপ ঢাকা যার নেই টাকা, তার সব কথাই ঢাকা। টাকা যখন কথা বলে ...	Neutral
1641	RT @zakutara: সাপের ছোবল সবচে বেশি খায় সাপুড়েরা- ই। রাজনীতি নিয়ে বেশি খেলবেন না। জনগনকে নিয়ে ছেলেখেলা করলে জনগন আপনাদের পুষবে কেন ? আ…	Negative
1642	বিবিসি বাংলার প্রবাহ অনুষ্ঠানে  যা থাকছে: ১. মিয়ানমারে রোহিঙ্গাদের বিরুদ্ধে গণহত্যা, যুদ্ধাপরাধ এবং মানবতাবিরোধী অপরাধের অভিযোগে দেশটির সেনাবাহিনীর প্রধানসহ ছয় জন জেনারেলকে আন্তর্জাতিক আদালতে বিচারের মুখোমুখি করতে বলেছে জাতিসংঘ। থাকবে জাতিসংঘের এই তদন্ত প্রতিবেদনের বিস্তারিত। ২. এরকম অভিযোগে মিয়ানমারের জেনারেলদের যে বিচারের মুখোমুখি করা যাবে তার বাস্তব সম্ভাবনা কতটা? থাকবে আন্তর্জাতিক মানবাধিকার আইন বিশেষজ্ঞ আহমেদ জিয়াউদ্দিনের সাক্ষাৎকার। ৩. আন্তর্জাতিক অঙ্গনে সুপরিচিত বাংলাদেশী আলোকচিত্রী শহীদুল আলমের মুক্তির দাবি জানিয়েছেন নোবেল পুরস্কার বিজয়ী অর্থনীতিবিদ অমর্ত্য সেন। এরকম দাবির জবাবে সরকারের বক্তব্য কি? থাকবে তথ্যমন্ত্রী হাসানুল হক ইনুর সাক্ষাৎকার। ৪. বাংলাদেশে ফেসবুকসহ সামাজিক নেটওয়ার্ক ব্যবহারিকারীদের কেন ভীতি বাড়ছে? কেন তারা নিজেদের মত প্রকাশে অতি সতর্ক? শুনবেন এ নিয়ে প্রতিবেদন।	Positive
1643	পালভাঙ্গা বাতাসে কেদেছি কত একা , কেউ দেখে নি পাহাড়ের কত জল । কিছু ভুল বোঝা থাকবেই , এটাই তো নিয়তি তাই বলে কি... https://t.co/UyoNLAC4TT	Neutral
1644	RT @SuhelHasan71: ভেবেছিলাম কাজ থেকে আজ একটু তাড়াতাড়ি চলে আসবো.. বাসায় ইফতার করবো ! এর মধ্যে বউ ফোন দিলো.. বললো- আজ একটু তাড়াতাড়ি চ…	Neutral
1645	RT @BNP76138: ὠ2ὠ2 ছবিটা দেখে বুকফেটে কান্না আসছে। ὠ2ὠ2 এমন রাজনীতি কি আমরা চেয়েছিলাম। আল্লাহ এই জালিম সাসকের উপর গজব নাজিল করুন। আল্লাহ তু…	Negative
1646	আমি কবি হতে চাই কেমন করে হবো কবি হবার জন্য আমি কোথায় ছুটে যাবো | Full poem link : https://t.co/I9mbuzFsng #bengali #poetry #bangla #poem	Neutral
1647	কেউ যদি ন্যায্য কথা বলে, সে যদি একজন ও হয়। অার অামরা যদি সংখ্যায় বেশিও হই। তবু অামরা সেই ন্যায্য কথা মেনে নেব… https://t.co/sAdR1DCyuC	Positive
1648	বাংলাদেশ আওয়ামীলীগ ছাড়া এমন একটি দলের নাম বলুন যার নেতৃত্বে এই দেশ পরিচালিত হবে বা হতে পারে। এমন চৌকস নেতা কোথায় আছে, বলতে পারেন?	Positive
1649	সঠিক সংবাদ সবার আগে পড়তে, দেখতে ও শুনতে ভিজিট করুনhttp:/t.co/EZMPml6PPZ http:/t.co/QGtn2CLxZn	Positive
1650	পৃথিবীকে এক পাশে রেখে । অন্য পাশে মাকে রাখি । পৃথিবীর সব কথা ভূলে গিয়ে ব্যাকুল টানে মাকে ডাকি । জীবনের সবখানে সব… https://t.co/D1XFenVNje	Positive
1651	দোষ ঢাকতে ছলনার আশ্রয়ে আর কতো? শাক দিয়ে আজকাল মাছ ঢাকা যায়, কিন্তু দোষ ঢাকা যায়না। আজ হোক কাল হোক, তা বাধ্য হ… https://t.co/vhGr6SI38J	Negative
1652	নয় নারী ও দালালকে মুক্ত করতে এসে গ্রেপ্তার হলেন যুবদলকর্মী......	Negative
1653	RT @CtgMobile: আবার ব্যাট করতে নেমে কাঁপছে উইন্ডিজ! ১১১ রানে অল আউট হওয়ার পর ফলো অনে পড়ে ঢাকা টেস্টের তৃতীয় দিন আবার ব্যাট করছে ওয়েস্ট…	Neutral
1654	যে মানুষ টা অভিযোগ করতে পারে,সন্দেহ করতে পারে,এবং অপরাধী ভাবতে পারে সে আপন না। যে আপনার আপন না তার কাছে নিজেকে প্রমান করার প্রশ্নই আসে না।	Positive
1655	আমি কখনো চাই না আমার জন্য কারো ক্ষতি হোক। আর সেখানে তুই তো আমার শরীরের একটা অঙ্গের মত। কি করে তোর খারাপ চাই বল? — feeling heartbroken	Neutral
1656	@onnightduty মুকেশের খুশির গান শুনলেও মন খারাপ লাগে, সব সময় দুখু দুখু ভাব :) কিশোর বিরহেও রংবাজ! রফি হয়ত বিরহের গানে ছেলেদের মধ্যে সেরা।	Neutral
1657	পেশাজীবী থেকে রাজনীতিতে এসে মন্ত্রী হওয়া লোকজনের দল রাজনীতি ও জনগনের আবেগের অনুভূতির ব্যাপার গুলো নিয়ে যত কথা কম...	Neutral
1658	চিটাগাং পোর্ট দিয়ে দেশে ঢুকে একই গাড়ি, চট্টগ্রামে ২৩.৮০ লাখ আর ঢাকায় ২২.৭০ লাখ! ... এখন কি আমাদের ঢাকা শোরুম থেকে গাড়ি এনে চালাইতে হবে ὠ1	Negative
1659	✎ জীবন এতো সুখের হয় কেন জানেন, দুঃখ আছে বলেই । : ✎ পৃথিবী টিকে আছে কেন জানেন, ভালোবাসা গুলো এখনো মরেনি । : ✎ বন্ধু… https://t.co/WEvKsMG5Vb	Positive
1660	RT @JONAK_POKA2670: জরুরী দরকার একটি ভাইয়ের জন্য ৮ বেগ রক্ত প্রয়োজন। Ὀ1রোগীর সমস্যা : ICU তে অাছে ὓ4রক্তের গ্রুপ:B+ Ὀ9রক্তের পরিমাণ: ৮ বেগ ♦…	Neutral
1661	দাঁতের ক্ষতির ৭টি কারণ ও প্রতিকার। http://t.co/FHBR4HWvsJ	Neutral
1662	চুড়ান্ত ফলাফল: আওয়ামী লীগ : ২৫৫ জাতীয় পার্টি : ২৩ বিএনপি : ৫ ওয়ার্কাসপার্টি : ৩ জাসদ : ২ তরিকত ফেডারেশন : ২ বি… https://t.co/TRtYO5G3dU	Neutral
1663	RT @rikhiya640: তুই হাজার বারন করিস তবুও তোর ভাবনা গুলা পিছু ছাড়েনা মোটে রাজ কপাল তো তোর এমন ভালোবাসা কি আর সব কপালে জুটেὠDὠD https://t.c…	Neutral
1664	বউ এর দোষ দিয়ে লাভ কি? ছেলে এত ভালো হলে বউ কিভাবে খারাপ করে? আমি তো ২৩ বছর সাংসারিক জীবনে মা,১ ভাই, ৫ বোন সহ ১১ বছ… https://t.co/M9VIADL44O	Neutral
1665	বিজয় দিবসের দিন গান বাজনা এবং আব্লা আব্লা করে টাকা নস্ট না করে, সেই টাকা টা যদি গরিব দুঃখি দের দান করতে প্রধানমন্… https://t.co/Ju0hXNYsT7	Neutral
1666	## শূন্য _দিয়ে_শেষ পর্ব ২ ##উড়ো চিঠি ইভা অফিস থেকে ফিরতেই রানু দেখল ,ইভার মন খারাপ মুখ শুকনো হয়ে আছে, কি রে কি... https://t.co/uFVBsuAtMf	Neutral
1667	Welcome to Bangla f e e l i n g s. আমাদের পাশে থাকার জন্য ধন্যবাদ। আমাদের পেজের জন্য কয়েকজন ভালো editor প্রয়োজন।… https://t.co/zyI6VJoLhb	Neutral
1668	ইউরোপীয়ান মহাকাশ কেন্দ্র-এর ২০২৮এর মহাকাশ মিশন থেকে আরও তথ্য পাওয়া যাবে	Positive
1669	RT @fmshahidulla: ছোট বেলাটা অনেক মজার ছিলো আম্মুর হাত ধরে অ আ ক খ লিখতে শিখা আম্মুর মুখ থেকে পড়া শুনে শুনে পড়া মুখস্ত করা। আব্বুর হাত ধ…	Positive
1670	বাংলাদেশ পুলিশের তথ্য অনুযায়ী বাংলাদেশে প্রতিদিন ৩০ জনের বেশি মানুষ আত্মহত্যা করে। কেউ আত্মহত্যাপ্রবণ হলে সেই লক্ষণগুলো চিহ্নিত করে তার কাছের মানুষ কিভাবে সাহায্য করতে পারে? এবিষয়ে এখনই জানান আপনার মতামত। বাছাইকৃত কিছু মন্তব্য প্রচার করা হবে বিবিসি প্রবাহে, আজ রাত ৯:৩৫ এ চ্যানেল আইতে।	Negative
1671	পৃথিবীতে সবচেয়ে কষ্টের কাজ হলো মনের বিরুদ্ধে কাজ করা .মানসিক যন্ত্রণা সহ্য করে বেঁচে থাকা টা অনেক কষ্টের যা কেউ অনুভব করতে পারে না.q	Neutral
1672	প্রিয় দল নাই ὡ6 ফ্রান্স বা ক্রোয়েশিয়া কোন দল সাপোর্ট করছি না যে কোন একদল জিতে যাক আর আমি অভিনন্দন বলে একটা পোষ্ট দিয়ে দেইὡC	Neutral
1673	RT @RabiulH96792846: ভালোবাসা হল এমন একটি শ্বাস যাতে শুধু খাটে দুজনার বিশ্বাস এটি হল ছোট্ট সুখের বাসা তাইতো এর নাম রাখা হয়েছে ভালোবাসা। ht…	Neutral
1674	ধন্যবাদ বোলারদের শেষ দশ ওভারে মাত্র ৫৬ রানে আটকে রাখায়,নাহলে ৩০০+ রান হতো। এই সিরিজে বাংলাদেশ বড় দল এর মতই পিছিয়ে থেকেও ম্যাচে ফিরেছে।	Neutral
1675	যে আট ধরণের বাণিজ্যিক ব্যবহারের আভাস দিয়েছে হুয়াওয়ে, সেগুলো হচ্ছে—	Positive
1676	এই পৃথিবী ছেড়ে আমি চলে যাবোরে কবর হবে যেখানে আমার বসত ভিটারে। আপন আমার কেউ হবে না ঐ কবরে ঈমান আমল ছাড়া সঙ্গী কেউ… https://t.co/PVxnpDW7Ym	Neutral
1677	দলে ও জোটে অগ্নিপরীক্ষায় এরশাদ http://t.co/0S2yXH5GEr	Positive
1678	@MIHSAKIL2 সেটা অাপনি ভাবেন ৷ অামি না ভাইয়া ৷ অামি সবার সাথে মিলেই চলি যাষ্ট মজা করি ৷ অার যা বলার সরাসরিই বলি পেছনে বলার সময় নাই	Neutral
1679	অাজ চাইলে যেন তোকে ভুলে থাকতে পারি না ৷ যতই চাই ভুলে যাবো ততই যেন পৃথিবী অন্ধকার মনে হয় ৷ তুমি এতটা কেন মায়ায় জড়ালে ৷	Neutral
1680	RT @Babul10401281: আমার না খুব শখ সুখী মানুষ দেখতে যদি কেউ সন্ধান পেয়ে থাকেন তাহলে আমাকে জানাবেন আমি আজও একটা সুখী মানুষ দেখলামনা আমার মনে…	Neutral
1681	@Dream__Galaxy নিজের চোখে ঠিক খারাপ না আবার পুরোপুরি শুদ্ধ ও না। তবে আমার কিছু খারাপ দিক আছে যেগুলো অন্যদের চোখে না পড়লে ও আমি দেখতে পাই।	Neutral
1682	RT @gunijon: একমাত্র প্রেম ই বিবাহকে পবিত্র করতে পারে। আর একমাত্র অকৃত্রিম বিবাহ সেটাই যেটা প্রেমের দ্বারা পবিত্র ----- লিও টলস্টয়	Positive
1683	সিডি নিউজ২৪.কম, ঢাকা ০৭ সেপ্টেম্বর : ৯০ লাখ টাকা আত্মসাতের অভিযোগে সোনালী ও প্রাইম ব্যাংকের সাত কর্মকর্তার... http://t.co/MIoEQOGSPw	Negative
1684	৯৯% রাই ভুল করে এবার আপনাদের পালা!!! #আইকিউ_টেস্ট ! পারলে উত্তর দিন ২ + ২ = ৪ ৩ + ৩ = ১০ ৪ + ৪ = ১৮ ৫ + ৫ = ২৮ ৬ + ৬ = ৪০ ৯ + ৯ = ??	Neutral
1685	স্বামী স্ত্রী ঝগড়া শেষেঃস্বামীঃ কোথায় যাও তুমি ?স্ত্রীঃ সুইসাইড করতে ।স্বামীঃ এত মেকাপ কেন ?স্ত্রীঃ ওম্মা ,...	Neutral
1686	RT @HotSonai: হ্যাপি নিউ ইয়ার । আর কি বিষয়ে টিপস দেব ? কিছু মাথায় আসছে না । তোমরা বল কি জানতে চাও ভাবছি আমার কি এক্সপেরিয়েন্স শেয়ার…	Neutral
1687	সিলেট ভ্রমন Ὁ8 ১ম পর্ব(জাফলং) ὠD মজা মাস্তি ১০০/১০০.. অস্থির প্লেস ম্যান ὠE সেরা দিন ছিলো.. ইন্ডিয়া এত সামনে ὡCὡC বত্ব এত ঠান্ডা কেন ὣ0	Neutral
1688	RT @ALAMIN35377694: ভালোবাসার মাঝ খানে যাদি আপনি , তুমি , তুই , না থাকে তাহলে ভালোবাসা যমে না ! কারন যখন রাগ হয় তখন তুই! আর যখন অভিমান…	Neutral
1689	এই মন আমার পাথর তো নয় সব ব্যাথা সয়ে যাবে নিরবে, যতই বৃষ্টি হক এ পোড়া চোখে এই হৃদয় তোমাকেই খুজবে, সূর্যটা যতদিন… https://t.co/NY7kYU3MAU	Neutral
1690	যেটা করেছি সেটা ভুল ছিল । যেটা করছি সেটাও ভুল। যেটা করব সেটাও হইত ভুল বলে প্রমাণ হবে একদিন । — thinking about the meaning of life	Negative
1691	বাংলাদেশ কে জি সেভেন এর কাতারে দাড় করাতে হলে, একই প্রশাসন কে কয়েক দশক ক্ষমতায় রাখা অতীব প্রয়োজন, নতুবা আমজনতা এর খেসারত দিতে হবে।	Neutral
1692	@MIHSAKIL2 হা হা ৷ মজা পাইছি ভাইয়া ৷ এমন অগা মগা কথা শুনে ৷ অামি fb তেও বহু ঝূলাই ছি বুঝছেন অামি অপরিচিতদের লিষ্টে… https://t.co/FZG1oLEXz9	Neutral
1693	লোগ অপরাধী গান কাইকো সুনতা হেই? হামকো তো এমন গান কাবি আচ্ছা নেহি লাগতা হেই। বালকা ইয়ে এক গানা হে যো শুনাই মইরা যাইতে মান লাগতা হাই	Negative
1694	জেনে না জেনে করি কত অপরাধ, কখনো করো না তুমি বাদ প্রতিবাদ। তোমার দয়ায় সীমা নাই নাই নাই । সেই দয়া পেতে আজ কাঁদি আ… https://t.co/5s7MmJ3bym	Positive
1695	প্রিয় তাজিন আপু কি বলবো ভাষা খুজে পাচ্ছি না ।। খুবই খারাপ লাগছে তোমার এমন চলে যাওয়া দেখে ভাবতেই পারছি না তুমি নেই… https://t.co/QAyMDMSHie	Negative
1696	RT @bd24live: সবাই তো সুখী হতে চায়, কেউ সুখী হয় কেউ হয় না। তবে কিছু কিছু মানুষের জীবনে সুখ যেন অধরাই থেকে যায় আজীবন। পড়ুন... https://t…	Neutral
1697	ইতালি প্রবাসী গুম করে এখন বলে নিখোঁজ , কাল তো আমাকে আপনাকে করতে পারে , বাংলাদেশ সময় রাত ৮ টায় এই বিষয় লাইভে... https://t.co/Hrkr6lKtrP	Negative
1698	RT @Saswati53299964: পিতা ও পুত্র দুটি অতি মধুর সম্পর্ক । এই সম্পর্ক হৃদয়ের মধ্যে দিয়ে আলাদা সুখ এনে দেয় । এই ভালবাসার মেলবন্ধন ঘটাতে…	Neutral
1699	সাবাশ ! সাবাশ ! ! সাবাশ ! ! ! ! ! পাকিস্তানী এক রাজনৈতিক ও অথনীতি বিষয়ক বিশেষজ্ঞের মন্তব্য ,খোদা কি ওয়াস্তে পাকি… https://t.co/OBfd4PqHyZ	Neutral
1700	RT @ArunudoyB: ব্রাহ্মণ অবিবাহিত মেয়ে দেখলেই যে জীবের জল ফেলতে হবে, এমন কি কোনো কথা আছে নাকি। কালো কাপড় দিয়ে ঢাকা কত সুন্দরী আছে, ওদিকে…	Negative
1701	ডিজিটাল নিরাপত্তা আইন !! নিরাপদে থাকতে হলে আপনাকে যা যা করতে হবে ! কিছু বলবো না, কিছু শুনবো না, কিছু দেখবো না।ὡC --… https://t.co/URSja789FQ	Neutral
1702	এই হল সোনা বাংলাদেশ ।। বাংলাদেশের মানুষ এখন গর্বে গর্ভবতী একটা অপরাধ হল আর পুলিশ আরো অপরাধ কে উসকে দিচ্ছে কে করবে এ… https://t.co/r5VuRNUNKy	Negative
1703	বাদুড়ের মতো দেখতে এই রোবটটি আসলে একটি ড্রোন। এটি বিপদজনক সব জায়গায় যেতে পারে। বাদুড়ের ওড়ার বৈশিষ্ট্য নকল করে এটি তৈরি করা হয়েছে।	Positive
1704	RT @naminmozumder: Damn!! When this #Punjabi speaks in #Bengali.. মাথা টা এমনি এমনি করেই তো গত ১২ বছর ধরে খারাপ হয়নি এই লোক টা কে নি…	Neutral
1705	মেলা ! মেলা ! মেলা !বিশাল এডমি মেলা.১টা লাইক আর ইচ্ছা মত কমেন্ট করে পেয়ে যাও ১২৩১টা frind requst.....তাই দেরি... http://t.co/o2BX8bc1O1	Neutral
1706	ὢDὢDὢDὢDὢDদেখা পর কস্ট পেলাম সে তো মা জাতি তাই সে এমন করলো কেন তার কি অপরাধ সেটা দেখার বিসয় তার কোন ভুল হলে কোন সমাধা… https://t.co/YdIFmjQZgl	Neutral
1707	'ব্ল্যাক অ্যান্ড হোয়াইট পোট্রেট' ছিল পিটার লিন্ডবার্গের ট্রেডমার্ক	Positive
1708	🐍 🐍 🐍 মাছ শিকার করতে গিয়ে হঠাৎ পায়ের কাছে শঙ্খিনী সাপ!	Positive
1709	অদ্ভুত শহর আজ এই ঢাকা ! দীর্ঘ সময় যানজটে চলে যায় । তবুও আমার শহর LOVE You my living city . . . #monirulalam… https://t.co/fg5E55z5PW	Positive
1710	ব্যক্তিগত তথ্যে এসব নেতা নিজেদের ‘অবিবাহিত’ বলে দাবি করলেও খোঁজখবর নিয়ে সংশ্লিষ্টরা জানতে পারেন- এর মধ্যে ছয়জনই... http://t.co/KOEmx5ZbbS	Negative
1711	মোড অফ আমি জানি না এখন ঠিক কি বলা উচিত। খুব খারাপ লাগছে। আসলে খারাপ লাগছে বলছি এ কথাটাও খারাপ লাগছে। আমরা সকল... https://t.co/Qx7NxsX2Ok	Negative
1712	RT @NaziaMuntaha: যখন কেউ বলে , তোমার ভবিষ্যত অন্ধকার।  আমি তখন বলি,  আমার অন্ধকার ভবিষ্যতের আলো হচ্ছে BTS  ὠA #BTSARMYofBANGLADESH #…	Positive
1713	কখনোই আমরা একা নই কখনোই নিঃস্ব নই যাকে ভেবে একা বা নিঃস্ব মনে হয় ‌আসলে সে আমার কেউ ছিল না আর যাঁকে ভুলে নিঃস্বঙ্গ… https://t.co/uwSV56abKR	Neutral
1714	আবের সঙ্গে সৌজন্য সাক্ষাৎ করেছেন খালেদা জিয়া ও রওশন এরশাদ http:/t.co/lKfqJ7dioM	Positive
1715	আমি যখন ভাল কাজ করি তখন আমার ভাল লাগে আর আমি যখন খারাপ কাজ করি তখন আমার খারাপ লাগে। এটাই আমার ধর্ম। -- আব্রাহাম লিঙ্কন	Neutral
1716	এক সময় মন খারাপ করে কোথাও বসে থাকলে জিজ্ঞেস করতো কিরে শরীর খারাপ নাকি? আর এখন জিজ্ঞেস করে কিরে ফোনের শরীর খারাপ করছে নাকি? 	Neutral
1717	রাসূলুল্লাহ (সাঃ) এর বাণীঃ ইসলামের ভিত্তি পাঁচটিঃ মৌখিক স্বীকৃতি (ইয়াকীনসহ) এবং কর্মই ঈমান এবং তা বাড়ে ও কমে।... http://t.co/P5nJV7NeQN	Neutral
1718	 মসজিদে AC র তলায় বসার জন্য মুসল্লীরা যে দৌঁড়টা দ্যায় সেটা দেখে তো মনে বাংলাদেশ সোনা জিতেই নিবে অলিম্পকে ὠ3  © ধ্রুব ὠE	Neutral
1719	সারা বিশ্বে শুধু রাজনীতি আর ধর্মের লড়াই চলছে , না আর এর মধ্যে গা ভাসাবো না, এই বার বোরিং জীবন ই ভালো , ভোট আসলে N… https://t.co/OIfz7Hodmq	Positive
1720	আকাশে হাজারতারা থাকলেওচাঁদ সবচেয়ে আলাদা হয়...তেমনি পৃথিবীতে হাজারমানুষথাকলেও,ভালবাসার মানুষসবচেয়ে আলাদা...	Positive
1721	১. তামিম ১৩০* রান। ὄC ২. সাকিব ৯৭ রান এবং ১ ক্যাচ। Ὑ5 ৩. মুশফিক ৩০(১১) এবং ২ ক্যাচ। ὊA ৪. মাশরাফি ৩৭ রানে ৪ উইকেট। ὠE ৫… https://t.co/mVMTHLRDKS	Neutral
1722	বাসায় #mobile থাকলে ছেলে মেয়েরা পড়তে বসে নাহ এইটা পুরাই ভুল ὠA Cz যার পড়ার ইচ্ছা আছে সে পরবে ὠ1ὠ1 এর যার ইচ্ছা না… https://t.co/BfRBl6amBi	Neutral
1723	মানুষ মানুষের জন্যজীবন জীবনের জন্যএকটু সহানুভূতি কিমানুষ পেতে পারে না…ও বন্ধু।।মানুষ মানুষকে পণ্য করে,মানুষ... http://t.co/EQJ3vwbxhF	Positive
1724	@QuranerAlo বর্তমানের মতই রাজাদের আমলেও আল্লাহর ফেরেস্তা-গনও খমতাধরদের হয়েই কাজকরতো,বর্তমানে যেমনকরছে ফেরেস্তাগন খমতা দখল কারীদের দফাদারী	Negative
1725	আমার সোনার বাংলাদেশ টা হইলে এতক্ষনে ১০১ গালি তো দিতো ই.. সাথে কিছু জ্ঞান ও দিয়ে যাইতো.. সাহায্য তো ৭ আসমান দুরের ক… https://t.co/LcTwAT6ATB	Negative
1726	হংকং-এর গণতন্ত্রপন্থী বিক্ষোভকারীরা মার্কিন প্রেসিডেন্ট ডোনাল্ড ট্রাম্পকে অনুরোধ করেছেন চীনের হাত থেকে তাদের 'মুক্ত' করার জন্য...	Positive
1727	সারা বিশ্ব অবাক উন্নতশীল বাংলাদেশ দেখে । আর আমরা গর্ভিত যে এদেশের পথে পড়ে থাকা শিশু গুলো আজ. দু .তিন . চার তলা সোকেচের ভিতর ঘুমাই	Negative
1728	ভারতে এই ভিডিওটি ভাইরাল হয়েছে। কেন?This video has gone viral in India. Why?	Positive
1729	ময়মনসিংহ ও লালপুরে সড়ক দুর্ঘটনায় নিহত ৩ http://t.co/ZXxtvD0YQM	Negative
1730	বাবা ও মেয়ে যেমন বাবা তেমনই মেয়ে থাকি আমি এদের মুখ চেয়ে | কথা বললেই গালি জোটে এদের জন্যই মরি খেটে খেটে | Full… https://t.co/dETdwwgmvb	Negative
1731	বিবিসি বাংলায় আজকের প্রধান খবর সংলাপের জন্য প্রধানমন্ত্রীর চিঠি পাবার পর ঐক্যফ্রন্ট নেতা কামাল হোসেন বলছেন, নির্বাচনে সকলের অংশগ্রহণ নিশ্চিত করার জন্য সংবিধান পরিবর্তন করতে হলে তা এক মিনিটেই করা সম্ভব। জিয়া অরফানেজ ট্রাস্ট দুর্নীতি মামলায় বিএনপি নেত্রী খালেদা জিয়ার কারাদণ্ডের মেয়াদ বাড়িয়ে ১০ বছর করেছে হাইকোর্ট। সৌদি আরবের যুবরাজ প্রিন্স সালমানের এক ভাই প্রিন্স আহমেদ বিন আবদেলআজিজ ব্রিটেনে স্বেচ্ছানির্বাসন কাটিয়ে স্বদেশে ফিরেছেন – যাকে তাৎপর্যপূর্ণ বলে মনে করছেন বিশ্লেষকরা। বিশ্ব স্বাস্থ্য সংস্থা বলছে, দূষিত বায়ুতে নিশ্বাস নেওয়ার ফলে একবছরে ছয় লক্ষ শিশু মারা গেছে সারা পৃথিবীতে। এসব নিয়েই আজ সন্ধ্যের বিবিসি বাংলার প্রবাহ।	Positive
1732	টোকা ।। দা উ দু ল ই স লা ম নিরেট প্রদীপ রেখা ছুঁয়ে যায় ধ্রুপদী মুখ চোখের কোটরে জমে থাকা শীতল সুখ ছুঁয়ে যায়.… https://t.co/Eq82ms1Xkt	Neutral
1733	ভয়াবহ ভিডিও : যেভাবে মহিলাকে পিস্তল ঠেকিয়ে সর্বস্ব লুটে নিল: হরিদ্বারে সিসিটিভিতে ধরা পড়ল বাড়িতে ঢুকে লুঠপাট... http://t.co/i77dj76Nln	Negative
1734	তুমি না থাকলে , পৃথিবী হত না ... তুমি না থাকলে , কোন মহান মানবী হত না ... তুমি না থাকলে , জীবন এত মধুর হত না... &lt;3… https://t.co/SEEsxP7kGI	Positive
1735	শানে নুরনবী [ ﷺ ], [ আঠারো হাজার মাখলোকাত ধন্য নুরনবী [ ﷺ ] এর জন্য, সুবহানআল্লাহ !! ] --- আল্লামা হাফেজ মুফতি আব্… https://t.co/AQEiwdzKYM	Neutral
1736	RT @ajoydasgupta: ‘‘ আদবানি ২বছরে সংসদের এথিক্স কমিটির বৈঠক ডাকার সময় পেলেন না তৃণমূল সাংসদদের বাঁচাতে। সি বি আই, ইডি কী করছে সেটা তো দেখা…	Neutral
1737	টিভি দেখবেন.. দেখুন..চিন্তা বাড়তাছে না কমতাছে, তা-ও কিন্তু দেখুন!	Negative
1738	হারছি কি হইছে ,ওয়াশ হইছি কি হইছে। ক্রিকেটে খারাপ দিন আসবে যাবে বেপার না আর একটা কথা কেও কোন প্লেয়ার কে গালি দিবেন না প্লিজ।	Positive
1739	কিছু উন্নত জাতের নিউ এডাল্ট CPF-3 হাই ব্রিডার মোরগ বিক্রি করব। পরিমান : ৬ পিস। বয়স ঃ ৪.৫ মাস ওজন ঃ ৩ কেজি এভারেজ… https://t.co/aO9b2zxpTB	Neutral
1740	যদি 30 টার বেশি আসন আওয়ামীলীগ পায়। আর যদি 270 টার কম পায় বিএনপি উনার মুরিদ গন সারা বছর চিৎকার করবে ভোট সুষ্ঠু হ… https://t.co/PvvJsM0FGn	Neutral
1741	স্বামী ἳ7 স্ত্রী এক মতের হলে ὄ9 স্বর্গ পৃথিবীতেই ὄ9 আর ভিন্ন মতের হলে ὄ9 নরক ও পৃথিবীতেই ὄ9 তাই বলে মনে করবেন না , আ… https://t.co/xFN54SzRS5	Neutral
1742	&lt;&lt;&lt; অার মাত্র ৩ দিন বাকি &gt;&gt;&gt; . বাংলাদেশ বনাম জিম্বাবুয়ের মধ্যকার প্রথম ম্যাচের বল টু বল স্কোর এবং অনলাইনে দেখতে লাইক দিয়ে একটিভ থাকুন।	Neutral
1743	এফডিসিতে প্রবেশ করেই সোহেল রানা ক্ষোভ ঝাড়তে থাকেন...	Positive
1744	ভুল শুধু শেখায় না, কাঁদিয়ে যায়, ভুল শুধু হয়েই যায় না, বুঝিয়ে দেয়, ভুল শুধু বলে না কিছু, রেখে দেয়, ভুল শুধু প্রকাশ করে জলের প্রণয়।	Neutral
1745	গল্পকথক নই যে রুপকথা গল্প শোনাবো , প্রেষনার নই যে , আশার বাণী শুনাবো , প্রেমিক নই যে , নিস্বার্থ ভালোবাসা দেবো ,... https://t.co/9LfrpHX6d6	Neutral
1746	পঞ্চগড়ের আসমা খাতুন এবং চাঁদপুরের মো. সিয়ামের আশৈশব ইচ্ছা ভেস্তে যাওয়ার শঙ্কা দেখা দিয়েছে অর্থাভাবে। বিশ্ববিদ্যালয়ে ভর্তি এবং পরের কয়েক বছর পড়ার খরচ জোগানোই এখন তাঁদের মূল চিন্তা।	Negative
1747	@BCBtigers এগিয়ে যাও আরও ২-৩ টা রইছে তার পর শেষ	Neutral
1748	ভালোবাসার মানুষকে বেধে রাখতে নেই,তাই আমিও তোমাকে মুক্ত করে দিয়েছি ।আমি কখনো বেধে রাখি নি তোমায়,আজ ও বাধবো না... http://t.co/RL4OZwYl6p	Positive
1749	ঘুম আজ ও হলো না, ২,৩,৪ করে সকাল হলো, বাইরে টা বেশ লাগছিলো, আর মজার ব্যাপার এই যে, যে রাস্তাটা একটু আগেও অন্ধকার… https://t.co/R8dAYSrDaB	Neutral
1750	এই পৃথিবীই কখনও খারাপ মানুষের খারাপ কর্মের জন্য ধ্বংস হবে না।যারা খারাপ মানুষের খারাপ কর্ম দেখেওকিছু করে না...	Neutral
1751	এখন মাহী গে আর ওর বাপ বি গে কে কি করা উচিৎ কনতো এতদিন চিল্লাইছে বিএনপি নাকি যুদ্ধ অপরাধীর দল ওর নিজের দলে ওর দুইটা… https://t.co/P3l0xueoGK	Negative
1752	RT @I_Own_The_Sky: @AnuLikhon আপাতত তাহমিনা আনম বাদে কোনো নাম মাথায় আসছে না -অর্থাৎ খুবই হাতে গোনা ইংরেজি লেখক। এবং যারা আছে তারা নিশ্চই উ…	Neutral
1753	RT @Mkhussain19: বাস্তব এতটাই কঠিন যে আমার বিয়েতে আমার হবু স্ত্রীকেও আমি দাওয়াত দিতে পারবো না ।।। এটা ভাবতে যে আমার কি খারাপ লাগছে ।।। ὢDὢD…	Neutral
1754	শুধু একবার ভাবোতো, যে যা করে সবিই কি সঠিক, তা কিন্তু না কিছু সঠিক দিয়েই হয় আর কিছু ভুল দিয়েও হয় সবিই কিন্তু সম্ভব,,,	Neutral
1755	১৭ বার ইন্টারভিউ দিয়েও চাকুরী পায়নি দিনাজপুরের মুক্তিযোদ্ধার সন্তান http://t.co/y9EtVKrpNU	Negative
1756	@Rabbi_20 ভোট আগে ভাগে দিতে সরম করে না সুষ্ঠু ভোট করেন। মামলা হামলা করেন কেন, ভোত চুর জালিয়াতি আর কত করবেন এই হিংসা রাজনীতি বন্দ করেন।	Negative
1757	দেশ অচল করতে চান? তাহলে ২ দিনের মাথায় চল চল ঢাকা চল কর্মসূচীর ডাক দেন। তাহলে সারা দেশে গাড়ি ঘোড়া সরকারই বন্ধ ক… https://t.co/67rlNmeW7Z	Neutral
1758	ফেসবুকে বিবিসি বাংলার প্রবাহ অনুষ্ঠানের লাইভ স্ট্রিমিং। আজ ২রা জানুয়ারি, ২০১৯, বুধবার বিবিসি বাংলার প্রবাহ অনুষ্ঠান শুনতে সাথেই থাকুন	Positive
1759	আপনি কিংবা আমি যতোই ভাবি না কেন জীবন সুন্দর, জীবন আসলে এতোটা সুন্দর না। যতোই ভাবেন না কেন আজ থেকে সুখে থাকবেন, সুখ… https://t.co/p7tuVyZnfZ	Negative
1760	আমি পার্টি বুঝি না ভাই ভাল হোক খারাপ হোক যে কোন পার্টি থেকে আমি শুধু বুঝি মগ বিধায়ক বা MDC বা মন্ত্রী । আমাদের... https://t.co/JwGpVDgYwC	Neutral
1761	অনেক হয়েছে আর ফেসবুকে আসব না । জার্মানির বিদায় আমার বিদায় । এই ভাবে বেরিয়ে যেতে হবে ভাবিনি । সময় খুব খারাপ যাচ্ছে । বিদায় বন্ধু।	Negative
1762	আমি যা বলি তা সরাসরি বলি। কারো ক্ষতি করি না, করতে পারিও না। মনে কিছু আর মুখ এ এর এক কথা তা আমার দ্বারা হয় না। স্… https://t.co/LYsfAbi5SA	Neutral
1763	- আলহামদুলিল্লাহ ὠD - শবেই-কদর এ পবিত্র কোরআনের ὠAὉC - ১৪৪১ বছর পূর্ণ হবে ὠD - (ὉCআমিনὉC) কালকে জুমা এর নামায এ আমরা… https://t.co/UeRPhl4GEL	Neutral
1764	"রোহিঙ্গা শরণার্থীদের কেউ কেউ এখন বলছেন, ""দরকার হলে এদেশে 🇧🇩 আজীবন থাকবো"""	Positive
1765	ভালোবাসা ঠিক একটা ময়ূর এর মতো....Ὁ7Ὁ6 . যার শুরু টা অনেক সুন্দর আর রঙিন ঠিক ময়ূরের পেখমের মতἴ1 . . . . আর শেষ টা... https://t.co/dm1SeeOvxq	Neutral
1766	RT @jaaz_multimedia: ২৮শে ডিসেম্বর থেকে পঞ্চম সপ্তাহে যেসব সিনেমা হলে #দহন চলবে সেগুলো হলঃ ৫ম সপ্তাহ : ১. স্টার সিনেপ্লেক্স - ঢাকা ২. ব্…	Neutral
1767	পৃথিবীর শ্রেষ্ঠ সুখ ঘুম ,আবার সকল সুখ কেড়ে নেয় ও এই ঘুম । ঘুম থেকে জেগে নামাজ পড়ে নিন । সুখী মানুষের কাতারে নিজে… https://t.co/1QB87vVVt5	Neutral
1768	@arif_rony2 টেকনাফ থেকে বেশি দূরে না এরপর সেন্ট মারটিন ও ঘুইরা আইসেন !	Positive
1769	পাপ বাপকে-ও ছাড়ে-না , আজকের পাপীদের-ও যেমন ছাড়বে-না ! রাজা-বাদশাহ দের বংশ-পরিচয় আজ কোথায় ? খুজে পান কোথাও কোন রাজ-পরিবারের বংশধর ?	Negative
1770	আজ রাত ৩টায় কল করে যে সম্পর্কটা ঠিক করার জন্য ক্ষমা চাইলাম। সেটাও হয়ত ২/৩ দিন পর ঝামেলা হলে ভূলে যাবে। আর বলবে কখ… https://t.co/Ca4uw18BFM	Neutral
1771	কিছু বলার ভাষা নাই। এতোটা ছোট দল যে আফগানদের সাথে টানা ২ বার হারার পরও তারা জয়ের উৎযাপন করে না। খারাপ তো তখন লাগে… https://t.co/MOSISsNsBc	Neutral
1772	বোনের সাথে ঈদ করলাম প্রায় দুই দশক পর। ছোট দুই বাঁদরের জন্য এটা একসাথে প্রথম। শুধু রোনালদো র তিন গোল মেজাজটা খারাপ করে দিলো :-)!	Neutral
1773	লাক্স ক্যাফে লাইভে আজকের অতিথি মেহরীন  উপস্থাপক: সারা ফ্যায়রুজ যাইমা (Sara Fairuz Zaima)	Positive
1774	১৭৪ রান করে বাংলাদেশ যেদিন জিতেছিল সেদিন নিউজিল্যান্ডের ২০/৫ উইকেট পড়ে গেছিল। আর আজ ইন্ডিয়ার ১ উইকেট ও পড়ল না,৫০ হয়ে গেল! # BanvInd	Neutral
1775	আসলে মানুষের ভুল ধরা বা মানুষকে দোষী করা ঠিক হবেনা। আমার আগেই বুঝে নেয়া উচিৎ ছিল যে তাদের আর আমার মাঝে পার্থক্য টা কোথায়।	Neutral
1776	...আমি ধীরে ধীরে হেঁটে হেঁটে পথ ছেড়ে কত পথ ধরেছি পিছনে তাকিয়ে দেখি পথে পথে কত ভুল করেছি! আমার সে সব ভুল কি করে... https://t.co/1HRkPAFewg	Neutral
1777	@sazi999 সাইকেল ই তো গীবন রে ভাই। যখন সাইকেল ছিল তখন প্রতিদিন সাইকেল নিয়ে পুরো ঢাকা টা এক বার চক্কর দিতাম সকাল থে… https://t.co/7RqwYGRrFK	Neutral
1778	RT @firojtw: @ahmealauddin ছোট ভাইএর মাথায় মারার অভ্যাসটাও.......হা হা হা .....	Negative
1779	আজ ঢাকা শহরে তরুণরা যখন ছিনতাই সন্ত্রাসী না করে অনেক কষ্ট করে বাইক রাইড পাঠাও চালায় , তখন আনন্দে বুক ভরে ওঠে । হ… https://t.co/TLUx1OcEXu	Positive
1780	সম্পদশালী রা আরো সম্পদশালী হচ্ছে আর মধ্যবিত্ত নিম্নবিত্ত মরে শেষ এই হল বাংলাদেশ ὤ4 আর এই দেশে কি চলে ὠ2 Reach in Ba… https://t.co/pchwMOVf1T	Negative
1781	বিশ্বম্ভরপুরে কোনাজাল ব্যবহারকারীদের বিরুদ্ধে বিক্ষোভ ও স্মারক লিপি প্রদান - Abnews http://t.co/2sSccOtEEA	Negative
1782	টাক সমস্যার এক অভিনব বিকল্প সমাধান (ভিডিও সহ)http://t.co/LZKlYf5XAf	Negative
1783	আজকে ৮ ঘন্টার বাস জার্নি খারাপ যায়নি, হাল্কা পাতলা ঘুমের সাথে হুমায়ন স্যারের লিখা ১৫০ পৃষ্ঠার পারুল এবং ৩ টি কুকুর গল্পটি পড়ে ফেলসি।	Neutral
1784	চুক্তির আনুষ্ঠানিকতাও সারলেন মামুনুল http:/t.co/lGehDrdAFm http:/t.co/1QxmKiAaxA	Neutral
1785	⛔ তোমার প্রিয় দল খেলায় হেরে গেছে, Ὂ2 এজন্যে তোমাদের চোখে পানি আসে ! Ὂ2 তোমাদের মন খারাপ হয়ে যায় ! ὑ8খেলায় হেরে যা… https://t.co/O27N2E9C5x	Neutral
1786	@xcel_Bablu হাঁ, মামারা কেউ ঢাকা কেউ বাড়ি, আর আমাদেরটা আলাদা, হেগো আবার টাকা বেশী তাই রোগও বেশী সরকারের খেলে যা হয় আর কি ☺	Neutral
1787	RT @kawsar_bakir: ষোলো কোটি জনতা, ধানের শীষেই একতা। কাটিয়ে উঠুক সকল ভয় ,বদলে দেবার এইতো সময়। স্বৈরাচারীর দিন শেষ, বদলে দেবো বাংলাদেশ । এ…	Neutral
1788	RT @SouravMdk: কাল বাদবাকি সময় ও আজ সারাদিন ঘোরে কেটেছে কাল কি করে যে 3:30 মিনিটের বেশি সময় কেটে গেছে বুঝতেই পারি নি যখন বললে আমি আর 2…	Neutral
1789	যে দেশে গুণীর কদর নেই, সে দেশে গুণীর জন্ম হয় না। আমরা যে কতটা বিকৃত মস্তিষ্ক, অসভ্য জাতি এটা আমাদের কাজ কর্মে প্… https://t.co/SAl8NNbMP4	Negative
1790	@mariya_919 হুম বকছে কেনো তাতো পাবলিক প্লেসে বলতে পারলম না। আর যেহেতু দুজনেই মন খারাপ থেকে হাসলাম তাহলে আজ জগড়া না করি ! কি ???? ὠA	Neutral
1791	ওসবের কোন কিছুতেই আমি সুখী হবো না; সুখী হবো না - একপাল যদি না জন্মাতে পারি যদি গা ঘেঁসে কথা বলতে না পারি, যদি... https://t.co/pknBMg2pvy	Neutral
1792	দুইটা ভাল কথা বলে জীবনে যারা কখনও উদ্বুদ্ধ করে নাই, তারা এখন দলে দলে সমবেত হয়ে শত শত খারাপ কথা বলার জন্য তোমার দি… https://t.co/yMg0ZH8e9J	Negative
1793	ছাত্ররা আর পথে নেই ফিরেছে যে যার ঘরে রাতের ঢাকা চলছে আজো শেখানো নিয়ম ধরে। কে বলে রে আমার দেশের আর হবে না কিছু… https://t.co/73gCzH6obO	Positive
1794	কেউ যদি আমার সামনে কোন বিষয়ে অন্য কাউকে ভুল বাল বুঝায় তাইলে আমার বহুত অস্যস্থি লাগে ὡ6ὡ6ὡ6 , , , রুমমেট গফ রে IP এ… https://t.co/0PGYIWhvJ7	Neutral
1795	ব্রিটেনে হঠাৎ করে সংসদ স্থগিত করার ঘটনা ক্ষুব্ধ করেছে অনেককে। কিন্তু কীভাবে এটি করতে পারলো সরকার?	Positive
1796	গভীর রাতেও জানালা খুজে বসে বসে টুইট করছি, শুধুই একটি টি-র্সাট পড়া। হাত-পা জমছে, তবে খারাপ কোন অনুভূতি নেই। যা অাছে তা পুরোটাই উপহাস।	Neutral
1797	RT @HashmatAliLiton: নবী করিম (সা.) বলেছেন, ‘নেকির কাজ করে যে খুশি হয় এবং পাপের কাজকে যে খারাপ মনে করে, সেই প্রকৃত মুমিন। হজরত রাসূলুল্লাহ…	Neutral
1798	আর যাই হোক এবার বাবার ছুটির শেষ নেই এই তো ৫০ দিন ছুটি কাটিয়ে গেলো একটু আগে বাবা ফোন দিয়ে বলে আবার ১০দিনের ছুটি পে… https://t.co/4HuC2oKrx8	Neutral
1799	৮ ঘণ্টা আগে এই ছিল আমার পোস্ট ἼF বাংলাদেশ আগে ব্যাট করলে হারবে ৭ উইকেটে আর পরে ব্যাট করলে হারবে ১৫০+ রানে... — feeling predictive	Neutral
1800	RT @bangladeshpress: অবৈধ অনুপ্রবেশের দায়ে বেনাপোলের পুটখালী সীমান্ত থেকে ৯ জন পুরুষ, ১০ জন নারী ও ৫ জন শিশু আটক করেছে ২১ বর্ডার গার্ড বাং…	Neutral
1801	অভিনন্দন প্রিয় টিম ব্রাজিল। দেখা হবে ২০২২ এ কাতারে। আমরা তো আর তাদের মত ২ য় রাউন্ড থেকে আর বাদ যায়নি! আমরা কোয়াটার ফাইনাল খেলেছি!	Positive
1802	১৯১০ সালের এই দিনেই জন্মেছিলেন মাদার তেরেসা। সারাজীবন মানবতার সেবায় থেকে পেয়েছেন শান্তিতে নোবেল। তাঁর জন্মদিনে শ্রদ্ধা।	Positive
1803	POST of the WEEK ( Mega Post ) DISCIPLINE IS THE KEY TO REAL GROWTH &lt;3 জীবন হয়ে উঠতে পারে নিষ্ঠুর ।জীবন হয়ে উঠ… https://t.co/4HoF5vNsBf	Neutral
1804	@2shr7 মিয়া দুপুর একটায় বাইরাইসি বাসায় আসছি সাড়ে সাতটায়, তাও আজকে আমার উইকেন্ড। উইকেন্ডেই এত প্যাড়া খাইলে বিনোদন অপরিহার্য হয়ে পড়ে 😩	Negative
1805	@Im_Hassi @sajid_nazmus হা হা হা। আর যদিও সে শ্রীলঙ্কান...আমি নিশ্চিত,তার মুখ তখন এক্কেবারে খাঁটি বাংলার পাঁচ হয়ে গিয়েছিল :D	Positive
1806	পহেলা মার্চ, শুক্রবারের প্রবাহ যা যা থাকছে - -বাংলাদেশ রোহিঙ্গা শরণার্থীদের ফেরত নেওয়ার ব্যাপারে মিয়ানমারের ওপর আন্তর্জাতিক চাপ চাইছে। পররাষ্ট্র প্রতিমন্ত্রী শাহরিয়ার আলম বিবিসিকে বলেছেন, মিয়ানমারকে বাধ্য না করলে রোহিঙ্গা সংকটের সমাধানে অগ্রগতি হবে না। -ভারতীয় বিমান বাহিনীর যে পাইলটকে বুধবার পাকিস্তান আটক করেছিল তাকে এখন যে কোন সময়ে মুক্তি দেওয়া হবে। উইং কমাণ্ডার আভিনন্দন ভার্তামানকে ফিরিয়ে নেবার জন্য ওয়াগা সীমান্তে ভারতীয় বিমান বাহিনীর কর্মকর্তারা অপেক্ষা করছেন। - দিনাজপুরের একটি উপজেলা থেকে ২৯জন ভিক্ষুককে ভিক্ষাবৃত্তি ছেড়ে দেওয়ার জন্য তাদের পরিবারকে ডেকেছে স্থানীয় কর্তৃপক্ষ। এখন পর্যন্ত ২০জনকে তাদের পরিবারের কাছে ফিরিয়ে দেয়া হয়েছে। - পুরনো ঢাকার চকবাজারে ভয়াবহ আগুনে বহু মানুষের হতাহতের ঘটনার পর বেশ জোরেশোরে আলোচনায় এসেছে পুরনো ঢাকার সংস্কারের বিষয়টি। কিন্তু পুরনো ঢাকার সংস্কার আসলে কতটা সম্ভব ? এ নিয়ে শেষ প্রতিবেদন -সাথে থাকবে খবরের সর্বশেষ শিরোনাম	Positive
1807	@Shahadat_H_T হাহাহা। খারাপ ত সবার মাঝেই আছে। সেটা নিয়ে কথা হচ্ছে না। কথা হচ্ছে উপরের চাকচক্য দেখে আমরা যে ভুল করি সেটা নিয়ে কথা বলছি	Neutral
1808	আজ রাতে এক তাপাল এর লগে কথা হইলো সে আমারে কয় নিজের মেশিন এ তেল দিতে আমার তো মেশিনই নাইὠ2 #Good_Luck তাপাল মজা পাইছি খুব	Neutral
1809	৯৯% রাই ভুল করে এবার আপনাদের পালা!!! #আইকিউ_টেস্ট ! পারলে উত্তর দিন ২ + ২ = ৪ ৩ + ৩ = ১০ ৪ + ৪ = ১৮ ৫ + ৫ = ২৮ ৬ + ৬ = ৪০ ৯ + ৯ = ??	Positive
1810	ছোট বোনের সাথে প্রথম ভিডিও কল ডান ওপর আল্লাহর কাছে প্রার্থনা সব সময় ছোট বোনটা যেন সুস্থ থাকে — feeling loved at S… https://t.co/ZrcyviV5Kb	Neutral
1811	ভালোবাসা কারো কাছে যেন এক টুকরো মেঘ কেউ বলে এই জীবন অথবা অনুভুতি এক কারো জন্য কাছে পাওয়া অথবা চলে যাওয়া কেউ বলে সবকিছুই আর কেউ অজানা	Neutral
1812	মাসের ’পরে মাস এসে যায় টিউশনি থেকে পাই না টাকা ; মাসের শেষে পকেট ফাকা ক্যামনে ছাড়ি জ্যামের ঢাকা । :( :( :(… https://t.co/6sIcYAfvEI	Neutral
1813	যখন আমার মন খুব একটা খারাপ হয়, তখন আমি একা বসে নিজে নিজের সাথে হাসি ঠিক একটা পাগলের মত। হাসতে হাসতে মন আবার ভাল... https://t.co/Py17kb2dcJ	Neutral
1814	RT @RudroKobita: সুখ ভেবেছিলাম তোকেὉA দুখঃ হয়ে এলি ὉA আমার যত স্বপ্ন ছিলোὉA ভাসিয়ে নিয়ে গেলি ὉA বলতে পারিস কাঁদিয়ে আমায়ὉA কি সুখ তুই পেলি…	Neutral
1815	পানির অপর নাম জীবন হলেও, জীবনটা পানির মতো এতো সহজ না । বড়ো কঠিন এ জীবন । খুবই কঠিন ।	Negative
1816	RT @bodmasc: একজন খারাপ মানুষ এই সবার আসল চেহারাটা জানে.... কারন ভালো মানুষের সাথে তো সবাই ভালো ব্যবহার এই করে... ὠA না বুঝলে মুড়ি খাওὡCὡC	Neutral
1817	৩৪ সেকেন্ডেই গোলরক্ষককে লালকার্ড! (ভিডিও) http://t.co/wl5W3nJ0rZ	Positive
1818	‘‘ সবাই তো বিখ্যাত হতে চাইছে ; আমি তো শুধু লুকিয়ে থাকার জন্য ছোট একটা ঘর খুঁজচ্ছি ὡE ভালোবাসো কিংবা করো ঘৃণা আমি তো এমনই ὢD ’’ © ধ্রুব ὠE	Neutral
1819	১৭ তারিখ সকাল ৮ টার ( ঢাকা - চিলাহাটি ) নীলসাগর এক্সপ্রেস ট্রেনের নন এসি ৫ টি টিকিট বিক্রয় করা হবে । কোচ আসন নং… https://t.co/CFELLVHwzP	Neutral
1820	রিভিও পর্যন্ত বাংলাদেশের ফেভারে আসে না!!! পুরা আম্পায়ার গুষ্ঠিটারে বুড়িগংগার পানিতে চুবাইতে মন চাইতেছে।	Negative
1821	পাচ কোটি মানুষের শহর ঢাকা থেকে দুই এক দিনে যে পরিমান গাড়ি দেশের বাড়ি মানুষ নিয়া যায়, সেই সব রোডে কী আর শান্তি… https://t.co/rvMKhSoki1	Neutral
1822	এক সাথে ঘুরে আসুন দুই দেশ -  ἞E἟3 India + Bhutan ἞7἟9 #জনপ্রতি_মাত্র: ১৯,৫০০/- (৭ রাত/ ৬ দিন ) #ভ্রমনের_তারিখঃ ২৪ জা… https://t.co/wfG8HkKtnd	Neutral
1823	মা ওমা কেমন আছো মা আমার মা আছে আমি জানি মা কি জিনিষ জখন আমি বিদেশ থাকি মা দেখিনা মন চায় মার মাখানো ভাত কি মজা দেখি… https://t.co/uaqyfTMDPg	Neutral
1824	এবার সামাজিক যোগাযোগমাধ্যমে আবার ভাইরাল হয়েছে রানু মণ্ডলের গান। নাম হয় ‘ভাইরাল সিঙ্গার রানু’।	Positive
1825	অনেক দিন পর প্রিয় ছোট বোন Antara Deb এর সাথে দেখা :-) :-) ধন্যবাদ অনেক মজার চা খাওয়ানোর জন্য। যদি ও আমি দুধ চা.… https://t.co/jXVUYA1UBu	Neutral
1826	আমি এমন কেউকে ভালবাসি, যে শুধু আমাকেই ঘৃণা করে। আমি এমন কাউকে মিস করি, যে আমাকে মিস করার সময় খুঁজে পায় না। আমি এম… https://t.co/9ThGuVFzvY	Neutral
1827	জীবনে পথ না হারালে কখনো নতুন পথ খুজে পাবেন না আবার ভুল না করলে কখনো সঠিক বুঝবেন না । সারাজীবন আপনাকে কেউ তুলে খা… https://t.co/1h2SSZqYGP	Positive
1828	সুবিচার না পেলে কাশ্মীরি নারীরা ভারত সরকারের বিরুদ্ধে হাতে পাথর নেবে।	Negative
1829	অভিযোগ রয়েছে সৈয়দ ওয়াসিফ তাবলীগ জামাতের কথা বলে দেশে ও দেশের বাইরের বিভিন্ন ব্যক্তির কাছ থেকে অর্থ সংগ্রহ করেন... http://t.co/xrZ5bhZHJd	Negative
1830	জয় পাকিস্তান বঙ্গবন্ধু বলেছেন ৭১ এর ৭ ই মার্চ!আমার জীবনে আমি কখনো শুনিনি জয় পাকিস্তান নামক কোন শব্দ!যদিও... http://t.co/0E3oAuwveb	Negative
1831	খুব বাজে হলো এটা ৬ বলে ৫ ছক্কা , মিলার টি ২০ তে দ্রুত তম সেঞ্চুরি করে দেখাল ৩৪ বলে ১০১ করে । মোট কথা বোলিং করা ভুল ছিল	Negative
1832	দ্যাখ এখানে কেউ কোলের বা কেউ পিঠের না হ্যাঁ মানুষ হয়ে যখন জন্মাইছি ভুল হবেই বাট সেটা সবার সামনে এসে বলা ভালো যে... https://t.co/MGxb5mQMza	Neutral
1833	আজ না খুব একা একা লাগছে, চোঁখের সামনে তুমি, তবুও যেনো তোমাকে ছোয়া যায় না । কেনো এমন হয় বলো তো ? ভালোবাসা বুঝি... https://t.co/sHSBwseHyq	Neutral
1834	সিলেট - ঢাকা এমন একডা রুট যেখানে ২০ বছর আগে টিকিট কাটতে গেলেও টিকিট পাওয়া যায় না অথচ পুরাই রেলগাড়ি ফাকা — feeling pissed off	Negative
1835	RT @drimran7860: একটি স্বপ্ন তখনই সত্যি হয় যখন একজন মানুষ সেটিকে জাগ্ৰত হয়ে দেখে, সাথে নিয়ে চলাফেরা করে এবং এটি নিয়ে সবসময় ব‍্যস্ত থা…	Positive
1836	অভিনন্দন বাংলাদেশ ১৫ ফুটবল টিম ১৪ গোল এ পাকিস্তান কে হারিয়ে বিজয় অর্জন করার জন্য আশা করি এই ভাবে বাংলাদেশ ফুটবল টিম এগিয়ে যাবে ।	Positive
1837	বিবিসি বাংলার রেডিও অনুষ্ঠানের লাইভ স্ট্রিমিং আজ যা থাকছে: * পাকিস্তানে কর্তৃপক্ষ জঙ্গি সংগঠন জইশ-ই-মোহাম্মদের প্রতিষ্ঠাতা মাসুদ আজহারের ভাইসহ ৪৪ জনকে  আটক করেছে। * ঢাকায় ভারতীয় লেখক, অ্যাক্টিভিস্ট অরুন্ধতী রায়ের একটি কথোপকথন অনুষ্ঠানের অনুমতি বাতিল করে দেয়ার পর সেটি ভিন্ন স্থানে আয়োজন করা হচ্ছে। * বিএনপির চেয়ারপার্সন খালেদা জিয়াকে শিগগিরই শারীরিক পরীক্ষা-নিরীক্ষার জন্য বঙ্গবন্ধু শেখ মুজিব মেডিকেল বিশ্ববিদ্যালয় কলেজে নেয়া হবে বলে জানিয়েছেন স্বরাষ্ট্রমন্ত্রী আসাদুজ্জামান খান।  * আজ থেকে আবার  শুরু হয়েছে ঢাকা ও চট্টগ্রাম শহর সংলগ্ন নদীগুলোর অবৈধ দখলদারি উচ্ছেদ অভিযান।  * থাকবে খেলার খবর। ধন্যবাদ। সাথে থাকবে খবরের সর্বশেষ শিরোনাম	Positive
1838	তিনি কিন্ত শিক্ষক না তারপরও সবাই তাকে স্যার বলে ডাকেন। বলতে পারবেন সেই মহান ব্যক্তি কে? একটু ক্লু দিচ্ছি তা হচ্ছে তিনি একজন ক্রিকেটার।	Neutral
1839	না এটা আমেরিকা নয় এটা আমাদের স্টুডেন্ট দের তৈরী ২০১৮ এর বাংলাদেশ । তোমরাই পারবে দেশ কে সামনে এগিয়ে নিতে । অনেক অ… https://t.co/qvZQbD2Waz	Positive
1840	এই ছোটো জিবন টাই অনেক কিছু দেখেছি , যেটা হয়তো আমার জিবন টাই দেখার ছিলো না , জিবন টা ইমোশনাল না হলে জিবনে বাঁচার ম… https://t.co/719eFueUux	Neutral
1841	মজার ইশকুলঃ ঈদ উৎসব ২০১৮ । সিজন - ৬ এ উৎসব নিয়ে Channel i যে রিপোর্ট করেছিল সেখানে এতো বড় একটা উৎসবকে অল্প কয়েকজ… https://t.co/pi6XB0z4P3	Neutral
1842	অন্ধ বধূও আকুতি করে বলে আসুন ফিরে’ — অনেক দিনের আশা / থাকুন ঘরে, না থাক্ ভালবাসা —। এই একতরফা ভালোবাসা আর আয় ও... https://t.co/2NrbjoxBaD	Neutral
1843	RT @Golap44768335: যা ভাল যাচ্ছে তাতে মনোনিবেশ করুন যেটা খারাপ হয়েছে সেটা নিয়ে ভাবতে থাকলে দিন তো খারাপ যাবেই। তবে যদি কোনকিছু খারাপ হয়ে…	Neutral
1844	জীবনে চলার জন্য অনেক কিছু বাধা অতিক্রম করতে হয়, আর সব সময় নিজের মত করে অন্যকে মনে করা, আর বিশাস করে নিজের মত সব… https://t.co/1E2foExHOQ	Neutral
1845	বিবিসি বাংলার আজকের প্রবাহ অনুষ্ঠানে প্রধান খবর: আমেরিকার পর এখন ব্রিটেন, ফ্রান্স, জার্মানি, স্পেন সহ ইউরোপের বেশ কয়েকটি দেশ ভেনেজুয়েলার বিরোধী নেতা গোয়াইদোকে সেদেশের বৈধ প্রেসিডেন্ট হিসেবে স্বীকৃতি দিয়েছে। পুলিশ সদস্যদের হাতে যেন নিরীহ মানুষ হয়রানি বা নির্যাতনের শিকার না হয়: এ আহ্বান জানিয়েছেন বাংলাদেশের প্রধানমন্ত্রী শেখ হাসিনা। সৌদি আরব ও বাংলাদেশের মধ্যে এক প্রতিরক্ষা চুক্তি হচ্ছে যার আওতায় বাংলাদেশ সেনাবাহিনীর দুটি ব্যাটালিয়নের প্রায় ১,৮০০ সৈন্য সৌদি আরবে মোতায়েন করা হবে। বাংলাদেশে প্রতিবছর দুই থেকে তিন লাখ মানুষ ক্যান্সারে আক্রান্ত হচ্ছেন। কিভাবে এ রোগের সাখে লড়াই করার মনোবল চাঙ্গা রাখা সম্ভব? থাকবে এ নিয়ে প্রতিবেদন। অনুষ্ঠানটি শুনতে পাবেন রেডিওতে শর্টওয়েভ ও এফ এম প্রচার তরঙ্গে – আর ফেসবুকে বিবিসি বাংলার পাতায় দেখা যাবে সরাসরি লাইভ স্ট্রিমিং।	Positive
1846	টাকা থাকলেই সবকিছু করা যায়, এই ধারণা বেশিরভাগ মানুষ এর মনের ধারণা ! আসলেই আমার মতে এই ধারণা ভুল ! টাকা দিয়ে কে… https://t.co/6oG7Kkt6Ey	Neutral
1847	র আন্তর্জাতিক সম্পর্ক বিভাগের অধ্যাপক আমেনা মহসীন বলছেন, বাংলাদেশের এখনই বিষয়টি নিয়ে উদ্বিগ্ন হবার আর প্রস্তুতি নেয়ার দরকার আছে।	Positive
1848	কালো অন্ধকার রাত হলে প্রিয় তুমি জোসনা হয়ে একটু আলো দিও আমি আকাশ হবো তুমি মেঘে ভেসো ‍আমাদের সময়ে প্রাণ খুলে হেসো! — feeling loved	Neutral
1849	চতুর্থ দিনের মত ব্যর্থ । গত দুই সপ্তাহে ছুটির দিনেই পাল তোলা নৌকা আর বৃষ্টি ছবি তোলার জন্য ঢাকা থেকে অনেক দুরে যাচ্… https://t.co/WqWiXqbdvC	Neutral
1850	বয়স নিয়ে ট্রল কি রশিদ খানের খেলোয়াড়িতে কোন প্রভাব ফেলে? দেখুন বিবিসিকে দেয়া এই আফগান বোলারের একান্ত সাক্ষাতকারের ভিডিও:	Positive
1851	ব্রুনাইয়ে বাংলাদেশ দূতাবাসের ভেতরে এক ব্যক্তিকে মারধর করার ভিডিও প্রকাশিত হওয়ার ঘটনায় বিভিন্ন দেশে বাংলাদেশ দূতাবাস কর্মকর্তাদের আচরণ নিয়ে নানা প্রশ্ন উঠেছে...	Negative
1852	তখন রাত ৩.৩০ পুলিশ ও একটি ছাত্র সংগঠনের কিছু ভাইয়েরা যখন লাইট বন্ধ করে আমাদের উপর হামলা করলো। তখন শত শত বোনেরা আ… https://t.co/fxXhxgzWq3	Neutral
1853	@sajid_nazmus @Im_Hassi ফোনে কথা হয়েছিল! (আবার হিংসিত :p) হুম...আমিও চাই উনি খেলুক বিশ্বকাপে।	Positive
1854	মানব জীবন অনেক কিছু নিয়ে গঠিত । মহান আল্লাহর অতি প্রিয় সৃস্টি এই মানব জাতী । এই মানব জীবন সুখ , শান্তি দুঃখ হাসি… https://t.co/qrMrNEEryK	Neutral
1855	ছোট ছোট কষ্ট গুলা এখন বর হয়ে গেছে বাস্তবতা এতটা কঠিন কখন ও বুঝি নাই। ভীষন খারাপ লাগছে সবকিছু থাকা সত্তে ও যেন... https://t.co/TpQZoFSnIb	Negative
1856	রোহিঙ্গা নিয়ে প্রশ্ন: ''আমার কেন জানি মনে হয়, পিছন থেকে কেউ তাদের যাওয়ার ব্যাপারে নিরুৎসাহিত করছে।''	Negative
1857	শুভ নববর্ষ। বাংলা নতুন আরেকটা বছরে স্বাগতম। কেমন হচ্ছে এবারের নববর্ষ উদযাপন? ১৪২৬ বরণ নিয়ে বিবিসি বাংলার ফেসবুক লাইভ । আমাদের সঙ্গেই থাকুন।	Positive
1858	এ বছর zee TV সা রে গা মা পা - তে মনে হচ্ছে হাড্ডা লড়াই হবে। কারন বাংলাদেশ থেকে দুই বারুদ এখন সেখানে &lt;3 &lt;3	Neutral
1859	নতুন সড়ক পরিবহন আইন আগামী ১ নভেম্বর থেকে কার্যকর হচ্ছে। গতকাল বুধবার আইনটি কার্যকরের তারিখ ঘোষণা করে সড়ক পরিবহন ও মহাসড়ক বিভাগ থেকে প্রজ্ঞাপন হয়েছে। আইনটি পাসের প্রায় এক বছর দুই মাস পর এ ঘোষণা এল।	Positive
1860	আসলে আমাদের মানব মন খুব ই অস্থির এক জিনিস সে যে কি চাই সে আসলে নিজেও জানে না।আবার সব কিছু জেনে শুনেও এই মন ভুল পথে পা বাড়ায় .........।	Neutral
1861	ভিডিও দেখুন শেয়ার করে দেশবাসীকে দেখাতে সাহায্য করুন http:/t.co/X3iDaWj1dR via @youtube	Positive
1862	RT @OliurRa22356126: ὨCὩA বাংলাদেশ যাত্রী কল্যাণ সমিতির হিসেবে ২০১৮ সালেঃ ὄ9 সড়ক দুর্ঘটনা ঘটে ৫ হাজার ৫১৪টি। ὄ9 এতে নিহত হয় ৭ হাজার ২২১ জন।…	Neutral
1863	আমাকে পুড়িয়ে যদি তুমি সুখ পাও, আমাকে জ্বালিয়ে যদি তুমি সুখ পাও। তবে আরো বেশি বেশি করে আমাকে পুড়াও। তবে আরো বেশি বেশি করে আমাকে জ্বালাও।	Neutral
1864	তু এ লা সেল ফেম দা এ মা ভি । জীবনের প্র‍য়োজনে অনেক প্রকার ভাষা শিখতে হয়েছে । টুকটাক ফ্রাঞ্চি ভাষাও শিখেছি । উপ… https://t.co/FZKjnmR5GV	Neutral
1865	যে দেশের ৮০% মানুষ না খেয়ে ঘুমতে যায় সেই দেশে কে গরু খেল, কে শুকোর খেল, কে শাকপাতা খাচ্ছে, কে ভাত না খেয়ে বিরি… https://t.co/iXl5LcB80t	Negative
1866	ঢাকার নদী দখল ও দূষণে ১০৯৩ শিল্পকারখানা চিহ্নিত http:/t.co/IhvWVkc0CV	Neutral
1867	কবে যে খোঁজে পাবো একটা নির্দিষ্ট এক পথ, সে পথ ধরে হাটবো আর হাটবো পিছুনে ফিরে আর দেখবো না। যে পথে আছে আছে সুখ আর... https://t.co/9T1CivsRy6	Neutral
1868	RT @HdlG7bepe96rsVO: আমি আর মা চুদা চুদি করার সময় ছবি টা পিক করলাম কেমন হলো বলেন সবাই মা ছেলে চুদা চুদি কেমন মজ লাগে জানি আমার কাছে ইচা ম…	Negative
1869	গল্প নম্বরঃ ৬৬ ======== সকাল থেকেই মনটা খারাপ হয়ে আছে । কিছুতেই কিছুতে মন বসছে না । কিছু করতে ভাল লাগছে না । বা… https://t.co/UdL6zY908C	Negative
1870	RT @Pake58: মানুষের জীবন সুখে ভরে তোলার সব থেকে সহজ উপায় হলো সর্বদায় মহান আল্লাহ তালার শুকরিয়া আদায় করা। কারণ আল্লাহ তার বান্দার জন্য স…	Positive
1871	এই ব্যাক্তিটির সাথে ই সে দিন এক সাথে হাটার সময় ভাই মনে করে একটু হাত টা ধরেছিলাম , অমনি করে হাত টা পকেটে ঢুকিয়ে… https://t.co/UeztItZIAH	Neutral
1872	RT @HotSonai: যদি অভ্যেস থাকে তাহলে 2/3 পেগ আর না থাকলে 1 পেগ #হুইস্কি বিছানায় চোদানোর আগে খেয়ে নাও আর তফাৎ টা দেখো তবে দুজনের মধ্যে এক জ…	Neutral
1873	কাছের মানুষ দূরে যাবার কথা শুনলে মেজাজ তো সপ্তম আকাশে ওঠেই তার চেয়ে বেশি মন খারাপ হয়ে যায়ὡ2।তখন নিজেকে সামলানো খুব কষ্টের হয়ে দাঁড়ায়..	Neutral
1874	@bbcbangla ব্রিটেন ও বাংলাদেশ কি এক হলো?আর সব বিষয় গুলো ফলো করলে তো জনগনের ভালো হতো,তাই করে না।যাতে নিজেদের ভালো সেটা ফলো করবেন আপনারা!	Neutral
1875	আমার একটা লাশ চাই, আমার একটা লাশ চাই। লাশ দরকার বামদের, লাশ দরকার ডানদের, লাশ বিনা মাঠ গরম করা যাবে না। লাশ দরকার… https://t.co/mx5xFVcl3t	Negative
1876	ভাবছি একটা ভুল করব। তুমি যেমন ভুল করে অন্য কারো ঘরে চলে গিয়ে বলছ ভুলত মানুষই করে!!! আমিও ঠিক এমন একটা ভুল করব যা... https://t.co/QGFnH7aFdp	Neutral
1877	আর কিছুক্ষণের মধ্যে (৯:৩৫) চ্যানেল আইতে শুরু হচ্ছে বিবিসি বাংলার সরাসরি অনুষ্ঠান বিবিসি প্রবাহ। বাংলাদেশে মানসিক স্বাস্হ্যরক্ষা নিয়ে কথা বলতে স্টুডিওতে আছেন ঢাকা বিশ্ববিদ্যালয়ের শিক্ষক ড. মাহফুজা খানম। প্রবাহ দেখুন প্রতি সোমবার ও বৃহস্পতিবার রাত ৯:৩৫ এ চ্যানেল আইতে।	Positive
1878	চাঁদা তুলে এবং গাড়ি বালাকে বলে চাঁদা না দিলে কিন্ডি খুলে নেবো ,এটাই কি রাজনীতি না গুন্ডামি ,ও একটা পরিবার কে ঘর ছাড়া করেদিয়েছে	Negative
1879	RT @EsnArafat: বাংলাদেশ এত কিউট মেয়ে অাছে ὠD অাগে তো জানতাম নাᾑ4 বিয়ে করলে পর্দা শীল মেয়েদের বিয়ে করবὠE বে পর্দায় তো নাস্তিকরা ও চলাফেরা…	Neutral
1880	মায়ের ভালোবাসা সন্তানের জন্য . M J Masum Billa . আজ আনেক দিন পর একটা অচেনা নাম্বার থেকে কল । ফোন কলটা রিসিভ করে... https://t.co/41cwhSNWcE	Neutral
1881	যে ছেলে চাবামাত্রই পায়, চাবার পূর্বেই যার অভাব মোচন হতে থাকে ; সে নিতান্ত দুর্ভাগা । ইচ্ছা দমন করতে না শিখে কেউ কোনকালে সুখী হতে পারেনা.. ।	Neutral
1882	Daily Manab Zamin | সংসদেও ঘুমালেন সমাজকল্যাণ মন্ত্রী http://t.co/FEo6ZsQIL1	Negative
1883	★আপনি কী দেশে কথা বলতে চান ১০০\% ক্লিয়ার ভয়েস ও খুবই অল্প রেটে। তাহলে আজই আমাদের সাথে যোগাযোগ করুন। মনেই হবে না... http://t.co/QUM32A23ZK	Positive
1884	@AjeebChele আসলে সবাই হয় না অগ্রসরে, আর যারা হয় তারা ভুল টা জানার পরও না পেরে তারা অগ্রসর হয়, এটা বলেতে গেলে দোষেরি হয়	Neutral
1885	অবশেষে সোনা আর ফেরত পাওয়া যাবে না। কারন সোনা গভীর জায়গা হতে লুটপাট হয়েছে তবে সোনা নিয়া বেশী কথা বলা যাবে না। (বানী তে বাংলাদেশ ব্যাংক)	Negative
1886	RT @AITCSagnik: ভারতীয় টাকার মূল্য আরও নিচে নামলো। ৭২.৯১ / ১ $ বাংলাদেশ তথা পাকিস্তানের টাকার মূল্যও এখন ভারতীয় টাকার থেকে বেশি। এর থেকে…	Neutral
1887	@shahanaz_rumy এত কষ্টের কষ্টের টুইট দাও কেন??? তোমাকে ছেরে কেউ কি চলে গেছে? আর চলে যদি যেয়ে থাকে তাকে ভুলে, নতুন কিছু ভাবা শুরু করো।	Positive
1888	3-0 তে হারবি এটা মানা যায় না। বাংলাদেশ এর কাছে এটা আসা করা যায় না। আফগানিস্তান দেখিয়ে দিল তারা কি রকম নাগিন ড্যান্স করতে পারে ὠ1ὠ1	Negative
1889	@TouchCrazy আর একটা কথা তোমরা জোর করে ২২০ আসন নিয়ে নিবা এটা বোঝা যাচ্ছে! যার জন্য এত মামলা মারধর বিএনপি এর উপর কর… https://t.co/aKQHSTBDct	Negative
1890	ফেসবুকে বিবিসি বাংলার সন্ধ্যেবেলার অনুষ্ঠান প্রবাহে যা থাকছে: ভারতের দক্ষিণের রাজ্য কেরালায় ভয়াবহ বন্যায় তিনশোর বেশি মানুষ নিহত হয়েছে। বন্যায় সেখানে ব্যাপক ক্ষয়-ক্ষতি হয়েছে। থাকবে এ ঘটনার বিস্তারিত।  চীনের  শর্তাবলী মেনে সেখানে সার্চ ইঞ্জিন চালুর কথিত পরিকল্পনার বিরুদ্ধে প্রতিবাদ জানিয়ে গুগলের শত শত কর্মী প্রতিষ্ঠানের কর্তৃপক্ষের কাছে চিঠি লিখেছে। শুনবেন এর বিস্তারিত। বাংলাদেশে যে কোন ব্যাংকে যে কোন সময়ে সাইবার হামলা হতে পারে বলে সতর্ক করে দিয়েছে কেন্দ্রীয় ব্যাংক। এ সংক্রান্ত একটি সতর্ক-বার্তা বিভিন্ন ব্যাংকের কাছে পাঠনো হয়েছে। হ্যাকিং এর শিকার হলে কী করতে পারেন ব্যাংক গ্রাহকরা? থাকবে এ নিয়ে প্রতিবেদন। বাংলাদেশে কুরবানী ঈদকে সামনে রেখে পশু জবাইয়ের জন্য সারাদেশে প্রায় তিন হাজার জায়গা নির্দিষ্ট করেছে কর্তৃপক্ষ। কিন্তু এই নির্দেশনা কতটা বাস্তবায়িত হবে এবার? শুনবেন এ নিয়ে।	Positive
1891	RT @nusratjahanjeni: ὄ9সংলাপ ὄ9নুসু ὄ7 সংলাপ শুরু হবে সংলাপ চলবে খোলা মাঠে রাজনীতি তাহলে কি চলবে? সকল বিরোধ ছেড়ে ছুড়ে এক টেবিলে বসো জনগণ কা…	Positive
1892	এটা ভারতীয় রাজনীতি মশায় ! এখানে বিপক্ষ ত বললে বিরোধ করে বলতে হবে ব যদি বিপক্ষ বলে তাল? নিশ্চয়ই বলতে হবে --ল।। বুঝলেন কি না?	Negative
1893	‘ছুডু থেইক্কা আমরা এক লগে, নাহিদরে ছাইড়া কোনোহানে যাইতে মন চায় না আমার। আমি ছাড়া অর খেলার সঙ্গী নাই। অর সাথে না খেললে ও রাগ করে।’	Positive
1894	RT @sabinaahmed22: রাষ্ট্র হিসাবে বাংলাদেশ কি জানালো আমাদের? - এখানে নকল করা সবার অধিকার। নকল করা দোষের নয়। - নকল করলে কাউকে ধরা যা…	Negative
1895	মন খারাপ ছিলো একটা প্যারা মার্কা কোডিং করে ঠিক হয়ে গেছে মন । বি:দ্র: ওরে পাগলা আজ তোর বউ নাই বলে মন ভালো করতে হয় কোডিং করে ।	Positive
1896	এবারের জন্মদিন টা খূব খারাপ গেলো।ὢ2ὢ2ὢ2ὢ2 আমার প্রিয় মানুষদের কাছ থেকে একটি ও wish পেলাম না ὢBὢDὢBὢD এর থেকে খারাপ আর কীই বা হতে পারে আজকের দিনে ?	Negative
1897	গত কাল বিকেল এর কথা, কোন এক হল ঢাকা ইউনিভার্সিটি। এক ছেলে জ্বরে চুপসে শুয়ে আছে বিছানাই। হল এর নেতা এসে বলে ওঠ। সব… https://t.co/3Wl1gCBtug	Neutral
1898	ফান করতে করতে সময়টা শেষ হয়ে গেলে মন্দ হয় না৷ তবে ফান করে ২০/৩০ বছর শেষ করা একটু টাফ। ইনবক্সে কথা হচ্ছিলো পুরনো… https://t.co/fHml3FPzJV	Neutral
1899	জল তুই ঝরে যাস পারিসনা হতে নদী, বোঝেনা তাই কেউ এক ফোঁটা জলে দেহের মনের চোখের কতটা হলো ক্ষতি..., জল ক্রোধ বিহীন স্বা… https://t.co/xTV7Xivscx	Neutral
1900	ওপার বাংলার টিভি মডেল ও অভিনেত্রী তারিনের সঙ্গে দেখা হল মুম্বাই সুপারস্টার বিদ্যা বালানের সঙ্গে৷ বাংলাদেশের নাম... http://t.co/xY6qBNl4EK	Neutral
1901	Part-288. |¦ চোখ ভরা ঘুম, আর সময়ের অভাবে, লক্ষ ভঙ্গ করা, তারপর ভুল বাস এ উঠে... চিৎকার করা ¦ হা আমার ভালো লাগে রোজ… https://t.co/EbTN3Ouwee	Neutral
1902	'শুধু রাজস্বের ভাগ নয়, সাকিবরা যেসব সংস্কারের কথা বলেছেন, নারীদের ক্রিকেটেও...	Positive
1903	বিএনপি থেকে জোট যদি বাদ দিতে হয় তাহলে আরো ১০ বছর আগে দেওয়া উচিত ছিল তাহলে এত গুলো নেতাকে হারাতে হত না। কি দরকার জোটে ফাটল ধরানো???	Positive
1904	তাই হওয়ার পেছনে সময় দিন , যা আপনি হতে চান। সুখী হোন তাই করে, যা করতে আপনার সুখ লাগে। অন্য কেউ কি ভাবল তা তাদেরকে.… https://t.co/Pmrbift0C2	Positive
1905	@RArohi তোমার ঐ ফ্রেন্ডের সাথে জেকেরে পরিচয় করাই দেউ। তালে তোমার ফ্রন্ডও মুভি দিবে আর জেক ভাই দেখে মজা পাবে দুজনই সেম সেম ὠAὠ2ὠ2ὠ3	Neutral
1906	যখন কেউ তোমাকে আঘাত করবে , মন খারাপ কোরো না ..কারণ জেনে রাখবে প্রকৃতির নিয়ম যে , সেই গাছেই বেশি পাথরের আঘাত পড়ে… https://t.co/TYfzDzPlib	Positive
1907	কেন আপনার বুঝতে পারেনা আমি কি খারাপ কিছু দিলাম একা কষ্ট হয় তাই যাঁর মনে যদি ভালো লাগে দিবে কত টাকা কতো দিকে খরচ হ… https://t.co/Zjyiv3G6qv	Neutral
1908	টাকার বিনিময়ে কতজনকে কেন্দ্রীয় সদস্য পদ দেওয়া হয়েছে তার কোন হিসাব নাই। যে জীবনে দল করে নাই সে ঢাকা গিয়েই সদস্য পদ নিয়ে আসে।	Negative
1909	RT @MyselfMahmud: দু একটা ভুল হতেই পারে মাদকবিরোধী অভিজানে আল্লাহ এ কথা যে বলেছে তার জীবনে তুমি দু একটা ভুল ঘটিয়ে দাও - ইফতারি আগ মুহূ…	Negative
1910	খারাপ লাগে তখনই , যখন কোন অমানুষ জাতীয় সঙ্গীত শোনা সত্তেও উঠে না দাঁড়ায় ।। হতে পারে তুই এ দেশকে ভালোবাসিস না ।.… https://t.co/5gsynNs8hK	Negative
1911	হাঁটা একটি উৎকৃষ্ট ব্যায়াম। নিয়মিত হাঁটলে অনেক উপকার পাওয়া যায়। এ তথ্য সবার জানা থাকলেও স্পষ্ট ধারণা অনেকেরই নেই। জেনে নেওয়া যাক হাঁটার কিছু উপকারিতা।	Positive
1912	ব্রঙ্কস ইউনাইটেড ও যুব সংঘ ফাইনালে	Neutral
1913	ঢাকায় বসে একটা জিনিসকেই বেশি ভয় পাই, তা হল অসুস্থতা :( বাসায় গিয়ে অসুস্থ হলে তো বরং মজা লাগে :p আম্মা আছে তো ঐখানে =D	Neutral
1914	সাকিব ৯৭ রান করে আউট হয়েছেন। ১০০ করা অবশ্যই মহৎ কিছু। কিন্তু দলের কঠিন অবস্থায় ৯৭ রান ২০০ রান থেকেও বেশি কিছু। — feeling sad	Positive
1915	RT @Mehedi__hsn: ☑চেহারা খারাপ । ☑ভয়েস খারাপ । ☑কোনো ট্যালেন্ট নাই । ☑স্টাইল করতে পারিনা । ☑কথা সাজিয়ে গুছিয়ে বলতে পারি না । ☑ঘুমানো ছা…	Negative
1916	গণতন্ত্র ও আইনের শাসনে বিশ্বাস করে না সরকার : জামায়াত	Negative
1917	সৎ ভাবে চলা একটু কষ্টকর তবে মনে শান্তি থাকে বুকে সাহস থাকে অসৎ ভাবে চলতে খুব আরামের তবে আতংক আর ভয় কাজ করে। কম খাই… https://t.co/7CXekKyRvx	Neutral
1918	@itzmafi আমার নিজের জন্মদিন টা ই যে মনে থাকে না কখনো আর সত্য বলতে আমি ই যে নিজে কতদিন ঠিক মত খাই না কে জানে৷ যাই… https://t.co/QPXW7aZxrV	Neutral
1919	ইদানিং ঢাকা শহরের ফুটপাত দিয়ে চলাচল করতেও ভয় লাগে। বাস ড্রাইভারগুলা যে পাগলার পাগলা কোন সময় ফুটপাত দিয়ে বাস উঠাই দেয় তার কোন ঠিক নাই :(	Negative
1920	বাংলাদেশ বনাম ভারতের বিশ্বকাপ ম্যাচ বড় পর্দায় দেখাচ্ছে ঢাকা বিশ্ববিদ্যালয়ের টিএসসিতে, সেখান থেকে সরাসরি	Positive
1921	১ম মাতাল : তুই মানুষ না আরশোলা? ২য় মাতাল : মানুষ। ১ম মাতাল : কী করে বুঝলি? ২য় মাতাল : আরশোলা হলে স্ত্রী ভয় পেত। ! https://t.co/CQqle2N9hI	Neutral
1922	ব্রেক্সিট বাস্তবায়নের জন্য এবার ক্ষমতাসীন দলের সংসদ সদস্যদের হুমকি দেয়া হচ্ছে।	Positive
1923	ও বুবু তোর সোনার ছেলে থামা দয়া করে চোখের পট্টি নামা। ভুল করে যে রুখে দে তাঁর দাবা সোনার বাংলায় কেনো রক্ত থাবা ।… https://t.co/pTw35LfyvZ	Negative
1924	ভালোবাসা হলো পোষা জন্তুর মতো।। যার কাছে থাকে ,তার কাছে ভালো মতোই থাকে।। যার কাছে থাকেনা , সে সোনার খাঁচায় বেঁধেও আটকে রাখতে পারে না।।	Neutral
1925	কেন আপনি কি বুঝলেন বলুন তো ??? ফেসবুক আপনার কি ক্ষতি করলো বা সমাজের। আপনার যদি ভয় হয় তো আপনি রাজনীতি করা ছেড়ে দি… https://t.co/Pj8Sf2xaY8	Neutral
1926	শ্রীচরনেষু দিদি , বাগানের প্রায় সব আম গুলো পেড়ে খেয়ে নিলে ? আহা ওদের তো আর ও একটু বেশি করে দিতে পারতে ? চুষে… https://t.co/JkmH4uZFTl	Neutral
1927	RT @Manik________: পৃথিবী সুর্যের চার দিকে ঘোরে আর সুর্য আমার চার দিকে ঘুরে ঘুরে পোড়ে,এরি মাঝে আপন মানুষ গুলো একটু করে নারা চারা করে দেয়…	Neutral
1928	RT @RArohi: আপনি তো জাতির পিতার কন্যা! মানবতার মা উপাধিও পাইসেন। নওশাবা কে ছেড়ে দিন। সে তো ভুল স্বীকার করসে।যে শাস্তি পাচ্ছে আর কোনদিন স্…	Neutral
1929	চোখ দিয়ে ডুবিয়ে মারা যদি অপরাধ হতো তাহলে তুমি হতে দুনিয়ার সবচে বড় খুনের আসামী,জজও তার সিদ্ধান্তে ভুল করতো তোমার ঐ চক্ষুদীঘিতে ডুবে! ❤️	Neutral
1930	@rhrupok হুমম ভাই আমরা তাহাদের চাকর হয়ে গেলাম অথছো আপনার আমার টেক্স দিয়ে দেশ চলছে,দেশ আর দেশ নাই স্বাধিন ঠিকই হইছে বাট সুখ নাই	Negative
1931	নেইমার এর ৯০মিনিট এর কমেডি টা কিন্তু অনেক মজা লাগছে! নেইমার হতে হলে মেসিকে আরো হাজার বার জন্ম নিতে হবে! হা হা হা হা হা!	Negative
1932	জীবনে দুঃখ হলো বউ এর মতো, সব সময় আপনার সাথে সাথে থাকবে :-D :-D আর সুখ হলো শালির মতো, একবার যাবে একবার আসবে :-P :-P #মিঃজোকার	Neutral
1933	আগামীকাল ভোটের দিনে বিএনপি - জামাতের সম্ভাব্য গুজব সমুহ দেখে নিন। কোন গুজব বা সেই গুজব কে কেন্দ্র করে যেকোনো সহিংসতা হলে কল করুন ৯৯৯ এ...	Neutral
1934	সুখে আছেন, কেউ খারাপ ব্যবহার করলেও গায়ে লাগবেনা, খারাপ লাগবেনা। বাট কষ্টের সময় কেউ অল্প খারাপ ব্যবহার করলেও আজীবন মনে দাগ কেটে রয়ে যাবে।	Neutral
1935	সাহাবা ও ইমামগণকে গালি দেয়া নিষিদ্ধ http://t.co/QKIpWQVEsL#shiatruth#بنغالي #বাংলা #islam#لغات_وترجمه#ريتويت	Positive
1936	যদি আসে অন্ধকার সব জানালা বন্ধ-দ্বার , আলো নেই কোথায় পাবো সে জীবন , হারিয়ে যাওয়া আপন জন , এই জীবন ভালো নেই ।ᾑ4 — feeling ছেলে বেলা	Negative
1937	RT @Eroskwt: যাদের মনে মায়া বেশি থাকে তাদের জীবনে কষ্টও বেশি থাকেὣ3 তাই মায়া না দেখিয়ে উরাধুরা ঝাড়ু পিডানি দিমু তাহলেই সুখী হতে পারমুὠCὡD…	Neutral
1938	বাংলাদেশ এশিয়ার সফল দেশ হিসেবে স্বীকৃত #জাতিসংঘ হইতো এই কথাটা অনেকের ভালো লাগবে না - দেশটা যদি ডুবে যায়, তাহলেই মনে হয় তারা খুশি।	Neutral
1939	RT @kmhossainsharif: জাস্ট ওয়াও, ওদের কোটি কোটি টাকা খরচ করে তৈরি করা ভিডিও মির্জা ফখরুল স্যারের ভিডিওর কাছে কিছুই না। ভিডিও — আপনি একা…	Neutral
1940	মানুষ স্বভাবগত ভাবেই কষ্ট পেতে ভালোবাসে , সব সময় সুখের পেছনে দৌড়ানোর কোন মানে হয় না । আমি না হয় হেরেই রইলাম ,তা… https://t.co/zJaYuNi2MP	Neutral
1941	পার্শ্বিক ও দিশাহীন গবেষণা	Negative
1942	RT @HotSonai: #কনডম ব্যবহার করলে মজা হয় না এটা একদম ফালতু কথা #কন্ডোম ব্যবহার করে ছেলেদের হয়ত মজা কম লাগে আর কন্ডোম টা যদি ফ্লেভার আর #ড…	Neutral
1943	ওবেসিটির জন্য সার্জারির পরামর্শ পেয়েছিলেন জ্যাসন, কিন্তু তিনি নিজেই কমালেন ৮৯ কেজি ওজন! 🙄🙄	Positive
1944	❣️ জাতির জনক বঙ্গবন্ধু শেখ মুজিবুর রহমান , আপনার কথাই সত্যি, আমরা আজ তা অনুভব করছি , আজ আপনার মত মহান নেতার শূন্যতা… https://t.co/JsWyQtm0OR	Positive
1945	সেই সময়টা খুব কঠিন,যে সময় চোখের পানি ফেলতে হয়।কিন্তু ঐ সময়টা তার চেয়েও কঠিন;যে সময় চোখের পানি লুকিয়ে রেখে হাসতে হয়।#peeps	Positive
1946	বাংলাদেশ এর ইতিহাস এ কখনো ছাএ আন্দোলন ব্যর্থ হয় নাই আর হবেও না । ৫২ এর ভাষা আন্দলন বলেন আর ৬৬ এর ছয় দফা, ৬৯ এর গ… https://t.co/wGFnTaFcX8	Positive
1947	@Hema579 যে জনপদে দ্বীনের দাওয়াত চলেনা ঐজনপদ হলো লানতের জনপদ আল হাদিস মহান আল্লাহ আমাদের সকলকে এ থেকে পরহেজ থাকার তৌফিক দান করুন আমিন	Neutral
1948	ছোট ভাইয়ের জন্য মোবাইল কিনব| বাজেট ১৫০০০ টাকা| রেড মি এমআই এ১ প্রথম পছন্দ | তবে ভুল করে ওয়ালটন আর সিম্ফনি এর ওয়ে… https://t.co/FHSkUaIgWR	Neutral
1949	নির্বাচনী আইন লঙ্ঘনের অভিযোগে জাপানের নতুন বাণিজ্যমন্ত্রী পদত্যাগ করেছেন	Positive
1950	স্কুলের প্রথম দিনের কোন স্মৃতি আছে? অথবা মজার কোন ঘটনা? ὠ2 — তুমি তো ভালই পারো, কিন্তু হাতের লেখা টা একটু ঠিক করতে… https://t.co/X3zlomVoMU	Neutral
1951	@BoyBanglar ভালোই,, তাও ত বাংলার বেকার ছেলে না	Positive
1952	RT @iam_rupok: #মাশরাফি #সাকিবের মনোনয়ন ফরম কেনা , আমাদের জন্য দুঃখজনক , সাকিবের টা মানতে পারলেও #বস এর টা মানতে পারতেছিনা । ভাই রাজনী…	Neutral
1953	পুলিশের উপর বেপরোয়া হামলা আর প্রিজম ভ্যান ভেঙে আসামি ছিনতাই এর মজা গয়েশ্বর চন্দ্র রায় ও আজিজুল বারী হেলালরা এখন হাড়ে হাড়ে টের পাইতেছেὠ1	Neutral
1954	তামিম !ডানো খাওয়া ছেড়ে দে বৎস  .ডানো কম্পানির ও একটা ইজ্জত আছে	Positive
1955	কি জানি বলছেন! ঢাকা শহরে একদিনের জন্য পুলিশ তুলে নেয়া হোক দেখি যানজট কে সামলায়? আরে ভাই ৫ দিন ধরে কিছু শিক্ষা নেন… https://t.co/4acZkZnt2V	Neutral
1956	অকা থেকে প্রায় সব বড় নেতাই এখানে সেখানে বলছে, বিএনপি ক্ষমতায় আসলে দেশে রক্ত গঙ্গা বয়ে যাবে। তো আ হ ম মোস্তফা কা… https://t.co/SBwf0HmjVG	Neutral
1957	যে দেশে উচ্চশিক্ষা এবং মেধার মূল্যায়ন হয় না, সে দেশে পঞ্চম শ্রেণী কোনরকমে পাশ করে রাজনীতি করা অনেক ভাল। টাকার পাহাড় তৈরি হয়ে যাবে।	Negative
1958	&amp; Sawki Alam : খু-উ-ব ভালো লাগলো | খারাপ লাগলো ... MLA না হতে পারলে তো খেতে পাব না ... কম দামে কোর্টের বাজার থেকে... https://t.co/Wr9OdYeYPE	Neutral
1959	✍ ভালোবাসা হল একটা বই, আর ভুল বুঝাবুঝি হল একটা পৃষ্ঠা। সত্যি যদি তুমি কাউকে ভালোবাসো, তাহলে একটা পৃষ্ঠার জন্য একটা বইকে ফেলে দিও না!	Positive
1960	১০ টাকা করে ১ হালি লেবু কিনে আনতেসি গত মাস থেকেই। ব্যাপার টা বুঝেন নাই? ১ টা লেবুর দাম মাত্র আড়াই টাকা! ব্যাপার… https://t.co/IWIZpDFtaD	Neutral
1961	@maimuna_ctg আমিও ব্যাটিং দেখার অপেক্ষায়	Neutral
1962	@reetiy_ ওহহ। হা। আমি ভাবছি প্রিন্স মাহমুদ ভাই এর সাথে গুলাই ফেলচ। উনি এখন আর লেখে না? আমার এফবি ফ্রেন্ড ছিলো। অনেক মজার পোস্ট দিত।	Neutral
1963	আমাদের দেশে যে শুধুমাত্র অবৈধ এটা-সেটা (...............) আছে তা নয়, বেশ কিছু অবৈধ বিশ্ববিদ্যালয়ও আছে। আর.../ http://t.co/QPcoa4pFxs	Neutral
1964	বেঁচে থাকলে তাঁর বয়স হতো ৬১ বছর! মাইকেল জ্যাকসন অবশ্য ভক্তদের মাঝে এখনো বেঁচে আছেন। শুভ জন্মদিন #MichaelJackson	Positive
1965	এই অধম এর ফ্রেন্ড লিস্ট এ গেম লাভার থাকলে তাকে অনুরধ করা হচ্ছে। রাইস আপ ইয়োর হ্যান্ড ব্র। পিসি গেম ঃ BATTLEFIELD BAD COMPANY 2	Neutral
1966	RT @DidarEm: ἳEপাঁচ বছরে কত যে দুর্নীতি করছে বিএনপি ৪ চার দলীয় এক্যজোট তা আমরা সবাই শুনেছি, এবং জানি ὄE কিন্তু এই দশ বছরে কত যে লুটপাট, দু…	Negative
1967	আজকাল দুর্ঘটনা পিছু ছাড়ছে না !!! হে বিধাতা চলার পথে কোন ভুল ত্রুটি থাকলে ক্ষমা করো আমায় । দাও শান্তি ও নিরাপদ থা… https://t.co/IuYWQcv6Ey	Neutral
1968	@mon0340 তুমি আস , না হয় ৷ আমাকে ঠিকানা দাও ৷ আমি তোমাকে অনেক মজা দিব ৷ আদরে আদরে রাত পার হবে ৷ তুমি মনে করতে পারবে না ৷	Neutral
1969	তোমার জন্য আমি ছেড়ে দেবো সব তুমি আশা ভালোবাসা প্রাণে অনুভব আমি কবর হবো যদি চিরঘুম তুমি দাও আমি মরণ হবো যদি আমাকে সঙ্গে নাও... &lt;3	Neutral
1970	আসি আসি করেও কেউ আর এলো না! প্রায় ৬ মাস হতে চললো বাংলাদেশ দল কোচহীন। এর মধ্যে শ্রীলংকার সাথে ঘরের মাঠে সিরিজ, শ্… https://t.co/rkbchqCBel	Neutral
1971	কারও সাথে পায়ে পাড়া দিয়ে কখনো ঝগড়া করতে যাই না, এ জন্য কেউ আমাকে ভালো মানুষ বা ভদ্রলোক ভাবলে ভুল করবেন, আমার পা… https://t.co/eOEjq65aWK	Neutral
1972	@JasikaParvin মানুষের সুখ দু;খ সব আল্লাহর হাতে তিনি যখন দুখ দেন তার চিছনে একটা কারন আছে আর সেই কারন না যেনে যে আত্যহত্য করে সে একটা পাপি	Neutral
1973	RT @Manik________: জীবন সুন্দর হয় মনে কষ্ট থাকলে আকাশ সুন্দর হয় হালকা মেঘ থাকলে আর ভালোবাসা সুন্দর হয় বিশ্বাস থাকলে সেই বিশ্বাস টাই আমা…	Neutral
1974	আজ যা রহস্য কাল তা সহজ স্বাভাবিক সত্য। আজ যা বুদ্ধির অগম্য, কাল তা-ই সহজ, সামান্য ঘটনা। - তোমাদের জন্য ভালোবাসা - হুমায়ূন আহমেদ	Neutral
1975	@YasinAhmadMura এই সিনহার অবৈধ রায়ে, কত নারী স্বামী হারা, মনে নাই, স্বামী সাথে না থাকার কি ব্যাথা, এবার বুজবে সিনহার স্ত্রী, লও ঠেলা। ): ὠ7ὠ9	Negative
1976	RT @salim91197089: ওফার করছি মন দিয়ে পরবেন আমার নাম ছাইফুল আমি ঢাকা থাকি আমার বয়স ৩৫ আমি ঢাকার বাহিরে কোথাও গুরতে জাব একা জেতে ভাল লাগ…	Neutral
1977	সকল মুসলিম ভাই ও বোনদের ইউটিউব সহ গুগলের সকল সার্ভিস চালানো থেকে বিরত থাকার অনুরোধ জানাচ্ছ http://t.co/j0STfgIpyY	Negative
1978	মার্কিন সেনাবাহিনীর হাতে ধরা না দিয়ে তিন ছেলেমেয়েসহ আত্মঘাতী হন বাগদাদি।...	Positive
1979	হাতে আছে ২০টা উইকেট টার্গেট ২০০রান, দেখা যাক। দৌড়াও বাঘের বাচ্চা বিড়ালেরা।	Positive
1980	RT @Arni58250501: আই ছবি গুলো ডুব দিয়ে শুরু হয়ে শেষ হবে কখন যে কোন সময় আমি তুলে নিয়ে কথাগুলো ডিশ ঠ্যাং ὠ1ὠ1 দিয়ে কথা বলতে বলতে কখন যে শব…	Neutral
1981	অর্ডার করার পর একজন নারী দরজি গ্রাহকের বাসায় গিয়ে মাপসহ অর্ডার বুঝে নেন। গ্রাহক ফোন দিলে দ্রুতই তারা...	Positive
1982	দিনের আড়ালে ডাকা পড়ে যায় দিন ৬৯ এর ১৫ আগষ্ট ইসলামী শিক্ষা দিবসটি ডাকা পড়ে আছে ৭৫ এর শোক দিবসে আজ ১৫ই আগষ্… https://t.co/HU5fTw80qW	Neutral
1983	ভদ্রলোক সেই , বড় সেই ,যে সত্যের উপাসক । যে মানুষকে সমাদর করে , চরিত্র মহৎ ও কাজ যার গৌরবময় । - শেখ সাদী https://t.co/GK3MpB44EP	Positive
1984	RT @BikramAri: ভাওতামি ও ভন্ডামি বন্ধ হোক। সুপ্রিম কোর্ট চাপ দিতেই ঝুলি থেকে বিড়াল বেরিয়ে পড়লো। Safe Drive Save Life তহবিল থেকে টাকা দে…	Neutral
1985	প্রতিবন্ধী হবার কারণে শৈশবে স্কুলে পড়তে পারেননি, কিন্তু থেমে যাননি থাইল্যান্ডের এই নারী	Positive
1986	যে কুকুরটি বাগদাদিকে সুড়ঙ্গে অনুসরণ করেছিল, তার সম্পর্কেও বিস্তারিত তথ্য দেন ম্যাকেঞ্জি। তিনি বলেন, ৫০টি যুদ্ধে অংশ নেওয়া চার বছর বয়সী কুকুরটি...ড্রেজার দিয়ে ফসলি জমি কাটার মহোৎসব 🤒 মুরাদনগর উপজেলার বাংগরা বাজার থানাধীন ৭ নং বাংগরা ইউনিয়ন এর ধনপতি খোলা গ্রামে চলছে অবাধে ড্রেজার দিয়ে ফসলি জমি কাটার...	Positive
1987	মারাত্মক ভুল - ὈE আল্লাহ ও রাসুল ﷺ দুআয় ভাল আছি/আপনারা যেমন দুআ করেছেন/আপনাদের দুআয় ভাল আছি ইত্যাদি ὄ9 বলুন, আল্লাহর রহমতে ভাল আছি।	Neutral
1988	প্রাচীন গ্রীকরা বলতো - আপনি যদি শক্তিশালী হতে চান - দৌড়ান। আপনি যদি স্মার্ট হতে চান - দৌড়ান।  তাদের কথা ভুল নয়… https://t.co/5z8efJl8tH	Neutral
1989	পাম্পে অন্তর্বাস পরিবর্তন, ধরা পড়ল গোপন ক্যামেরায় (ভিডিও) |/ Last News BD .com http://t.co/notR22RYvo	Negative
1990	আমার একা বড় একা লাগে শুধু তোরই ছবি চোখে ভাসে তাই জেগে থেকে আঁধার রাতে তোকে ভেবে যাই ভালোবেসে | আমার স্বপ্নরা তোর… https://t.co/Xp9DUqB6x0	Neutral
1991	‘আফা তো মাঝে মধ্যেই আসে। যহন আসে খাওন নিয়া আহে। আফায় নিজেই রান্না কইরা আনে। আমাগো খুব আদর করে। আফায় খুব ভালো।’ -… https://t.co/98xtzQavmu	Neutral
1992	কম্পিউটারের মত আপনার অ্যান্ড্রয়েড ফোনেও করুন মাল্টি টাস্কিং http:/t.co/anuvDlrTfS via @TheDhakaTimes	Positive
1993	মন চায় ভালোবাসতে, মন চায় মনের মানুষকে খোজতে, কোথায় পাবো তাকে, এ জন্য নিরবে নির জনে, মন খারাপ করে। একা একা বসে থা… https://t.co/DTA5gAODCs	Neutral
1994	সুন্নী আন্দোলন শিয়া নয়। কারো বিষয়ে যখন ভুল কথা বলা হয়, তখন তা হয় তোহমত, আর তা প্রচার করা হলে তা হয় নিকৃষ্ট ফি… https://t.co/wzkrHy4FML	Neutral
1995	এসো না তুমি আঁধারভুলেও আলোতে,জড়িয়ে নেবো মায়ার চাঁদরে ......... <3	Neutral
1996	আমাদের স্বভাব কোন কাজ করবো না, করতে দিবো না। এই প্যাঁচে ফেলে দেওয়ার আরেক নাম রাজনীতি। সব খানে রাজনীতি আছে, সব মনে রাজনীতি আছে।	Negative
1997	ভালোবাসা এমন একটা app..὏1 যা insttall করলে ও সবার life এ সাপোট করে না,,,,, আর যদিও কোন সময় করে তবে কেন যানি Update… https://t.co/PBi4WOkMzi	Neutral
1998	3. যারা প্রবাসী তাদের নতুন প্রজন্ম যাদের প্রথম ভাষা হিসাবে বাংলা শেখেটা হয়ে ওঠেনা। তাদের এই অনীহা টা বেশি হয়ে যায়। @ShoaibDaniyal কী বলো?	Neutral
1999	শুধু আবেগ আর ভালোবাসা দিয়ে স্বপ্ন দেখা যায়;কখনোই সংসার করা যায় না ! - নাসির নোহান এর বাংলা ব্লগ । bangla blog |… https://t.co/Y9oRVGjcRz	Neutral
2000	Ke Koto Dure - IMRAN &amp; KONA কিছু কথা থাকে , হৃদয়ের বাঁকে , ধুলো জমা কাঁচে , সুখ ছবি আঁকে । - [ ২ বার ] কি… https://t.co/53kdHdYqiR	Positive
2001	কে কতবার Fifa World Cup নিয়ে গেলো Doesnt matter খেলা দেখে মজা পেতে হবে এবং যে দলের খেলা দেখে মজা পায় আমি সে দল… https://t.co/GoVXhRjD98	Neutral
2002	এ কে খন্দকারের ‘১৯৭১: ভেতরে বাইরে’ পড়তে ও ডাউন লোড করতে ক্লিক করুন... http:/t.co/3DV8bsoezL	Neutral
2003	এটা ভোট কেন্দ্রে লাইন নাᾒ3 এটা বাস এর ও লাইন নাᾒ3 এটা ব্যাংক এর ও লাইন নাᾒ3 এটা লিফট এর ও লাইন নাᾒ3 *এটা ওভারব্রীজ এ… https://t.co/NQRGgSRr6T	Neutral
2004	আপনার একটা বিপদে কেউ এগিয়ে না আসলে, তাতে কি সবাইকে স্বার্থপর ভাববেন?  🤔 🤔 🤔	Negative
2005	RT @Jayanta_Shekhar: শাক দিয়ে কি মাছ ঢাকা যায় দিদি? নিজের দোষ অন্যের উপর চাপালে জনগণ তো সেটা মেনে নেবে না। পর্দাতো ফাঁস হওয়ারই ছিল। আপনা…	Negative
2006	আমি খুবই আনন্দিত যে , দুই ইনিংস মিলিয়ে বাংলাদেশ ক্রিকেট দল ১০০ পার করেছে । আশা করছি Brathwaite এর ১২১ পার করার পর নাগিণ ড্যান্স হবে।	Negative
2007	গফরগাঁওয়ে ছাত্রদলের সাধারণসম্পাদককে কুপিয়ে জখম: গফরগাঁও: ময়মনসিংহের গফরগাঁওয়ে রোববার দুপুরে দুর্বৃত্তরা ছাত্র... http://t.co/VfdBrZaN5o	Negative
2008	তিন জন মানুষ আর সামনে পনেরটি ক্ষুধার্ত সিংহ (ভিডিও সহ) http://t.co/qQ00sK04Bq	Negative
2009	@ProthomAlo এই সকল নাটক আর চলবে কতো কাল? পুলিশ সহ সকল প্রশাসনই জানেন যে কারা সমাজ বিরোধী কাজে লিপ্ত! আর আজ যারা স… https://t.co/N004c1MCce	Negative
2010	ডঃ জাহারুল্লাহ যে এতটা নীচে নেমে গেছেন তা ফাঁস হওয়া টেলিফোনের সংলাপটি না শুনলে বিশ্বাস করতে পারতাম না। ছিঃ এর নাম কি রাজনীতি !	Negative
2011	এক নজরে গ্রেনেড হামলার ঘটনা:	Negative
2012	আমগ আইনমন্ত্রী ও খাদ্যমন্ত্রী দুজনাই আইনজ্ঞ !!তুতু রে জিগাইলাম~কে বেশি বিজ্ঞ?কৈলো~তেল আর পানি একাকার হৈয়া... http:/t.co/PUmZEHTHyM	Neutral
2013	RT @mithila_ria: এক ছেলে হাতের উপর চাকু দিয়ে তার গার্ল ফ্রেন্ড এর নাম লিখার পর জোরে জোরে কাঁদতে শুরু করলো। কিন্তু কেনো? ব্যাথা করছে? নাহ…	Neutral
2014	একটা চরম সত্য বলি ! ! নদিয়া য় নজর দিন নইলে লোকসভার ফল খারাপ হবে , এখনো চরম গোষ্টিদন্দ যা আগামি লোকসভা নির্বাচনে ভ… https://t.co/MmWCRP3seq	Neutral
2015	টাইগারেরা কোন কোচের কাছ থেকে কিছুই কি শিখে নাই,নাকি মনে নাই? এত খারাপ অবস্থা ? ছিঃ । বলার কোন ভাষা জানা নাই । বেতন… https://t.co/Tdf2buUCJ6	Negative
2016	আমরা 90 degree rocker thek।পেজটার মাধ্যমে বাংলা রক সিনারিও তুলে ধরার চেষ্টা করেছি শুরু থেকেই।সাথে বাইরের...	Neutral
2017	ঝিনাইদহে আবাসিক হোটেলে মাদক ও দেহ ব্যবসা জমজমাট	Negative
2018	‘যতই লিখবা ততই হাতের লেখা সুন্দর হবে’ একথা যারা বলে তাদের কাছে জানতে চাই, পরীক্ষার হলে শেষ ৩০ মিনিটের লেখাগুলো এত অসুন্দর হয় কেন? ᾑ4	Neutral
2019	লোকে না মানলেও আমিই ভালো রোগে আজ আমরা সবাই আক্রান্ত!! তাই তো খারাপ কাজ করেও আমরাই সেরা বলে ডাক-ঢোল পেটাতে একটু ও লজ্জাবোধ করি না।	Negative
2020	মাদার অব এডুকেশন (মজা নিলাম) , এই হচ্ছে ৩৮ টাকার খাবার আর ১৫ টাকার সিট ভাড়ার নমুনা । আর ওরা আপনার খায় ও না, পরে… https://t.co/vgPYI1NNES	Neutral
2021	বেচারা রুবেল গালিও খাইলো শেষ দিকে এসে দুর্দান্ত বোলিং করলো। একাই ৪ উইকেট শিকার করেছে। মাশরাফি ও তাসকিনের চেয়ে ভালো বোলিং করেছে হ্যাপি ভাইὠ1ὠ1	Positive
2022	মহাজোট কি মহা খিছুড়িতে রুপান্তর হলো? না হলে ১৩২ আসন কি করে জাপার সাথে উম্মুক্ত থাকে? নাকি স্বপ্নে আছে এবারও বিএনপি নির্বাচন বয়কট করবে?	Neutral
2023	নদী সমূহের দূষণ রোধ করা ও নদীগুলোর নাব্যতা ফিরিয়ে আনার উপর গুরুত্ব আরোপ করেছেন প্রধানমন্ত্রী শেখ হাসিনা।আজ নৌ... http://t.co/NWUVj6uNuz	Positive
2024	দক্ষ ও ধূর্ত মানুষ গুলোর কাজে ভুল খোঁজা এবং ভুল ধরার- মাঝে অন্যরকম এক আনন্দ আছে; যদিও এরা প্রতিটি কাজই খুব ভেবে চি… https://t.co/cv0G1Xb6Bv	Neutral
2025	বিশ্বম্ভরপুরে কোনাজাল ব্যবহারকারীদের বিরুদ্ধে বিক্ষোভ ও স্মারক লিপি প্রদান - Abnews http://t.co/llIVCnU7PT	Negative
2026	রোহিঙ্গাদের অনাগ্রহের কারণে শুরু হয়নি প্রত্যাবাসন প্রক্রিয়া। 'রোহিঙ্গা সংকটের দুই বছর' নিয়ে প্রতিবেদন দেখতে চোখ রাখুন বিবিসি প্রবাহে, আজ রাত ৯টা ৩৫ মিনিটে চ্যানেল আই-তে। এ নিয়ে আপনার মতামত জানান এখনই। আপনাদের পাঠানো মন্তব্যের মধ্যে বাছাইকৃত কয়েকটি মন্তব্য প্রচার করা হবে আমাদের আজকের অনুষ্ঠানে।	Negative
2027	@DrTuhinMalik আমি আর একটি ১৫ই আগস্ট চাই । মেজর ডালিমের মত সাহসী কয়েক জন সেনা চাই । আমি নমরুদ . ফেরাউন মুক্ত বাংলাদেশ চাই ।	Neutral
2028	দুপুরে কাজ শেষে ২:৩০ মি. বের হলাম বিখ্যাত কি খাবার আছে তা দিয়ে আজ দুপুরের লান্স করবো । চুইঝাল থেকে বিখ্যাত আর কি… https://t.co/rfiOSfHCS2	Neutral
2029	আবুধাবি টি-টেন টুর্নামেন্টে নাম লিখিয়েছেন সাবেক ভারতীয় অলরাউন্ডার যুবরাজ সিং...	Positive
2030	আপারে ভুল বুঝানো হইছে। আপা নাদান শিশু। আপা কিছু জানেন না, বুঝেন না। আপা শুধু তেল খাইতে পছন্দ করেন। যে তেল দিতে পারে সে-ই ভালো।	Negative
2031	২০১০ সালের এপ্রিল মাসে দুবাই থেকে ৬দিনের জন্যে দেশে এসে বন্ধু আজাদ ও ছোট ভাই প্রিন্স এর সাথে একটি দিন......! — এ দি… https://t.co/KQDT6nDq0A	Neutral
2032	চার বিয়ের সুত্র মতে ৩০০ সংসদীয় আসনে বিএনপি ১২০০ জনকে নমিনেশন দিতে পারেὠ9 সেই হিসেবে ৮০০+ প্রার্থীকে মনোনয়ন দেওয়া তো আমার মতে কমই দিলὠE	Neutral
2033	http://t.co/T1mW2ySgdJপিএসসি, জেএসসি, এসএসসি এবং এইচএসসির চারটি পাবলিক পরীক্ষা বিরতিহীন ও কম সময়ে নেয়ার...	Neutral
2034	বাংলাদেশ এর খেলা দেখে মন চায় আত্মহত্যা খাইয়া বিষ হইয়া যাই :3 শুধু অপরাধী গান এ গাইতে পারবে,খেলার সময় খেলার খ ও পারে না :)	Negative
2035	ভালবাসার নামে মিছে পাগলামী এসবই তো ভাবছো ? ভুল ভাবছো... ভালবাসা আগের মতই আছে বরং দিন দিন বেড়ে চলেছে শুধু তোমার অবহেলার কাছে হেরে গেছি	Neutral
2036	বস আশরাফুল কে বিশ্বের কিংবদন্তি রা ও দলে চাই। . ১. আশরাফুল কে জাতীয় দলে দেখতে চাই __ লিওনেল মেসি। ২. আশরাফুল ছা… https://t.co/on0lFL9MMs	Negative
2037	আজ ইন্ডিয়া হলে শেষ বলটা  নো বল ই দিতো :) ৬/৪ তো পরের কথা । ভাগ্য খারাপ মানি, ভাগ্য খারাপ কেনো হয় সে কি বুঝেন?… https://t.co/P42PkfLRmk	Neutral
2038	যারা A+ পাওনি বা A গ্রেড পাওনি বলে মন খারাপ করে আছো তাদের বলছি মন খারাপ না করে এই পোস্ট টা দেখো। আশা করি মন ভালো… https://t.co/3JK4XUJ1jQ	Positive
2039	বিশ্বম্ভরপুরে কোনাজাল ব্যবহারকারীদের বিরুদ্ধে বিক্ষোভ ও স্মারক লিপি প্রদান - Abnews: http://t.co/pPfwTbEqnk	Negative
2040	ব্রাহ্মণবাড়িয়ার সরাইল উপজেলার একটি মাদ্রাসার কক্ষ থেকে এক ছাত্রের ফাঁস লাগানো ঝুলন্ত লাশ উদ্ধার করা হয়েছে। গতকাল বৃহস্পতিবার বিকেলে উপজেলা সদরের কুট্টাপাড়া (পাঠানপাড়া) মারকাজুল হিফজ আল মাদানী মাদ্রাসার একটি কক্ষ থেকে পুলিশ মাহমুদুল হাসান নামের ওই ছাত্রের লাশ উদ্ধার করে।	Negative
2041	সিলেট জেলা ছাত্রলীগের সভাপতি পদে প্রবাল চৌধুরী পুজন কে দেখতে চাই।সততা, যোগ্যতা ও নির্ভীকতায় কঁেপে উঠুক রাজপথ।... http:/t.co/kLInJHqKQT	Positive
2042	বিএনপি পুনঃ নির্বাচন চায় সেটা না হয় বুজলাম কিন্তু বাম রা কেন চায়? নাকি হারজিত তাদের কাছে গুরুত্ব পুর্ন নয় নির্বাচনে খেলতে পারাই বড় কথা।	Neutral
2043	RT @NaimeJeet: @jeet30 Hi boss EID Mubaraks মোবারক ঈদ মোবারক ঈদের নামাজ পড়ে তোমায় আগে সরন করলাম উপার আলার কাছে দুয়া করি তুমি যেন স…	Positive
2044	আজ ১৬ ডিসেম্বর মহান স্বাধীনতা দিবস। আর এ বিজয়ের জন্য শহীদ হয়েছেন ৩০ লক্ষ বীর বাঙালি। তাদের প্রতি জানাই বিনম্র শ্রদ্ধা ও আন্তরিক ভালবাসা।	Neutral
2045	ভাল আছি,ভাল থেকো আকাশের ঠিকানায় চিঠি লিখ,দিও তোমার মালাখানি বাউলের এই মনটারেআমার ভিতরে বাহিরে অন্তরে অন্তরে... http://t.co/pU3lNHYwWP	Neutral
2046	এটা কি তোষণের রাজনীতি নয় ????? কি বলবেন আপনারা ??? বিশেষ করে যারা জয় শ্রী রাম বোলে নিজেদের বড় হিন্দু বলে মনে ক… https://t.co/gjNvupOA7O	Neutral
2047	But দৌলতদিয়ার কোনো এক বৈশার কথা: “” আল্লাহ ডাক দিছে তাই সুমী মারা গেছে আমারে ডাক দিলে আমি ও যাবো “ কারণ তারা muta… https://t.co/05b1Z765Nr	Neutral
2048	তুই শুধরে দিবি বলে, আমি রোজ নতুন নতুন ভুল করি। তুই পথে দেখাবি বলে, আমি ইচ্ছে করেই পথভ্রষ্ট হই। তুই হাত ধরবি বলে, আমি ইচ্ছে করেই ঠাঁই ...	Neutral
2049	আমি ভালোবাসি রাতের অন্ধকার ও বৃষ্টি কারণ এগুলো আমাকে দেয় সবার অলক্ষে নিজের দুঃখকে  চোখের জলে ঝরিয়ে ফেলার অবাধ...	Negative
2050	@TheNurHossain যত সব হিংসা আর লুব ল্যালসা নারী লুভী খমতা দখল পরের হক মেরে খাওয়া যত খারাপ কাজ আছে মুসলিমের কাছে ἵ2ἵ2দুই এক জন হয়তো ভালোἵ2ἵ2	Negative
2051	সারা পৃথিবীতে যদি খোজ করা হয় তবে ৪৫২ জন ভাল মানুষ বের করা হয় সেখানেও অন্তত ২৫ জন মানষ খারাপ থাকবে । আর বাংলাদেশে… https://t.co/AP9WfU2qKp	Neutral
2052	@zenatKazi ওমা এটা কোন কথা কইলেন নি ὠ1ὠ1 সবি তো লেখি সবসময়। মাঝে মধ্যে একটু ফান ও মজা করা ভালো। শরীর মন ভালো থাকে ।। মজা ও ফান করা উচিত ।।	Positive
2053	লভ্যাংশ ও রাইট শেয়ারের ঘোষণা দেশবন্ধুর -	Neutral
2054	সম্রাট অশোক টু গান্ধী এই ট্রাডিশন সমানে চলেছে । লড়াই ,পরাজয় , কখনো জয় , প্রতিশোধ , ঘৃণা , আত্মগ্লানি , যাতণা আর.… https://t.co/V0u1ZopQYn	Neutral
2055	মেজাজ তখনি খারাপ হয় যখন ঘুম এসে পরবে ভাব চোখ লেগে যাচ্ছে এমন অবস্থায় বাইরের কুকুর গুলো ঘেউঘেউ শুরু করে ὢ1 ক্লার ঘুমটারেই মাইরা দিল	Neutral
2056	কিছু মানুষ বর্তমান নিয়ে কখনোই সুখী থাকে না, বর্তমানটা যখন অতীত হয়ে যায় তখন আফসোস করে আর ভাবে, যা পেয়েছিলাম বা যে ছিল সেটাই ভালো ছিল!!	Neutral
2057	লাক্স ক্যাফে লাইভে আজকের অতিথি আগুন (Agoon Khan) উপস্থাপক: কবির বকুল (Kabir Bakul)	Positive
2058	আমি ও রাধার মত ভালবেসে যাবো হয় কিছু পাবো নয় সবই হাড়াবো এই চেয়ে থাকা আর প্রানে সয়না। সবাই ত সুখী হতে চায় ।	Neutral
2059	মনের মধ্যে এত আক্ষেপ নিয়ে কি জীবন যুদ্ধে চলা যাই। সবাই শুধু ভুল বুঝতে জানে , কেউ এটা বুঝতে চাই না যে কোনো সে এমন… https://t.co/mU4UZdKmZN	Negative
2060	৪৪ দিন কারাগারে থাকার পর অবশেষে ছাড়া পেতে যাচ্ছেন মিন্নি	Positive
2061	এইযে আমি তোমাকে দেখছি, কথা বলছি, তোমায় নিয়ে ভাবছি, মন ভরে যাচ্ছে! আবার কথা না হলে অস্থির লাগে, বুক টন টন করে, প্র… https://t.co/74cfOogySO	Neutral
2062	RT @aviksahaindia: নীল সাদা চুনকাম আর টুনি বাতি দিয়ে প্যান্ডেল সাজানো যায়, শহর উন্নয়ন ও সংস্কার করা যায় না। যেরকম ভাল জামাকাপড় পরে শরী…	Neutral
2063	১. ঢাকা বাসের অযোগ্য ২য় শহর। খুব ভাল কথা, হবে না, হবেই তো সরকার যা অনিয়ম শুরু করসে তাতে বাসের সবচেয়ে অযোগ্য হইলে… https://t.co/8YeHZSDFPA	Neutral
2064	RT @BNP_Official1: আর কত নির্লজ্জতা দেখাবে তুমি, হে আওয়ামী লীগ। আর কত নিচে নামবে তুমি, হে আওয়ামী লীগ। আর কত ধ্বংসের দিকে পেলে দিবে বাংলা…	Negative
2065	RT @proma557: আমি তাকে লুকিয়ে দেখি তাতে কোন অপরাধে শাস্তি থাকে না কিন্ত মানুষ টাকে আমার আশেপাশে যখন দেখি গলা শুকিয়ে যাই এবার কোন ভুল করে…	Neutral
2066	আপনি কি জানেন, প্রতিদিন ঠিক কি পরিমাণ ও কি ধরণের খাবার খাবেন?  এর উত্তর কিন্তু আছে আপনার হাতের নাগালেই! ;)	Positive
2067	@EvaAkterBD হয়ত তারা ভালো কোন কাজে গেছে এমন ও হতে পারে যে তারা বাবা মায়ের কবর জেয়ারত করতে গেছে যদি খারাপ কাজে যা… https://t.co/9R8QgqSRP7	Positive
2068	@mariya_919 হা হা এই শীতে কুপের পানি যে কত মজা সেটা না ধরলে বুঝতে পারবে না, আর যদি নেটা কোন গাছের নিচে হয় তাহলেতো কোন কথাই নাইὡC	Neutral
2069	'ভ্যানিটি ব্যাগে থাকা একটি চিরকুটের সূত্র ধরে দেশের বিভিন্ন স্থানে অভিযান চালায় পুলিশ। গত সোমবারে গাজীপুরের জয়দেবপুর থেকে এ ঘটনায় জড়িত সন্দেহে চারজনকে...	Negative
2070	RT @faysallabib413: আমরা ১ কোটি বাঙ্গালী সারা পৃথিবী থেকে ১৪ বিলিয়ন ডলার আয় করি। আর ১০ লাখ ভারতীয় শুধু বাংলাদেশ থেকে আয় করে ১০ বিলিয়ন…	Neutral
2071	@ProthomAlo পশ্ন ফাসের মূল হলো, দেশের সকল স্তরে আওয়ামি বীজ বপন। এই বীজ হলো ভাইরাস। দেশ আজ ভাইরাসে আক্রান্ত,তাই সব ক্ষেত্রেই লোট তরাজ, চলছে।	Negative
2072	আমি ঢাকা আসলাম দেখে মনে হয় সূর্য আমাকে খুব কাছ থেকে দেখতে আসলো আজ । ὡ6এতো কি দরকার ছিলো আজই ? উভার, পাঠাও এসব সার্… https://t.co/JjgJQjhKyW	Neutral
2073	RT @NasirUd94301974: কী নাটকীয়তা আহ কী যে রোমাঞ্চ সত্যি সুন্দরের-ই তো জয় হয় ফুটবল কিছুতেই যেন মনটা ভরে না আজ যে সোচি তৃষ্ণা মেটাতে সব…	Neutral
2074	ওই যে ডুবলো ভরা চাঁদ সেও তো আমারই অপরাধ। ওই যে পড়ল ঝরে ফুল সেও এই আমারি ভুল। শুকালো যে ওই জলাশয় সেও কি আমার দোষ… https://t.co/V9RZgSmaOk	Neutral
2075	অসৎ পথে যে অর্থের পাহাড় গড়ে তার মূল্য বেশি সবাই তাকে সম্মান করে আর যে মানুষটি সৎ পথে চলে এই সমাজ সংসারে সবাই তাকে বোঝা মনে করে	Negative
2076	তদন্তের জন্য তাদেরকে বিচার কাজ থেকে সাময়িকভাবে বিরত রাখা হয়েছে	Positive
2077	নদী পার হতে চীনের গ্রামবাসীদের বিপজ্জনক যাত্রা	Positive
2078	RT @nusratjahanjeni: শুধু হাসলে সুখি হয় না হাসিতেও দুঃখ রয়। কাছে গেলেই আপন হয় না দূরে থাকলেও আপন হয়। I love you বললে ভালোবাসা হয় না নী…	Neutral
2079	শিয়া আলেম ও অধিকাংশ মুসলিম আলেমের মধ্যে বিরোধের বাস্তব চিত্র http://t.co/8qLHm6JiRs#shiatruth#بنغالي #বাংলা #islam#لغات_وترجمه#ريتويت	Negative
2080	Part-273. | চিৎকার টা স্বাভাবিক তখন বেরিয়ে আসে | | মনের মতো অস্বাভাবিক কিছু দর্শক যখন ভালোবাসে | __ Kunal Chanda Rjk. — feeling happy	Neutral
2081	অনেক দিন পর আবার এক রোদ্দুর ময় পর্ব ।ধীর স্থির শান্ত স্বভাবে রোদ্দুর এত ভালো রাগ দেখতে ও পারে তা বোঝা গেলো। শান্ত… https://t.co/02xoQV2Sr5	Neutral
2082	RT @RudroKobita: আর কোন চাওয়া নেই, আছে না পাবার যন্ত্রণা........ ὣ0 চোখে আর কোন স্বপ্ন নেই, আছে বুক ভাঙ্গা কান্না.... ὠ2 আর কোন আশা নেই, আ…	Negative
2083	RT @Mr_Saif1981: ফজরের নামাজ শেষে কোরআন শরীফ পড়ার পরে যে একটা শীতল শান্তির ও মজার ঘুম আসে, সত্যিই তা দুনিয়ার সবি কিছুকেই হার মানায় । এক…	Positive
2084	কম্পিউটার মেমরির মতো মস্তিষ্ক থেকেও মুছে ফেলা যাবে কষ্টের স্মৃতি http://t.co/Y0mYCZa5Fn	Negative
2085	আমি কখনো মিছিল কখনো একা, কখনো হতাশ কোনক্ষন , আমি কখনো সময় কখনো গতি , কখনো রাতজাগা প্রেমী , আমি মানুষ হবার দায়ে চি… https://t.co/k9Kuqzk1qG	Neutral
2086	RT @sumonhasan_: তোকে রাখব এমনের ঘরে তোর হাত ধরে চলব পথ ভুল বুঝে যাসনা কোনোদিন করে আমার পর ὡE হ্যাপি কিসস ডে @Nowrin_jahan2 ὡ8ὈFὈB https:/…	Neutral
2087	বিয়ে করলে কমপক্ষে ২ টা করা উচিত। ১ টা করলে বউ সারাক্ষণ এটা ওটা নিয়ে আমার সাথে ঝগড়া করবে। আর ২ টা করলে দুই স… https://t.co/m7rK3m97Wt	Neutral
2088	আল্লাহর কসম করে বলছি আমি যদি ১০০ টা কাজের মধ্যে ৯৯ টা সঠিক ও একটা ভুল করি মানুষ শুধুমাত্র সেই ভুলটা নিয়েই কথা বল… https://t.co/9P9fKxG30h	Negative
2089	বিবিসি বাংলায় এখনকার প্রধান খবর বাংলাদেশে সহিংসতা এবং পুলিশের মারমুখী আচরণের মুখে আজ ঢাকার রাস্তায় স্কুল কলেজের ছাত্র-ছাত্রীদের দেখা না গেলেও তিনটি বিশ্ববিদ্যালয়ে ছাত্র-পুলিশ সংঘর্ষ হয়েছে। পুলিশের অপরাধ তদন্ত বিভাগ বলছে, যারা সামাজিক যোগাযোগ মাধ্যমে ‘বিক্ষোভে উস্কানি বা গুজব’ ছড়াচ্ছে – তাদের চিহ্নিত করতে জনগনের সাহায্য চাওয়া হচ্ছে। অন্যদিকে ফটোগ্রাফার শহিদুল আলম এবং একজন অভিনেত্রীর বিরুদ্ধে আইসিটি আইনে মামলা করা হয়েছে । এরই মধ্যে নিরাপদ সড়কের দাবিতে ছাত্র বিক্ষোভের প্রেক্ষাপটে সড়ক পরিবহন সংক্রান্ত একটি আইনের খসড়ার চূড়ান্ত অনুমোদন দিয়েছে মন্ত্রীসভা। আন্তর্জাতিক খবর, সৌদি আরব তার অভ্যন্তরীণ ব্যপারে নাক গলানোর অভিযোগ এনে কানাডার রাষ্ট্রদূতকে বহিষ্কার করতে যাচ্ছে। এসব নিয়েই আজকের বিবিসি বাংলার প্রবাহ শোনা যাবে রেডিও আর অনলাইনে, আর ফেসবুকে দেখতে পাবেন লাইভ স্ট্রিমিং	Positive
2090	বাংলাদেশ বিদ্যুৎ উন্নয়ন বোর্ড...Bangladesh electricity development board...	Negative
2091	ঢাকাতে এক ভাইয়ের জন্য খুবই জরুরি [A+ve]রক্তের প্রয়োজনরক্ত দিতে না পারলেও #কপি_পেষ্টকরে ছড়িয়ে দিন,যেন অন্য...	Neutral
2092	আমি এত বেহায়া আমার মত বেহায়া আর কেউ নেই আজ রাতে 10 রাকাত নফল নামাজ পড়ে দুয়া করলাম যে ঠিক বারোটায় উইশ করবে আফ… https://t.co/zwn5YyLD1r	Neutral
2093	ইসকুলে প্রেজেনট থাকলে যদি জয় বাংলা বলা হয় তাইলে এবসেনট থাকলে কি বাংলাদেশ জিনদাবাদ বলতে হবে? - অনেসট টু গড- এ দেশে এতো বলদ কেমনে হয়?	Negative
2094	আপনি কি সুখ খুজছেন? যে সৎকর্ম সম্পাদন করে এবং যে ঈমানদার, সে পুরুষ হোক কিংবা নারী আমি তাকে পবিত্র জীবন দান করব। [সূরা নাহল ১৬:৯৭]	Neutral
2095	বাসচাপায় শিক্ষার্থীর মৃত্যুর প্রতিবাদে আজও নিরাপদ সড়কের দাবীতে আন্দোলন করছেন শিক্ষার্থীরা। রাজধানীর বসুন্ধরা এলাকা থেকে সেখানকার সবশেষ খবর নিয়ে বিবিসি বাংলার ফেসবুক লাইভ। Faisal Titumir Atiqul Islam আমাদের সাথেই থাকুন।	Positive
2096	জাতীয় রাজনীতি ও ছাত্র ইউনিয়ন	Neutral
2097	নিখুঁত হতে না পেরে নিজেকে ঘৃণা করতে পারিনা.. - আল্লাহ যদি আমাকে নিখুঁত করতে চাইতেন, - তিনি আমাকে ফেরেশতা হিসেবে সৃষ্টি করতেন... - #সংগৃহীত	Positive
2098	বাংলাদেশ ব্যাংকে রাখা ছিল সোনা দুই বছর পর হয়ে গেলো রূপা । এটা বাংলাদেশ ! এখানে আরও অনেক কিছু সম্ভব ! মনে পড়ে সা… https://t.co/4Gkp095TxU	Negative
2099	দেশের সব চেয়ে বড় চোর তারেক রহমানের জন্য BNP নামক এ দলটির এত খারাপ অবস্থা। আবার তাকেই দলের প্রান করে দলটির বড় বড়… https://t.co/7UWvUzXrtS	Negative
2100	মন খারাপ ? মন ভাল করার জন্য একবার হলেও ভিডিও টি দেখুন । ভাল লাগলে কমেন্ট করুন ও শেয়ার করে অন্যকে দেখার সুযোগ করে... https://t.co/JOUrrNvimJ	Neutral
2101	বিরোধিতা করলে রাজ্য সরকার পুলিশ আর কেন্দ্রীয় সরকার সিবিআই লেলিয়ে দেয় । আর সমর্থন করলে ওরাই আবার সাত খুন মাফ করে দেয় । ওরা মহৎ !!!	Negative
2102	আল-কায়েদার কি কোন অফিশিয়াল পেইজ আছে  ??কেউ জানলে প্লিজ আমারে একটু জানাইয়।আর লিংকটা একটু কষ্ট কইরা দিয়া দিও।	Neutral
2103	RT @ananyac80655993: এটা কি শান্তিপুর্ন ছাত্র আন্দোলনের দৃশ্য ? গেঞ্জি পরা, লুঙ্গী পরা, মুখ ঢাকা এরা কি ছাত্র ? বোমা কি পুলিশ মারে ? যদিও…	Negative
2104	http://t.co/2KVg9417KJসড়ক পরিবহন ও সেতুমন্ত্রী ওবায়দুল কাদের বলেছেন,“সরকারের অংশ হয়ে কেউ সরকরের বিরুদ্ধে...	Neutral
2105	ভালবাস ও জনপ্রিয়তা টাকা বা ক্ষমতার জোরে পাওয়া যায় না । ------------আদনান রহমান।	Positive
2106	@AITCofficial মিত্র - বিদেশ থেকে টাকা ফেরত নিয়ে আসবো এটা ভুল করে বলে ফেলেছিলাম , আসল কথাটা হবে ভারত থেকে টাকা বিদেশে নিয়ে যাবো l	Neutral
2107	RT @chirkutershobdh: ক্রিকেটার যখন ছিল তখন অনেক বড় ফ্যান ছিলাম। আর এখন মন্ত্রী হবা রাজনীতি করবা তখন খুব খারাপ লাগল শুনে। তখন আর এত বেশী ভ…	Negative
2108	কথাই কমু না৷ ২.৩ বলে ২ রান নিয়া মজা নেওয়ার সাথে সাথে ৬। ঐদিকে গেইল গ্লাভস ঘষাঘষি করছে। সেও শুরু করতে পারে। কিছুই কমু না।	Neutral
2109	হৃদয় বজার মন নেই যার বুকে সে ভালোবাসা কি তা বজেনা তুমি যে হৃদয় হিনা বুঝিনি ত আগে সংগী এখন তাই বেদনা আবেগের আলপনা.… https://t.co/czYxR9Sir0	Neutral
2110	মনের ভেতর আজ অনেক ভয়াবহ যন্ত্রণা , কষ্ট । কিন্তু এই কথাগুলো কেউ তো বোঝার নেই এমন দেশে , এমন নির্মম সময়ে... কি বল… https://t.co/vlQtB425Ue	Negative
2111	নিহত আরিফ হোসেন (৩২) উপজেলার আমিশাপাড়া ইউনিয়নের বদ্রগাঁও গ্রামের সওদাগর বাড়ির সিরাজুল ইসলামের ছেলে। তিনি... http:/t.co/tZCcCQb5xE	Negative
2112	অভিবাসীদের নিয়ে ছয়দিন সমুদ্রে ভাসার পর ইটালি জাহাজটিকে নোঙর করার অনুমতি দিয়েছে।	Positive
2113	তুমি আরেক টি প্রেম কর আর তা হবে সেই মানুষে জন্য সাজা তুমি কষ্ট পাওয়ার কোন কারন নাই তুমি তো আর তার সঙ্গে সংসার কর… https://t.co/CnxzVdCE5H	Neutral
2114	পৃথিবীতে দুজন মানুষকে খুব বেশি ভালোবাসা উচিত । একজন হলো - যে তোমাকে জন্ম দিয়েছে আর একজন হলো - যাকে পাওয়ার জন্য তোমার জন্ম হয়েছে	Neutral
2115	ভাপ ঘনিষ্ঠ হলে তোমার বুকে হলক হই। দরদ দিয়ে সুমহান, তোমার কন্ঠে বের হই। ভাপ ঘনিষ্ঠ হলে নিবিড় পৌছে গেলে মানুষ প্রেমিক হয়ে যায়।	Neutral
2116	ভুল আর অন্যায় কখনোই এক নয়৷ না বুঝে দোষ করাটা ভুল আর বুঝে দোষ করাটাই অন্যায়৷ কিছু মানুষ আছে যারা নিজেদের দোষ,ভুল স্বীকার করে না।	Neutral
2117	বাংলাদেশ ডাঃ আর কসাই এক। ওরা টাকার জন্য ইচ্ছা করে সিজার করে। রুগি রাজি না থাকলে ভয় দেখায় এই সমাসসা ওই সমাসসা। কি… https://t.co/5dNdjhtq2L	Negative
2118	কেউ দুঃখ পেয়ে সুখী, কেউ দুঃখ দিয়ে সুখী, কেউ হাসতে পেরে সুখী, কেউ বেশি বেশি কথা বলে সুখী, কেউ কথা গুলা নিরবে শুনে… https://t.co/yGXObrc3u1	Neutral
2119	কেনো এতো দিন পরে আজ তোমায় মনে পরে আমি কাদি নতুন করে। সে তোমার ছবি ধরে।। আমার লাগছে যে অসহায়।একলা এইনা ঘরে!!আজ তু… https://t.co/HH1qwIdhpR	Neutral
2120	সুখ ভুল করে মাঝে মাঝে আমার দরজায় কড়া দেয়। কিছুদিন যেতে না যেতেই দেখি সে আমার দরজা রেখে আমারই চোখের সামনে থেকে অন্য দরজায় চলে যায়।	Neutral
2121	দোস্তরে কইলাম মন খারাপ করিস না, ১০ জন কি আর ১২ জনের লগে পারে? সে আমারে রক্ত চক্ষু দেখাইয়া কয়, ১২ জন মানে। কইলাম… https://t.co/8xQiHg0y8I	Neutral
2122	আমি জন্মাতে দেখেছি জীবনের সব ভুল গুলো | জীবন ভুল না হতে পারে কিন্ত সময় ভুল ছিলো | সময়ের ভুলে জীবন মঞ্চে অভিনয়... https://t.co/QNoqeF3Mzg	Negative
2123	যখন মানুষ খারাপ পথে চলে যায় তখন তাকে সবাই কদেখে আর বলে সে তো খারাপ, খারাপ দের সাথে চলে, খারাপ পথে সে চলে গিয়েছে।… https://t.co/oHcV1Je398	Neutral
2124	## চোরের মুখে রাম নাম ### কিছু কিছু মানুষ আছে যারা করে অন্যায় কাজ, অবৈধ আয় কিন্তু মুখে বড় বড় কথা আর আদর্শের বু… https://t.co/sBDL99O5Ew	Neutral
2125	আমাকে আমার মতো থাকতে দেও — feeling safe	Positive
2126	একটি ছোট শিশুর থেকে আমাদের ৩টি জিনিষ শিখার আছেঃ- . ১.কোন কারন ছাড়া সব সময় সুখী থাকা। ২. সব সময় কিছু না কিছু নি… https://t.co/NSVJwRVZoB	Positive
2127	‘মুসলমান হও অথবা ভারতে চলে যাও’ http:/t.co/s5JYaJGO7w	Negative
2128	@abpanandatv জঘন্য রাজনীতি হচ্ছে । এত ভয় কিসের যারা বলছে 42 এ 42 পাবো তারা কেন এত ভয় পাচ্ছে । মোদি বা অমিত শা স… https://t.co/dyS4gDfvp2	Negative
2129	কিছু প্রশ্নের উওর হয়ত At the END Of the Life এ ও অজানা থাকবে । কিছু কথা হয়ত কখনই আর বলা হবে না &gt;&gt; কিছু ভূল নিজের… https://t.co/NCMgY80GmG	Neutral
2130	লাক্স ক্যাফে লাইভে আজকের অতিথি অভিনয়শিল্পী রোজী সিদ্দিকী উপস্থাপক: সারা ফ্যায়রুজ যাইমা (Sara Fairuz Zaima)	Positive
2131	1991 সাল থেকে 2018 । 10 বছর বিএনপি দোষর 15 বছর আওয়ামী লীগ জোট ও দুই বছর ফকর উদ্দিন । ভালো মন্দ কাজ সব সরকার ই ক… https://t.co/kWlnVxGhTb	Neutral
2132	ভুল করে সুখ খুঁজলে কি আর সুখ পাওয়া যায়?ভুল পথে গিয়ে যদি সঠিক রাস্তা বলে মনে করি তাহলে কি আর সঠিক পথ হয়???ভাবি… https://t.co/lViIofZajt	Neutral
2133	ভালোবাসা কি কষ্টের নাম । তবে আমি কষ্টকে গ্রহন করলাম । সুখ ছাড়া কি মানুষ থাকতে পারে । তবে আমি কষ্ট নিয়ে থাকবো এই… https://t.co/duHQKXs8uj	Neutral
2134	২৪ কোটি টাকার স্বর্ণালঙ্কার নিয়ে উধাও বন্ধকি প্রতিষ্ঠানhttp:/t.co/Lf70TkbFqe	Negative
2135	বিরাজনীতিকরণ ও অতিরাজনীতিকরণ—দুটিই সমাজের জন‌্য ক্ষতিকর।	Positive
2136	কোনো ভুল করলে দুঃখ প্রকাশ করতে হয়। :O দুঃখ প্রকাশ করলে মান সম্মান কমে না বরং সম্মান বাড়ে নিজের কাছে এবং দশের কাছে ♥	Positive
2137	টেলিভিশনে শুভসন্ধ্যা জানাইয়া খবর শুরু হয়। এরপর পাঠক ব্যাখ্যা করতে শুরু করে কেমনে দিনটা খারাপ গেছে, কী কী কারণে সন্ধ্যাটাও শুভ হয় নাই। :/	Neutral
2138	দেশ এর আম-জনগন কোন কিছু ১ টা পাইলেই চলে , তার পিছনে হুমরি খেয়ে পরে . না যেনেই বেশির ভাগই (শমশের)হয়ে যায় , আর সর… https://t.co/LA1V3Tg3b9	Negative
2139	জাতিসংঘ ঘোষিত বিশ্ব সাক্ষরতা দিবস ৮ই সেপ্টেম্বর। আপনার প্রাথমিক বিদ্যালয়ের অনেক স্মৃতি নিশ্চয়ই এখনও মনে আছে? আপনি যে বিদ্যালয়ে পড়েছেন সেটির বর্তমান অবস্থা কী?  সেই বিদ্যালয়ের ছবি বা ভিডিও পাঠিয়ে দিতে পারেন বিবিসি বাংলার ফেসবুক মেসেঞ্জারে। সাথে লিখে পাঠান নিজের নাম-ঠিকানা, ছবি তোলার স্থান, ফোন নম্বর এবং ই-মেইল অ্যাড্রেস। বাছাইকৃত কয়েকটি ছবি/ভিডিও প্রচার করা হবে বিবিসি বাংলার টেলিভিশন অনুষ্ঠান বিবিসি প্রবাহে আগামী ৯ই সেপ্টেম্বর , সোমবার।  ছবি: GettyImages	Positive
2140	আত্মহত্যার জন্য নদীতে ঝাঁপ, প্রেমিক মারা গেলেও সাঁতরে জীবন বাঁচালো প্রেমিকা http://t.co/dq2dXjwzTy	Negative
2141	সেই বিএনপি আর না আর না। আরে তাদের অনেক ফালাফালি তরুণদের করে গালাগালি সেই বিএনপি আর না আর না। আরে রুখে দাঁড়াও ষ… https://t.co/Q85ahPkWAJ	Negative
2142	RT @jitsamar14: জাগো শক্তি, জাগো স্বপ্ন, জাগো জাগো উমা Ἳ6Ἳ5 জাগো স্পর্ধা, জাগো ইচ্ছে, জাগো জাগো উমা ।। #JaagoUma Video Song Link ὄ9 https://t…	Neutral
2143	শত ভাগ সত্যতা যাচাই না করে যে বা যারা ভুল তথ্য প্রকাশ করে মিথ্যা ভীতি ও প্রপাগন্ডা ছড়াবে তাদের বয়কোট করুন । ৮... https://t.co/NQiyHje3n9	Neutral
2144	জীবনটার আসলেই কোনো আগা -পাশ -তলা নাই । কখন ভালো থাকবো কখন খারাপ থাকবো কেউ কি বলতে পারে পারে না । যখন ভুল স্বপ্নে... https://t.co/fhDzPiiwtL	Neutral
2145	RT @MyOfficialTwist: @ahmealauddin আমি চিনি এবং প্রমাণ ও বের করে ছি তবে বলা যাবে না গোপন বিষয়রাজ পরিবার এখনও আছে	Positive
2146	ভালো থাকতে যা যা করা লাগে, তাই-ই করো ... তবুও মন খারাপ করে থাকা নিষেধ ... এসব চলবে না ... তোমার যে শত্রুটাকে তোমার… https://t.co/Cs7XBIeL0h	Positive
2147	মনে করে কি হবে, আর সেই পুরনো কথা ।। যা ছিল সুখ সব নিয়ে গেছো, আর দিয়ে গেছো এক বুক ব্যাথা ।। আমি তো বেশী কিছু চাই… https://t.co/TuHYr8Daul	Neutral
2148	কি লাভ হলো কষ্ট করে ওজন কমিয়ে ? গরু, মিষ্টি, কোক, সেভেন আপ এর ঠেলায় প্রতিদিন ট্রস ট্রস করে ওজন বেড়ে যাচ্ছে ὡ2 ঢা… https://t.co/0Zr9vp53ly	Neutral
2149	যদি পকেটে ১ টাকা না থাকে তাহলে আপনি পানির পিপাসায় মরে যেতে পারেন, যদি ৫ টাকা না থাকে তবে আপনি নুনু ফেটে মরে যেতে পারেন! ঢাকা শহরে।	Neutral
2150	ভাইয়া,,, (BHAIYA) শব্দটির পূর্ণ অর্থ হলোঃ--- B = Best H = Husband A = Apni I = I love Y = You A = A lot দেখি এবার… https://t.co/6njsKTJEVL	Neutral
2151	RT @Osman________R_: তুমি খারাপ হলে দেখবে কেউ তোমার দোষ খুজতে অাসবে না ৷ অার তুমি ভালো হলে দেখবে তোমার একটা খুত পেলেই সবাই সেটা নিতেই মেতে…	Negative
2152	কখনও কখনও অন্ধকার আলোর চেয়ে অনেক বেশী শান্তি দেয় ।। অন্ধকারে থাকলে যে আশ্রয়,যে নিমগ্নতা পাওয়া যায় সেটা হাজার ওয়াটের আলো দিতে পারে না।।	Neutral
2153	ডা. মঞ্জুরা রহমান কনক সকল অনৈতিক প্রথা ভেঙ্গে , উচিত কাজ টা করেছেন বলেই তাকে এত টা লাঞ্চনা সহ্য করতে হচ্ছে । অথচ... https://t.co/sxqXDxj1jU	Neutral
2154	দেখবো দেখাবো পরস্পরকে খুলে যতো সুখ আর দুঃখের সব দাগ, আয় না পাষাণী একবার পথ ভুলে পরীক্ষা হোক কার কতো অনুরাগ। হৃদয়ের ঋণ হেলাল হাফিজ।	Neutral
2155	RT @rabiulislam4455: যে ভুল করে মাথা নিচু করে সব স্বীকার করে নেয় সে হচ্ছে সৎ। যে ভুল না করে ও মাথা নিচু করে সব স্বীকার করে নেয়। সে হচ্…	Positive
2156	ডিএমপির নতুন কমিশনার মোহাম্মদ শফিকুল ইসলাম আজ এক সংবাদ সম্মেলনে বলেছেন, “যদি থানার মানুষ, আমাদের যারা কাজ করছে তাদের আচরণ যদি মনে করি যে কাঙ্খিত পরিবর্তন হয় নাই তাহলে আমাদের সিনিয়র অফিসার বা আমরা থানায় গিয়ে বসা শুরু করবো”।	Positive
2157	আড়াই মাসেও ফেরেনি রাফসানের জ্ঞান http:/t.co/LOF1U4MwTW	Negative
2158	RT @mreza07: ছোটলোক গরু লাখাল কোন দিন ভাল হইতে পারে না! বাংলাদেশ ব্যাংকের টাকা লুট হওয়ার পরেও যে বা যারা রাখাল বালক কে নির্দোশ দাবী করে…	Negative
2159	হাতে তৈরি কারুপণ্যের মেলা	Positive
2160	মাধবী রাতে তুমি এক ফালি চাঁদ নিঝুম ফুল বনে সুরভি মাখা বাধ বেধেছ কি সুখ তোমারি মনে মনে ওগো জাগতে চেয়ে জাগলেনা তুমি… https://t.co/rgJwvGaHPY	Neutral
2161	@MB8Coin এই প্রকল্পের একটি মহান ধারণা আছে।আমি দলের খুব পছন্দ, আমি সবাইকে পরামর্শ করছি এই কাজের যোগ দিতে । #MB8Coin #ICO #BTC #ETH #Youtube	Neutral
2162	আজ পাখিটা অন্য কারো দো হাতে সে তার সুখ কে উড়ায় আমি আর আমার ফেরারি মন মুঠো মুঠো সদু দুঃখ কুড়াই, :) মুক্তি :)	Neutral
2163	RT @niluarif: ®শোন বালক® শুধু ইসলামিক টুইট করলে এটা বোঝায় না যে তুমি ৪/৫ টা প্রেম করনা। তোমার মাঝে অনেক খারাপ গুনও থাকতে পারে https://t.co…	Neutral
2164	আহমেদ আযম খান কে যারা খারাপ বলেন, তার এই ছাড় দেয়া, আপনাদের চোখে পড়বে না, শুধু বিএনপি করার জন্য জেলে আছে ২৫ জন নেতা।	Positive
2165	আমি আর্জেন্টিনা ও পর্তুগাল কে মিস করব না, কিন্তু মেসি ও রোনালদোর খেলা মিস করব। কেন যে এই দুই জন খারাপ দলে খেলে। মিস ইউ বোথ।	Neutral
2166	বাইতে জানো না কেন ধরো হাল মন মাঝি টা তোর হলো রে মাতাল বুঝিয়ে বলো তারে, যেতে হবে পাড়ে অবেলার বেলা পানে চাও চাও চাও রে	Neutral
2167	প্রেসিডেন্ট ট্রাম্প তালেবানের সাথে এক গোপন বৈঠক বাতিল করে দিয়েছেন...	Positive
2168	বিয়ে আগে বুঝবেন কি করে যে মেয়ে বিবাহিত ছিল কি না ! শুধু তাকে মিস বাংলাদেশ এ পাঠিয়ে দিন ৭ দিন এ মধ্যে কেউ কাবিন… https://t.co/Tf1WSGEmpR	Neutral
2169	ঢাকা -যমুনাসেতু- ঢাকা . সকাল৷ ৬:৩০ এর দিকে কুড়িল বিশ্ব রোড থেকে আমরা ২১ জন রাইড শুরু করি, সব কিছুই ঠিক ছিল কিন্… https://t.co/Fu73uQ8Ujj	Neutral
2170	RT @HotSonai: সাধ হয়েছে আজ #গুদ নয় গালে #ঠাপ মেরে #চুদে #বীর্য ফেলবে ভালো চুদেই নাও তোমার সাথে #বউ বা গার্লফ্রেন্ড ও খুব মজা পাবে শুধু…	Neutral
2171	বিচারকদের স্বাধীনতা একবিন্দুও ক্ষুণ্ন হবে না: আইনমন্ত্রী | Daily Janatar News http://t.co/OPSua8DMnQ	Positive
2172	চোখ বুজলে দেখি শুধু অন্ধকার * ও মণ করো কিসের অত বড়াই * মাটির দেহ হবে মাটি * ছারিতে হবে তোমার * এই রঙ্গিন পৃথিবী	Neutral
2173	নাইন-ইলেভেনের অনেক আগেই যুক্তরাষ্ট্রের গোয়েন্দারা হুঁশিয়ারি দিয়েছিলেন যে একম হামলা হতে পারে। তারপরও কেন তখনকার বুশ প্রশাসন সতর্ক হয়নি?	Positive
2174	ধর্ষণের চেয়েও জঘন্য বাল্য বিবাহ : ভারতের আদালতসমাজে বাল্য বিবাহের অভিশাপ ধর্ষণের চেয়েও ভয়াবহ। একটি মামলার... http://t.co/3IUvFNiGgb	Negative
2175	:- নিজে ভালো তো দুনিয়া ভালো☺ So :- অন্যকে খারাপ বলার আগে নিজেকে একটু দেখে নিনὄ0ὄ0ὄ0ὄ0 কেউ ই ধৌয়া তুলশি পাতা নাহ✌ কেউ… https://t.co/kriiPIPdQj	Neutral
2176	RT @qzarSwdQEA7AQsm: কতিপয় জাহান্নামী নারী!! ১. যে মাথার চুল খুলে বেপর্দা হয়ে ঘর থেকে বাহির হয়। ২. যে তার স্বামীর সাথে তর্ক করে এবং স্…	Neutral
2177	বিবিসি বাংলায় আজকের প্রধান খবর আফ্রিকার উন্নয়নে নতুন ৬০০০ কোটি ডলার ঋণ এবং সাহয্যের প্রস্তাব দিয়েছে চীন। বাংলাদেশে শিল্প কারখানায় ট্রেড ইউনিয়ন গঠন এবং ধর্মঘট ডাকার নিয়ম শিথিল করে শ্রম আইনের সংশোধনী প্রস্তাব নীতিগতভাবে অনুমোদন করা হয়েছে। গণফোরাম নেতা ড. কামাল হোসেন ও সাবেক প্রেসিডেন্ট ও বিকল্পধারা বাংলাদেশের প্রধান বদরুদ্দোজা চৌধুরীর নেতৃত্বে এক জোট গঠন নিয়ে কিছু বিদ্রুপাত্মক মন্তব্য করেছেন প্রধানমন্ত্রী শেখ হাসিনা। শুনবেন এ নিয়ে ড. কামাল হোসেনের প্রতিক্রিয়া। ভারতের বামপন্থী বুদ্ধিজীবী ও অ্যাক্টিভিস্টদের বাড়িতে হানা দিয়ে পুলিশ তাদের অনেককে গ্রেপ্তার করলেও- তাদের বিরুদ্ধে আদৌ কোনও সাক্ষ্যপ্রমাণ আছে কি ? শুনবেন এ নিয়ে রিপোর্ট। এসব নিয়েই বিবিসি বাংলার প্রবাহ। রেডিও ও অনলাইনে শুনতে পাবেন এ অনুষ্ঠান, আর ফেসবুকে দেখতে পারেন স্ট্রিমিং।	Positive
2178	২০ দলীয় জোট কি একটা নাম? নাকি ২০ দলের সমন্বয়ে একটি জোট? কারন এখন থেকে প্রায় ৩ বছর আগে ২০ দলীয় জোট থেকে শওকত হো… https://t.co/DObwZmBXYR	Neutral
2179	ভয় পায় !!! ভয় পেলে রাজনীতি করে লাভ কি ??? আমি যে দেশেই থাকি ,সে দেশ টা ই আমার মনে হয় । দেশে থাকলেও এ ভাবেই লিখ… https://t.co/7y2VaD1oSw	Neutral
2180	যে ৪টি বিষয়ে প্রাণ গেলেও Ego  নামের বস্তুটির অস্তিত্ব রাখবেন না-- ★ জ্ঞান ★ প্রেম ★ বন্ধুত্ব ★ বিপ্লব।	Positive
2181	হ্যাপি থাকার সবচেয়ে ভাল মাধ্যম হলো কারর কাছে বেশি কিছু আশা না করা। আর কষ্ট না পাওয়ার সবচেয়ে ভাল মাধ্যম হলো কাউকে বেশি আপন না ভাবা।	Positive
2182	নুসরাতের বাড়িতে পুলিশ পাহারা জোরদার করা হয়েছে	Positive
2183	যখন ভাল সময় আসে, তখনতো আর এভাবে ভরায় দেয়না। ὡ2 আর যখন খারাপ সময় আসে, তখন ভইরা দিতে দিতে ছেরাটাও রাখে না। ὡ6 — feeling pained	Negative
2184	রুশদের হয়ে গুপ্তচরবৃত্তি করা এই মার্কিন বিজ্ঞানীর গল্প হার মানাতে পারে দম আটকানো কোন স্পাই থ্রিলারকেও 💣☢️	Positive
2185	বোর্ডের স্বেচ্ছাচারিতায় গচ্চা অর্ধ কোটি টাকাঢাকা: ঢাকা বোর্ডের কর্মকর্তা ও কর্মচারীদের অতিরিক্ত কাজের... http://t.co/Q7j8xkf4G3	Neutral
2186	ঢাকা ঈদ করার কোন প্রকার মজা নেই। বরিশালে ঈদ করার মজা অন্য রকম। আজ সারা দিন বাসাতে ল্যাপটপে নাটক আর গান শুনে দিন শেষ করলাম।	Neutral
2187	সুখ সুখ বাতাসে রুমঝুম নূপুর ... ... মু হা ম্ম দ ই উ সু ফ তাক ধিন তাক ধিন তেরে কেটে ধা তেরে কেটে ধা তাক... https://t.co/yLMt5kMeiB	Neutral
2188	চোখ মেলাতে কি বিরোধ ভুল করে একটাবার প্রাচীরটা ভেঙ্গে দেখো জমে আছে কত কথা ভুল করে বলে দিও জন্মান্তর যদি মিথ্যে হয়, এই হবে শেষ দেখা...ovi	Neutral
2189	বাংলাদেশ ক্রিকেট বোর্ডের অতীত ও বর্তমান লোগো,খুলনা বিশ্ববিদ্যালয়ের লোগো সহ অসংখ্য প্রতিষ্ঠানের লোগোর ডিজাইনার...	Neutral
2190	. কী মাম্মা, আরেকজুনের দুষ ভুল তুরুটি ধইর‌্যা তুমি কি পর্মাণ কর্তে চাও যে তুমার তুরুটিগুইল্যা জায়েজ ??? নিজের পশ্চাতদেশের খবর লও . . .	Negative
2191	ভালো কথা !! পরগাছা দলের মতো বেশ কিছু পরগাছা মন্ত্রীও তো আছে এই দেশে !!.... কী মনে হয় !! ? -শদি ইত্তেফাকঃ নৌপরি… https://t.co/fREV3YdiPQ	Neutral
2192	মন খারাপ থাকলে গজল টি সুনুন ভালো লাগবে।মন ভালো করার গজল: আপনার কি কোন কারনে মন খারাপ? যদি মন খারাপ থাকে তাহলে এই গজ… https://t.co/6DdA5PpXPt	Neutral
2193	মনের ভেতর তীব্র আশা ছিল ব্রাজিলের হাতে ট্রফি দেখার, যাই হোক ভাগ্য এবং চেষ্টা দুটোই খারাপ ভূমিকা নিয়েছে। // #RIP untill the next season -_-	Neutral
2194	সময়ের গতিপথ এক রকম থাকেনা। এখন খারাপ যাচ্ছে। এক সময় ভাল হবে। শুধু তোমাদের তামাশার কথা মনে থাকবে। যতপার হেসে নাও পরে সময় পাবেনা।	Neutral
2195	কে বেশী সুন্দর। ছেলে না মেয়ে আমি মনে করি ছেলেরা বেশী সুন্দর কারণ ছেলেদের কোন মেকাপ লাগেনা। কোন বোন মন খারাপ কোরবেন না আপনারাও অনেক সুন্দর।	Neutral
2196	Part-234. |¦ তোমায়, আমি কখনও আমার পিছুটান মনে করি না ¦| |¦ আমি মনে করি তুমি আমার, কোনো দিন ও ভুল তে na পারা বর্তমা… https://t.co/BFPm2dRD6n	Neutral
2197	এই হলো প্রোবাস কাজ সেস একটু বিস্রাম অনেক সুখ যা মানতে রাজি না কেউ... যার ব্যাথা সেই বুজে। সুধু মা ছারা কেউ বুজে না… https://t.co/Ck8kAFcjz3	Neutral
2198	ভারত সফরের প্রস্তুতি হিসেবে আজ শেরেবাংলা স্টেডিয়ামে নিজেদের মধ্যে দুটি দল করে টি-টোয়েন্টি ম্যাচ খেলেছে বাংলাদেশ দল। লাল দল-সবুজ দলের এ ম্যাচে ঘটেছে অপ্রীতিকর এক ঘটনা। আউট হয়ে ড্রেসিং রুমে ফেরার সময় এক দর্শকের কটুক্তিতে ক্ষিপ্ত হয়ে গ্যালারির গ্র্যান্ড স্ট্যান্ডে উঠে যান মুশফিক। বিসিবির নিরাপত্তাকর্মীদের হস্তক্ষেপে পরিস্থিতি শান্ত হয় এবং সেই দর্শককে স্টেডিয়াম থেকে বের করে দেওয়া হয়।	Positive
2199	আমার জানা মতে ঢাকা কলেজের কেউই কোনোদিন বলে নাই আর বলবেও না সে ঢাবির ছাত্র, এরপর ও ছোট ভাইদের ও নতুন যারা ভর্তি... https://t.co/yBku6I3ERB	Neutral
2200	তার জন্য এত নিরাপত্তা কেন? সে বাংলাদেশ কে শেষ করে দিসে ,খালেদা জিয়া আর তার ছেলে। আমরা কি ভুলে গেছি সেদিন গুলুর ক… https://t.co/gPgl9kZI9M	Negative
2201	ঝিরি ঝিরি বাতাস কাঁদে তোমায় মনে পড়ে। একি ব্যাথা জাগে, বড়ো একা লাগে, চোখে যে মেঘ করে।। লোকে বলে যে হায় লীলা নাকি… https://t.co/fsEJ4wFzpj	Neutral
2202	রোহিঙ্গা মেয়েদের ক্যাম্পে দুর্বিষহ ও অনিশ্চিত জীবন	Negative
2203	সনাতন ধর্মাবলম্বীদের কালীপূজা উপলক্ষে রোববার উদযাপিত হলো দীপাবলি। এদিনে বাসাবাড়ি, মন্দির ও শ্মশানে প্রদীপ জ্বালিয়ে প্রার্থনা করা হয়। বরদেশ্বরী কালীমন্দির, সবুজবাগ, বাসাবো, ২৭ অক্টোবর। ছবি: দীপু মালাকার Dipu Malakar	Positive
2204	আমি মজিবকে কখনো গালি খা খারাপ বলিনি সব সময় শ্রদ্ধা করি কিন্তু যে সব মাদারচোদ জিয়াকে গালি দেয় এবং খারাপ বলে তাদের সবাইকে চুদে দিব!ὢ0	Negative
2205	প্রতি ৮ জন মানুষের মধ্যে একজন সৎ মানুষ: ৭ জন অসৎ সৎ ব্যক্তিকে চার পাশ থেকে গ্রাস করে!! ২ বছর এগে এমন পোস্ট করেছি, অ… https://t.co/ZomsvORnaf	Negative
2206	Online এ YouTube থেকে ভিডিও ডাউনলোড করুন সব থেকে সহজ উপায় এ। http:/t.co/xFAYRme5bF	Neutral
2207	বাবা দিবস, মা দিবসে যে হারে মানুষ বাবা মার প্রতি ভালোবাসা দেখায়। সে হারে যদি প্রকৃতভাবে দেখাত। তাহলে আমাদের দেশে আর কোন বৃদ্ধাশ্রম হতো না।	Neutral
2208	RT @Kishor_Alo: এ বছর কিআনন্দ উৎসব হবে তিনটি জেলায়। ৫ অক্টোবর : চট্টগ্রাম ১২ অক্টোবর : বগুড়া ও ২৬ অক্টোবর : ঢাকা অংশ নিতে হলে : ১. নি…	Positive
2209	আজ বাসে একটা মেয়ের সাথে যতটা ক্লোজ ভাবে বসছি। আমার কোনো ক্লোজ মেয়ে ফ্রেন্ডের সাথেও এতোটা ক্লোজ ভাবে বসিনাই।...	Neutral
2210	রোহিঙ্গা প্রত্যাবাসন থেকে কাশ্মীর, কোরবানির চামড়ার দাম নিয়ে ক্ষোভ এসব নিয়েই শ্রোতাদের মতামত।	Positive
2211	@Pagolmon_ একে তো গালি দেয়া ই ঠিক না কিন্তু যে সব গালি বাংলায় দেয়া হয় তা শুনলে মনে চায় মাটির নীচে চলে যাই।তার… https://t.co/544PH954Km	Neutral
2212	যখন আমার সাথে সুন্দর করে কথা বলে অনেক ভালো লাগে যা বুঝাতে পারবো না কিন্তু যখন একটু মুড অফ করে কথা বলস কেন জানি অনেক খারাপ লাগে ὡ4	Neutral
2213	সব কিছু কিছু কেমন জানি লাগে,, আগে ট্রেনে উঠলে কত মজা আর কৌতূহল জাগত মনে, আর বাড়ি যাওয়ার দিন তো অফুরন্ত আনন্দ! এখন… https://t.co/4979Yfiua8	Neutral
2214	রাশিয়ার সাথে যুক্তরাষ্ট্রের স্নায়ুযুদ্ধ চলাকালীন মার্কিন গোয়েন্দা সংস্থা সিআইএ কবুতর, কাক ও ডলফিন ব্যবহার করতো গুপ্তচর হিসেবে।	Positive
2215	ὠDὠD মাছের রাজা রুই আর শাকের রাজা পুঁই। শাকের মধ্যে পুঁই শাক অনেক মজার একটি শাক। পুঁই শাকের অনেক মজার মজার রেসিপি আছে… https://t.co/DDApuDqrg3	Neutral
2216	RT @nusratjahanjeni: নতুন বছর এলো কাছে ভুলতে দুখের দিন রং লেগেছে গাছের পাতায় সুরগুলো মনটা মাতায় বাজায় মধুর বীণ হাসলো রবি নতুন করে ঝিলিক…	Neutral
2217	RT @HotSonai: এ রকম একটা ১৫ বছরের মেয়ে কে ২ দিন ২ রাত কোন এক চার দেওয়ালের মাঝে পেতে কি করতে ?? কমেন্ট কর !! উত্তর মজার চাই https://t.co/…	Negative
2218	রতন ভাই কেন রাজনীতি করেন? তিনি বললেনঃ It is my responsibility. As a social being I cant ignore my duty. তার কাছে আ… https://t.co/4GXwLkKJlX	Neutral
2219	RT @bodmasc: ভালোবাসা কি ভুল ? নাকি লাল গোলাপ ফুল । ভালোবাসা কি সুখ নাকি বেদনা ভরা দুঃখ, ভালোবাসা কী হাসি ? নাকি গলার ফাসি । তবু মন বলে তো…	Neutral
2220	যে যন্ত্রণা মৃত্যুর আগে ও পরে পেয়ে চলে গেলেন আমার মা, কোনো মানুষের যেন এমন আর না হয়। এবং কাউকে যেন কখনো এমন অসম্… https://t.co/9YLAbq2bKz	Negative
2221	এরা রিয়েল লাইফে বিয়া করলেও খারাপ হইত না। আর ২৭ তারিখ ৫২ বছর হবে সাল্লু ভাইয়ের, এত হ্যান্ডসাম এখনও লাগে!! — watching Tiger Zinda Hai	Positive
2222	খুব জরুরী Ὢ8 ৭ দিনের নবজাতকের জন্য দুর্লভ [O-ve] ও নেগেটিভ রক্ত লাগবে। দিতে না পারলেও কপি পেষ্ট বা শেয়ার করুন যেন অ… https://t.co/bN1JRdUnJA	Neutral
2223	আমি একা নিজের স্বভাবে । আমি একা তোমার অভাবে । আমি একা গোধূলিতে পুড়ে যাওয়া ডুবু ডুবু করা লালচে সূর্যের মতো । কু… https://t.co/CJD9M63cYR	Neutral
2224	সিয়া আপা চিপ থ্রিলস গানে একটা ভুল কথা বলছে ὣ2 ভদ্রমহিলা বলে  I dont need no money. ট্যাকা আবার কারো না লাগে Ὃ5Ὃ5 ὠ6ὠ2	Neutral
2225	শশুর বাড়ি এর খাওয়া যে কি মজা বর কে না দেকলে কি বুজা যায়। আমাদের বন্ধু বাবলু অবশেষে নতুন জীবন শুরু করল। — feeling missing	Neutral
2226	এ আসনের মোট ১৬৭টি ভোটকেন্দ্রের সবগুলোর ভোট গণনা শেষে এ ফলাফল পাওয়া যায়। এ আসনের মোট ৪ লাখ ৪০ হাজার ৫১৬ ভোটারের ম… https://t.co/fvtas7IKkD	Neutral
2227	মন খারাপ করার মত বা মেসেজ রিপ্লাই না করার মত এমন কি হইছে আমার বুঝে আসেনা ! ব্রাজিলের মত টিম ও তো ৭ গোল খাইছিলো :3	Neutral
2228	বাংলাদেশ যেনো কত রানে অল আউট হইছিলো। ৪৩ মিনিট ও না ৪৩ রান।। নাছির যে নো কতক্ষন করতে পারবে ও না কত রান করতে পারবে।। https://t.co/ZDFXCeaHav	Negative
2229	RT @MNushaida: হাসি দিয়ে দুঃখটাকে করতে হবে জয়, জীবন যুদ্ধে কাঁদলে পরে আসবে পরাজয়, আমরা দুঃখ চাইনা কান্না চাইনা, না কিছুতেই না! ὆B https:…	Positive
2230	তোমরা যারা নিজেকে কিছু মনে কর তারা আসলে বাংলাদেশ সম্পর্কে কোন ধারনাই রাখো না হাহা তোমার চেয়ে বেশী পার্ট নেয়া মানুষের অভাব নাই এই দেশে হাহা	Negative
2231	পরিবতন present and past - কখনো power এর misuse করতে নেই . মানুষের মন জয় করে যে রাজনীতি করে তাকে কখনো পুলিসের দরকার… https://t.co/FzrO8O6hcs	Neutral
2232	RT @iSahidul: পৃথিবীর বুকে একটি মাত্র দেশ বাংলাদেশ, একটি মাত্র গর্বিত জাতী বাঙালী জাতী! যারা কাজের থেকে কথা বলতে বেশি পছন্দ করে, আর পেশা হি…	Positive
2233	• সত্যভাষণ • অন্যের লেখা বা সৃষ্টি উদ্ধৃত করা অনৈতিক হয় তখনই যখন লেখক/স্রষ্টার নাম মুছে ফেলা হয়। ৯০% চর্চা সেরকমই! — feeling unhappy	Neutral
2234	বিপদের আশঙ্কা জেনেও বিপদ টা নিয়ে মজা করে তার ফলাফল দেখা, এটা কোন ধরনের কাজ বা সেন্স এ পরে তা আমার জানা নেই। এখনো... https://t.co/5l60GK9yxa	Neutral
2235	সারাটা দিন হৈ হৈ আর টৈ টৈ... না না মুম্বাইতে নয়, হায়দ্রাবাদের Ramoji Film City তে... এ এক আজব মজার দেশ বটে, এই আ… https://t.co/WopBxgdjCi	Neutral
2236	ধৈর্য ধরো, সব ঠিক হয়ে যাবে ভুল কথা, কোনদিনই কিছুই ঠিক হবে না! যা ভুল ছিল, যা কষ্ট পাওয়ার ছিল, যা যেমন ছিল,... https://t.co/tMGi0TWOAw	Negative
2237	সীমান্তে নারী ও শিশুসহ আটক ৮ http://t.co/Fz3dnDp3V5	Negative
2238	এখনো কাজ ফাঁকি দাও!!-প্লিজ আর বলবেন নাও আমার বন্ধু ;) বন্ধুর জন্য একটু করতেই হয়। — feeling ফাঁকিবাজ	Positive
2239	@gray_earth সরি ভাই আমি I m sorry দয়া করে মাফ চাই আর কথা বলতে চাই না, যদি কোন ভুল হয়ে তাকে ছেড়ে দাও, আমিও তুমি… https://t.co/j1phjWnU5x	Neutral
2240	তুই ভুল করে একবার ভালোবেসে যা মন নিয়ে আমিতো করিনা খেলা এই বোকার শহরে আমি একা জাদুকর এসেছি প্রেম ছড়াতে। মনে এক রা… https://t.co/U91RjawHfh	Neutral
2241	RT @SAMIR83tm: এই ঘৃণ্য চক্রান্তের তীব্র প্রতিবাদ এ সমস্ত মা মাটি মানুষ এক হও । নোংরা রাজনীতি করে তৃণমূল কংগ্রেস কে আটকানো যায় নি, যাবে না…	Positive
2242	বাংলাদেশ-নিউজিল্যান্ড ম্যাচ সামনে রেখে আজকেও ইংল্যান্ডের ওভাল পরিণত হয়েছে একখন্ড লাল সবুজে। সেখান থেকে বিবিসি বাংলার ফেসবুক লাইভ। আমাদের সাথেই থাকুন। Faisal Titumir মীর রায়হান মাসুদ	Positive
2243	এনজিও বিষয়ক ব্যুরোর কে এম আব্দুস সালাম বলেছেন, বার বার সতর্ক করার পরও কিছু এনজিও বিভিন্ন তৎপরতা চালাচ্ছে।	Positive
2244	লাউয়ের সাথে সৌল মাছ এই যদি গাছে হতো তাহলে বাজারে গিয়ে আর সৌল মাছ আর লাউ কিনে নিয়ে আসা হতোনা জমিতে আর বাগান বা… https://t.co/qCjptoY6Se	Neutral
2245	বিবিসি বাংলার সঙ্গে একান্ত আলাপে এমনটাই জানান ফেলুদা খ্যাত ভারতীয় অভিনেতা সব্যসাচী চক্রবর্তী জানান নাটকের ব‍্যাকস্টেজের কাজ করার ইচ্ছা ছিল তাঁর।	Positive
2246	বিশ্বম্ভরপুরে কোনাজাল ব্যবহারকারীদের বিরুদ্ধে বিক্ষোভ ও স্মারক লিপি প্রদান - Abnews http://t.co/0Xgsan5JVa	Negative
2247	এইবার যেটা হলো এটা কিন্তু ১৯৭০ এর ভোটে ও হয় নাই (আমরা যেটা নিয়ে আজও রাজনীতি করি), যে আমাকে আমার ভোট দিতে দিবে না… https://t.co/Hjmzvjd76c	Negative
2248	ইয়াঙ্গনের তিনজন মুসলমান বিবিসির কাছে বলেছেন কীভাবে ধর্মীয় পরিচয়ের কারণে তারা এখন পদে পদে অপদস্থ হচ্ছেন, বৈষম্যের শিকার হচ্ছেন।	Negative
2249	কিছুই যখন করার নেই !!! তাহলে মায়া কাটাতে হবে... সালা ভাগ্যবান তোর পৌষমাস আমার সর্বনাশ নাহলে যে সমতা বজায় থাকবেনা !! ঠিহই আছে ☺	Neutral
2250	এই জন্মের দূরত্বটা পরের জন্মে চুকিয়ে দেব এই জন্মের চুলের গন্ধ পরের জন্মে থাকে যেন এই জন্মের মাতাল চাওয়া পরের জন্মে থাকে যেন মনে থাকবে?	Neutral
2251	কালকে বিকেলে আমি তোকে বললাম এত চা খেতে খেতে শরীর কি করছিস !!!! তুই বেশি দিন বাঁচবি না এত মজা নেওয়ার পরও তুই... https://t.co/9j6pXdsVYj	Neutral
2252	এই পৃথিবিতে সবাই থিক ὡEএক মাএ খারাপ হলাম আমি ὡEὡEὡEযে কথা দিয়ে কথা রাখতে পারলাম নহ ὢDὢDὢDὢDὢD I am so sorry... sorry sorry... ὢDὢDὢD	Negative
2253	এই পোষ্ট টি কারো উল্লেখ করে দিচ্ছি না শুধুমাত্র যেসব আপু ও ভাই রা প্রেমের নামে অবৈধ সম্পর্কে লিপ্ত হয়ে একটা শিশু গ… https://t.co/H4oYhZUVrN	Neutral
2254	সংসদের অভিশংসন ব্যবস্থায় বিচারকদের স্বাধীনতা একবিন্দুও ক্ষুণ্ন হবে নাhttp://t.co/X23fN3OT7S	Positive
2255	এই বার লও ঠেলা ! ঠেলার নাম বাবাজী !!! এই রকম আন্দোলন বাংলাদেশ আগে কখনো দেখেনি | যা আমরা করতে পারিনি তা তোমরা করে… https://t.co/kW8xVt46HS	Positive
2256	RT @bodmasc: কারো জীবনে সুখ আসে না চাইতেই! কেউ কেউ একটু খানি সুখের আশায় সারা বছর খেটে মরে! এইভাবেই হয়ত রাস্তার কোন সাইডে জীবনের সমাপ্তি হ…	Neutral
2257	ওফঃ গায়ে কাঁটা দেওয়ার মতো তথ্য - আসামে সংখ্যাটা 2 কোটি , 40 লাখ নয় - কবে যে ভোটব্যাঙ্ক রাজনীতি বন্ধ হবে? দেশের আ… https://t.co/pAKv1B36Ij	Negative
2258	চার দিনেও গ্রেপ্তার নেই:  http://t.co/UKg8hKmY1u	Negative
2259	আসলে এই ফটো দেখে মনে হলো “ বিএনপি সময় দরজা বন্ধ করে দুইজনের মধ্যে সংলাপের কথা “ এখানে অনেক প্রাথক্য বিএনপি এবং আও… https://t.co/VhZUlDBI1c	Neutral
2260	@Black_Sobuj ভুল না আগে আমি চিটাগাং ই থাকতাম কিন্তু ৪ বছর আগে ফুল ফ্যামিলি শিপ্ট হয়ে গিয়েছি বাড়িতে । তার পর ও এইখানে না এসে থাকতে পারি না	Neutral
2261	বাইকার বিহীন ঢাকা পুরাই অন্য রকম...ঈদে ও এতো ফাকা রাস্তা দেখি নাই ὠC আমার ৩০ সেকেন্ড এর টাইম ল্যাপস এর ভিডিও করতে ৮… https://t.co/lO4E3qE1iP	Neutral
2262	ক্যাটাগরি ফাইভ হারিকেন ডোরিয়ানের আঘাতে বাহামা দ্বীপপুঞ্জে অন্তত ৫ জনের মৃত্যু হয়েছে।  রেডক্রস জানিয়েছে, অন্তত ১৩ হাজার ঘর-বাড়ি ধ্বংস বা ক্ষতিগ্রস্ত হয়েছে। যুক্তরাষ্ট্রের ন্যাশনাল হারিকেন সেন্টারের তথ্য অনুযায়ী, ঘণ্টায় ২৪০ কিলোমিটার বেগে আঘাত হানে এই ঝড়টি। ফ্লোরিডা, জর্জিয়া, নর্থ ও সাউথ ক্যারোলাইনায় জরুরী অবস্থা জারি করা হয়েছে।  ছবি: Reuters	Negative
2263	রোহিঙ্গা শরণার্থীদের ঘিরে প্রচারণা, জাতীয় পার্টির নেতৃত্ব নিয়ে দ্বন্দ্ব এসব নিয়েই শ্রোতাদের প্রশ্ন	Positive
2264	কোনটা ভালো? ১) যাকে পছন্দ করেন তার পিছে ছুটে ভালোবাসার… — “ কাঁটা হেরি ক্ষান্ত কেন কমল তুলিতে দুঃখ বিনা সুখ লাভ হ… https://t.co/7ZBpIG2i8R	Neutral
2265	জীবনে অনেক ভুল করেছি আর নয়... সবাই ভালো থাকিস... হয়তো কারো সাথে তেমন কথা বলতে পারবো না.. page টা ঠিকই চলবে but আমি নাও চলাতে পারি..	Neutral
2266	RT @shameemsayedee: অভিনন্দন ! বাংলাদেশী জাতীয়তাবাদী পরিবারের সকল ভাই - বোনকে ! বিএনপি এবং অঙ্গ সংগঠনের সকল নেতা কর্মীর জন্য শুভ কামনা । h…	Positive
2267	RT @Sweta67845171: #PhagunBou এর আজকের পর্বে রোদ্দুর কে দেখে সত্যি খুব খারাপ লাগল চাইলেও সে নিজের মনের কথা বলতে পারল না বেচারি মৌ সে…	Neutral
2268	@Im_acs তিস্তা না শুধু চীন এ তাদের দেশে বাঁধ দিছে রাখছে ভারত ও পাকিস্তানের নদীতে বাঁধ দিছে ।আমরা ছোট বলে হয়ত কথা আ… https://t.co/LmKQQiKjXg	Neutral
2269	ছাত্ররা ৩-৪ দিনে যা করছে। শুনতে হাস্যকর হলেও যদি দেশের ক্ষমতা এদের হাতে তুলে দেওয়া যেত ৫ বছর তো দুর ৫ মাসে একটা ন… https://t.co/asiF1LX6NO	Neutral
2270	মা-বাবার কষ্টগুলোকে যারা আমল না দেয় তাঁরা আর যাই হোক সুখী হতে পারে না॥ ভুলে তো মানুষ অনেক কিছুই যায় কিন্তু মন থেকে কতটা ?	Neutral
2271	বিভিন্ন বিশ্ববিদ্যালয় ও কলেজ ভর্তি, সাজেশন, সরকারী ও বেসরকারি এবং বিসিএস পরীক্ষার প্রস্তুতির জন্য নীচের পেজে এখনি...	Neutral
2272	সমাজ গতিশীল। তা সঠিক দিকে অগ্রসর না হলে ভুল দিকে অগ্রসর হতে বাধ্য, উপরে না উঠলে নীচে পড়তে বাধ্য। এজন্য দল ও নেতার এতে গুরুত্ব।	Neutral
2273	Photo Comment এর সাথে Sticker ও দেয়া যাচ্ছে Comment e :D http:/t.co/kxBtCU99VR	Positive
2274	@habib_bhai_ বলার সময় কান্না আসলে কথাগুলো কেমন জরাইয়া যায় আর যাকে বলবো সে যদি না বোঝে বা ইমোশনাল হয়ে পরে তাহলে আরো বেশি খারাপ লাগবে	Neutral
2275	চট্টগ্রাম চারছি ২ দিন এর জনে ✈✈✈Ὡ4 । সবাই দোয়া করবেন। ὉCὉC ঢাকা তে কে কে আছেন এখন হাত তুলেন ✌✌. ἳ9ὉC আজ এমন কারো সা… https://t.co/IODy1Yu6wY	Neutral
2276	প্রশ্ন : কেউ যদি আমার মনে কষ্ট দেয় তার সেই কষ্ট দেয়ার আচরন যদি আমি ৩ য় কাউকে বলি তবে কি এটা গীবত হবে? আসলে গীবত… https://t.co/uXCRVNSCcg	Neutral
2277	মেয়েটা বাঁকা করে চুল বাধে,প্রেম করে দেখ...ছেলেটাও পরে ফুলহাতা শার্ট...	Positive
2278	ভোটের মাত্র ৮ দিন বাকি থাকলেও বিএনপি বা ঐক্যফ্রন্টের বড় কোনো তোড় জোড় না দেখে আ’লীগ ভাবনায়! তবে কি বিএনপির ট্রাপে পা দিলো আ’লীগ?	Neutral
2279	একটু ও অবৈধ মন্তব্য করবেন বল্ক খাবেন অবৈধ চিন্তা ভাবনা থেকে সরে আসেন আল্লাহর কাছে মাফ চেয়ে অনতত খাটি মুসলীম হউনὄ8 — feeling তোরা অবৈধ	Neutral
2280	সাদা অংশটুকু সহজেই কালো করা যায় কিন্তু কালো অংশটুকু কখনোই আর আগের মত সাদা হয় না । সততার পরীক্ষা জীবনভর দিতে হয়, অসৎ এর কোন পরীক্ষা নেই ।	Neutral
2281	যার ব্যাটিং দেখলে খারাপ মনও ভাল যায়। আমার মনে হয় সেটা এবিডি। ক্রিকেট ফ্যান হিসেবে শকড এবং হার্ট ব্রেকিং! Will miss you Mr 360!	Neutral
2282	অনেকদিন ধরে ভাবতেছি বাড়ির নাম কি দেয়া যায় ? ভাবতে ভাবতে মনে হল বাড়ির নাম মঙ্গল গ্রহ হলে কেমন হয় ? খারাপ না কি… https://t.co/WxAx2FLrrI	Neutral
2283	রাজনীতিতে শেষ কথা বলে কিছু নেই। এটা যারা মানতে পারবে না তাদের রাজনীতি নিয়ে ভাবনা না করে ফুল, ফল, লতাপাতা নিয়ে কবিতা লেখাই ভালো। -কিপা	Neutral
2284	@Pagolmon_ @SH_Helal13 আচ্ছা মজা করেন আমার ভুল বানান নিয়া না?? ছমস্যা নাই আমি আপনার টুইটের জবাব দিতে পারমু তবে এক্টু সময় লাগব এই যাὠBὠB	Neutral
2285	তবে এ ব্যাপারে জবাবদিহি করতেই হবে...	Positive
2286	‘অন্ধকার বর্ণ’ বলে উপহাস...	Negative
2287	গান বাজনা Delete কর নামায রোজা Save কর খারাপ পোস্ট Cut কর ভাল পোস্ট Share কর ভিন্ন ধর্মকে Respect কর ইসলাম ধর্ম Ope… https://t.co/jDylm6imDF	Positive
2288	Prabal Chowdhury Pujon ছেলেটি শিক্ষিত ও যোগ্য নেতৃত্বগুণধারী বলেই জানি। একজন নেতা হতে গেলে মানবিক গুনসম্পন্ন হওয়া... http:/t.co/v7o0MAUNXw	Positive
2289	ধর্মঘট শেষ, খেলোয়াড়েরা উন্মুখ হয়ে আছেন মাঠে ফিরতে। সমস্যার সমাধান হলেও একটা ভয়ও কাজ করছে ক্রিকেটারদের মধ্যে	Positive
2290	শরীরের অঙ্গ কেটে রক্ত বের করে ভালোবাসা বুঝানো টা বোকামী কারন যে চোখের জলের মূল্য দিতে জানে না সে রক্তের মূল্য কি করে দিবে।। #একাকী_জীবন	Neutral
2291	এখন কার সময়ে ছেলেরা বলে i life You মেয়েরা বলে আমার মোবাইলে বেলেন নাই ফেকসি করো কিন্তু মোর ধারে টাহা নাই এ জন্য… https://t.co/YRvaEabkMX	Neutral
2292	বিধি তুমি কোন কলমে লিখছো আমার ভাগ্য ?? আমি কি নই সুখের যোগ্য ?? কেন হয়ে গেলাম আমি সবার চোখের বালি ?? কপালের সুখ লি… https://t.co/myM0e5XQ3p	Negative
2293	আমি জানি তুমি হয়তো আমাকে খারাপ ভেবেছ। আমাকে ধিক্কার দিয়েছ এই ভেবে যে ছেলেটি পাগল মনে হয়। সত্য কী জানো, আমি তোমায় ভালোবাসি পাগলের মতই।	Neutral
2294	বিশ্বব্যাংকের ২০১৮ সালের মানবসম্পদ সূচক প্রকাশ- ১। সূচকে ১৫৭টি দেশের মধ্যে বাংলাদেশ ১০৬ তম। ২। ভারত ও পাকিস্তান যথাক্রমে ১১৫ ও ১৩৪ তম। ὠEὠEὠE	Neutral
2295	RT @KanizSnigdha: ঘুম থেকে উঠেই খারাপ সংবাদ । বুকের ভেতরটায় কেমন জানি হু-হু করে যাচ্ছে ।:( :( ভালো থাকবেন স্যার । আল্লাহ্‌ আপনাকে জা…	Neutral
2296	বিভিন্ন দেশের নাম্বার থেকে মিসড কল আসছে। কেও ভুল করেও কল ব্যাক করবেন না। বা ওই নাম্বার নিয়ে ঘাটানোর দরকার নেই। এটি নতুন চক্র।	Neutral
2297	দুটি পাবলিক পরীক্ষায়  এ+ পাওয়া সত্ত্বেও সবার স্বপ্নের ঢাকা ইউনিতে আমি পরীক্ষা দেই নি। এমনকি বুয়েটেও পরীক্ষা দেই... http:/t.co/iSmTpts00Y	Negative
2298	কুষ্টিয়ায় পুলিশের বিশেষ অভিযানে গ্রেফতার ৫৬: অস্ত্র, ককটেল ও মাদক উদ্ধার http://t.co/KqfL5zqmW4	Positive
2299	যতক্ষন পর্যন্ত একজন মানুষ বেচে আছে এবং পাগল ও অচেতন নয় ।। ততক্ষন পর্যন্ত তার জন্য তওবার দরজা খুলা রয়েছে ।। ।। সু… https://t.co/bPvSjQEHiT	Neutral
2300	RT @Careless49: এরকম ২ -১ টা অবৈধ সম্পর্কে লিপ্ত থাক্তেই পারে অভিনেতা বলে কথা ὡ1ὡ1ὃ8ὃ8 উহা কি সত্য নাকি মিথ্যা ?? আমি জাস্ট জানিতে চাই, কেউ…	Neutral
2301	কে ভালো বলবে আর কে খারাপ বলবে তা নিয়ে ভাবছি না । ভাবছি হলো .. কারো জন্য নিজেকে পরিবর্তন করতে পারবো না । আমি আছি , আমার মতো ..	Positive
2302	কলব ঠিক করা জরুরী। * * জেনে রাখ শরীরের মধ্যে একটি গোশতের টুকরা আছে, তা যখন ঠিক হয়ে যায় গোটা শরীরই তখন ঠিক হয়ে… https://t.co/5X1DDxbXmD	Neutral
2303	সুখ এবং দুঃখ আসলে একই জিনিস। সময়ের সঙ্গে সঙ্গে সুখ বদলে গিয়ে দুঃখ হয়ে যায়। দুঃখ হয় সুখ। জীবনের প্রবল দুঃখ ও বে… https://t.co/AVqFpRIVLy	Neutral
2304	সুস্থ নির্বাচন হলে আওয়ামী লীগ যে কয়টা সিট পেতো ঐ কয়টা এখন বিএনপি পাচ্ছে। নো টেনশন মন খারাপ করে লাভ নেই আশুন Poli… https://t.co/QtYeiyLLjy	Negative
2305	কয়টা দম্পতি কে দেখেছেন বিয়ের পর না খেয়ে থাকছে? ছেলে কি করে সেটাই কি নির্ধারণ করে যে সেই দম্পতি সুখী ও সফল হবে? আ… https://t.co/QrmPS7k38H	Neutral
2306	দুখে দুখে জীবন গেলো ভাষাই দুখের নাও ὡ3 আমার বুকে আঘাত দিয়া সুখের বৈঠা বাও ὢA দুঃখ দিয়ে সুখ যদি পাও রে বন্ধু ὣ3ὣ3 যতো খুশি ব্যথা দিয়ে যাও ὣ7ὣ7ὣ7	Negative
2307	পৃথিবীর সকল মানুষ শুধু সুখ নিতে চায় কেউ দঃখ নিতে চায় না মানুষ সুখে থাকলে সৃষ্টা কে ভুলে যায় আর কষ্ট পেলে সৃষ্টা ছাড়া রাস্তা নাই	Neutral
2308	এই বলদ কি বলে একটু খেয়াল করুন। এখনো কথাটাই বলা শিখেনি। আবার রাজনীতি করতে আসছে। আমি যে 5% কোটা দাবী করেছি এতে কোনো… https://t.co/N7TVjp9Ukh	Negative
2309	আমি ঢাকা দিয়েছি বলে কেউ ভাববেন না যে কাউকে দেখাবো না যদু লাইক কর তাহলে আমি আমার আবার এর চেয়ে অনেক সুন্দর সেলফি দে… https://t.co/s6Ut2Mxofw	Neutral
2310	টাক সমস্যার এক অভিনব বিকল্প সমাধান (ভিডিও সহ): মাথার প্রিয় চুলগুলো যখন পড়তে শুরু করে। সামনের দিকে চুল কমে নিজে... http://t.co/lLKdb6aftl	Negative
2311	১৭ আগস্ট বাংলামেইল সংস্কৃতি ও বিনোদন বিভাগে ‘মা হচ্ছেন বর্ষা’ শিরোনামে একটি সংবাদ প্রকাশ করা হয়...... http://t.co/m4heiFsa2r	Neutral
2312	নাকি পুরানো বোতলে নতুন মদ আসবে একথা কেউ জানে না। তারা কোনও ভুল মানুষকে গুম করেনি। বুঝে শুনে গুম করা হয়েছে। এসব গুম… https://t.co/SkfEfsUXtl	Negative
2313	RT @Taslima_Alve: সেই প্রকৃত বন্ধু যে বৃষ্টির পানির মধ্যেও চোখের পানি চিনে নিতে পারে. . . . . . আর সেই সবচেয়ে ভাগ্যবান যার এমন একজন বন্…	Neutral
2314	‘ধন-দৌলত, শাসন-ক্ষমতা ও বিপদাপদেই মানুষের বুদ্ধি- বিবেচনার পরীক্ষা হয়।..........	Positive
2315	@StealthilyBoy পাগলের সুখ মনে মনে,, জন্ম দিবে একজনে আর বাপ ডাকবো তোমারে??? এতো পাগল হয় নাই। কোন চিন্তা করো না , তুমি মামা হয়ে যাচ্ছোὠ3ὠ6	Neutral
2316	RT @BJPTripura: NewsX er Exit poll দেখার পর কিছু কিছু লোকের মাথা খারাপ হয়ে গেছে | তাই উল্টোপাল্টা পোস্ট করে যাচ্ছে .. ὠ2 #AbkiBarModiSark…	Neutral
2317	RT @CSTBD: ✅-আমরা আমদের আউটলেট থেকে / ডেস্কটপ কম্পিউটার / ল্যাপটপ ও অন্যন্ন পন্য বিক্রি করে থাকি । @bikroy_com এর মাধ্যমে Core i5 pc দেখুন…	Neutral
2318	ময়দা দিয়ে তৈরি 2 in 1 ice cream খুবি অল্প খরচে তেরি করা যায় আর খেতে বেশ মজার রেসিপি লাগলে লিংকে ক্লিক করে দেখে… https://t.co/l5abNkkDzQ	Neutral
2319	প্রত্যাবাসনের তালিকায় থাকা একজন রোহিঙ্গা শরণার্থী পরিচয় প্রকাশ না করার শর্তে বলেন, মিয়ানমার সরকার তাদের দাবি মেনে না নিলে ফেরত যেতে চান না তারা।	Negative
2320	লাক্স ক্যাফে লাইভে আজকের অতিথি স্বাগতা  উপস্থাপক: মৌসুমী মৌ (Mousumi Mou)	Positive
2321	বাংলাদেশ সিভিল সার্ভিসে বর্তমানে ক্যাডার সংখ্যা কত টি ? ১. ২৫ টি ২. ২৬ টি ৩. ২৭ টি ৪. ২৮ টি ৫. ২৯ টি	Neutral
2322	RT @Pratisruti: যদি তুমি নিজের কাছে নিজের কাজে কারনে স্বচ্ছ থাকো আর তবু যদি পরীক্ষক তোমায় ভুল ঘোষণা করে, তবে দুঃখ পেও না। দুনিয়া যাই বলুক…	Positive
2323	২৪ কোটি টাকার স্বর্ণালঙ্কার নিয়ে উধাও বন্ধকি প্রতিষ্ঠান http:/t.co/RndLSMBvRZ	Negative
2324	কিরে ভাই তরা তো বড় ছেলের চেয়েও খারাপ রে। ৫ টাকা বাদাম কিনা খাওয়াবি গফ নাই তাই রাগ দেখাস আমার পোস্টে। যারা এখনো... https://t.co/rYs6gP7ltH	Neutral
2325	সব মাতাল, ইচ্ছে করে মাতলামি করে না! কেউ কেউ যন্ত্রনা ভুলে থাকার জন্য মাতলামি করে! কিন্তু দুর থেকে সমাজ সবাইকে মাতাল বলে! — feeling angry	Neutral
2326	ক্ষমা করা সেটাতো মহৎ গুন , আমার বাপু কোন গুনই নেই ,যদি থাকতো তাহলে এমন করতে না। আমি বারবার ক্ষমা করে দিবো এমন... https://t.co/4hGl9yyqyc	Neutral
2327	চেন্নাই শহরের এক ড্রেনের ভেতর থেকে বের করা হলো এক নবজাতককে। তার নাম রাখা হলে সুধানধিরাম, যার অর্থ মুক্তি...	Negative
2328	আমার ভাগ্যে কি কিছুই নেই? হুম আছে তো , _ মশার কামর! রাত ৩ টা প্লাস , ঢাকা বরিশাল হাইওয়ে শাসায় বাস গুলা বরিশাল… https://t.co/ibQ9x739nj	Negative
2329	@m_shabbir05 চাঁদ কি আজকাল মিষ্টি ও হয়ে যায়	Negative
2330	বিশ্বকাপে খেলার সুযোগ পাওয়ার আনন্দে আত্মহারা পাপুয়া নিউ গিনির খেলোয়াড়েরা...	Positive
2331	বর্তমান বাংলাদেশ.**মধ্যবর্তী নির্বাচন হলে সেই নির্বাচনে খালেদা জিয়া আর তারেক রহমান কে অংশ নিতে নাও দেয়া হতে... http://t.co/8hk5YdLAgS	Negative
2332	বর্তমানের মতই রাজাদের আমলে-ও আল্লাহর ফেরেস্তা-গন-ও খমতাধরদের হয়েই সব কাজ করতো , বর্তমানে যেমন করছে ফেরেস্তা-গন খমতা দখল কারীদের দফাদারী !	Positive
2333	আন্দোলন না হবার জন্য অন্য দেশ গুলি কত কি না করে। আর আমাদের দেশে উসকানি দিয়ে কথা বলে শুধু আন্দোলন বাড়াতে ।ὢDὢD আও… https://t.co/9YzvqyD1Oi	Neutral
2334	RT @JannatulTanisha: জীবন কে ছাড়িয়ে, সময় কে এড়িয়ে এসেছি আমি এই কোন প্রান্তে ? যেখানে নেই তুমি , আমি একা . হইতো এসেছি কোনো স্বপ্নের ভু…	Neutral
2335	যারা বিএনপি করে তাদের চোখে এই সব ছবি পড়েলে ও - তারা কখনো এই ছবি গুলো ভাইরাল করার চেষ্টা ও করে না ? স‍্যালুট স‍্… https://t.co/5DmRVty3zZ	Neutral
2336	মা-বাবা হাজার বার বলে ও নামাজে নিতে পারে নাই । আর জি এফ প্রমিজ করাইছে । ὄFὄF যাই হোক সবাইকে আলোর পথে আসার আহ্বান । ὠA https://t.co/4YdRXVv40s	Positive
2337	প্রবাসী বাংলাদেশীদের ভোটার করার কাজ আগামী মাস থেকে শুরু করতে চায় নির্বাচন কমিশন	Positive
2338	কারো জন্মদিন আমি পালন করি না। কারো মৃত্যুদিন আমি পালন করি না। তবে ভুলে যাই সবাইকে তা কিন্তু না। মনের কোণে ঠিকই রাখি… https://t.co/0KYne1URBL	Neutral
2339	'বিপুল পরিমাণ দেশি-বিদেশি ব্র্যান্ডের মদ ও সিসা উদ্ধার...	Positive
2340	Game :- Limbo ($ Paid) ____ জীবনে অনেক Game খেলেছেন কিন্তু এই গেমের মতো আর মজা কোন গেমে পাবেন না ____ এক কথায়... https://t.co/vgTnvI4kZ7	Neutral
2341	এইডা কিছু হইল :/ ৩মাস ও হৈল না নতুন চশমা বানাইলাম,চশমা গেল ভাইঙ্গা আজকে।ধুর। এক্সট্রা চশমা ও নাই এখন .কি বিপদে পড়া গেল :	Negative
2342	মনটা খারাপ হলে কেন জানী নদী আমায় খুব কাছে ডাকে। তখন আমি তার ডাকে সাড়া না দিয়ে পারিনা। তাই যাচ্ছি চলে মন খারাপের.… https://t.co/aOwOyLcZbj	Neutral
2343	কোন বড় ভাই যদি বলে ক্লাস বাদ দিয়ে প্রোগ্রাম করো। সেই বড় ভাইয়ের কথা শোনার দরকার নাই। Politics is a part of li… https://t.co/6ONTrRMXZd	Neutral
2344	হে নবী, সৎ কাজ ও অসৎ কাজ সমান নয়। তুমি অসৎ কাজকে সেই নেকী দ্বারা নিবৃত্ত করো যা সবচেয়ে ভাল। তাহলে দেখবে যার সাথে… https://t.co/tdvnizagCP	Neutral
2345	@SinhaKeya তুমি হয়তো বলবা না জেনে না দেখে কেমন করে ভালোবাসা হয়,,বাট আমি বলি ভালোবাসার জন্য কোন কিছুর দরকার পরেনা কেবল মনের মত মন হলেই চলে?	Neutral
2346	ফুল কে বলা হয় ভালোবাসার প্রতীক। যে ফুল পছন্দ করেনা সে ভালোবাসা কি তা বুঝতেও পারেনা। ফুল একটি কঠিন মানুষকে ও কোমল ক… https://t.co/5YQx5MPzSw	Neutral
2347	RT @TeamTigersBD: ম্যান অফ দ্যা ম্যাচ #তামিম Ἴ6 ম্যান অফ দ্যা সিরিজ #তামিম Ἴ6 ১ম ওয়ান ডে: ১৩০* ২য় ওয়ান ডে: ৫৪ ৩য় ওয়ান ডে: ১০৩ মোট ২৮৭…	Neutral
2348	@itz_sojib @Careless49 তার নিজের ব্যাপার ভাই ৷ বাদ দেন তার কথা ৷ অামরা ওই দিকে অার না যাই সেটাই ভালো ৷ খারাপ লাগে অাপনাদের জন্য	Neutral
2349	হাসতে নাকি জানেনা কেউ কে বলেছে ভাই? এই শোন না কত হাসির খবর বলে যাই। মান্না হাসে মোচের ফাকে কাসিদ্দিকী হাসে তার সা… https://t.co/e1Py3B8rUi	Neutral
2350	কখনও আকাশ বেয়ে চুপ করে, যদি নেমে আসে ভালোবাসা খুব ভোরে চোখ ভাঙা ঘুমে তুমি খুঁজোনা আমায় আশেপাশে আমি আর নেই। ___ আবেগি মন ,জুয়েল আহমেদ	Neutral
2351	Croatia ἞D἟7 3- Argentina ἞6἟7 0 কেউ মন খারাপ কইরেন না। আসুন খেলাটাকে উপভোগ করি। বাই দ্যা ওয়ে: আমি সব সময় ছোট দলের সাপোর্টার! No ἞7἟7 no ἞6἟7	Positive
2352	পিরিতে পোড়া মন ♦ নুরুল আমিন ♦ পিরিতে পোড়া মন আর কিছুতে পোড়ে না । পিরিতের আঠা লাগলে আর ছাড়ে না ।। পিরিতি না জে… https://t.co/HngXntCzE0	Neutral
2353	কখনো যদি মনে করো একা হয়ে গেছো তুমি কাছের মানুষটাও দিয়েছে দু:খ তোমায় । তবে চলে এসো সেই পরিচিত আগের ঠিকানায় । আমি… https://t.co/MApb9TJ7fn	Neutral
2354	২০১৭ সাল টা ছিল আমার জন্য অসাধারণ একটা বছর। ২০১৭ সালে যা হারিয়েছি তা আর কখন ও ফিরে পাব না, যার কারনেই ২০১৭ সাল... https://t.co/KHpbAvRQbg	Neutral
2355	আমার বন্দুর বোন যতই চোদি ততই মাজা এত চোদেও মন বরেনা মনে চায় সারা জীবন চোদলেও আমার মন বর বেনা এত সুখ আমি আর কোথাও… https://t.co/6kJ1NTnWoY	Neutral
2356	আমি ১টা দিন চাই আলোয় আলোয় ভরা। আমি ১টা রাত চাই, অন্ধকার ছাড়া । আমি ১টা ফুল চাই, সুন্দর সুবাস ভরা। আর ১টা ভাল… https://t.co/n4LeA8PJ0R	Neutral
2357	আপনি যত খারাপ ই হন না কেন কেও না কেও আপনাকে অবশ্যই পছন্দ করবে | ঠিক তেমনি, আপনি যত ভালোই হন না কেন, কেও না কেও... https://t.co/tdvffSEUjn	Neutral
2358	মিলাদ ও শিরনি http://t.co/ZGFw09qYw3	Neutral
2359	RT @TahsanMuaz: বিএনপি জামায়াতের টাকা নিন আর নৌকায় ভোট দিন। _ শেখ হাসিনা। . আপনার বিবেচনা যাকে বলে তাকেই ভোট দিন, আমি সেই সিদ্ধান্তকে শ্…	Neutral
2360	গাছে গাছে নতুন পাতা, ফুল ফুটছে বেশ। সব পাখির মন খারাপ শিতের হল শেষ। নতুন রুপে, নতুন সাঁঝে ণিভাবে মনের আগুন। তাইতো আ… https://t.co/gY19KS5xoP	Neutral
2361	RT @Imran47171: এক ফাল্গুনে নক্ষত্রের রাতের শেষ প্রহরে, ঝুপ ঝুপ করে নেমে আসা ভাদ্রের বৃষ্টির মতোন নামালে শ্রাবন, সে শ্রাবন দু চোখ বেয়ে অঝ…	Neutral
2362	এর থেকে খারাপ আর কি হতে পারে? দুদিনের IPL এর জন্য আজ এরা ধোনি, ভাজ্জি , এদের নামে চোর অপবাদ লাগাতেও ছাড়লো না।। তা… https://t.co/mu2IoYFhvQ	Negative
2363	কারও ভুল শুধরে দেয়াটা যদি অপমান করা মনে হয়! তাহলে আমি বলবো ভায়া, তুমি কখনো কারও ভুল শুধরে দাও নি; শুধু অপমানই ক… https://t.co/3RfcN1pg2g	Neutral
2364	তুমি যখন খারাপ থাকবে তখন তোমার খোজ তারা নিবে না, যখন তুমি ভাল থাকবে তখন তারা সয্য করতে পারবে না। এরাই আশেপাশের মানুষ #TreuFact	Neutral
2365	সময় একটাই খারাপ যাচ্ছে যে, গ্রামীন ইমারজেন্সি ব্যালেন্স ও এখন মাত্র ১৬ টাকা পাই যেখানে আগে ১০৪ টাকা পর্যন্ত পেতাম। #আমি ও আমার অর্থনিতী।	Neutral
2366	গ্রেনেড হামলার পর বিবিসি বাংলাকে এক সাক্ষাৎকার দিয়েছিলেন তখনকার বিরোধীদলীয় নেত্রী শেখ হাসিনা, তারই অংশবিশেষ 👇👇👇	Positive
2367	বাংলাদেশে বিশ্ববিদ্যালয়গুলোতে ভর্তি প্রক্রিয়ার জটিল পদ্ধতির কারণে শিক্ষার্থীরা অনেক সময় নিজেদের পছন্দের বিষয়ে পড়তে পারে না। এই পদ্ধতি কি পরিবর্তন করা দরকার?	Negative
2368	: সে ভালো লিখলে আমার হিংসা লাগে তাই আমি তার লেখা পড়ি না। আর যদি সে খারাপ লিখে, তাইলে তো আরও পড়ি না। দুর্বল লেখা… https://t.co/V9HWz0oHbS	Neutral
2369	আমরা আলোর মাঝে থাকতে থাকতে আজ আমাদের আর আলো ভাল লাগতে চাই না। মানষের গোপন কাজ গুলোয় রাতের জন্য তুলে রাখে। তার যত গ… https://t.co/uXON3foo36	Neutral
2370	কোনকিছু না জেনে না বুঝে করাকে ভুল হিসেবে ধরা যায়। যখন একই রকম ভুল বার বার হতে থাকে তখন সেটা আর যাইহোক ভুল থাকে... https://t.co/NQeSUACcec	Neutral
2371	এমন কাউকে খুজে নেও এবং তাকেইবেছে নেও যে কিনা..তোমাকে পেয়ে গর্ব বোধ করে..তোমাকে হারানোর ভয়ে ভীত থাকে..তোমার... http://t.co/K9wXx3kVl9	Positive
2372	Ἳ6Ἳ6বুকের ভেতর তোমার জন্য মাতাল হাওয়া বয় অনুভবে না বলা কথা বুঝে নিতে হয়Ἳ6Ἳ6 একটু  না বলা কথা ৩  গানটা গাওয়ার... https://t.co/gIXNIkO06y	Neutral
2373	RT @gray_earth: আহারে! দরদী বোনটার জন্য কেউ আমিন না বলে যাবেন না!!ὠ6ὠ6ὠ6 জামাত শিবির খারাপ খুব খারাপ,ওরা মানব দরদী আপুটাকে ও ছাড়লো নাὡ6ὡ6 এতা এ…	Negative
2374	চোখের আড়ালে ধীরে ধীরে পাল্টে যাচ্ছে বাংলাদেশের গার্মেন্টস শিল্প। চলে এসেছে রোবটিক প্রযুক্তি। কাজ হারাতে শুরু করেছেন শ্রমিকরা। এই শিল্পের ভবিষ্যৎ কী?	Negative
2375	 সকল সকল এস এ সি ও দাখিল পরীক্ষাথী ভাই বোনদের জন্য রইল - একরাশি ভালোবাসা -শুভ কামনা - &lt;3 :) — feeling happy	Positive
2376	ভালোবাসা , যার নেই কোনো দিন, নেই কোনো মাস , নেই কোনো বছর , নেই কোনো বয়স , শুধু ভালো একটা মনের মানুষ থাকলেই , চলে… https://t.co/aKP7euADEg	Neutral
2377	বাংলাদেশে কি চলে ভাই ? - অপরাধী ।। বিঃদ্রঃ - এত অপরাধী স্বাধীন ভাবে ঘুরতেছে বাংলাদেশের পুলিশ কি করে ? জেলে ভরে না কেন?? ὡC	Neutral
2378	সুখ আৰু শান্তিৰে জীৱন আনন্দময় হওঁক আৰু লগতে সকলোৰে জীৱনৰ প্ৰতিটো মূহুৰ্ত ৰং তথা সুখ সমৃদ্ধিৰে ভৰি পৰক... তাৰ কামনাৰে ..কাতি বিহু ওলগ জনালোঁ	Neutral
2379	এসব অ্যাপ তৈরি করেছে ভারতের অ্যাপঅ্যাসপেক্ট টেকনোলজিস নামের একটি প্রতিষ্ঠান।	Positive
2380	টঙ্গীর শিশু উন্নয়ন কেন্দ্রে ধারণক্ষমতা ৩০০ শিশু গতকাল পর্যন্ত আছে ১০০১	Negative
2381	বন্ধুদের জন্য মজার কিছু শব্দার্থ দিলাম ⭕ Wife → বউ। ⭕ Bow → প্রণাম করা বা ধনুক। - ⭕ Queen → রাণী। ⭕ Runny → অতি তর… https://t.co/2PlV5cr1pz	Neutral
2382	একজন পুরুষ যখন হৃদয়ের সব ভালোবাসা আবেগ অনুভূতি নিয়ে একটি নারীর কথা ভাবে। তখন পৃথিবীর অন্য সব নারী তার কাছে মিথ্যা হয়ে যায়। — feeling sad	Neutral
2383	RT @ArafDev___: ALERT! ALERT! ALERT! সকল ভারতবাসী ও বাংলাদেশ বাসি দের জানানো হচ্ছে যে কাল আছরে পড়তে চলেছে এক বিরধংশি ঝর . ( আ…	Neutral
2384	@bojmurc আমিও আমিও আমার কুক্কুট স্তন্যপান চর্বি মোরগ খারাপ	Negative
2385	জানিনা কি দোষে এ জীবন ওদিয়ে গেল ফাঁকি। ভুল করে তারে মনটি দিয়েছি আমি যে কি নিয়ে থাকি এত জানা তবু আজও। মন তার কেন জানা গেলনা..	Neutral
2386	যা ছিল তা আমার অপ্রাপ্তি ছিল, যা এসেছিল তা শুধুই মোহ ছিল, ভুল করে ভেবেছিলাম সেদিন যা এসেছিল তা একান্ত আমার, আমার অ… https://t.co/5sJoWQYKRi	Neutral
2387	বাংলাদেশের রাজধানী থেকেই সব জেলায় ডেঙ্গু ছড়িয়েছে বলে কর্তৃপক্ষের ধারণা। কিন্তু সেটা কতখানি সত্যি?	Negative
2388	আমার আজ তুই, কাল তুই, দিবানিশি তুই না জানা যাতনা আর শয়নে শুধু তোকে ছুঁই বুঝিনা কি করে হায় একেলা রই মন ঘরে আছিস ঋ… https://t.co/EBMzbDdvI4	Neutral
2389	ডিজিটাল বাংলাদেশের কল্যানে আশা করছি blue film এর দিক দিয়েও আমরা একদিন সবার উপরে থাকবো। http://t.co/DyFaF8DWzn	Negative
2390	RT @HotSonai: যখন তুমি কাউকে #চোদো তুমি কি জানো মেয়ে টা কত কষ্ট পেয়েও হাঁসি মুখে তোমার সব #আদর আবদার মেনে নেয় ।?? তুমি তাকে মনের মত #…	Neutral
2391	আল-কায়দার ইস্যুতেও নোংরা রাজনীতি।।হায়রে শেখ,হায়রে জিয়া।#এরা আবার দেশপ্রেমিক।#জাতির মাতা-পিতা।	Negative
2392	প্রতিদিন কতশত কথা জমা হয়ে যায় অথচ শোনার মত কেউ নাই। দিন যত যায় কর্ম ব্যস্ততা ততই বাড়তে থাকে । দিন পেরুলেই যেন এ… https://t.co/Jr98yTYHha	Neutral
2393	জটিল !! গার্লফ্রেন্ড না পাইল্লা বান্দর পালাও অনেক উপকারী। http://t.co/mTt0ZtcmN2	Positive
2394	প্রিয় মানুষগুলো ধীরে ধীরে অপ্রিয় হয়ে যাচ্ছে । যেমন জাফর ইকবাল অনেক প্রিয় ছিল আমার কাছে । কিন্তু এখন কেন যেন ওরে দেখলেই ঘৃণা আসে ।	Negative
2395	RT @jahirisl: অনেক বেশি লজ্জা হয় যখন বাইরের দেশের লোকেরা আমাদের দেশ নিয়েই চিন্তিত হয়ে পড়ে আবার যখন আমাদের থেকে জিজ্ঞেস করে বাংলাদেশ এখন…	Neutral
2396	সত্যি কি ভালোবাসা এমনি হয় ? এমনি বলতে আসলে কেমন হয় ? ভালোবাসা কি কয়েক ধরনের হয় নাকি ? নাকি এক ধরনের ? দেখতে… https://t.co/dXaYhE9qru	Neutral
2397	RT @iamnajimul: তোমার এই দৃষ্টি যে কতটা মধুর কেউ যদি একবার না তাকায় সে কখনই বুঝতে পারবে না। ঈশ্বর যদি তোমাকে না সৃষ্টি করত তাহলে আমরা আজকে…	Neutral
2398	ইয়াঙ্গনের তিন মুসলিম বাসিন্দা তাদের অভিজ্ঞতা জানিয়েছেন বিবিসিকে	Negative
2399	____Life টা অনেকটা এরকমই.. ১ম রাস্তা ধরে হাটার পর যখন দেখে যে সে ভুল পথে হাটছে, তখন সে ২য় রাস্তা ধরে হাটে.. আর... https://t.co/WryTXNyNuC	Neutral
2400	গুম, মিন্নি, বিএনপি আর ব্রেক্সিট - সমসাময়িক ইস্যু নিয়ে বিবিসি বাংলার টেলিভিশন অনুষ্ঠান 'বিবিসি প্রবাহ'-এর ২৪৭ তম পর্বটি দেখুন এখানে... 👇👇 👇	Positive
2401	এশিয়া কাপ জয়ী বাংলাদেশ নারী ক্রিকেট দলের প্রতিক্রিয়া।	Positive
2402	বাংলাদেশের ইতিহাসে এখন পর্যন্ত সহিংসতার যেসব ঘটনা ঘটেছে, ২১শে অগাস্টের গ্রেনেড হামলার ঘটনা তার একটি	Negative
2403	আজ রাত্রে বালিশ ফেলে দাও, মাথা রাখো পরস্পরের বাহুতে,শোনো দূরে সমুদ্রের স্বর, আর ঝাউবনে স্বপ্নের মতো নিস্বন,...	Neutral
2404	বাংলাদেশ এর শ্রেষ্ঠ ১০ টি মিথ্যা কথা : : : 1. অনন্ত জলিল : অসম্ভবকে সম্ভব করা অনন্তের কাজ । কত বড় মিথ্যা কথা ।ভাই… https://t.co/Hxy45YTYk5	Negative
2405	New post on Blogger: শিশুদের ইসলামিক নাম ✪ আল-আমিন = বিশ্বস্ত ✪ ফাহিম = বুদ্ধিমান ✪ সামি = মহৎ ✪ সাদিক = সত্যবাদী... https://t.co/WbUsDgbCCg	Neutral
2406	2017 - 2018 আই এস এলে সবথেকে খারাপ টিম কোলকাতার এ টি কে ।এদের জেতার কোনো রকম ইচ্ছা নেই ।তাই পায়ে বল পেলে শুধু পেছনের ম্যনকে দেখতে পাই।	Negative
2407	আমার মতো এতো সুখী নয়ত কারোও জীবন... বাবা কেন চাকর !! এই গানটা দেখে অনকেই কেঁদেছে । আমিও কেঁদে ছিলাম । গানটি নতুন… https://t.co/TPrqxYsteX	Neutral
2408	মনে রাখবেন, আপনি কে বা আপনার কি আছে তার উপর আপনার সুখ নির্ভর করেনা, আপনার সুখ নির্ভর করে আপনি কেমন চিন্তা করেন তার উপর।	Neutral
2409	RT @Shahadat_H_T: যতদিন শরীরের চামরা টান টান আছে ততদিন কিছু লোকের কাছে দাম আছে। চামরা একটু ঢিল হবেতো দাম কমে যাবে। তওবা করে নাকি ধর্মের কা…	Neutral
2410	রাজধানী ঢাকা শহরের ০ পয়েন্ট হতে কোন জেলার দূরত্ব কত । আমরা যারা না জানি তাদের জন্য দেয়া হল। ভাল লাগলে শেয়ার করতে ভুলবেন না।।।	Neutral
2411	অবসাদ দূর করতে কিংবা শরীর-মনের প্রশান্তির জন্য আপনি কী করেন? 🧘💆💇🛀	Positive
2412	AUST in 2010 worldcup, খুব সুন্দর ছিল দিন গুলা। অনেক মজা করসি। এরকম দিন এর ১% যেন এখনকার ছাত্র রাও পায় এই দোয়া ক… https://t.co/rX3JnmRi0s	Positive
2413	পৃথিবীতে অনেক রকম খোঁটা আছে। সবচেয়ে খারাপ খোটাটা মনে হল - আপনে তো প্রেম ট্রেম কিছু করেন নাই আপনে বুঝবেন না প্রেম কি জিনিস ὡ2	Neutral
2414	ভালোবাসা আসে সুখ হয়ে, আর ফিরে যায় দুঃখ দিয়ে। যখন আসে তখন নিজেকে অনেক সুখি মনে হয়, আর যখন চলে যায়, তখন সারাটি… https://t.co/jR8degNzMM	Neutral
2415	ঢাকা শহরে প্রথম বন্ধু হইছিলো Moon , সেই ৯৭ সালে তিতুমীর কলেজে। কয়দিন পর ওর নামের আগে ড, এর পরে একটা ফোঁটা লাগায়ে… https://t.co/ilK2ftjxuf	Neutral
2416	৫০০ দোকান উচ্ছেদ, ভাঙা হয়নি আওয়ামী লীগের সাইনবোর্ড লাগানো ঘর: তেজগাঁও শিল্প এলাকার ফুটপাথ থেকে প্রায় ৫০০ দোকান... http://t.co/ETn5WcgmHp	Negative
2417	কি হচ্ছে বুঝতেছিনা।। কি সুযোগ টা হাত ছাড়া করলো।। আর ডিফেন্স এর এই অবস্থা হলে।। তবে পাভন কে না রেখে ভুল করল কোচ — w… https://t.co/oggdgwmPW8	Neutral
2418	@BCBtigers এই খবর তা পোস্ট না করলেও চলতো। মানুষ হতাশ এবং অবাক হচ্ছে এটা কোন বাংলাদেশ ? ২০১৭ এর বাংলাদেশ নাকি ২০০৪-২০১০ এর বাংলাদেশ	Negative
2419	নিযের দোষ ঢাকার জন্য বা নিযেকে ভালো প্রমান করার জন্য অন্যকে ছোট করার দরকার হয় না। এটা জানার পরেও এই একি ভুল আমরা... https://t.co/RKIFtyudJQ	Neutral
2420	এবার কি অবস্থার পরিবর্তন হবে, নাকি আগের মতোই বর্ষার পানিতে ডুববে বন্দর নগরী?	Negative
2421	ঢাকা এট্যাক দেখলাম। দেখার পর মনে হইলো যদি ভিলেন রে নায়ক এর চরিত্রে আর নায়ক কে ভিলেন এর চরিত্রে অভিনয় করাতো মুভি গুলা আরো বেশী হিট হতো।	Negative
2422	শুধু এক বার একা হয়ে দেখো পৃথিবীতে কেউ কারো নায়ὣ0ὣ0 জীবন চলার পথে সবায় অভিনয় করে কেউ থাকে সার্থের টানে কেউ বা আবে… https://t.co/OHK8oN8rAG	Negative
2423	এটম বোমা ফাটবে সব দিক দিয়েই ফাটবে। কনো মাফ নাই। মাফ তাকেই করা যায় যে ভুল করে। কিন্তু অপরাধী কে নয়। আমিও মাফ পাই নাই তুইও পাবি না	Neutral
2424	RT @hatimtai_sajeeb: মেডামঃ ধারনা এবং ভুল ধারনা পার্থক্যের একটা উদাহরণ দাও। ☺ ছাত্রঃ আপনি যে একখান মাল এটা আমাদের ধারনা ὡC আপনি যে এখন আ…	Neutral
2425	‘বাজার ইজারা নেওয়ার জন্য এত টাকা তিনি কোথায় পেলেন?’রাজারবাগ দরবার শরীফের নামে মিথ্যা ও ভিত্তিহিন সংবাদ প্রচারের প্রতিবাদ।	Positive
2426	আমি জানিনা আগামীকালবেচেঁ থাকব কিনা তবুও জেগে উঠারআশায় এলার্ম দিয়ে রাখি................ — feeling sleepy	Negative
2427	যে জীবনে সুখ আছে কিন্তু আল্লাহর ভয় নেই সেই জীবনের চেয়ে যে জীবনে আল্লাহর ভয় আছে কিন্তু সুখ নেই, এই জীবনই তো উত্ত… https://t.co/VcYBD78NMW	Neutral
2428	বিধানসভার নির্বাচনে দুই রাজ্য বড় ধাক্কা খেল নরেন্দ্র মোদি-অমিত শাহের বিজেপি। বেলা দুটো পর্যন্ত ভোট গণনার যা ইঙ্গিত, তাতে...	Positive
2429	অবতরণে ব্যর্থ হলেও ভারতীয় বিজ্ঞানীরা বলছেন, চাঁদে তাদের অভিযান ঠিকই তার সুফল বয়ে আনবে..	Positive
2430	শরীরটা আমার আসল গিনিপিগ মরে গেলে বিচার করো ভুল না ঠিক আপাতত বাঁচতে দাও যা তুমি নিতে পারো না, তা নিয়ে ভুল বিচার করো না	Neutral
2431	গত দুই বছরে অন্তত ৪৫টি খুন হয়েছে। স্থানীয় বাসিন্দাদের সাথে বৈরিতাও শুরু হয়েছে।	Negative
2432	@Dreamlook_JS সন্দেহ বহুত খারাপ না করাই ভালো ὄC টুইটার আইডি হ্যাক করা খুব সহজ বলেও মনে হয়না আর জানামতে হ্যাক করতে পারে টুইটারে এমন কেউ নেই।	Neutral
2433	আমরা নিজের টিমকে সাপোর্ট করা থেকে অন্যের সাপোর্ট করা টিমকে নিয়ে ট্রল টাই বেশি করি , আর এই রকমটা মনে হয় একমাত্র বাংলাদেশ এই হয়,,ὡ1	Neutral
2434	ঃ- জার্মান সাপোর্টার কারা? ঃ- কিছু মানুষ আছে যারা ছেলেও না আবার মেয়েও না। ঠিক তেমনি তারা এমন গ্রুপের ὡC . পোস্ট খা… https://t.co/T7BQc45NYT	Neutral
2435	ভালোবাসা ঠিক তখনই বোঝা যায়,,,,,,,,, যখন খুব কাছের মানুষটি অবহেলা করা শুরু করেὉ4 তখন বোঝা যায় সত্যি তাকে ছাড়া ভালো থাকাটা অসম্ভব Ὁ8 #নিশি	Neutral
2436	@JhumaChowdhury সুখ তোমি কি আমার ভর দেখিতে সাধ জাগে সুখ তোমি কি আমার ভর দরিতে সাধ জাগে সুখ তোমি কি আসবে আমার পাসে… https://t.co/uUNWVVNnLl	Neutral
2437	ঢাকায় যাচ্ছি। তবে ট্রেনে উঠেই ফেবু তে ঢুকে দেখলাম আমি এই ডেট এ ই ২ বছর আগে ট্রেনেই ঢাকা গিয়েছিলাম। — traveling to Dhaka, Bangladesh	Neutral
2438	🚲 🚲 🚲 এই সাইকেলের সমস্ত ফ্রেম বা পাইপ পাটের! ভবিষ্যতে এর প্যাডেল, হ্যান্ডেল সবকিছুই পাটের করা সম্ভব! 👇	Positive
2439	6 আর 9 এর উদাহরণ ব্যবহারিক প্রয়োগে সঠিক ই করতে হয় । 99 যদি 69 হয় তাহলে অঙ্ক ভুল হয়ে যাবে । সেই জ্ঞান টা থাকা দরকার ॥	Neutral
2440	সাদার্ন সমিতিও আরেকটু হলেই পালিয়ে যাচ্ছিলো, ঠিক মোহনবাগানের মতো .	Negative
2441	সত্যি । মাঝে মাঝে প্রকৃতির এত্ত সৌন্দর্য দেখলে ঠিক থাকতে পারি না । মনে হয়, প্রকৃতির সাথে মিশে একাকার হয়ে যাই । আ… https://t.co/Rdik2wEWlg	Neutral
2442	রাজনীতি করতে হলে ধৈর্য্য ও সহ্য ক্ষমতা থাকতে হবে কিন্তু ঐক্যফ্রন্টের নেতা আ স ম রব সাহেব তো গলা দিয়ে সব দখল করার… https://t.co/2DGyuhSMa4	Negative
2443	নেইমার, মেসি এবং সুয়ারেজ। Neymar : ভাই, এইয়া কি হইলো? এটা আশা করি নাই । কাপটা তোমার হাতে উঠা উচিত ছিল । তোমার জ… https://t.co/P3z8nUCtQI	Neutral
2444	মাত্র এক বছর নিষেধাজ্ঞা পাওয়ায় সাকিব আল হাসানকে ভাগ্যবান বলেই মনে করছেন ভারতের ধারাভাষ্যকার হর্ষ ভোগলে...	Negative
2445	রাত দুটো বাজলে মাতাল হতে ইচ্ছে হয় - মদের গ্লাসে ভবিষ্যৎ ভেসে ওঠে আজকাল ; শোনা যায় - ইউরোপে মদের চাষ হত বলে ওরা… https://t.co/qwBReNobpv	Neutral
2446	চিন্তা করুন চিন্তার বিষয়:• পৃথিবীর একমাত্রপ্রাণী ডলফিন যে একচোখখোলা রেখে ঘুমায়।• এর চেয়েও অদ্ভুত প্রাণী... http://t.co/8636Tkke34	Positive
2447	কিছু মানুষ শবেবরাতসহ অনেক বেদাআত কে সহি করার জন্যে আর কিছু মানুষ ২০ রাকাত তারাবী পরা যায় না এটা সহি করে আরব এর আলে… https://t.co/XW6qQisy2T	Negative
2448	আজ ২২শে মার্চ ২০১৯, শুক্রবার বিবিসি বাংলার প্রবাহ অনুষ্ঠানে যা থাকছে:  ব্রেক্সিটের জন্য ইউরোপীয় ইউনিয়ন ব্রিটিশ প্রধানমন্ত্রী টেরিজা মে-কে দুমাস সময় বেঁধে দিয়েছে, কিন্তু ব্রেক্সিট প্রশ্নে ব্রিটিশ রাজনীতিতে গভীর সংকট অব্যাহত রয়েছে। শুনবেন বিস্তারিত।  বাংলাদেশে বেসরকারি শিক্ষা প্রতিষ্ঠানের শিক্ষক-কর্মচারীরা তাদের বেতনের একটি অংশ সরকার থেকে পাওয়ার দাবিতে তৃতীয় দিনের মতো অবস্থান কর্মসূচি পালন করছেন। এসব প্রতিষ্ঠানের দায়িত্ব কেন সরকারকেই নিতে হবে?  থাকবে প্রতিবেদন। ভারতের বিজেপির একসময়ের সবচেয়ে প্রভাবশালী নেতাদের একজন লাল কৃষ্ণ আদভানির রাজনৈতিক জীবনের কি ইতি ঘটলো আজ? বাংলাদেশে অনলাইনে আর্থিক অপরাধের হার বাড়ছে।কিভাবে সাইবার অপরাধের শিকার হয়ে আর্থিকভাবে ক্ষতিগ্রস্থ হচ্ছেন সাধারণ মানুষ? এ নিয়ে থাকছে বিশেষ প্রতিবেদন। আরও থাকবে খবরের সর্বশেষ শিরোনাম  ধন্যবাদ।	Positive
2449	@Long__Beauty তার পাপ সে সাফ করবে,বুঝতে পারছি সে অন্যায় কাজ করছে । যা করছে সেটা ঠিক না । আল্লাহ বলেছেন তোমার যদি অ… https://t.co/mB24FGODxl	Neutral
2450	আধার যতই গভীর হোকনা কেন,একটু আলো পেলে সরে যায়।ঠিক তেমনি মানুষ যতই দুঃখি হোকনা কেন,একটু ভালোবাসা পেলেই সব দুঃখ ভুলে যায়। #রাজা লাভ সিজা .	Positive
2451	ভুল কে আজ দাও ছুটি, বিবাদ কে আজ দাও বিদায়। মনকে আজ শুদ্ধ কর, শত্রুকে আজ বন্ধু কর। এই সময় এই ক্ষণ পাবে তুমি কতক্ষণ… https://t.co/joQkxVkj9W	Positive
2452	বিপদের সময় আপদও আসে পিছে পিছে! সুহেল তাজ এখন যদি আবার রাজনীতিতে ফিরে আসেন তা হলে দেশের লাভ হবে কিন্তু দল দুই ভাগ… https://t.co/88bV0woarm	Neutral
2453	প্রভাসের কথা অনুযায়ী আনুশকার সঙ্গে তাঁর বন্ধুত্বের সম্পর্ক হলেও বিয়ে নিয়ে তাঁদের গুঞ্জন থেমে নেই। এর মধ্যে কাজলের এই মন্তব্যে শুরু হলো নতুন গুঞ্জন।	Positive
2454	জানিনা কেন আজও তোমার কথা মনে পড়লে দুই চোখ ভরে জল আসে। জানিনা কেন আজও তোমায় দেখলে হৃদয়টা কেঁপে উঠে। জানিনা কেন আজ… https://t.co/01ZXKwVQYV	Neutral
2455	বাহ, কেউ আমরা একটু লেইটে আইলেই খারাপ আর যারা আওয়ার ডরে কল ধরে না তারাই বালা ὠAὠA #Sorry Kawsar — at MediAid Heart C… https://t.co/9Ondxk0Baf	Neutral
2456	ফিফা র‍্যাংকিং মতে, মিশর =&gt; ৪৫ রাশিয়া =&gt; ৭০ কিন্তু ফলাফল বলে উলটা ὠA রাশিয়া ০৩ - মিশর ০১ যার র‍্যাংক দেখে দল বিবে… https://t.co/KK5u6qdP75	Neutral
2457	হে আল্লাহ ! আমাকে এ মাসের বরকতের অধিকারী কর। এর কল্যাণ অজর্নের পথ আমার জন্য সহজ করে দাও। এ মাসের কল্যাণ লাভ থেকে আ… https://t.co/HKQKlsJfM4	Positive
2458	নীরা তুমি কালের মন্দিরে.........সুনীল গঙ্গোপাধ্যায়চাঁদের নীলাভ রং, ওইখানে লেগে আছে নীরার বিষাদও এমন কিছু...	Neutral
2459	RT @AbuMolla3333: রক্তের সম্পর্ক ছাড়া, কেউ যদি তোমার জন্য কেঁদে থাকে, তবে তাঁকে ফেলে যেও না । আর যদি ফেলে যাও , তবে তা জীবনের সবচেয়ে বড়…	Neutral
2460	মোরগ জিতে গেল আদালতে। অনুমতি মিলল গলা ছেড়ে ডাকার।	Positive
2461	আমার দ্বারা কোন কাজ ঠিক মত হচ্ছে না । কেনো যেনো নিজেকে পরির্বতন করতে পারছিনা। নিজের প্রতি নিজেরই ঘৃণা হচ্ছে । — feeling I hate myself.	Negative
2462	মাটির দেহ নিয়ে কখনো করেনা বড়ই দুচোখ বন্ধ হলে দেখবে পাশে কাউ নাই, যাকে তুমি অপন ভাবো সে হবে পর,, আপন হবে নামাজ রোজা অন্ধকার কবর।ὤCὤCὤC	Neutral
2463	একবার একটা মেয়ে আত্মহত্যার জন্য উঁচু ভবনের চত্বরের ওপর দাঁড়িয়ে আছে। হঠাৎ তাঁর মনে...	Positive
2464	RT @nusratjahanjeni: ভালো লাগা আর ভালোবাসা তাই তো তোমার কাছে আসা। ভালোবাসি কথাটি বলার জন্য মনে রেখেছি অনেক আশা। পাবো কি সুযোগ আমি তো…	Neutral
2465	#আইসল্যান্ড — মোট জনসংখ্যা ৩ লাখ ৩৪ হাজার ২৫২ জন। #বাংলাদেশ — “এইচ এস সি” তে এবার মোট ফেল করা পরিক্ষার্থী ৪ লাখ ৫২ হাজার ৬৫৬ জন!!! ὡCὡCὡCὡCὡC	Neutral
2466	অবহেলায় অজস্র অভিযোগ গুলো ভালোবাসা দিয়ে চাপা দেয়া যায়। . . ক্ষত!! অবহেলায় যে ক্ষত গুলো সৃষ্টি হয়! তা কি মুছে ফেলা যায়? ^_^☺ By.FJS	Neutral
2467	মানুষের জীবনটা সত্যিই বড় অদ্ভুত। কখন যে কি হয় কেউ জানতেও পারেনা। আজকের ধনী কাল রাস্তার ভিক্ষুক হয়ে যায়। আজ যে...	Neutral
2468	RT @rashidbhn1: আমি তো মরে জাব.. মরার সঙ্গে সঙ্গে পড়ে যাবে কান্নাকাটির ভির সবাই মোরে মাটি দিতে হইবে অস্থির!! আমায় দেবে মাটি আমায় দেবে মা…	Neutral
2469	কিয় , অবৈধ বিদেশী খেদিম বুলি চৰকাৰ গঠন কৰি এতিয়া বিদেশীক মাটিও দিলে আৰু আইন এখন বনাব খুজিছে । অবশ্যে পাখি গজিছে উ… https://t.co/UTQeU6xBLy	Neutral
2470	RT @JamalAhmadi15: ἲ0বাগানের সব কলি হয়নাতো ফুল, কজন বুঝতে পারে নিজেরই ভুল, ἲ0বিচিত্রময় দুনিয়ার সুখ নিয়ে কেউ সুখি হয়, সবাই যে সুখি হবে এম…	Neutral
2471	তাওবার শর্ত ও ইহার পরিপূরক বিষয় তাওবা শব্দটি এক মহান শব্দ। এর অর্থ খুবই গভীর। এমন নয় যা অনেকেই মনে করে থাকেন, মু… https://t.co/L4Bv0ljCbC	Neutral
2472	উন্নত দেশগুলোতে কার পোলিং অনেক জনপ্রিয় হলেও বাংলাদেশে এ নিয়ে এখনও কোন কাজ হয়নি, কারাটুর মাধ্যমে দেশের যানজট... http://t.co/MSgUg3iQDg	Negative
2473	না বলা কথা গুলো আর। বলা হলনা তোকে। বার বার ভুলে যেতে ছেয়ে ও আদৌ ভুলা হলনা তোকে। সব ভুল কি আমারি ছিলো। নাকি সব ছিলো… https://t.co/MUp22oAAWJ	Neutral
2474	বর্তমান সময়ে ৯০% মানুষ অসৎ ভাবে আয় করতে করতে ভুলেই গেছে যে সৎ ভাবেও আয় করা যায় Fact ঃ Govtment Job কবে হবে ঘুষ বিহীন?????????????	Neutral
2475	RT @nusratjahanjeni: ভেঙ্গে যায় এ হৃদয় সইতে পারিনা জ্বালা কইতে পারিনা মানুষ জনম দিয়ে দিলে একি যাতনা ভালোবেসে নষ্ট হলো আমার এ জীবন সুখ…	Negative
2476	বাংলাদেশে দশ বছরে মোট ৫৩৮ জন নিখোঁজ হয়েছে। এর মধ্যে ৩০০ জন অনেক দিন পর ফিরে এসেছে এবং ১৭০জন এখনো গুম...	Negative
2477	♥♥ বাতির নিচে অন্ধকার এ কথাটি যেমন সত্য তেমনি মনের যে আলো আছে সেই আলোতে নেই কনো অন্ধকার এটাই বাস্তব যেমন মন যা চাই… https://t.co/M2yGDdKZ2q	Neutral
2478	 আজকে আপুর সাথে বিকেল ৩.৪০ থেকে কথা বলিনা #আড়ি নিয়েছি কারন আমার প্রিয় গাছটা থেকে ২ টা আপেল ছিরেছে মানা করার পর… https://t.co/bxt3vFEggp	Neutral
2479	সাগরে যেমন জোয়ার ভাটা হয় মানুশের জীবনটাই তাই খনে জোয়ার খনে ভাটা।আমার জীবনও সে রকম কখন কসট কখনও একটু সুখ তবে দূঃখটা বেশি সুখটা কম।।।।	Neutral
2480	যুক্তরাষ্ট্র, যুক্তরাজ্য, অস্ট্রেলিয়া, জার্মানিসহ অন্য দেশে যারা পড়তে যেতে চাইছেন...	Positive
2481	প্রশ্ন যেটাই হোক, উত্তর তুমি... রাস্তা যেটাই হোক, লক্ষ্য তুমি... কষ্ট যতই হোক, সুখ তুমি... তোমার সাথে যতই ঝগড়া হোক তবুও আমার ভালবাসা তুমি!	Neutral
2482	আমি ব্রাজিল ফুটবল দলের একজন অন্ধ ভক্ত। তবে অন্য দলকে ছোট বা খাটো করে দেখার মতো উন্মাদ বা পাগল নই। সত্যি বলতে কি ফুট… https://t.co/V31p4gB1BG	Neutral
2483	মেয়েদের বিরক্তি ভরা মুখ দেখতে আমার খুব মজা লাগে। খুব বেশি বিরক্ত হয়ে গেলে তখন যে মুখের একটা সেইপ বানায় অসাধারন। — feeling nostalgic	Neutral
2484	যদি তুমি চুপ থাকো, তবে তুমি বেশ। যদি রুখে দাড়াও, তাহলে তোমার চোদ্দ গোষ্ঠী হবে শেষ। | সেটাই হল আমার বাংলাদেশ | — i… https://t.co/raLhUGZ0Jr	Negative
2485	চাই না কোন এই খুচরো জমানো , আমাদের ফেলে আসা ভুল ... অজানা কত কষ্টরা যত , হয়ে অবুঝ আঙুলে আঙুল । &lt;3 &lt;3 &lt;3 #টুপ_টাপ	Neutral
2486	@Dream__Galaxy লেখাটা ১৫ সালের, দেখে অবাক হইছিল কত ভুল লেখতাম আগে, আর খুশি হইছি এই কারণে আগ থেকে কিছুটা শিক্ষিত হইছি এই টুইটারে থেকেὠ2ὠ2	Neutral
2487	আজও লিখতে পারিনি নিজের জীবনের গল্প স্মৃতিগুলো খুঁজে দেখি সুখ বড় অল্প লিখতে গেলে অশ্রু জলে ভাসে দু নয়ন দুঃখ ছাড়া সুখ পাইনি আমার এ জীবনে	Negative
2488	রায় শোনার পর আসামিরা চিৎকার চেঁচামেচি শুরু করেন। কেউ কেউ কান্নায় ভেঙে পড়েন। কেউ কেউ জানান...	Positive
2489	সন্ধ্যে বেলায় দুই হাতে দুটি কুকুর নিয়ে হাটার সুখ বেলা তুমি বুঝবে না । বেলা তুমি নাদান বুঝলে ? এ আমার চাকরী নয় ,.… https://t.co/G9CF6qidBO	Neutral
2490	@MyAnandaBazar বাংলায় এই পরিবেশ তো কিছু নতুন নয় । স্বামীর ইচ্ছার বিরুদ্ধে জীবনের শেষ দিন কটা জন্মভূমির মাটিতে কাটাতে এসে কি ভুল করলাম ?	Neutral
2491	২০০৮ এর নির্বাচনে বি এন পি জিতেসিলো ৩৩ টি সিট -তিনটি আবার খালেদার সিট -জামাত থকন আজকের চেয়ে শক্তিশালী ছিল - বি এন… https://t.co/nnnoLSWnle	Neutral
2492	বিএনপি যা কিছু করে তাই ফাঁস হয়ে যায়, ফাঁসের বেরামে ধরছে, না লওয়ান পর্যন্ত শান্তি নাই ... — feeling ঝুইলা পর শালার ঘরের শালারপোড়া	Neutral
2493	এক কালে তর লাইগা দৌড়ানি খাইতাম এক কালে তর খেলা দেইখা অনেক মজা পাইতাম এখন আর আগের মত ভাল লাগে না. 7up কেন খাইলি বই… https://t.co/NuhXQKXTsv	Neutral
2494	আমাদের অঈীকার হোক ---  রক্তের অভাবে আর একজন মানুষকেও মৃত্যুবরণ করতে দেব না  --- পৃথিবীরসবচেয়ে সুন্দর...	Positive
2495	নিশিথিনিকে দেখতে চাই! ὠD সো বুজে নেন সবাই কেমন হইছে! না দেখলে মিস করবেন! ᾑ7 মিসির আলি আমার ভাল লেগেছে! চন্নল ভাই এর… https://t.co/54TvZyPhGa	Neutral
2496	যারা গর্ব করে বলেন অামরা ঢাকা সিটি তে থাকি,ὠ2 আর এই ঢাকায় থাইকা যারা ভাব লন ! ὠ1 তাদের বলছি, যদি টাকা ইনকামের জন্য… https://t.co/4u4ZJYgQde	Neutral
2497	মিঠি মিঠি সপ্নোমে তো খোহি থি.. ὉC রেইন ইজ ব্যাড ইনডিড; স্পেশালি ইন একাডেমী (নো পিটি ফর টুডে) ✌ — listening to Teri… https://t.co/rVBFnlRj0H	Neutral
2498	অপরাধ না করেও অপরাধী http://t.co/ssdQmlNTVE	Negative
2499	সততা সবার ভিতরেই বসবাস করে না - সততা সবাই ধরে রাখতে পারে না - সততা নিয়ে বেঁচে থাকাটাও এক প্রকার যুদ্ধ ! সততা সব… https://t.co/9EWfIXO83o	Neutral
2500	আমি রাজনীতি বুঝি না । কখনো রাজনৈতিক কোন কথাও বলিনা । তবে আজ একটা কথা না বললেই নয়; বাঙালি আজও পরাধীন । এর চেয়ে বেশি কিছু বলার নেই ὣ7ὣ7ὣ7ὣ7ὣ7ὣ7	Negative
2501	# বিএনপি ভোটে আসছে: কাদের . # বিএনপি ভোটে যাবে - বিএনপির মধ্যে বালের এজেন্ট . &gt;&gt; আচ্ছা এইসব বালছালের উপরে কি শয়তা… https://t.co/jp7Ir5sxxx	Negative
2502	আপাতত ক্রিকেটের বাইরে রয়েছেন গ্লেন ম্যাক্সওয়েল।	Negative
2503	@tasnim_24 ইজরাইল বল্লে ভুল হবে বলেন আজরাইল কারন ওরা মনে করছে জা বলবে তাই হবে কিন্তু আমরা এক না যদি এক হতাম আজ এমন দিন হতোনা	Neutral
2504	ঠিক যদি সব ফিরে আসে সুখগুলো যদি পাশে বসে দিনগুলো কি আসবে ফিরে তারচেয়ে এই ভালো হৃদয় থেকে মুছে ফেলো পারবে কি থাকতে… https://t.co/qNSD2w2i96	Neutral
2505	হয়তো কিছু একটা ভুল করছি সব বুঝে ও বার বার একই কাজ করছি.. যা কে বলে লোভী.. — feeling কুরে ঘরে থেকে কোটি টাকার সপ্ন হয়ে গেল	Neutral
2506	RT @monideb099: ভালোবাসা এক অদ্বুধ মায়া যা সবাব প্রতি জন্মায় না শুধু একজনকেই সে মায়ার বাঁধনে জড়নো যায় আর সে বাঁধনটা যদি সে ছি…	Neutral
2507	এক বড় অাপুরে জিগাইলাম আপা থাকেন কই ?? অাপায় উত্তর দিলো #ঢাকা অামি :__ইয়ে মানি এর আগে কি উদাম ছিলেন ?? আপায় তো রেগে লাল	Neutral
2508	মা ! ভোর হবে কখন?এইতো বাবা আর কিছুক্ষণ পরেই মোয়াজ্জিন আজান দিবে,মোরগ ডাক দিলেই অমনিসার অন্ধকার কেটে যাবে। মা ! সকাল হবে তো ?	Neutral
2509	৩৮ বিসিএস প্রিলি যখন হলো না, তখন মন খারাপ করেছিল। এখন ৩৮ আর ৩৯ এর ডেট দেখে মনে হচ্ছে, যা হয় ভালোর জন্যেই হয় ;)	Positive
2510	খুনের হুমকি পেল মোদী , খুন হল ডক্টর কাফিল খানের ভাই। মহান ভারত মোদী কে বাঁচাতে পেরেছে । ভক্ত বাজাও তালি । — feeling sad	Neutral
2511	যারা বলে যে, ১। এত মানুষ কি ভুল করতে পারে! ২। এত মানুষ এভাবেই আমল করছে! ৩। এত বড় হুজুর এভাবেই আমল করছে! ৪। বাপ-দা… https://t.co/95BbXPwYqa	Neutral
2512	৫oo টাকা হারালে আমার যত না কষ্ট লাগে তারচেয়ে বেশি খারাপ লাগে যখন কলম হারিয়ে যায় ৷ এটা আমার ছোট বেলার অভ্যাস l... https://t.co/YfbqP5oucR	Neutral
2513	তোকে আপন করে পাবার জন্য যত kosto যত রাগ যত আভিমান সব করতে রাজি আছি কথা শুধু একটাই ভুল বুঝিছ না খুবই খারাপ লাগে... https://t.co/I2gRTzvLGN	Neutral
2514	শ্রোতার প্রশ্ন: 'বঙ্গবন্ধুকে সর্বকালের সর্বশ্রেষ্ঠ বাঙালি বলা হয় কেন?' শুনুন বিবিসি বাংলার সম্পাদকের উত্তর।	Positive
2515	RT @m_____O____u: জীবনে একটা বিকেল দরকার,যেখানে .. শুধু তুই আর আমি থাকবো তোর হাত থাকবে আমার হাতে আর আমাদের যত না বলা কথা সব থাকবে আমাদের…	Neutral
2516	RT @SKAmirUddin13: দুঃখু দিলে কষ্ট দিলে মন দিলে না বুক ভরা ভালোবাসা নেয়া তোই করলে ছলনা, ফিরে দে আমার ভালোবাসা থাকতে চাইনা আমি এখন একা ♥…	Neutral
2517	আমি বাংলার গান গাই আমি বাংলার গান গাই আমি বি এন পির গান গাই আমি খালেদার গান গাই আমি জিয়ার গান গাই জয় বাংলা জয় বিএনপি	Positive
2518	যেভাবে ঘরের ছাদ হয়ে গেল মৌমাছির বাসা আর মধু এল প্রায় ৫০ কেজি!	Positive
2519	পর্ন জগৎ ছেড়ে বলিউডে-হলিউডে!: সানি লিওন ছাড়াও এমন বেশ কিছু বড় অভিনেতা আছেন যারা আগে পর্ন স্টার ছিলেন, পরে মেইন...	Neutral
2520	@ProthomAlo বিকজ তার উপর তাবিজ করা হয়েছে,,, একজন ভালো ওঝা ডেকে তাকে আসরমুক্ত করা হলে শুধু ৫০ নয় তার ৫ গুলোও ১০০ হবে ὡBὡBὡB	Neutral
2521	চীন ও যুক্তরাষ্ট্রের ছায়াযুদ্ধের নতুন কেন্দ্র হয়ে উঠছে হংকং। কীভাবে সামাল দেবে চীন?	Negative
2522	RT @NoorSalek: মানুষকে সাহায্য করুন , যতটা আপনার পক্ষে সম্ভব । হয়তো এই অল্প সাহায্যের ফল হিসেবে আপনি এমন কিছু পাবেন যা কখনো আপনি চিন্তাই ক…	Positive
2523	RT @RahmanPhd: জেগে উঠো বাংলাদেশ , হাসিনা তোর দিন শেষ , ৩০ লক্ষ্য শহীদের জীবনের বিনিময়ে যে স্বাধীনতা অর্জিত হয়েছে তা রক্ষা করতে যদি কয়েক…	Negative
2524	RT @Seneha_: ὂ6নির্বাচন ২০১৮ মনোনয়ন পত্রঃ আওয়ামীলীগ - ২৮১ টি বিএনপি - ৬৯৬ টি জাতীয় পার্টি - ২৩৩ টি স্বতন্ত্র- ৪৯৮ টি অন্যান্য দল -…	Neutral
2525	বাংলাদেশ দলের মোট রান ৪৩ :( আর্জেন্টিনাও হেরেছে ৪-৩ গোলে। রান বলি আর গোল সংখ্যা বলি যোগফল কিন্তু সেই সাত ই। সেভেন আপ আমাদের ছাড়ছেই না :(	Neutral
2526	আবেগ থাকা ভালো তাই বলে এতো আবেগ...? চোখের পানির মূল্য কে দিবে তোদের! এ কান্না যদি তোরা মহান আল্লাহ্র জন্য হতো! তা হলে বুঝতাম তোরা মানুষ -	Neutral
2527	মানুষের জীবনে একেকটা দিন একেক রকম হয়ে আসে। কোনো কোনো দিনে মন খারাপ হবার মত ব্যাপার ঘটলেও মন খারাপ হয় না বরং ভালো… https://t.co/dACCosznCn	Neutral
2528	শুধু মাত্র মমতা দিদি ভোটের রাজনীতি করেন দয়া করে দেশের জন্য একটু রাজনীতি করুন দিদি। দেশ তো সবার । দেশ বাঁচলে তবে তো দেশের রাজনীতি।	Negative
2529	কথা গুলো বলতাম না, FB তে ঢুকলেই 7up আর 3pc তাই বলতেই হচ্ছে... আরে ভাই, এটা তো সত্য #আর্জেন্টিনা মাত্র ২ বার কাপ নি… https://t.co/SHxDK7EQXb	Neutral
2530	বিবাহিত পুরুষের সাথে কখনও খারাপ ব্যবহার করবেন না। কারন তারা সব সময় অশান্তিতে থাকে। But m not — watching 13 reasons why season 2	Neutral
2531	:: ঈশ্বরদীর আজকের টপ অফ দা নিউজ :: :: পৌর মেয়র জামাই মিন্টুর ডান হাত প্যানেল মেয়র শিমুল অনৈতিক কাজে হাতে নাতে আ… https://t.co/lEB5vIx9pv	Neutral
2532	@Dream__Galaxy তুমিও আছো এই দলে!! বাহ.. ভুল থেকে যদি হয় মজার কিছু তাহলে হোক ভুল বারবার!!ὡCὡC আজকেও কুকারে ভাত বসিয়ে দিয়ে সুইচ দিও নাὠ1ὠ1	Neutral
2533	এক জীবনে এপিটাফ রচনা ছাড়া মানুষের আদতে তেমন কোনো কাজ নেই। গর্ব করার মত এপিটাফ লিখে গেলেন আপনি সৈয়দ আশরাফ, বাংলাদেশ আপনাকে মনে রাখবে।	Positive
2534	ভালোবাসা অর্জন করা সম্মান অর্জন করার চেয়ে সহজতর। তাই হয়তো ভালোবাসা চলে গেলেও সম্মান থাকে, কিন্তু সম্মান চলে গেলে আর ভালোবাসা থাকে না। ὡ1	Neutral
2535	Mukhe Ak mone Ak ὠ1ὠ1ὠ1ὠ1ὠ1ὠ1ὠ1 ১. আমি ঠিক আছি: এ কথার প্রকৃত অর্থ কিন্তু আমি একেবারেই ঠিক নেই। ২. আরে, তুমি বন্ধুদের সঙ্… https://t.co/LKgBZgUHfQ	Neutral
2536	শিক্ষার শেষ নেই। শিক্ষা শেয়ারে আরো শানিত হয়। বয়স যখন ২০ বা তার কম তখন শুধুই নিজেকে ছাত্র মনে করুন, ভাল ছাত্র হ… https://t.co/ZYnOMGXPTz	Positive
2537	খারাপ কোন উদ্যেগ নিয়ে সবার মতামত নিতে যাবেন হাম টিক আছে বাপের ছেলের মতো কাজ।আর একটা ভালো উদ্যেগ নিয়ে যান বলবে যে কাজটা তুই ভুল করছিস।	Negative
2538	না পারলে সাউথ আফ্রিকা গেলি কেন ভাই। ভুল থেকে শিখছি বলে খেলতে নামে। ডেইলী সেই একই ভুল করে। বয়কট তো ঠিকই বলছিল, দেশের বাইরে আমরা এইরকমই।	Negative
2539	গফরগাঁওয়ে পৌর কর্মচারী পরিষদের মানববন্ধ, থানা ঘেরাও: http://t.co/htbJ7HbbVd	Negative
2540	আলো টেলিফিল্মটা দেখলাম। মাঝেমধ্যে পর্যাপ্ত পরিমাণে প্লট-হোল থাকলেও এন্ডিংটা অস্থির। রিকমেন্ডেড।	Positive
2541	Ὁ5Ὁ5Ὁ5 যতই দূরে হারিয়ে যাও , আমি তোমাকে খুঁজে বের করবোই । যতই পর ভাবো আমায় , আমি তোমাকে আপন করে নেবো । যতই ঘৃণা কর আ… https://t.co/e9jxRKUgoM	Neutral
2542	@basherkella সালার এই হালাদের আর হারামি দের জন্য দেশ টা নষ্ট হয়ে গেলো পাগল সাগল টায় দেশ টা ভরে গেছে ,আজব গুঁজব ক… https://t.co/m8WrKawenx	Negative
2543	অনেকেই বলে কেউ আইনের উর্ধ্বে নয় তা হলে অবৈধ ভাবে বিনা ভোটে কি ভাবে প্রধানমন্ত্রী হয় ?? রাজাকার সুদু এক দলে নিরপেক্ষ আইনে কয়	Negative
2544	খারাপ আমি হতে চাই না তবে কেন খারাপ ছারে না আমায়, প্যারা আমি খাইতে চাইনা তবু কেন আমার আত্তা খালি প্যারা খায় !! ὣ7 ( LUCIFER ) ὣ7	Negative
2545	এই শুদ্ধি অভিযান শুধু আওয়ামী লীগের লোকের বিরুদ্ধে নয়...	Positive
2546	RT @Murasi_9: চিকিৎসার খরচ বা হাসপাতালের বিল পরিশোধে অক্ষম কোনো রোগীর লাশ আটকে রাখা যাবে না বলে রায় দিয়েছে হাই কোর্ট #Bangladesh good de…	Neutral
2547	ছিলেন খুলনা । হঠাত দলে ডাক ! সেখান থেকে ঢাকা , ঢাকা থেকে দুবাই , দুবাই থেকে আবুধাবী ! ভেঙ্গে ভেঙ্গে দলের সাথে যোগ… https://t.co/3jcgjSiOA0	Neutral
2548	১২৮ জিবি রোম ৬ জিবি রেম... এর চেয়ে বেশি কিছু তো আমার লাগেনা! ভালোই তো, কী বলেন? :-) আমাদের তো খুবই ভালো লাগতেসে!… https://t.co/T2gKUI2KDp	Neutral
2549	অপরাধী কে অপমান করতে চান ? গালি বা বকা দিয়ে নয়। শিক্ষার ভাষা দিয়ে অপমান করুন। অপরাধী মূর্খ না হলে ভুল শিকার করবে… https://t.co/pr0F9zpBTB	Neutral
2550	বিবিসি বাংলার সরেজমিন: সেনাবাহিনীর সঙ্গে 'গোলাগুলিতে' ইউপিডিএফের তিন জন নিহত হবার পর পার্বত্য অঞ্চলে কী পরিস্থিতি বিরাজ করছে?	Negative
2551	সব মানুষের মধ্যে কিছু না কিছু ভাল গুন থাকে। শুধু খারাপ গুন গুলো না খুঁজে ভাল গুনটাও খুঁজলে সমাজে সবাই ভাল গুনটাও নিজের মধ্যে নিতে শিখবে।	Positive
2552	শয়তানের উপসনাকারীরা কি মানব বলি দেয়? তারা কি রক্তপান করে? ব্ল্যাক ম্যাস বা কালো পোশাকে সমাবেশ করে? তাহলে তাদের বিশ্বাসটা কী? 🤔🤔🤔	Positive
2553	RT @_bdLevis: যত দূরেই থাকি মেনে সুখ অার দু:খ, হৃদয়পটে জেগে থাকে তাঁর হাসি মুখ। অজানার পথে চলতে আসে যখন ক্লান্তি মুঠোফোেন কথা বলে পাই মনে…	Neutral
2554	RT @MdFarukMunshi2: মধ্য রাতে যদি হঠাৎ করে বলি, অনুপমা একটি কবিতা শুনাও। তুমি ঘুম চোখে তাকিয়ে আবার ঘুমিয়ে যেও না, বিরক্ত হয়ে বিছানার ওপা…	Neutral
2555	রিকশাওয়ালা কে মারধর করা ওই মহিলাটি এখন টেবিল টেনিস বলের মত হয়ে গেছে! একদিকে আওয়ামীলীগ বলতেছে তুই নে অন্যদিকে বিএনপি বলতেছে তুই নে। ὠ2ὠ2	Neutral
2556	সৌদি সাংবাদিক জামাল খাসোগজিকে হত্যার জন্য কথিত ঘাতক দল আগেই ইস্তাম্বুলের সৌদি কনস্যুলেটে অপেক্ষা করছিল...	Negative
2557	২৫ জানুয়ারি, শুক্রবারের প্রবাহে যা যা শুনবেন: -ভেনেজুয়েলার বর্তমান রাজনৈতিক সঙ্কট খুব দ্রুত নিয়ন্ত্রণের বাইরে চলে যেতে পারে বলে সতর্ক করে দিয়েছেন জাতিসংঘের মানবাধিকার বিষয়ক কমিশনার। নাক না গলানোর জন্য আমেরিকাকে সতর্ক করেছে রাশিয়া। -সন্ধ্যায় রেডিও-টিভিতে জাতির উদ্দেশ্যে ভাষণ দেবেন প্রধানমন্ত্রী শেখ হাসিনা। বিতর্কিত নির্বাচনের পর এই প্রথম তার এ ধরণের ভাষণ। - মিয়ানমারে মানবাধিকার বিষয়ে জাতিসংঘের বিশেষ দূত ইয়াংগি লি বাংলাদেশের ভাসানচর দ্বীপে তাড়াহুড়ো করে রোহিঙ্গাদের স্থানান্তর না করার আহবান জানিয়েছেন। রোহিঙ্গাদের সরাসরি ওই দ্বীপটিতে গিয়ে পরিদর্শনের সুযোগ দেয়ার কথা বলেছেন তিনি। -বাংলাদেশে বেওয়ারিশ মৃতদেহ নিয়ে একটি বিশেষ প্রতিবেদন সাথে থাকবে খবরের সর্বশেষ শিরোনাম।	Positive
2558	একটি লোককে যদি আপনি একবার কলুষিত করে দেন, সে আর সমাজে থাকতে পারে না। এতে করে দেখা যাক, অনেকসময় ঐ লোক খারাপ কাজে জ… https://t.co/Fr3kKYIw07	Neutral
2559	‘জাতিসংঘ ঘোষিত বিশ্ব স্বাক্ষরতা দিবস ৮ই সেপ্টেম্বর। আপনার প্রাথমিক বিদ্যালয়ের অনেক স্মৃতি নিশ্চয়ই এখনো মনে আছে? আপনি যে বিদ্যালয়ে পড়েছেন সেটির বর্তমান অবস্থা কী?   বিদ্যালয়ের ছবি/ভিডিও পাঠিয়ে দিন বিবিসি বাংলার ফেসবুক মেসেঞ্জারে। সাথে লিখে পাঠান নিজের নাম-ঠিকানা, ছবি তোলার স্থান, ফোন নম্বর এবং ই-মেইল অ্যাড্রেস। বাছাইকৃত কয়েকটি ছবি/ভিডিও প্রচার করা হবে বিবিসি বাংলার টেলিভিশন অনুষ্ঠান বিবিসি প্রবাহে আগামীকাল ৯ সেপ্টেম্বর , সোমবার রাত ৯টা ৩৫ মিনিটে চ্যানেল আইতে।  ছবি: gettyimage	Positive
2560	তুমি যাহাকে চোউমিন ভাবো তাহাকে আমি নুডুলস বলি... মধ্যে মধ্যে তিরস্কার করিয়া লুডুস ও বলি...	Neutral
2561	অনেক দিন চোখে জল আসে না, মন খারাপ হলে নিরব হয়ে সমাধান খুঁজি। আচ্ছা, এমন নয়তো যে আমি কাঁদতেই ভুলে গেছি ὡE? — feeling alone	Neutral
2562	RT @_bdLevis: ৮-৯ টা ছেলের সাথে প্রেম করলেই একটা মেয়েকে খারাপ বলা যাবে না।।আসলে মেয়েটার মন বড়... যার কারনে যেই প্রোপোজ করে তাকে কষ্ট না…	Neutral
2563	অপরাধ যেটা তুমি করেছিলে, সেটা অন্যকে করতে দেখলে যখন তুমি যখন অবাক হও, তখন আমি সবচেয়ে বেশী অবাক হই। পাপী কে নয়, পাপকে ঘৃণা কর	Positive
2564	খেলা তো মাত্র শুরু হল.. brazil এর আসল চমক তো এখনো বাকি... . . হ্যাঁ হ্যাঁ মাত্র তো 1 টা গোল খাইসে, শীঘ্রই তারা uppe… https://t.co/hROBBDAZEZ	Neutral
2565	আমার বান্ধবীর কাছে একটা ঘটনা শুনছিলাম।  ঘটনার গভীরতা শুনে ও ঘটনারর মোড় দেখে বলে উঠলাম, WTF! o.Oপরে, দেখি ঘটনায়...	Negative
2566	@hatem4067 এই মানুষ গুলো সব কাজই করতে পারে নামাজ পড়ে আবার সুযোগ পেলে খারাপ কাজও করে...ভালো মন্দ যাচাই করেনা নিজের সুবিধা মত সব পারে তারা..	Neutral
2567	আজকাল কেউ কারো ভুল সংশোধন করতে চায় না। আরো ওই ভুল দ্বারা তাকে কতটা ছোট করা যায় তা নিয়েই ব্যস্ত কি জানি, এ কেমন শিক্ষা?	Negative
2568	৫ ফুট বাই ১২ ফুট এক রুমে বাবা, মা, বিবাহযোগ্য মেয়ে, ৩ ভাই মিলে থাকা । একটি লাইট, একটি ফ্যান, ২ টা চৌকি, টয়লেট শে… https://t.co/a72COS3n20	Neutral
2569	RT @Shukhon1: কেউ একজন ইংরেজিটা ভালো জানে মানে সে সবকিছুতেই অন্যদের চেয়ে ভালো এই ধারনাটা একদম ভুল :) !! তবে একাধিক ভাষা জানা থাকা ভালো !!	Neutral
2570	পৃথিবীতে কিছু মানুষ আছে তাদের ভাগ্যটাই খারাপ হয়। তারা যা চায় তা কখনো পায় না আর যা চায় না তাই পায়। আর এটা তাদের… https://t.co/nM1npnxUJ9	Negative
2571	বাংলাদেশ থেকে এইচ টি ঈমাম এর সাইবার ওয়ার ঘোষনা হবার পর পর ই সুদূর যুক্তরাষ্ট্র হতে ব্রোকেন পিডিএফ মিশাইল নিক্ষেপ করলেন এস কে সিনহা....	Neutral
2572	নতুন কোচের আগমন ও প্লেয়ারদের অনুপস্থিতি নিয়ে বিসিবি সভাপতির বক্তব্য	Positive
2573	স্বার্থ ছাড়া কেউ তোমার খবর নেবে না। হওক সে তোমার খুব কাছের কেও বা তোমার আপন রক্ত। তবে এটা সত্য যে কেবল তোমার আপন জ… https://t.co/iztuLvpEoX	Neutral
2574	আজ ৪ঠা জানুয়ারি, ২০১৯ ... আপনারা শুনছেন বিবিসি বাংলার প্রবাহ অনুষ্ঠান। তবে যান্ত্রিক সমস্যার কারণে প্রথম দিকে বেশ কয়েক মিনিট প্রবাহ ফেসবুকে প্রচার করা সম্ভব না হওয়ায় আমরা দুঃখিত। আমাদের সঙ্গে থাকার জন্য আপনাদের ধন্যবাদ।	Positive
2575	কোন দিকই তো হলো না, আচ্ছা মানুষ ভালো থাকতে চাইলে তো তার একটা দিক থাকা দরকার যা দিয়ে নিজেকে সুখী ভাববে। জীবনে কিছু… https://t.co/YZh0guGUwB	Neutral
2576	@ProthomAlo সবচেয়ে বড় অসহায় ঐ লোক যার স্তী নাই । সবচেয়ে বড় অসহায় ঐ নারী যার স্বামি নাই । হে যুবক তাড়াতাড়ি বিবাহ করে লাইফ উপভোগ করো ।	Neutral
2577	এটা কি রাষ্ট্র না অন্য কিছু। আরে এটাতো কোন সৈরশাসকের দেশেও হয় নাই??? যখন বিনা ভোটেই ১৫৪ টা আসন থেকে এমপি হয়, যখন… https://t.co/88zCoXvhdp	Negative
2578	মাঝে মাঝে ভালোবাসা শব্দ টা কে ঘৃনা করতে ইচ্ছা করে এই ভালোবাসার কারণে হাজার ও মানুষের মনের মৃত্যু ঘঠেছে। . _____ — feeling emotional	Negative
2579	 একজন মূর্খ ল‌োক যত ভাল প‌োশাক‌েই সজ্জিত হ‌োক না ক‌েন , যখন স‌ে মুখ খুলব‌ে তখন তার মূর্খতা প্রকাশ পাব‌েই ।  -কুড়িয়ে পাওয়া!	Neutral
2580	কেউ যদি বলে তার খারাপ হওয়ার মূলে আমিই একমাএ দায়ী ব্যক্তি তবে আমার কি বলা বা কারার থাকতে পারে উওরটা খুজেই পাচ্ছি না। — feeling confused	Neutral
2581	আজকে যদি বাংলাদেশ জিতে যায় আর পাকিস্তান হেরে যায়, তাহলেতো পুরাই ঈদের দিন। , , , , , , , , , , কিন্তু এমনটা হবে না ὃ8	Neutral
2582	RT @touch_mh: সরকারের লেজ কুকুরের লেজের চাইতেও বাঁকা হয়ে গেছে। এটা নাগরিক আন্দোলন এখানে বাঁকা হয়ে থেকে লাভ নেই, বরং হিতে বিপীরত হবে, পরে…	Neutral
2583	মানুষকে সবসময় কিছু না কিছু মিস করতে হয়কোনো কিছু মিস করাতে ও এক ধরনের আনন্দ আছে।______ হুমায়ূন আহমেদ#রূপা	Positive
2584	রাতের আকাশ তুমি কি জেগে আছো? এখনো কি পেঁচার ডানা ছুঁয়ে চমকে ওঠো? এখনো কি রাতের কাক অবাক করে ডেকে ওঠে? দূরের ট্রেনে… https://t.co/RpQJj8kDbM	Neutral
2585	একটা স্মার্ট ফোন ὏1 এ ৪৫% ভ্যাট, ὤ8ὤ9 ডিজিটাল বাংলাদেশ এর কথা বলে, ☺☺ একটা ফোন এ এত ভ্যাট কিভাবে রাখে, এই সরকার ???… https://t.co/qAu6MUtgz9	Negative
2586	কার লীলা কে দেখায়, বর্তমান প্রেক্ষাপটে এই সামান্য মজা করা যায় তো ..? জনগণ : তুই কিরে ...? তোর কি লাজ লজ্যা নাই.… https://t.co/Za72USxVn0	Neutral
2587	'ব্রিটিশ পুলিশ বলছে, ঘটনার শিকার ওই ব্যক্তিরা কোন দেশের, সেটা তারা এখনো শনাক্ত করতে পারেনি। এসেক্সে পুলিশ বলছে, তারা আইটিভির...	Negative
2588	পেঁয়াজ খাবেন, ডিম নাকি আপেল?	Positive
2589	আমার অন্তরটা কাঁদে কিন্তু চোখ কাঁদে না, কষ্টে হৃদয়টা ফেটে চৌচির হলেও, মুখের হাসি বন্ধ হয় না। সুখী মানুষরা বুঝি এমনি হয়।- নিঃসঙ্গ পথিক	Neutral
2590	দক্ষিণ আফ্রিকার ইস্টার্ন কেপ প্রদেশের এক ছেলে লুবাবালো গিবসনের স্বপ্ন একদিন সে পেশাদার ঘোড়দৌড় সওয়ারী হবে....	Positive
2591	ট্রাম্পের সাথে বৈঠকে বসার আগে নিষেধাজ্ঞা তুলতে হবে: ইরানী প্রেসিডেন্ট হাসান রুহানি	Positive
2592	বিরোধীদলীয় নেতারা গিয়েছিলেন কাশ্মীরের পরিস্থিতি সরেজমিনে দেখতে। তারপর...	Negative
2593	তোমাদের এই নগরের সুখী বাতাসে ফুলের গন্ধ আর প্রেম ভেসে আসে। ফুল আর প্রেম নিতে এসেছিল যারা ধুলি হয়ে উড়ে গেছে শেষ রাতে তারা !	Neutral
2594	এবার সংসদেও ঘুমালেন সমাজকল্যাণমন্ত্রী আলী | News Agency 24	Neutral
2595	তজু-মজুর কাথন তজু -- মজুরে জিগায় মামু, কন চাইন দেহি কর্ম জীবন থাইক্কা অবসর হইলে কি করণ যায় ? মজু কয় -- ভাইগ্না কেনো রাজনীতি করুম।	Neutral
2596	যদি কখনো মন চায় ফিরে আসতে একটু ও দিদা বোধ না করে চলে এসো কথা দিলাম ভালোবাসা কমবে না বরং আমার চেও যদি কেও কোনো দি… https://t.co/A397XN3iyN	Neutral
2597	রিয়াল মাদ্রিদ ছাড়বেন রোনালদোও! http:/t.co/SreyAOCvLP	Negative
2598	দুইবোন হাঁসি ও খুশিὠ2। একদিন রাতে হাঁসির জামাই❤ ভুল করে খুশির উপর হামলা করেὣ2, খুশি বলে আমি খুশি,ὢC দুলাভাই বলে তুমিও খুশি আমিও খুশি ὠ2	Neutral
2599	উর্বর কিন্তু অনুন্নত এই বিস্তৃত এলাকাটির নিয়ন্ত্রণ নিয়ে যেকারণে ইসরায়েল এবং ফিলিস্তিন দু'পক্ষেরই এত আগ্রহ	Negative
2600	আজ দুই বছর প কোরআন নিয়ে বসলাম সব ঠিক আছে শুধু মাঝে মাঝে একটু টান ভুল হচ্ছে আমার লিষ্টে কেউ কি আছেন যে আমার ভুল.… https://t.co/B2GolDQQ16	Neutral
2601	@karimbenezema  না দিতে দেখছি ।কিক ছবির মধ্যে কিক এর পরে সাল্লুর মুখ যেমন দেখায় ওনার মুখ টাও অমন দেখাইচে	Neutral
2602	RT @HotSonai: যে যে আমাকে ভিডিও কল করে ফোন সেক্স করে মজা নিচ্ছ প্রমিস করছি আমি যতদিন বেঁচে আছি তত দিন যেখানে যত মজা নিতে চাইবে তত মজা দেব…	Negative
2603	সুখী হবেন না। আমি সত্যিই মানুষকে ক্ষমা করি না, আমি ঠিক ঠিক মত ভান করি এবং আমার পালা তাদের ধ্বংস করার জন্য অপেক্ষা করি। #BadBoy_Attitudeὠ1ὠ1ὠ9ὠ9	Neutral
2604	গান বাজনা হারাম নয় যে হারামি সে হারাম কয়! গান বাজনা দুই ধরনে কয় একটি ভালো একটি খারাপ হয়। ὄDউদ্দীপকে কি যুক্তি আছে জানতে চাই	Neutral
2605	বুকের বা পাশে যন্ত্রণা হয় বিশেষ কারো জন্য জানিনা সে কোন জনা; মনের গহিনে থাকে সে দেখা যায় না মুখ খানা । . অনুভ… https://t.co/6ONqVC2wrO	Neutral
2606	ঢাকা শহরের লোকাল বাস এবং নসিমন ড্রাইভারদের কোন ধৈর্য নাই । ধৈর্য না থাকার কারণে এরা একেকজন ঘাতক হয়ে গেছে । আর এই… https://t.co/Hc3oXbBo7w	Negative
2607	একটু পর রাত ১১ টা ২০ এ শুরু হচ্ছে যাহা বলিব সত্য বলিব এবিসি রেডিও এফ এম ৮৯.২ এ।	Neutral
2608	এখন বুঝতে পারছি হ্যাপি কেন রুবেল কে ছাড়তে চায়নি সবাই আউট হয়ে যায় কিন্তু রুবেল কে আউট করতে পারে নি কেউ ὡB ὠ2 তাই… https://t.co/Dnd2iPl4gf	Neutral
2609	একটা অনুরধ করি আপনাদের। ভুল করেও কাওকে ফান করে এমন কথা বলবেন না যাতে করে সে আপনার কথা বুঝতে না পেরে অনেক কষ্ট... https://t.co/uINg81bEqM	Neutral
2610	আমার মনে হয় এর চেয়ে বড় শয়তান আর একটাও বাংলাদেশ এ নাই? কি পরিমান আলেম জুমহুর বিদ্বেষ হলে মানুষ এই ভাবে কথা বলে?… https://t.co/DGKWIe16y1	Negative
2611	চাঁদের নীলাভ রং, ওইখানে লেগে আছে নীরার বিষাদও এমন কিছু নয়, ফুঁ দিলেই চাঁদ উড়ে যাবে	Neutral
2612	ওয়াও,... http://t.co/fVvqKWqy5I	Positive
2613	@ProthomAlo জাতির বিবেক কী ধ্বংস হয়ে গেছে? যে বিয়ের আগে এমন হতে পারে বিয়ের পর সে আরো নরপিচাশ হবে না তার কি নিশ্চয়তা রয়েছে?	Negative
2614	একটা সময় ছিল যখন নিশ্বাস নেয়া আর ক্রিকেট ফলো করা আমার কাছে এক জিনিস ছিল। হেন খেলা নাই যেটা দেখতাম না। আর খেলার কৌ… https://t.co/tVccsqzyYw	Neutral
2615	তোর সুরে ঘায়েল হল আমার এই মন তাই হাসিতে চোট লেগেছে উপায় কি এখন এই আঘাতে মারার আগে খোদা কিছু কর ভয়ে দেখো মনে মনে… https://t.co/pW7n3cyCh7	Neutral
2616	বাইকের প্রথম দুর্ঘঠনা, আমি  অক্ষত ও বলিস্ট আছি তবে বাইক সামান্য আহত হয়েছে তবে হাসপাতালে  নেবার মত নয়, একটু তুতু... http://t.co/B78TISMmUn	Negative
2617	অভ্যাস টা খারাপ নাহ,,, রাত ৮ টায় ঘুমাও রাত ১ টার পরে সজাগ হও পরে? নো ঘুম এম্নে এম্নেই রাত শেষ গুড মর্নিং ὄFὄFὄF	Neutral
2618	মুক্তমনা মানুষ অধিকাংশই নিজেকে মানবতাবাদী বলে দাবি করে । এটা সত্য যে মানবতা হীনে মানুষ পাইনা মানুষের পরিচয় । কেও... http://t.co/D8hHBa8lSz	Neutral
2619	@Nusrat_S_396 আমি করিনা। যাচাই না করে ফাল মারিনা। কারণ যাকে আপনি বিশ্বাস করতেছেন সে না ঠকালেও তার যে ভুল হবেনা এটার কোনো নিশ্চয়তা নাই।	Neutral
2620	RT @hoque_ansar: তাসলিমা নাছরিন কে বলছি ফিরে আস ইসলামের পথে তুমি কি জান দেশি- বিদেশি সবাই তোমাকে ভোগ করেছে এবং অনেককে তুমিও ভোগ করেছ, বস…	Neutral
2621	এবার একটু ক্রিকেট দেখুন ἼF ὠD আজকের খেলা: ἼF টেষ্ট ম্যাচ ἟1἟0 শ্রীলঙ্কা ἙA দক্ষিণ আফ্রিকা ἟F἞6 ⏰ সকাল ১০: ৩০ মি: ἼF ও… https://t.co/k5hsRSnHHX	Neutral
2622	কিছু মানুষ পান থেকে চুন খসলেই মিথ্যা কথা বলেন। আবার আরো কিছু মানুষ নিজের স্বার্থ ত্যাগ করে হলেও সত্যটাই বলেন।... http:/t.co/8NYjPyuUNs	Neutral
2623	--পৃথিবী একটা নিষ্ঠুর চক্রে ঘূর্নায়মান, :( আর সেই চক্রটা না ধরতেই পারাই ব্যর্থতা. সেই চক্র না ধরতে পারা মানে মানুষ চিনতে ভুল করা. :(	Neutral
2624	২০০৮ সালের অর্থনৈতিক সঙ্কটের সময় ডাচ শহর অ্যামস্টারডামের কর্তৃপক্ষ মানুষকে নিজের ঘরবাড়ি নিজেই তৈরির করতে উৎসাহ দেয়া শুরু করে। সেই উদ্যোগ কতখানি সফল হয়েছে?	Positive
2625	আকাঙ্খা আর হতাশায় জীবন কাটানোর কোন মানেই হয় না। যা পায়নি তা পায়নি...... তা পাওয়া গেলেই যে সুখী হওয়া যেতো এর কি কোন গেরান্টি আছে? :/	Positive
2626	চোখের সামনে প্রাক্তন অন্যের হাত ধরে চলে গেলে যতোটা না খারাপ লাগে, আসতে যাইতে দু ঘন্টা জ্যামে পরলে তার চাইতে সুখের জীবন আর আছে কি ὢ0ὃ8ὃ8	Negative
2627	এখন 1 গোলে পিছিয়ে পরা আর 2 গোলে পিছিয়ে পরা একই..! ᾑ5ᾑ4 তাই... তাহলে 1টা শোধ দিলেই হিসেব সমান ὤ4ὠF এরম কমেন্ট্রি বেশ ম… https://t.co/hqKvXlAqtw	Neutral
2628	প্রিয় নীলান্তিকা , আমার ভালোবাসা পাওয়ার জন্যে- শুধু আমাকে প্রাণভরে ভালবাসলেই চলবে ... ὠD পারবে তো ভালোবাসতে ? শুধুই আমাকে ... ὠE - ইতি :)	Neutral
2629	@Tanvir775 ধন্যবাদ ভাই অনেক ধন্যবাদ,,, দোয়া করি আপনিও ভালো থাকেন সারাজীবন	Positive
2630	RT @bub8g: এক তর্পা বিচার করে কাউকে দোষি করা যায় না, কোনটা ভুল আর কোনটা সটিক যাচাই করে বিচার কর, তাহলেই দরতে পাবি কে কতটা…	Neutral
2631	কেউ যদি আমার পিছে লাগতে এলে তাকে আমি কিছুই বলি না , বাহ কি মজা !!!! ধন্যবাদ স্পেশাল সেই বড় ভাই , যার কারনে আমার... https://t.co/unTCFrWLl3	Neutral
2632	-- আঁখি, প্লিজ আমার কথাটা শোনো.. . -- তোমার সাথে আমার কোন কথা নেই... . -- আর ভুল হবেনা,বললাম তো... . -- নাহ, আমি তো… https://t.co/PlRKCwiXTk	Neutral
2633	ফাটা ফাটি খবর: ফাস হয়ে গেল আওয়ামী লিগের কু কর্ম ৷ এরা নাকি নারীদের অধিকার রক্ষা করবে ৷ আজ এই অবৈধ সরকারের আমলে সব… https://t.co/tz9aKnxh0x	Negative
2634	বি এন পি আমাকে অসংখ্য অনলাইন গ্রুপের উপদেষ্টা করেছে । ১ । বাংলাদেশ জাতীয়াবাদী লেখক দল গ্রুপের উপদেষ্টা । ২ । বি এন… https://t.co/YT9YzIQ3Zb	Neutral
2635	পুরোনো দিনের চিরকুট জুড়ে তোমার কত লেখা অযথা ভাষায় এমনি বলা কত যে কি কথা অযথা হয়ে গেছো তুমি অযথা হয়ে গেছি অামি… https://t.co/KEwEs74Tai	Neutral
2636	হে মানবজাতি! স্বরন করে দেখ আজ আমরা আমাদের অনেকের প্রিয় ব্যাক্তিদেরকে নিয়ে কত কামনা বাসনা ও উত্তেজনায় লিপ্ত হয়ে... http://t.co/D3uvjlD4kA	Positive
2637	ভুল বুঝা কোনো কঠিন কাজ নয়, কিন্তু ভুলের আড়ালে লুকিয়ে থাকা সত্যিটাকে খুজে বের করাটা খুব কঠিন কাজ। সেইটা সবাই পারে না। — feeling emotional	Neutral
2638	আমার কাজ শুধু মহান আল্লাহ্ পাকের পক্ষ থেকে তাঁর দ্বীন প্রচার করা ও তাঁর বার্তা পৌঁছে দেওয়া। -পবিত্র সূরা আল জ্বিন: ৭২, আয়াত: ২৩।	Neutral
2639	যদি তোমার ছয় ডিজিটের স্যালারী হয় তবে তুমি বেশ ! যদি তুমি লোকাল বাসে জানালার পাশের সিটটা পেয়ে খুশি হও তবে তুমিই বাংলাদেশ ὃ8	Neutral
2640	কপালে গোল না থাকলে অগর গোল দিব কেমতে ? যেই পরিমান সুযোগ পাইসিল , আর অ্যাটাক হইসিল, তারপরও গোল না হইলে বুঝতে হইব কপা… https://t.co/4NTRTqlknR	Neutral
2641	লাক্স ক্যাফে লাইভে আজকের অতিথি সিঁথি সাহা (Shithi Saha) উপস্থাপক: সারা ফ্যায়রুজ যাইমা (Sara Fairuz Zaima)	Positive
2642	আবেগ থেকে বিবেক কে বেশি ব্যাবহার করুন। সিদ্ধান্ত নিতে, কথা বলতে, জীবনের যে কোন প্রয়োজনে আবেগ থেকে বিবেককে বেশি প্রশ্রয় দিন। ভুল কম হবে...	Positive
2643	ব্যর্থ তামিম-ইমরুল: বাংলাদেশ ব্যাটিংয়ে নামতেই যেন আর্নস ভেলের উইকেট বোলিং সহায়ক হয়ে গেল। কিছুক্ষণ আগেও যে উইকে... http://t.co/LjWKCkXJuv	Negative
2644	যত দূরে থাক,  ত্রত কেন ও কাছে।	Positive
2645	মন খারাপ করে যখন মন ভালো করার জন্য কাউকে নক দিই... আমি কিছু বলে উঠার আগেই সেই নিজেই বলে উঠে মন ভালা নাই ভাই এখন আমা… https://t.co/HzYjXFdBZN	Neutral
2646	এক ব্যক্তির সাথে ইফতারি নিয়ে কিছু কথা । আসলে আমি হাদিস জানি না বললে চলে । তাই তার সাথে বেসি কথা বলিনি।কারণ আমার ধা… https://t.co/ULsEEbWMcK	Neutral
2647	যেসব মেয়েরা মশারী টাঙাতে পারে, তাদের ভবিষ্যত একদম উজ্জ্বল এবং বিয়ের পর বরের কাছ থেকে তারা একটু বেশিই ভালোবাসা পাবে! ὃ8 . #পুচকু_ব্যাঙ ὃ8	Neutral
2648	RT @LubnaLamya: কাউকে ঠকিয়ে কখনো সুখ অর্জিত হয় না আজ যে আপনি একজন কে ঠকিয়ে আরেকজন কে বিশ্বাস করছেন, কি নিশ্চয়তা আছে যে কাল সে আপনাকে ঠ…	Neutral
2649	RT @angeldaliaislam: রমজান মাস যেন শুধু উপোষ থাকার মাস না হয়, এই মাসের মত যেন সবাই সারা জীবন সংযমী হতে পারি, মেনে চলতে পারি সকল বিধিবিধান,…	Positive
2650	শুনলাম এরশাদ চাচা নাকি ঢাকা উত্তর সিটি নির্বাচনে যোগ্য প্রার্থী খুজেঁ পাচ্ছে না । ইয়ে মানে চাচা Hossain Mohammad Ershad আমি ছিলাম আর কি..	Neutral
2651	বিশেষজ্ঞরা বলছেন বাংলাদেশে সারা বছরই এডিস মশা নিয়ন্ত্রণসহ ডেঙ্গু প্রতিরোধ ব্যবস্থাগুলো বহাল রাখতে হবে।	Negative
2652	কাশ্মীর: বাইরে কী হয়েছে তা দেখতে ঘর থেকে বেরিয়েছিলেন আইয়ুব খান। আর তখনই কাঁদানে গ্যাসের কবলে পড়েন তিনি। এতেই মৃত্যু হয় তার - অভিযোগ পরিবারের।	Negative
2653	ঢাকায় অস্ত্র–গুলিসহ জেএমবির সন্দেহভাজন দুই সদস্য গ্রেপ্তার	Negative
2654	RT @HashmatAliLiton: একটি ভালো কাজের দরজা বন্ধ হয়ে গেলে অপর দরজা খোলা থাকে। কারণ ভালো কাজের দরজা অনেক। যখন কোনো মানুষ ভালো কাজ সম্পাদন করা…	Positive
2655	মাঠ জুড়ে টান টান উত্তেজনা, মুশফিক অনেক দিন পর ফর্মে, অবশেষে সেই মুহূর্ত! মুশফিক একশত! আরো কিছু রান চাই, আজকে জিততে হবে ভাই। @mushfiqur15	Neutral
2656	এটাও সত্ত্য, http://t.co/x7VMwIXC0M	Negative
2657	RT @sagir42: #ঢাকা #শহর এ বিনোদনের স্থান নেই বললেই চলে! উন্মুক্ত স্থান তো আরো নেই! #খেলারমাঠ দখল হয়ে যাচ্ছে! ইট পাথরের জঙ্গলে শ্বাস নেওয়া…	Negative
2658	৯৯ % মেয়ে ভুল উত্তর দেয় ὠ1 একটা বনে তিন বন্ধু ঘুরতে গেলো! ὠE তাদের নাম I love you ὠD I miss you ὡE I hate you ὢ1 হঠাৎ… https://t.co/oy8XbZ7ENi	Neutral
2659	RT @nusratjahanjeni: সদা সত্য কথা বলো খারাপ পথে যেয়ো না এটা করো, ওটা করো শাসনের তো অভাব নেই। পাগলি আমার! জীবন যখন এমন হবে খুঁজবি আমায় বল…	Neutral
2660	RT @ArunudoyB: পিসি কে বলায় খুব ভয় পেলাম । পিসি আবার ব্লক করে দেবেন বা বকুনি দেবেন । ভাই @From_Himalaya কবে বিজেপি বেঙ্গল যোগ দিলেন । সা…	Neutral
2661	@MDSHARIF288 আপনার মত আমার ও অবস্থা।  দোয়া করবেন	Neutral
2662	আমার মা নাই আমি বুঝি মায়ের ভালোবাসার কতটুকু আর যাদের আছে তারা এখনো বুঝতে চেনা এখনো সময় আছে মা কে ভালোবাস মার থেকে… https://t.co/qrplneOZcH	Positive
2663	>>> 18+ জোকস বাচ্চারা দূরে যাও <<<।দুইটা বালক একদিন খেলতে খেলতে সাগর পাড়ে চলে এল।সেখানে তারা দেখতে পেল... http://t.co/hSyau6PC0L	Neutral
2664	শুভ্র হরিনী, আজ থেকে ঠিক ত্রিশ বছর পর হয়তো তোমার ওই অবাধ্য যৌবনের পালে আর হাওয়া লাগবে না , তোমার ওই নুইয়ে পড়া.… https://t.co/yunShzlyRG	Neutral
2665	ফেসবুক এ 1st love নিয়ে ই স্ট্যাটাস দিব , ভিডিও শেয়ার দিব এতে অন্য কারো ভাল লাগুক বা খারাপ লাগুক দ্যাখার বিষয় না… https://t.co/homzn0e9YW	Neutral
2666	ঠান্ডায় পিকনিক এ বেশি মজা করতে গিয়ে ডান পা মচকে বেড এ পরে আছি ὢD শীত আর ব্যাথার সো** সোজা হয়ে দাড়াইতে পারছিনা — feeling pained	Negative
2667	সিলেট টেস্টের ৩ দিনে ম্যাচ চলাকালীন মূল মাঠে দর্শক ঢুকে পড়ার ঘটনা দু'বার ঘটলো। নিরাপত্তার ঘাটতি নাকি দর্শক সচেতনতার অভাব কোনটি বেশি দায়ী বলে মনে করেন আপনি?	Positive
2668	এইতো আমি - মেহেদী হাসান। দুদিন ধরে মনে মনে কারো ছবি আঁকছো কি? ভুল করেই এই আমাকে হৃদয় থেকে ডাকছো কি? এইতো আমি,... https://t.co/YLsA7xae4f	Neutral
2669	ঢাকাতে #মাত্র_১_বছর_বয়সি শিশুর জন্য [AB+ve] রক্তের প্রয়োজনরক্ত দিতে না পারলেও #কপি_পেষ্ট করে ছড়িয়ে দিন,যেন... http://t.co/BvI6gZpJi2	Negative
2670	বিবিসি বাংলার রেডিও অনুষ্ঠানে আজ যা থাকছে: * শেখ হাসিনা ২০২৯ সাল পর্যন্ত ক্ষমতায় থাকবেন বলে মন্তব্য করেছেন একজন আওয়ামী লীগ নেতা। বিরোধী দলগুলো একে কিভাবে দেখছে? * অনুমতি ছাড়া ছবি ব্যবহারের অভিযোগে একটি বেসরকারি কোম্পানির কাছে ক্ষতিপূরণ দাবি করেছেন একজন ফটোগ্রাফার।বাংলাদেশে মেধাস্বত্বের ব্যপারে মানুষ কতটা সজাগ? * একটি গবেষণা প্রতিষ্ঠান বলছে, আইসিটি আইন বাংলাদেশের সংবাদমাধ্যমের মধ্যে স্ব-আরোপিত সেন্সর প্রথ বাড়িয়ে দিয়েছে।	Positive
2671	যাদের মনে দেখলেই চলে আসে আর কি ব্লা ব্লা ব্লা, তাদের জন্য + মেয়ে হবার জন্য যারা নিজেকে ছোট মনে করেন + যারা ক্লাস… https://t.co/G9eXzy4SaC	Neutral
2672	আশাশুনি কলেজে ছাত্রলীগের নবীনবরণ ও মনোজ্ঞ সাংস্কৃতিক অনুষ্ঠান - Abnews http://t.co/ybLrnPPxAT	Positive
2673	অতি দ্রুত যে সম্পর্ক গড়ে ওঠে,উষ্ণতা কমে যেতেও তার সময় লাগে না....	Negative
2674	RT @Ahmed27681157: এভাবে চুদতে অনেক মজা পাই কেউ কি আছ এরকম মজা নিতে আস আমি দিব। অপেক্ষা আছি সুধু একটা মেসেজ দাও কন্টাক নাম্ববার দিব।থার পরে…	Neutral
2675	এমন কোন সুখের গল্প লিখতে ইচ্ছা করে,যা কখনো কেউ লিখে নি আচ্ছা শেষ কবে কে জিজ্ঞেস করেছে - মন খারাপ কেন তোমার? দুঃখিত;এই মুহুর্তে মনে পড়ছে না।	Negative
2676	বাংলাদেশ সরকারের নিকট আমার একটা প্রশ্ন? ঈদের পর থেকে এই পর্যন্ত যত জন গাড়ি এক্সিডেন্টে মারা গেছে সবাই কি ২০ লাখ করে টাকা পাবে?	Neutral
2677	বহু দিন যাবত আমি বলে এসেছি হাছিনা খুনি তার পরিবার হলো খুনি পরিবার যার কারনে শেখ মোজিদ সহ পরিবারে মরতে হয়ে ছিলি হা… https://t.co/YXfBSTfBPF	Negative
2678	লাক্স ক্যাফে লাইভে আজকের অতিথি অভিনয়শিল্পী তাহমিনা সুলতানা মৌ (Tahmina Sultana Mou) উপস্থাপক: সারা ফ্যায়রুজ যাইমা (Sara Fairuz Zaima)	Positive
2679	বিসিবির নিরাপত্তাকর্মীদের হস্তক্ষেপে পরিস্থিতি শান্ত...	Positive
2680	আগেই আসতে দেইনি এখনো দিবেনা কারন তাগুত আর তাগুত সবাই এক না দিলেও সমস্যা নেই কারন এটি রাজনীতি এরা এসে কিছুই করতে পার… https://t.co/8pbQxY3Cyi	Neutral
2681	টাঙ্গাইলের যৌন পল্লী দেশের অভ্যন্তরে নারী ও শিশু বিক্রির আদর্শ স্থান ছিল http://t.co/ARc9v3P9lm	Negative
2682	আমার ছোটো ভাই এভাবে আমাকে চুদে মজা দিবে ভাবলে সামির ঘরে যেতে মন চায় না কি চোদা দিলো নিজের ছোট ভাই ভোলা যাবেনা https://t.co/di1obiL0KI	Neutral
2683	RT @CPIM_WESTBENGAL: সরকার তো আগেও ছিল বাংলা তে। কই ধর্মের নামে এই নোংরা রাজনীতি তো দেখিনি কোনদিন। আমরা জাতের নয় ভাতের লড়াই করতে চাই। বাব…	Negative
2684	অ্যানালগ খালেদাকে মোকাবেলা করছেন ডিজিটাল প্রধানমন্ত্রী: ঢাকা: তথ্যমন্ত্রী হাসানুল হক ইনু বলেছেন, অ্যানালগ ও জঙ...	Neutral
2685	১ গোল খেয়ে পিছিয়ে থেকেও ডিফেন্সিভ খেলছে বাংলাদেশ ! তার উপর হেমন্ত ভিনসেন্ট দলে নাই ! এ কোন গরু ছাগলরে কোচ বানাইছে রে ভাই ὣ2	Negative
2686	পরিবর্তন ডট কম, জাস্টনিউজ বিডি ডট কম, শীর্ষনিউজ ২৪ ডট কম, বিডি পলিটিকো ডট কম, পেইজ নিউজ ২৪ ডট কম, রেয়ার নিউজ ২৪ ডট… https://t.co/lHv5NOio9p	Neutral
2687	কেউ যদি মনে করে কারো চুপ থাকা কারো দুর্বলতা! তাইলে আমার মতে ঔ মানুষ গুলাকে আমি নিজে বলছি বা বলতাছি এই টা আপনাদের ভু… https://t.co/gVKnEX6bzm	Neutral
2688	RT @farhanislam_ab: এই দেশে মানুষ মরার বিচার পায় না, আর সত্য কথা বললেই গুজব ছড়ানোর দায়ে গ্রেফতার হতে হয়। বালের দেশ বাংলাদেশ ὇F὇F অভিনেত্…	Negative
2689	RT @nsrihan: - কি কি শপিং করলা? - কিছুই না - আরে কও না কি কিনলা? - ২টা কলা, কোয়াটার দুধ, ১০টাকার গুড়া দুধ, চিনি বাসায় ছিল। বাসায় এনে…	Positive
2690	কি কারন যায়নি সে বলে কি ভুল আমি করেছি ভুলে অজহ্রবার আমি ক্ষমা চেয়েছি নিজে জ্বলে। Note : This post not for love. — feeling awesome	Neutral
2691	নৌ পরিবহন মন্ত্রণালয় পরিদর্শন।নৌ পরিবহন মন্ত্রণালয়ের অটোমেশন ওভিডিও কনফারেন্স উদ্বোধন করেনপ্রধানমন্ত্রী শেখ...	Positive
2692	কাজের মধ্যেও নিন হেলদি ডায়েটhttp://t.co/AOxZnlLjBA	Neutral
2693	সোনালী ও প্রাইম ব্যাংকের ৭ জনের বিরুদ্ধে দুদকের মামলা http://t.co/Rouxl9nzak http://t.co/uxBBvkTKaB	Negative
2694	কিছু ক্ষন আগে আমাকে এক জনে Sms দিছে ঠিক এই ভাবে :— আমি কিন্ত সত্যি অনেক খারাপ হয়ে যাবো আমি তাকে বলছি আপনার সময়... https://t.co/ldF4AoHgdU	Neutral
2695	কাল রাত থেকে মনটা খুবই খারাপ । কষ্ট যেন না পাই তাই বেস্ট 4 টিম কে সাপপোর্ট করতেছিলাম এই ওয়ার্ল্ড কাপ । কিন্তু কপাল… https://t.co/KIfuYQRC53	Negative
2696	অভিমানের সুরে কাউকে কাছে টানা টা ভুল নয়, কিন্তু , অভিমান করে কাউকে সারাটা জীবন ভুলে থাকা টা হয় তো ভুল । কেনোনা ,.… https://t.co/MvKP1BOdLC	Neutral
2697	আইসিসির খরচ বাড়ায় রাজস্বের ভাগ কম পাবে সদস্য দেশগুলো। এতে সবচেয়ে বেশি লোকসান হবে বিসিসিআইয়ের।	Positive
2698	Salar DR..২ টা হাত ই ফুটা করে। এতো মোটা সুই আমি জীবনে ও দেখিনি। ১.৩০ মিন ব্লাড নেওয়া শেষ। ঢাকা মেডিকেল বলে কথা !!!	Neutral
2699	ঈদযাত্রায় ২৩৭ দুর্ঘটনা, নিহত ২৫৯ - রিপোর্ট বাংলাদেশ যাত্রী কল্যাণ সমিতি ( সূত্র - মানবজমিন পত্রিকা) Note : ছাত্র আন্দোলন এর চমৎকার ফসল ᾑ7ᾑ7	Neutral
2700	আজ আমার মন ভালো নেই , মনের আকাশে আজ মেঘ জমেছে | হয়তো বৃষ্টি হয়ে ফোটা ফোটা পড়বে | কেন ভালোবাসা এতো হতাশা | ভিডিও… https://t.co/JzBdEGgge1	Negative
2701	আমি নিজেকে কখনো একা মনে করি না কারণ ভুল করে হলেও পৃথিবীর কেউ না কেউ আমাকে মিস করে, সেটা ভালোবেসেই হোক আর ঘৃণা করে হক..!	Neutral
2702	দুনিয়ার ভালো খারাপ বলে কিছু হয়না। আমি যার মন রাখতে পারবো তার কাছে ভালো । যার মন রাখতে পারবো না তার কাছে খারাপ ।	Neutral
2703	Mac OS X এর শহরে ফেরার পালাὠD Al Anam Mukit তুইও ইনভাইটেডὠE অসাধারণ কিছু মুহুর্ত ছিলো গত ৪০ ঘন্টা ὠA সিক্রেট বিজনেস মি… https://t.co/I8qW4gIXS6	Neutral
2704	যখন আপনি হতাশ কিংবা চিন্তিত, তখনই বিটিভি দেখুন  মনে হবে যেন উন্নত বিশ্বের কোন এক দেশে আছেন! নিজেকে খুব ভাগ্যবান মনে হবে! 	Neutral
2705	RT @qzarSwdQEA7AQsm: যত বেশী কথা বলা হয়         তত বেশী ভুল হয় , কিন্তু যত বেশী আল্লাহর যিকির করা হয় তত বেশী ভুল এুটি মুছে দেওয়া হয়,,(…	Positive
2706	বাবুয়া, তোর যদি মনখান খারাপ হয় তালি পরে আসিস হামার কাছে। আসবি খনে বল? তুই আইসপি কইলে কুচ্ছ কাম রাখব না খনে। সব... https://t.co/D7FpmSVXJp	Neutral
2707	ভারতে আত্মহত্যার জন্য নদীতে ঝাঁপ : প্রেমিক মারা গেলেও বেঁচে গেছে প্রেমিকাআত্মহত্যার উদ্দেশ্যে নদীতে ঝাঁপ দিল...	Negative
2708	"সুমন আহমেদ (ছদ্মনাম): ""রাতে হঠাৎ আমার ঘুম ভেঙ্গে যায়, দেখতে পাই ফিজিক্যালি আমি তার পুরো কন্ট্রোলে। সে প্রচণ্ড জোরে কিস করছিলো, শরীরের বিভিন্ন অংশে টাচ করছিলো। আমি চেষ্টা করেও তার কব্জা থেকে বের হতে পারছিলাম না""।"	Negative
2709	ঢাকা শহর পচা :p এই পচা শহরে দূষিত বাতাস আর ভেজাল খাবার খেয়ে শুদ্ধ শিল্প চর্চা বড়ই কঠিন :) বাড়ি যাই ;) ব্রেইন ও… https://t.co/QFGdHiM2EY	Negative
2710	যে যাই বলেন তামিম এর সাথে খেলতে নামা ইমরুল বেশির ভাগ সময়ই ভালো খেলে ὠE ইতিহাস কিন্তু ওইটাই বলে!! ὄC অভিনন্দন ইমরুল দাদা ὄCὄC	Positive
2711	RT @Aafsana_bd: যখন নিজের অজান্তে কাউকে কষ্ট দিয়ে ফেলি। তখন নিজেকে বড় অপরাধী মনে হয়। আর যখন কেউ. আমাকে কষ্ট দেয়। তখন মনে হয় এটাই আমার…	Neutral
2712	দেশে খালি জি এর পরে জি যুক্ত হচ্ছে... ৩জি তে পেতাম ২জি এর স্পিড এখন ৪জি তে এসে পাই ৩জি এর অর্ধেক স্পিড। দেশে ৫জি ও… https://t.co/xMWoUBtgP4	Negative
2713	কত সুখে ই না ছিলাম আমরা , কত সুন্দর ছিল আমাদের সাজানো বাগান । কেন আমাদের ফেলে চলে গেলে দূরে বাবা ? আমাদের কথা ভা… https://t.co/xW9C9ianUq	Negative
2714	মন খারাপ হতে ১ সেকেন্ড সময় লাগলেও মন খারাপ থাকে ১ দিন আবার নতুন করে মন ভালো হতে লাগে ১ সপ্তাহ। চক্রাকারে চলতেই... https://t.co/rGKMRN3fUJ	Neutral
2715	কালো নাইজেরিয়া বেরিয়ে গেলে , নিজে কালো বলে খারাপ লাগবে , কিন্তু চিরপ্রতিদ্বন্দী তথা চের দল চলে গেলে বেশি খারাপ লাগবে . দেখা যাক .	Neutral
2716	RT @Tahsin_135: ὤ8ধর্ষনের সাজা:- ὄ9 BD- -: কয়েকসদস্য বিশিষ্ট তদন্ত কমিটি গঠন -: সমঝোতার চেষ্টাὠ9 -: ঘুষ দেওয়াὡB -: প্রভাবশালীদের লোক ὠ9 -: ধমক…	Neutral
2717	ভালোবাসার বাস হচ্ছে হ্নদয়ে | তাকে চোখে দেখা যায় না | আমরা করি কী, নানান কান্ডকারখানা করে তা দেখাতে চাই | এসব কর্ম… https://t.co/AydGSUTZjn	Neutral
2718	একদিন আমাকে GP কল সেন্টার থেকে কল দিয়ে বলে স্যার আপনি যদি আপনার 3G সিম টি 4G তে কনভার্ট করে নেন তাহলে আপনি বি… https://t.co/Llt4U1LkRu	Neutral
2719	জাপানে কার্টুন চরিত্রকে বিয়ে করার প্রবণতা বাড়ছে তরুনদের মধ্যে! অনেকে বাস্তব জীবনের সম্পর্ক থেকে দূরে সরতে সরতে এ ধরণের চরম স্তরে পৌঁছে যায়। আবার অনেকে এই সমস্যার জন্য বর্তমান প্রজন্মের নারীদের যারা অর্থকে গূরুত্ব দেয় তাঁদের দায়ী করে থাকেন।  	Positive
2720	আসলে আমি বড় একা আমি চাই খুব সুন্দর একটা মেয়ে যার সাথে সুন্দর সুন্দর মজার মজার কথা বলব আছো কি কোন সুন্দরী মেয়ে থা… https://t.co/ZDOdppvnuY	Neutral
2721	এতো টাইট ফিল্ডিং এর পরও বিএনপি যদি একটা সীট ও পায় সেটাও বিশাল জয় তাদের জন্য। যদিও চাই না বিএনপি এখন ক্ষমতায় আ… https://t.co/lfQyzkG4xh	Neutral
2722	সিলেট শাহজালাল বিজ্ঞান ও প্রযুক্তি বিশ্ববিদ্যালয়ের (শাবিপ্রবি) চলতি ২০১৯-২০ শিক্ষাবর্ষের ভর্তি পরীক্ষার ফল প্রকাশিত হয়েছে। আজ বুধবার সকালে ভর্তি কমিটির সভা করে বিশ্ববিদ্যালয়ের উপাচার্য ফরিদ উদ্দিন আহমেদ আনুষ্ঠানিকভাবে ফল প্রকাশ করেন। ভর্তি পরীক্ষার ফল বিশ্ববিদ্যালয়ের ওয়েবসাইটে (admission.sust.edu/result) পাওয়া যাবে। এ ছাড়া SUST RESULT Roll No লিখে ১৬২৪২ নম্বরে খুদে বার্তা (এসএমএস) পাঠালে ফল পাওয়া যাবে।	Positive
2723	RT @kmmbd: তবে সবথেকে মজা পাইতেসি দেশেই ভালো কিছু করার চেষ্টা করা উচিৎ বইলা স্লোগান দেয়া জনগণের অনেকেই এখন এই দেশে থাকার কোন মানেই নাই…	Neutral
2724	জুকু সব খারাপ কাজ করলেও একটা ভালো কাজ করসে ὃ8ὃ8ὃ8ὄ8ἿEὄ8ἿE ইমুজিটা বের করছে। কারণ একমাত্র এই ইমুজি দিয়েই কোন মুড এ আছি বুঝা যায় নাὃ8ὃ8ὃ8	Neutral
2725	২০০৮ সালে সিলেটের সদর ও গোয়াইনঘাট উপজেলার মাঝামাঝি অবস্থান থাকা কালাগুল চা বাগান থেকে ৪৮ টাকা মজুরির বদলে ৬০... http://t.co/f5CUcEzKY1	Neutral
2726	#atknowornever@ , atk এর দলের player সাজানো এর ভুল আছে । Hume কে ছেড়ে দেওয়া মানে ওর থেকে কি atk এর ভালো striker আছে ।	Negative
2727	@shahanaz_rumy আমার জীবন বলতে , আমি আশেপাশের যা ঘটে তা ও জীবনের অংশ মনে করি।  যদিও বা আমার সাথে না ঘটে।	Neutral
2728	৭এ আগষ্ট ২০১১ সেদিন যদি ছিলো আমার জীবনের সবথেকে কষ্টের একটা দিন,সেদিন যদি মা চলে যেত তা হলে আজ ৭ বছর হয়ে যেত, ৩০… https://t.co/1IDVAL9IiA	Negative
2729	সালার কি দুনিয়া আইলো যে ভোট নিয়ার জন্য সেক্স করতে হবে । এর ভোটের সাথে সেক্স এর সমর্পক কি বঝলাম নাহ। আমি আ… https://t.co/IngAnG3mw1	Negative
2730	বিয়ের আজ ২ বছর পূর্ণ হল। অনেক হাসি কান্না , রাগ অভিমানের মধ্য দিয়ে চলে গেল ২ টি বছর। অভিনন্দন Sova Sen . দিনটি ফি… https://t.co/C5gyWAxzFj	Positive
2731	দাঁত ব্রাশ না করেই সকাল সকাল মুড়ি খাওয়ার মধ্যে আলাদা একটা মজা আছে; আর মুড়িটা যদি মায়ের হাতে মাখানো হয় তাহলে তো কোন কথাই নেই ὡ8ὠB	Neutral
2732	RT @Jannath_OK_420: মশা ও মশারে, তুই অপরাধীরেὒB আমার যত্নে গরা ঘুমখানা দে ফিরাইয়া দে, আমার এতো কষ্টের ঘুমὢ3 ভাঙ্গার আধিকার দিল কেὢ1 মশা তুই ব…	Neutral
2733	পাকা মিষ্টি পেয়ারায় ভাগ বসাচ্ছে মৌটুসি পাখি। সুইচগেইট, খাগড়াছড়ি, ২৪ অক্টোবর। ছবি: নীরব চৌধুরী	Positive
2734	@Im_Hassi @sajid_nazmus যাহ... এয়াবে বলিও না। শত হলেও, দেশের খেলোয়াড়!	Positive
2735	RT @anurupa_ahmed: সরকার দাবী মানুক আর না মানুক, আজ চারদিন পুরো ঢাকা চালিয়েছি আমরা। চোখে আঙ্গুল দিয়ে দেখিয়েছি ছোট হলেও আমরা পারি। আমি এক…	Neutral
2736	RT @Touch_MH: এই লিখা চিঠি শীতকালে তোমার আসার কথা বলে দিয়েছিলাম সরিষার ফুলে। তুমি এক পা-দুই পা করে নির্দ্বিধায় চলে এসো চরণে হলুদ রেণুকা…	Neutral
2737	.:: ধর্ষণের চেয়েও জঘন্য বাল্য বিবাহ : ভারতের আদালত ::.	Negative
2738	নিউজফিড দেখে মনে হচ্ছে বাংলাদেশ পুরুষ ক্রিকেট দল কিছু খেলছে! আমি অবশ্য ওদের নিয়ে ভাবি না। তাই ওদের খবরও রাখি না। আমার অনেক কাজ। অনেক।	Neutral
2739	আমি তুমার সাথে কারণে অকারনে ঝগড়া করি। আর ঝগড়া শেষে দশ হাত দূরে গিয়ে ভাবি ᾑ4 সব আমার ভুল ছিল। তুমাকে হয়তো কখনও ব… https://t.co/OzoPOyh0VY	Neutral
2740	তালেব কাকুর ছেলেটার ( MD Sohag Arfin ) অনেককক প্রতিভা ὡ1 বাবা তুমি বড় হয়ে অনেক ভাল তবলা বাজাবে ὡC | দোয়া করি আরো… https://t.co/rtAlmEmTC4	Positive
2741	@wyeasynzz আমি কঠিন বিপদে আছি মিয়া এইডা নিয়া!!! সবাই মজা করে। কেউ সিউর দেয় না। সবাই আসবে মনেহয়। ৬ জন, ৭ টা টি-… https://t.co/MIDunwPCT0	Neutral
2742	RT @SuPriyoBabul: কাশ্মীর থেকে যখন ৬ লক্ষ হিন্দুকে বের করে দেয় তখন সবাই চুপ ছিল কিন্তু আসামের অবৈধ ৪০ লক্ষ লোকের লিষ্ট বের করা হল (বের করে…	Neutral
2743	The last time u felt extremely tired? Why so? ὣ4 — এই বছর জানুয়ারির দিকে, কিন্তু কেন মতা মনে আছে। সেদিন পুরা ঢাকা… https://t.co/R0aAJ5QqNh	Neutral
2744	২৬ বছর তোমাকে ছাড়া থাকা সহজ নয় বাবা, ৪ বছর মা ও নেই ,এই ২৪শে জুলাই এলেই দ্বিগুন যন্ত্রণা ভোগ করতে হয় ,বাবা বে… https://t.co/MdO9FEBLFB	Neutral
2745	দেশে এমন একটা রাজনীতি আছে, যা আপনি করবেন আবার ভালো মানুষও হবেন।। এ যে অসম্ভব!! এ যে নিন্তান্তই বিরল। এই মহান দল ক… https://t.co/ll8Lc9fCdG	Neutral
2746	RT @bdctgahammad: কুরআনের কথা বলা যদি হয় অপরাধ সহস্রবার সে অপরাধ করবো আমি দ্বীনের পথে চলা যদি হয় অপরাধ আজীবন সে পথে চলবো আমি…	Neutral
2747	ছয় কোটি ৬০ লাখ বছর আগে এক ভয়ংকর ঘটনার পরিণতিতে সব ডাইনোসর মারা যায় 🦖🦕	Positive
2748	#নিঃসঙ্গতা ও এক রকমের ভাব .... এর একটি ভয়ানক গুন ও রয়েছে আর তা হলো এটা কখনো আপনার সাথে বেইমানি করবে না কখনো আপ… https://t.co/h5grv9XpSd	Neutral
2749	ভাল যদি বাসিস মোরে থাকিস কেন চুপ। আবার মগ্ন হতে চাই দেখে তোর ওই রুপ। হাত দুখানা দে বাড়িয়ে আপন যদি ভাবিস। ভুলগুলো… https://t.co/Ag9P2zFXUr	Neutral
2750	মিটফোর্ট হাসপাতালে নার্স ও শিক্ষানবীস চিকিৎসকদের দিনভর পাল্টাপাল্টি ধর্মঘট; বিকেলে প্রত্যাহার। রোগিদের চরম দুর্ভোগ।	Negative
2751	রাজারবাগ দরবার শরিফ উনার পিড় ক্বিবলা উনার কোনো ভুল আজ পর্যন্ত কেউ বের করতে পারেনি কস্মিনকালেও পারবেনা ! উনার প্রতিটি কথার ও কাজের দলিল আছে।	Positive
2752	ঢাকা লিভ করার পর আজ ফাস্ট টাইম রান্নাঘরে ঢুকলাম .... ;) বাই দা ওয়ে ,কই কি রেখে গেছে মা খুঁজেই পাচ্ছি না । :(	Neutral
2753	যতো দোষ নন্দ ঘোষ শেষ পর্যন্ত আমি তাহলে নন্দ ঘোষের কাতারে শামিল হলাম :( বিঃদ্রঃ আমি খারাপ আমাকে এড়িয়ে চলুন নতুবা আপনিও খারাপ হবেন	Neutral
2754	বাবারা জানে কি করে সন্তানের জন ত্যাগ স্বীকার করতে হয় । বাবা শব্দটা দুটি অক্ষর দিয়ে হলে কি হবে এর মানে টা লক্ষ ল… https://t.co/L4qit6EwXS	Positive
2755	রাসূল সাঃ বলেছেন,, জেনে রাখ দেহের মধ্যে এমন একটা গোশতের টুকরা আছে যা ভালো হলে সারা দেহ ভালো হবে। আর তা খারাপ হলে… https://t.co/oYpc3VINN9	Neutral
2756	RT @m_____O____u: পাপের রঙ কালোই। আমরা আসলে পাপ করে চোখে রঙিন কাপড় বেধে রাখি তাই আমরা কালো টা দেখতে পাই না। ভাবি সবই বুঝি রঙিন। আমরা যদি…	Negative
2757	RT @meshtarua: #Dhaka #Attack ঢাকার সিনামা হলে দেখার ইসছে হলো এই নিউজ টা পরে। প্রায় ১০ বছর থেকে ছিনামা হলে গিয়ে ছবি দেখা হয় না। https://…	Neutral
2758	◉ সিনেমা দেখে চোখে পানি আসে! ◉ নাটক দেখে চোখে পানি আসে! ◉ গান শুনে চোখে পানি আসে! ◉ অবৈধ প্রেমের কারণে চোখে পানি... https://t.co/ouYIs9nYE7	Neutral
2759	মন যা চায় কয়া যা, হিজিবিজি কথা, যা মুখের সামনে কইতে শরম, ডর, সংকোচ লাগে আরকি। দু একটা খারাপ দিক হইলেও চলবে, ভাল হ… https://t.co/d7b9kstsnR	Neutral
2760	Best of Luck!!! ভাই বোনেরা , রেসাল্ট খুব ভাল হোক সবার। এটা জীবনের শেষ পরীক্ষা নয় । তাই রেসাল্ট যাই হোক না কেন ভুল… https://t.co/SKh9oRhbnk	Positive
2761	বলেছিল সে মিষ্টি হেসে আর যাই করো তুমি ভুল কোরো না কারু হাত থেকে তুমি ফুল নিও না ফুল থেকে ভালবাসা হতেও পারে ভালবাসা… https://t.co/QqmKrWRq4r	Neutral
2762	বেকার জীবনে কাজের শেষ নাই তবে সবাই বলে তর কিসের কাজ তুই ত বেকার । একজন বলবে আমার এইটা করে দাও আরেকজন বলবে ঐটা করে...	Neutral
2763	প্রশ্ন: আপনি বলতে চাইছেন কেউ সিরিজটা বানচাল করতে চাইছে বা চাইছিল? নাজমুল: অবশ্যই। আমরা ...	Positive
2764	RT @artis_amir: যে সুখের যোগ্য নয় তার জীবনে সুখ কখনো ভালো ভাবে আসেনা যদিও আসে সুখ একটু থেকে আবার কোথায় যানো হারিয়ে যায়।। ὡ2ὡ2 অভীমানী #__…	Negative
2765	ও কলকাতা  সাজল আবার নতুন সাজে। আপনারা গদ্য বিষয়ক লেখা পাঠাতে পারেন okolkata@googlegroups.com এই ঠিকানায়।	Positive
2766	একমাত্র গান কবিতা গিটার ছাড়া আমি না আর কিছুই পারি না, তাই করা উচিত না, করতে এগোনোই চরম ভুল সে কথা আমি যত যতবার বি… https://t.co/dC42PoCZbV	Neutral
2767	@SinhaKeya ভুল টাকা না থাকিলে মানুষ আজ এত কিছু করতো না, কিছু কিছু টাকায় হয় না, আবার অন্য কিছু টাকা ছাড়া মিলে না… https://t.co/g12btyQwY1	Neutral
2768	তোমার সাথে কাটানো কিছু সময় অনেক মিছ করি। জানি না যে কোনো দিন ভুলতে পারবো না কি। তোমার ভালোবাসা আর কিছু ডুসটামি আমা… https://t.co/vndiTWLyHz	Neutral
2769	নবীজীর রওজাপাক জিয়ারত এবং তাজিম করা যদি শিরকের সমতুল্য হয়, তাহলে মসজিদে গিয়ে সেজদা করাও শিরক হয়ে যায় কারণ... http:/t.co/u0noFetmu4	Neutral
2770	তোর জন্য গলির পথ, বিকেল ছুটির ইস্কুল | তোর জন্য চ্যাপ্টা ফুল, আর আমার জন্য ভুল | ....... ভেবে কত কি যে যাই, জানি এ… https://t.co/8QCkkeRN1w	Neutral
2771	যার কাছে আপনার চোখের পানি, কেবল মাত্র কয়েক ফোটা পানি তার জন্য কাঁদবেন না । তাকে মনে করে মন খারাপ করে , কষ্ট... https://t.co/pBkIpa0cAt	Neutral
2772	'ঐ নারীর চিৎকার শুনে কিছুক্ষণের মধ্যেই আশেপাশের বাসা থেকে নারীরা বের হয়ে এসে প্রতিবাদ করেন'	Negative
2773	কত দিন পর দেখা হলো- হলোনা কোনো কথা, তোমার করুন দৃষ্টি দেখে- প্রানে লাগলো মোর ব্যথা । ঝরনার মতো বয়ে নয়- ফুলের মতো… https://t.co/4SzY09bwon	Neutral
2774	এই মহিলা একটা বাজে লোক। তখন সিএনজির দাম ছিল ১ লক্ষ ২০ হাজার থেকে দেড় লাখ। আর এখন একটি সিএনজির দাম হলো ১৭ লাখ ঢাকা… https://t.co/1y7q2B5UUE	Negative
2775	পড়াশোনার ও কোন গতি নাই, পকেটে টাকা নাই, ভেতরে কবিতা নাই, প্রেম নাই, রাজনীতি নাই, স্যাটায়ার নাই, উইট নাই। বউ নাই, বাহিরে চাকরি নাই।	Negative
2776	হতাম যদি অবুজ আমি কতই মজা হত , সবাই তখন বাসতো ভালো আমায় অবিরত ।। দুঃখ ব্যাথা থাকত না তো এই জীবনে আর খুশির ভেলা… https://t.co/kQO0kFuR6t	Neutral
2777	কষট নিয়ে জীবন শুরু,কষট নিয়ে শেস। কষট কে ভালবেসে,কষটে আছি বেশ। কষট নিয়ে সুখী আমি কষট নিয়ে দূঃখী। কষট গুলো জমা করে, বুকের মাজে রাখি।।	Negative
2778	ইংরেজি ২০১৮ সাল। আর মাত্র ২ ঘন্টা ২৮ মিনিট আছে। আসলে বছরের শেষ মুহূর্তে এমন লেখা বা পোস্ট করার ইচ্ছা ছিল না। ত… https://t.co/pUJftw9XDz	Neutral
2779	গানের সাথে ফান :p . . . . . . . বিঃদ্রঃ ভিডিওটি একান্তই মজা করার জন্য, গম্ভীর মানুষরা দূরে থাকবেন ὡC আর কেউ এই... https://t.co/A39ZNSslTR	Neutral
2780	তোমরা যাকে ঈশ্বর বলো, কেহ বলে ভগবান আমি তো তাকে আল্লাহ বলি, নিশ্চয় সে মহান । কিন্তু সেই আল্লাহ ও আজ আমার প্রতি বিমূখ.	Neutral
2781	ডিসিশন ফাইনাল , ২৭ তারিখ ঢাকা থেকে বরিশাল যাবার আর ৩১ তারিখ বরিশাল থেকে ঢাকা আসার সহ ৪ দিনের খরচের স্পন্সর যে করবে… https://t.co/oo4r4fPidL	Neutral
2782	ঠুনকো জীবন স্বপ্ন যেমন, গোড়া সুখে দুঃখে , কি পাইলাম না এই ভেবে বুক ,ভোরবোনা আর শোকে। আমি কেবল কি পাইলাম তার হিসাব… https://t.co/sbRnjVgLir	Neutral
2783	কিছু মানুষের Ego তার height থেকে এত বেশি হয় যে তার কাছে, কে বাঁচল, কে মরল, কে ভাল থাকলো, কে খারাপ থাকলো, তা... https://t.co/EPEoI7fexj	Neutral
2784	প্রেম ও দৈহিক সম্পর্ক, অক্ষম স্বামীর অনুমতি নিয়ে …: http://t.co/pzCwIxiOKS	Negative
2785	কিছু কষ্ট এতটাই একান্ত আপন যে ,সেটা খুব কাছের মানুষটার সাথে ও শেয়ার করা যায় না। শুধু নিরবে সবার আড়ালে যন্ত্রণা সহ্য করে নিতে হয় ।	Negative
2786	যা বলবা মন পরিষ্কার করে বলবা, ভুলেও ২ নাম্বারি করবা না।	Positive
2787	আপনার ঘরের ছাদে এরকম বিশাল মৌমাছির বাসা হলে কী করতেন?	Positive
2788	এমন টা হবে আমার ঢাকা বিশ্ববিদ্যালয় আশা করি নাই। আন্দোলন কারা প্রতিহত করছে, সেটা ভালো করেই জানি। নাম বল্লে হলের জায়গা টা থাকবে না।	Negative
2789	একদিন তুইও এক হাতে Message লিখবি ὡ2 আর এক হাতে চোখের জল মুছবি ὄC সেই দিন বুঝবি Reply না পাওয়ার যন্ত্রণা ὡ2ὄC #দ্যা_ভদ্র_বাচ্চা ὄC	Neutral
2790	RT @Sylhet_2000: জীবনটা কে যতটা উপভোগ করতে চাই , জীবন আমার সাথে , ঠিক ততটাই উপহাস করে , ইচ্ছা , স্বপ্ন , আশা গুলো যতভাবে সাজাই , বাস্ত…	Negative
2791	সৎ অসৎ যে ভাবেই হোক ১৭ লক্ষ্য টাকা যোগাইতে রাখতে হবে , কোন দিন যে আমারে ও আটকাইয়া কইবো টাকা দে..ὡC যদি কই টাকা... https://t.co/dN6NWkYkrC	Negative
2792	আই হোপ আজকে বাংলাদেশ দল ও আমরা হাতুড়ি সিং এর দলের প্রতি অতি আবেগ ঝড়াব না। শত হোক ওরা আমাদের প্রাক্তনের শিষ্য। আর… https://t.co/5YwhRvlJeR	Neutral
2793	ও এফ বি, ও এফ বি তুই অপরাধী রে। আমার খরচ হওয়া এমবি গুলো দে ফিরাইয়া দে। আমার এমবি খরচ করার অধিকার দিলো কে? এফবি… https://t.co/ddcsdOQskV	Negative
2794	* আ’লীগের ২৫৮ আসন, মহাজোট ৪২ * বিএনপি ২৪২ আসন শরিকদের ৫৮ * দুই শতাধিক আসনে মহাজোট বনাম বিএনপির লড়াই * জোটবদ্ধ ২৯… https://t.co/v5GWMca50o	Neutral
2795	একদিন বাংলাদেশেও সময়ের মূল্য(দাম)  হবে, কিন্তু কবে হবে? — feeling hopeful at Passport Office Agargaon http:/t.co/1Ip1PjBHkt	Negative
2796	RT @women_seller: ইয়া বড় বড় ডবকা পাছা.......চুদতে চাও কে কে.....??? http://t.co/qWARup3gae	Negative
2797	RT @ShakilAhamed24: লাইফে সেই মানুষ টা কে কখনো হারাতে দিয়েন না..!! ১। যে আপনার হাসির মাঝেও কষ্ট বুঝতে পারে..!! ২। যে আপনার রাগের মধ্যেও ভা…	Positive
2798	আইপিএলে আজ শুধু বাচ্চা পোলার রাজত্ব ὣ1 ১০ বলে ৩৪* রান ὠD ৪ ওভারে ১৯ রান দিয়ে ৩ উইকেট ὡ8 মহা গুরুত্ব পূর্ণ অন্তিমকালে… https://t.co/JjE1HgZdRl	Neutral
2799	অষ্টম অধ্যায়অপরাধ, তদন্ত, বিচার, দন্ড ইত্যাদিকম্পিউটার, কম্পিউটার সিস্টেম,ইত্যাদির অনিষ্ট সাধন ও দণ্ড৫৪৷ (১)...	Neutral
2800	বাবার শাসন বাবা যদি আমায় হাসিমুখে নামটি ধরে ডাকে | মাথায় হাত বুলিয়ে আদর করে, তার কাজের ফাকে ফাকে | Full poem l… https://t.co/2gt11Edqfp	Neutral
2801	RT @shahin20feb: কিছু মানুষ কে যেমন ভালবাসতেই ভাল লাগে ,তেমন কিছু মানুষ কে ঘৃণা করতেও ঘৃণা লাগে !	Negative
2802	জামায়াত যা বুঝে ঐক্যফ্রন্ট সেইটা বুঝতে আরো ১০০ বছর লাগবে। এই ঐক্যফ্রন্ট বিএনপি জামায়াত কে শেষ করল। ২০১৪ তে কেন নির্বাচনে যায়নি এখন বুঝ।	Neutral
2803	RT @moon_boy00: মুড়ি, চিড়া, গুড়, ওরস্যালাইন নিয়ে রেডি থাকো।ὤ2 বন্যা আসবে বলে সর্তক করেছে ভারত। চীন - ভারত - বাংলাদেশ হয়ে পানি পড়বে বঙ্…	Neutral
2804	উইকেট পড়লো না একটিও!:  http:/t.co/DpSDBSGRWc	Neutral
2805	মন বড়ই বিচিত্র, আজব আজব কারণে ভাল বা খারাপ হয়ে যায়। একটু আগে টাইপের সময় হাত পিছলে ফোন পরে গিয়ে টাচ আর কাজ করছে… https://t.co/vkOaTVENEr	Neutral
2806	আজকের প্রজম্ন পলাশ হতে পারে না আর পারলেও সে শিকল ভাংতে পারে না। ছোট্ট একজন মুক্তিযোদ্ধা ❤ #১৯৭১ ὄA মাথা উচু করে বা… https://t.co/JrpFeUydEn	Neutral
2807	RT @SharlinToli: তোমরা যদি হাজারটা ভালো কাজ করো তাহলে জগৎ তোমাদের প্রসংশা করবে না।কিন্তু তুমি যদি একটা ভুল কাজ করো তাহলে জগৎ তোমার সমালোচনা…	Negative
2808	RT @GMRony20: এমন এক কালজয়ী হাসির রাজসাক্ষী হলাম যুগ যুগ ধরে ও এ হাসির মাধুর্যতা এতটুকু কমবেনা লিখে দিলাম, অপরিচিতা ধরে রেখো এ হাসি সারাজি…	Neutral
2809	৬ই ফেব্রুুয়ারি বুধবারের প্রবাহ অনুষ্ঠানের লাইভ স্ট্রিমিং। অনুষ্ঠানে যা যা থাকছে : -ইউরোপীয় কাউন্সিলের প্রেসিডেন্ট ডোনাল্ড টুস্ক আজ স্পষ্টভাবে জানিয়ে দিয়েছেন যে ব্রেক্সিট প্রশ্নে ব্রিটেনকে নতুন কোন ছাড় ইউরোপীয় ইউনিয়ন দেবে না। ব্রেক্সিট নিয়ে যে চুক্তি তৈরি করা হয়েছে, তা নিয়ে নতুন করে আলোচনার সুযোগ নেই। -বাংলাদেশে আজ ছয়টি নতুন বিদ্যুৎ কেন্দ্রের উদ্বোধন করেছেন প্রধানমন্ত্রী শেখ হাসিনা যাতে এক হাজার মেগাওয়াটের বেশি বিদ্যুৎ যুক্ত হবে জাতিয় গ্রিডে। বাংলাদেশ সরকার দাবি করছে, এক দশক আগে যেখানে বাংলাদেশে বিদ্যুতের তীব্র সংকট ছিল, সেখানে এখন চাহিদা মিটিয়ে বরং বাংলাদেশে বিদ্যুৎ উৎপাদনের ক্ষেত্রে উদ্বৃত্ত অবস্থায় পৌঁছে গেছে। -বাংলাদেশে যেসব নতুন বিদ্যুৎ কেন্দ্র হচ্ছে, তার বেশিরভাগই বেসরকারি। ৫৬ শতাংশ বিদ্যুৎই আসছে বেসরকারি পাওয়ার প্লান্টগুলো থেকে। বেসরকারি খাতের উপর এই নির্ভরশীলতা কি প্রভাব ফেলছে ? -ঢাকার বিরোধী জাতীয় ঐক্যফ্রন্টের মানব-বন্ধনে অনুপস্থিত কেন্দ্রীয় নেতারা -বাংলাদেশ থেকে আসা হিন্দুদের নাগরিকত্ব দিতে ভারতে পার্লামেন্টে সম্প্রতি যে বিলটি পাস হয়েছে, তার বিরুদ্ধে এবার শীর্ষ আদালতের শরণাপন্ন হলেন আসামের বুদ্ধিজীবীরা। -সাথে থাকবে খবরের সর্বশেষ শিরোনাম।	Positive
2810	জীবনে যদি কোন ভুল কাজ করে থাকি সেটা হবে তোমাকে ভালবাসে।কেন আমি ২০১০-০১-২৯ হা বললাম।সে ভুলে মাসুল টা আজ এত বছর আমাকে দিতে হচ্ছে।	Neutral
2811	RT @TanvirA24341466: স্যার : বলতো বাংলাদেশ কত কেজি ? ছাত্র : স্যার, ৬৮ কেজি ! . স্যার : কীভাবে বুঝলে ? ছাত্র : কেননা বাংলাদেশে ৬৮,০০০ গ্রাম…	Neutral
2812	স্থানীও খবরঃ নন্দীগ্রামে বিএনপির বিক্ষোভ মিছিল - বগুড়া সংবাদ ডট কম (নন্দীগ্রাম, বগুড়া  মোঃ ফিরোজ কামাল ফারুক) :... http://t.co/Ms2cGOglsQ	Negative
2813	মানুষকে সবসময় কিছু না কিছু মিসকরতে হয়কোনো কিছু মিস করাতে ও একধরনের আনন্দ আছে।______ হুমায়ূন আহমেদ	Positive
2814	রাগ করে নেয়া বেশীর ভাগ সিদ্ধান্তই ভুল হয় কিন্তু জিদ করে নেয়া সিদ্ধান্ত সফল হয়,রাগ হয় অন্যের সাথে আর জিদ হয় নিজের সাথে। Iqbal Bahar	Neutral
2815	আশা করি নেক্সট থেকে আমাকে বলবেন আমার টুইট পছন্দ না হলে। আর হ্যাঁ, আমি একটা ভাল ফ্যামিলি থেকে বিলং করি, একজন ভাল স্… https://t.co/aY2SIGryFz	Neutral
2816	এই ভোটের ফলাফল কী অর্থ বহন করছে?	Positive
2817	মতিউর রহমান মাদানি কিভাবে আল্লামা সাইদির উপর মিথ্যা কথা বলল তা  দেখুন ভিডিও ...... http://t.co/NzuJFy98If	Negative
2818	একটা ট্রিপটিন ১০ মি.লি. খাইলাম ২ ঘন্টা আগে তারপরও ঘুমের দেখা পাচ্ছি না! ঘুমছে আল্লাহর কি নেয়ামত হারে,হারে টের পাচ্ছি। — feeling মেজাজ খারাপ	Neutral
2819	বিজ্ঞানে বিকাশ শ্লোগান সামনে রেখে আগামীকাল শুক্রবার জাতীয়পর্বের মধ্যে দিয়ে শেষ হচ্ছে বিজ্ঞানচিন্তা-বিকাশ বিজ্ঞান উৎসব। এ উপলক্ষ্যে বিশেষ আলোচনা 'বিজ্ঞানে বিকাশ'।	Positive
2820	নেইমার,রবিনহো ও ডেভিড লুইজ।	Neutral
2821	যাকে একসময় সব থেকে বেশি সময় দিতে চাইতাম আজ তাকে সময় দিতেই সব থেকে বেশি অসহ্য লাগে ὡE... যার সাথে কথা বলা ছিল এক স… https://t.co/guBVGbcMlP	Neutral
2822	RT @Rabbi_20: @touch_mh এই শুরের বাচ্চাদের হাই শরম কিছু নাই দুই দিনে ৫৫ জন আবাল জামাত বিএনপি বল্ক করলো আমার প্রশ্নের জব্বাব দিতে পারে নাই।…	Negative
2823	RT @its_Jannath: সুখে আছে যারা, সুখে থাক তারা, সুখেরও বসন্ত, সুখে হোক সাড়াὠE দুঃখীনি নারীর নয়নের নীড়, সুখী জনে যেন দেখিতে না পায়- আহা আ…	Neutral
2824	RT @MdNasir29687011: সাথি হারা পাখি জানে হারানোর জালা সেই ডালে আর ফুল ফুটেকি ভাঙে জে ডালা.. যা ভাবিলাম সব হইল ভুল একটি নদির দুটি কুল....…	Neutral
2825	নবম অধ্যায়বিবিধজনসেবক ৮৫৷ নিয়ন্ত্রক, উপ-নিয়ন্ত্রক, সহকারী নিয়ন্ত্রক,বা এই আইনের অধীন ক্ষমতা প্রয়োগ ও কার্য... http://t.co/SFF2yJlUWN	Positive
2826	শিক্ষা হলো সত্যের আবিষ্কার ও মিথ্যার অপনোদন......	Neutral
2827	সত্যি ভালোবাসা গুলো এক তরফা হয়,এক পাশ থেকে একজন নিজের থেকে বেশি ভালবেসে যাবে,অন্য দিকে শুন্য।তবুও তারা খুব ভালবেসে যায়।	Negative
2828	RT @2shr7: মহান বিশ্ববিদ্যালয় (!) থেকে বের হয়ে ৬ বসর বেকার থেকে পড়ালেখা করে একটা সরকারী চাকরি পাওয়ার পর যারা আনন্দ ধরে রাখতে পাড়ে না,…	Neutral
2829	“কেও কারও মত হতে পারে না। সবাই হয় তার নিজের মত।তুমি হাজার চেষ্টা করেও তোমার চাচার বা বাবার মত হতে পারবে না। সব মানুষই আলাদা।”―Humayun Ahmed	Positive
2830	কুন্দুজ শহরের রেডিও রোশনিকে নিয়ে তালেবান ক্রুদ্ধ....	Positive
2831	অন্যর কথায় ভুল বুঝে যে কাছের মানুষকে দুরে ঠেলে দেয়... সে কখনোই আপন ছিল না।। অামিও একমত ৷ অার সে কখনো কারো অাপন হ… https://t.co/nRcJHsXoqB	Negative
2832	কিছু ইচড়ে পাকা পোলাপান কাজের চেয়ে কথা বেশি বলে। মনে চায় ধরে থাপ্পর মারি। আর এরা ভালো কে বানায় খারাপ আর খারাপ কে বানায় ভালো।	Neutral
2833	মহেশপুরে ইয়াবা ও ফেনসিডিলসহ ৫ জন আটক http:/t.co/Tlqn9DVnLK	Negative
2834	@abu38470 @Tweet__Bangla সাঈদ ভাই আমি কিন্তু আপনার অনেক টুইট এ ই মজা করি, আমরা সবাই এখানে আসি হাসি খুশি থাকতে, এতে রাগ করার কি আছে	Neutral
2835	প্রধানমন্ত্রীর সংবাদ সম্মেলনে ''কি বিবিসির সাংবাদিককে প্রশ্ন করতে দেয়া হয় না?''	Positive
2836	ছবিটা দেখে চোখে পানি চলে আসে ~ মনটা এতটাই খারাপ হয়ে গেছে যে - এই ছবিটা নিয়া কিছু লিখতে ও ইচ্ছা করছে না। শুধু বলব… https://t.co/Cd9ixYYXBT	Negative
2837	আমার নিজের একটা বড় রকমের দোষ আছে।যে দোষের কারণে আমার জিবনের সব কিছু এলোমেলো হয়ে গেছে।আর সেই দোষটা হলো আমি সবসময় মানুষ চিনতে ভুল করি।	Negative
2838	@ProthomAlo দুই কোটি টাকা কোনো টাকা হইলো ওই টাকা দিয়া তোহ বিদেশ ট্যুর হইলে শপিং হইবো না শপিং হইলে বিদেশ ট্যুর হইবো না খালি বেশি কথা	Negative
2839	@BCBtigers @TamimOfficial28 ভাই আপনাদের অনেক ভালো বাসি ,তবে মাঝে মাঝে আপনাদের খেলা দেখে মন চায় , থাক আর কিছু বলবো না , একটু মনযোগ হন।	Neutral
2840	RT @Eroskwt:  তুমি চলে যাবার পর,,, আর মানুষ চিনতে ভুল হয় না ! _/﹋\_ (҂`_´) &lt;,︻╦╤─ ҉ - - - - - - #ইরস _/﹋\_	Neutral
2841	RT @Alleyen_: যে টিম বেশি পরিশ্রম করে ঐ টিমেরই ফিনিশিং ভালো হয় না!! ঐ টিমেরই মাথায় লেগে আত্মঘাতী গোল হয়!! ঐ টিমেরই শেষমেশ কপাল খারাপ হয়…	Negative
2842	@Moushumi__ ফাস্ট গোল টাই অনেক মজা পাইছি,আমি বললাম ফাস্ট কর্নার এ গোল হবে,কেউ বিশ্বাস করে নাই ঠিক হয়ে গেলো পুরো দোকান সাইলেন্ট, মজা আর মজা	Neutral
2843	যত তেল মারবেন তত কাছে আসতে পারবেন। #কিন্তু নীতি আদর্শ বান মানুষ তেল মারার মত এত বড় মহৎ কাজটি কখনো করতে পারে না ( বা কখনো করবে না)	Neutral
2844	_____সবায় শুধু Crush - Crush করে। শুধু আমিই পরে আছি - যে Crush খেতেই ভয় পায়.. ὠ2 কারণ, Crush টা যদি ভুল ক্রমে কো… https://t.co/XUTeDJEL8j	Neutral
2845	অতিরিক্ত সুন্দর নারী ও পুরুষ প্রেমে ধোঁকা দেয় বেশি  আজকাল প্রেমের সম্পর্কে ধোঁকা দেয়ার ঘটনা অহরহই ঘটে চলেছে।... http://t.co/WZ1SnNUzvd	Negative
2846	একটু পরেই শুরু হবে বেলজিয়াম বনাম ফ্রান্সের মধ্যকার সেমি ফাইনাল । রাশিয়ার সেন্ট পিটার্সবার্গের একটি ফ্যানজোনে নিজের দলকে সমর্থন জানাতে নানান সাজে উপস্থিত হয়েছেন সমর্থকরা।	Positive
2847	কেন দূরে - দূরে তুমি থাকো ? কেন অবাক হয়ে আমি সবো ? ভেজা চোখ না মানে, হাসি মুখ না মানে, তুমি নেই.... ! দু:খ টা নি… https://t.co/r37131XyLk	Neutral
2848	RT @MasoodSayedee: কী অপূর্ব, অসাধারণ !! একবার আল্লাহ বললে ৭০ বার আল্লাহ বলা হয়ে যাচ্ছে। নফল কাজ গুলির সওয়াব ফরজ আদায় করার সওয়াব এর…	Neutral
2849	প্রতিটা মামা বাবার কাছে তার ছেলে মেয়ে খুব আদরের হয়। সে মামা বাবা গরীব হোক বা বড় লোক হোক। আমি দেখেছি কি ভাবে এ… https://t.co/JuJBbd7vqq	Neutral
2850	১ ) আজকে আপনাদের হাতে এই মোবাইল ফোন কে দিয়েছে...? ২ ) আজকে আপনাদের হাতে 3g 4g ইন্টারনেট কে দিয়েছে....? ৩ ) আজ… https://t.co/N030EhcX33	Neutral
2851	আমি রাজনীতি বেশি বুঝি না তাই রাজনীতি নিয়ে আর বেশি পুস্ট দিমু না। সরকার ভায়া খুশি তো? তবে মাঝে মাঝে ট্রল করমু, ঠি… https://t.co/MGmf1pSKBi	Neutral
2852	বিবিসির বাংলার রেডিও অনুষ্ঠানের লাইভ স্ট্রিমিং-এ আজ যা থাকছে: ১৯৭১ সালের মুক্তিযুদ্ধের সময়কার মানবতাবিরোধী অপরাধে জড়িত থাকার জন্য দল হিসেবে জামায়াতে ইসলামীর বিচারের জন্য আইন সংশোধনের উদ্যোগ নিচ্ছে সরকার। বাংলাদেশের আইনমন্ত্রী আনিসুল হক আজ জানিয়েছেন, ইতোমধ্যে তারা এ সংক্রান্ত আইনের খসড়া তৈরি করেছেন এবং তা মন্ত্রিপরিষদের অনুমোদনের জন্য পেশ করা হবে। বাংলাদেশে আরাকান আর্মির এবং আরসার তিনটি ঘাটি রয়েছে বলে মিয়ানমার সরকারের মুখপাত্রের বরাত দিয়ে যেসব খবর প্রকাশ করা হয়েছে -তার প্রতিবাদ জানিয়েছে বাংলাদেশের পররাষ্ট্র মন্ত্রণালয়। বাংলাদেশে টেলিভিশন অনুষ্ঠান এবং টকশোতে যাওয়ার ক্ষেত্রে সতর্ক হওয়ার জন্য দলীয় নেতাদের পরামর্শ দিয়েছে বিএনপি। দলটির পক্ষ থেকে একটি গাইডলাইন তৈরির করার উদ্যোগও নেয়া হয়েছে।	Positive
2853	তারেক রহমানের বাবা সরাসরি রাজনীতিতে সম্পৃক্ত ছিলেন না তার বাবার আগে দুইজন রাষ্ট্রপতি থাকলেও তার বাবাই...	Neutral
2854	মন ভালো থাকলে যতটা না হাসি পায় ὠ2ὠ2 তার চেয়ে বেশি হাসি পায় মন খারাপ থাকলে ὤAὤA আর ইমোশনাল কিছু শুনলে তখন হাসিই থামা… https://t.co/5pi2mIcgUR	Neutral
2855	আজ শেষ হচ্ছে ‘গঙ্গা-যমুনা নাট্য ও সাংস্কৃতিক উৎসব’ http://t.co/XLa6okbLYr http://t.co/tz6CzHTDqa	Neutral
2856	ব্যাটিং বিপর্যয়ে বাংলােদশ: শুরুতেই বাংলাদেশের দুই ওপেনার ব্যাটসম্যান তামিম ইকবাল ও ইমরুল কায়েস আউট। কেমার রো...	Negative
2857	বিএনপি যদি কখনো ক্ষমতায় আসে তাহলে সবার আগে দেশ ছেড়ে পালাবে এই গাধা । যদি তার ভাগ্য সহায় হয়। আর যদি সে মাইনকা চি… https://t.co/1kmAJf6aVN	Neutral
2858	হে আমার রব... আমি পথহারা একজন পথিক। আমাকে সরল পথ দেখাও এবং স্বরল পথে রাখো। আমার গুনা সমূহ ক্ষমা না করে নিও না ঐ অন্… https://t.co/qmnwNPEIHT	Positive
2859	নদী পথে যাত্রী ও পণ্য পরিবহন নিরাপদ করতে সুরক্ষিত নৌপথ গড়ে তুলতে প্রধানমন্ত্রীর আহ্বান: ঢাকা, ০৭ সেপ্টেম্বর ২০...	Positive
2860	ভারতের  নোবেল পুরষ্কার বিজয়ীর স্থাপিত স্কুল কীভাবে বদলে দিচ্ছে দরিদ্র শিশুদের জীবন?	Positive
2861	আবারো লক্ষ্মীপুর কারাগারে তাহেরপুত্র: লক্ষ্মীপুর: লক্ষ্মীপুর পৌর মেয়র ও জেলা আওয়ামী লীগের সাবেক সাধারণ সম্পাদক...	Neutral
2862	RT @HashmatAliLiton: ❎কবীরা গুনাহ❎ ০১. আল্লাহর সাথে শিরক করা; ০২. কাউকে খুন করা; ০৩. যাদু করা; ০৪. নামাযে অবহেলা করা; ০৫. যাকাত না দে…	Neutral
2863	RT @e_gafari: সেনাবাহিনী দিয়ে ভূখণ্ড দখল করার কি দরকার! আমরা চাইলে ঐ তো এইভাবেই দিয়ে দেই। কেন শুনেন নাই? কয় একম মাস আগে আমাদের প্রধানম…	Negative
2864	খেলাটা ভালই ছিলো ৷ মেসির জন্য খারাপ লাগছে ৷ পোলাডা মারামারি থেকে দূরে থাকে ৷ দেখা হবে আবার ১ হালি বছর পরে ৷ অভিনন্দন ফ্রান্স ✌	Neutral
2865	২৪ টা বসন্ত কাটিয়া গেলো, তবুও অনূঢ়া (কুমার) রহিয়া গেলাম :S	Negative
2866	অনেক ক্ষন ধরেই টিভি দেখছিলাম আওয়ামিলীগ : ১৩১১৩ আর বিএনপি : ৫৭৬৮ ৷ ঘটনা কি থাইমা আছে কেন ? খুশিক নির্বাচন কি স্থগিত… https://t.co/SPRwKgKPZM	Neutral
2867	#Portugal :( এ কি শুরু হল ! রোনালদো সেও ! কষ্ট-এর মাঝে এক চিলতে সুখ । জমে উঠল রাশিয়ার আসর নেইমার কি পারবে তার… https://t.co/Bo0geT4wA0	Neutral
2868	এই কাঠফাটা রোদের মাঝেই আমাদের জীবন ও জীবিকার তাগিদে ছুটে চলতে হয় অবিরাম? আসুন জানি কীভাবে সুস্থ থাকা যায় এই...	Neutral
2869	ঢাকা অাসছেন ভারতের স্বাস্থ্য ও পরিবার কল্যাণ মন্ত্রী হর্ষবর্ধন _ BANGLA-NEWS24	Neutral
2870	শেষ ২ ওভারে মাশরাফি আর মিরাজ অসাধারণ টেস্ট ম্যাচ খেললোἼF, নাজমুল অপু ২ টি ক্যাচ ফালাইলোᾑ1, ইমরুল ০ রান করসে ও ১ টি ক্… https://t.co/G34qyN84VH	Negative
2871	আনেক চেষ্টা করেও ঘুম আসতে পারলাম না । আমারজে কি হয়েছে রাতে ঘুম হয় না আর দিনে আনেক ঘুম পায় জানিনা কিভাবে ত্রই বদ আভাস দূর করব	Negative
2872	@karimbenezema আমিও কিন্তু আমি গেম বাজাইয়া লাইছি  @HafizDiluyar	Neutral
2873	অসুস্থ হইলেও এই প্রবাসে দেখার মত কেউ নাই, আল্লাহ ছাড়া। হঠাত করে অনেক জ্বর, খুব খারাপ লাগছে। সবার কাছে দোয়ার দরখাস্ত রইলো — feeling sick	Neutral
2874	@white_pori আমি তা মনে করি না আমার ভালো কাজের জন্য মানুষ আমার পিছনেও বলবে যে না কাজটা ভালোি করেছে আর খারাপ কাজের জ… https://t.co/OTghnBNiNm	Neutral
2875	@JaNNaTOK420 জন্ম আমার ধন্য হলো মাগো এমন করে আকুল হয়ে আমায় তুমি ডাকো অনেক অনেক মিস করি হে বাংলাদেশ বিজয়ের শুভেচ্ছা ও অভিনন্দন রইল	Neutral
2876	অনেকেই আজকাল ইন্টারনেট থেকে ব্যক্তিগত তথ্য মুছে ফেলতে শুরু করেছেন। কেন?	Positive
2877	#প্রেমের শেষ ফল, gf বলে bf খারাপ bf বলে gf #খারাপ। মাগার দোষ টা পার্কওলারὠ2 মাইয়া মানুষ ছেক্যা দিছে, তা ও আবার দেশ… https://t.co/fwqrgWezsZ	Neutral
2878	অনেকদিন হল কোথাও হাড়িয়ে যেতে পারছি না , বড্ড ইচ্ছা করছে , মোবাইল নামক মিথ্যা সত্য বলার উপকরন টা থাকবে না, কোন বাধন না, শুধুই আমার আমি ।	Negative
2879	আজ অবধি যতোদিন বাংলাদেশের খেলা প্রথম থেকে দেখছি ততদিন বাংলাদেশ হারছে। ὃ8 আজও প্রথম থেকে দেখছি আবেগ নিয়ে। ὡ1 কি যে হয় কে জানে..	Neutral
2880	বাবা-মা-ভাইকে বেঁধে স্কুলছাত্রীকে গণধর্ষণ: সিঁদ কেটে ঘরে ঢুকে বাবা, মা ও ভাইকে বেঁধে রেখে অষ্টম শ্রেণীর এক ছাত... http://t.co/imP6ZnwMdM	Negative
2881	আপনি যত ভালো আর যত খারাপ ই হন না কেন জীবনে একটা কুকুর এর বাচ্চার আপনার সাথে পরিচয় হয়ে যাবে! এরা কখনো পারবে না.… https://t.co/A0jdQZYeWx	Negative
2882	আওয়ামীলীগ ক্ষমতায় থাকলে দলীয়করণ ও গডফাদার সৃষ্টি হয় -এরশাদ | News	Neutral
2883	২০০৬ এ মেসি কে না খেলিয়ে যে ভুল করেছিল। ২০১৮ তে এসে মেসির পাশে ডিবালাকে না খেলিয়ে সেই একই ভুল করতেছে। এই খেলা নি… https://t.co/xqJ5KWJvvY	Neutral
2884	জেনে নিন যৌন মিলনের চারটি নিয়ম। যৌন মিলন করার নিয়ম মেনে যৌন সহবাস করে আগের চেয়ে অনেক বেশি যৌন আনন্দ লাভ করুণ এবং… https://t.co/1mwZT7JUi3	Neutral
2885	একটা জিনিশ সব সময় মনে রাকিয়েন বাচ্চারা সব সময় ছুট থাকে না তাই অদের ছুট মনে করে, অদের সাথে খারাপ আচরণ করিয়েন না,… https://t.co/u0LiStW2y2	Neutral
2886	ক্যাসিনো-কাণ্ডে অবৈধ সম্পদ...	Positive
2887	RT @doly_mahmuda: এই সিষ্টেমের কাছে আমি খুবই ছোট । আমার বলায় কিছু পরির্বতন হবে কিনা জানি না। তবুও বলতে চাই যে - ছোট ছোট এরকম ৫০টা দলও যদি…	Neutral
2888	Independence of Bangladesh and Bangabandhu/বাংলাদেশের স্বাধীনতা ও বঙ্গবন্ধু	Neutral
2889	RT @itsmeMitu_RM: @RanaSarkar আলোচনায় থাকতে চাই ।ভালো কথা তো সবাই বলছে তাহলে বিপরীতে বললে আলোচনায় থাকতে পারব । তাহলে সেটাই করা যাক ὠ2ὠ2ὠ2 নি…	Neutral
2890	গ্রামে শীতের আমেজ টা একটু আগে ভাগেই আসে। কাল ঢাকা থেকে আসার সময় হাফ হাতা টি শার্ট পরে আসলাম গরম এ কিন্তু যখন রাজবা… https://t.co/jVaWNcjrBB	Neutral
2891	আমি জানতে চাই রবি কিং খেলছে না কেন ? আর কোচ টেডী সেরিহম এর জন্যে কোলকাতা ম্যাচ হারছে তার ম্যাচ পরিচালনা কিছু ভুল আ… https://t.co/uZcmVZPcY4	Negative
2892	এক ভুল দুইবার করিস না । গুছিয়ে বলা মিথ্যা কথায় আর পা দিসনা তাহলে সবটা হারাবি। সময় থাকতে বুঝে নিস কোনটা আসল কোনটা নকল ।	Positive
2893	জীবনে চলার পথে অনেক ভুল করেছি । তবে এই ভুল থেকে যে শিক্ষা পাইলাম তা থেকে কখনও বঞ্চিত হবার মত নয়। এটাই বাস্তব জীবন----	Positive
2894	দিদি তো আর কিছু দেখেন না, না হলে আজ পশ্চিম বাংলায় এত company বন্ধ। শুধূ মুসলিম ভোট এর জন্য গরু তা দান,দিদি এখন নয়… https://t.co/UiGBxMi9aV	Negative
2895	RT @Seneha_: ভালো কাজ করা সব সময়ই ভালো। উচিৎ কাজ করাই জ্ঞানীর নিদর্শন। ভালো কাজ করাই শেখানো হয়েছে আমাদের ছোটবেলা থেকে। কিন্তু সত্যি কি তা…	Positive
2896	একটা ভূল ঢাকতে তুমি হাজারটা মিথ্যা আরো কিছু নতুন ভুল করে ফেলছো... চাইলেই কিন্তু ক্ষমা চেয়ে সেই ভুলের খাতাটিই বন্ধ করতে পারো হে মানব :)	Positive
2897	ভুল বুঝা এবং ভুল খুজা দুটা এক বিষয় নয়। কোন আত্মীয়তা ভুল বুঝার কারনে নষ্ট হয়, আবার কোনটা ভুল খুজে ইচ্ছাকৃত নষ্ট করা হয়।	Neutral
2898	RT @tonnimollik: সীমা লঙ্গন কারীকে সয়ং আল্লাহ ও পছন্দ করেন না । রাজনীতি বড় জটিল সেটা আমি জানি তবে এতো নিষ্ঠুর সেটা আমার জানা ছিলো না ? মা…	Negative
2899	RT @Ahmedshahjahan7: ঢাকা থে‌কে রাজশাহী : ৩২০ কি মি . রাজশাহী থে‌কে ঢাকা ৩২০ কি মি . দুই তলা থে‌কে পাচ তলা : ৩ ফ্লোর . পাচ তলা থে‌কে দুই ত…	Neutral
2900	আগামীকাল ৩১ জানুয়ারি রাত ১২:০০ টার পর থেকে আমি ৩ মাসের জন্য ফেসবুকে আসবো না কেউ ভুল বুঝবেন না যে এটা ভেবে যে আমি... https://t.co/BAFX0R4Qek	Neutral
2901	মনের অজান্তে কাউকে কষ্ট দিয়ে ফেল্লে,ὡ2 আপচুস করি সারা দিনὡ6 আর কেউ আমাকে কষ্ট দিলে তাও আপচুস করিὡ6 ভাবি মনে হয় আমারই ভুল ছিলোὡEὡE	Neutral
2902	এক যুগেরও বেশি সময় ধরে আহত পাখিদের সেবা দিয়ে আসছেন কুমিল্লার মতিন সৈকত। বিস্তারিত দেখুন ভিডিওতে...	Positive
2903	আকাশ ছোয়ার স্বপ্ন নিয়ে ছুটছি আমি হন্যে হয়ে আকাশ তুমি যেওনা দূরে আর। ঐ যে তুমি খানিক দূরে মাটির বুকে আছো শুয়ে ধ… https://t.co/Z71qlPK3IA	Neutral
2904	RT @sanjoybasu1: এ কোন অন্ধকার যুগে আমরা এত বড় দেশ কে নিয়ে চলেছি? মোদি জী ক্রমশ দেশের গণতান্ত্রিক পরিকাঠামো কে পঙ্গু করে এক বিশাল... http…	Negative
2905	Post curtsy Sabrina Kabir apu Allah give me hedayat! মুখ ঢাকা ফরজ কী না?? দেখি কুরআন আর সুন্নাহ কী বলে । ১ । আ… https://t.co/9ew3LAIzBY	Neutral
2906	যুবদলের সভাপতি-সম্পাদকের বিচার শুরু: ঢাকা: পুলিশের কর্তব্যকাজে বাধা ও আইনশৃঙ্খলা বিঘ্নিত করার অপরাধে যুবদলের স... http://t.co/bnyRg2NdbS	Negative
2907	গতকাল ইন্সটিটিউট অব লেদার ইঞ্জিনিয়ারিং এন্ড টেকনোলজির শিক্ষার্থী এবং এলাকাবাসীর মধ্যে ৩ ঘন্টা যাবৎ সংঘর্ষ হলেও...	Negative
2908	--- ১ টা সিট দরকার --- ১১ তারিখ দুপুর ২টার পর যে কোনো সময় ঢাকা - রাজশাহী- চাপাই রুটের একটা টিকিট থাকলে জানায়েন কেউ। ধন্যবাদ	Neutral
2909	টাইম মেশিনে করে ১বছর ৫ দিন আগে গিয়ে ভুল টা সংশোধন করতে পারলে ভালো হতো। এই জন্যই তো বলে, ভাবিয়া করিও কাজ :) — looking for one chance	Neutral
2910	@77Anik ঢাবিতে চান্স পাইয়াও র‍্যাগ খাইব :D	Neutral
2911	@AHNAFSHAHRIYAA কেন মানুষ এতো টা স্বাথপর তা করে আর কেন বার অন্য কে কাদায় কি সুখ পায় এই স্বার্থপর মানুষ গুলো অন্য এক জনের জীবন নষ্ট করে	Negative
2912	ইরান বলছে চিকিৎসা সামগ্রীতে বিশেষ ছাড় পাওয়ার কথা থাকলেও নিষেধাজ্ঞার কারণে জীবন রক্ষাকারী ঔষধ পাচ্ছে না তারা।	Negative
2913	চুক্তির আনুষ্ঠানিকতাও সারলেন মামুনুল: বার্তাবাংলা ডেস্ক :: আগেই জানা গিয়েছিল ইন্ডিয়ান সুপার লিগের (আইএসএল) দল ... http:/t.co/Z4uPyQ1Jnc	Neutral
2914	অসাধারণ একটি শর্ট ফিল্ম , সবাইকে দেখার ও শেয়ার করার অনুরোধ রইলো । আসুন , নিজে সচেতন হই এবং অন্যকে সচেতন হতে উৎ… https://t.co/tePPneUCL5	Positive
2915	আমি ৪০ পাওয়া ক্লাশের সেই ছাত্র যার বাবা ছেলে ৪০ পাওয়ার খুশী তে গাড়ি কিনে আনে। ভুল বুঝবেন না মোটেও। যা দেখবেন সব.… https://t.co/Xr4yIGuWSo	Neutral
2916	কেঁচো খুঁড়তে গেলে কেউটে সব যদি বেরিয়ে আসে, তাহলে বুঝতে হবে, কেউটে আছে। কেউটের ছোবলে নীল হয়ে আছে আমাদের বহু সেক্টর। কেঁচো খুঁড়তেই হবে।	Positive
2917	মালেয়শিয়ায় বি এন পির ৩৬ তম প্রতিষ্ঠা বার্ষিকী ও তারেক রহমানের ৭ম কারা মুক্তি দিবস উদযাপিত	Neutral
2918	RT @TuhinaAfrin: আপনি বেঁচে থাকতে যে আপনার খোঁজ নেয় না, আপনি মারা গেলেও সে আপনাকে খুঁজবে না..।তাই কারো জন্য অবেগের বশত ভুল কাজ করা থেকে বি…	Positive
2919	সাদা মনে কষ্ট বেশি,, জীবন যুদ্ধে কত সুখ পেলাম জানিনা তবে টেনশন ছিল অনেক, অবাক করা জিনিস গুলো কষ্ট ছিল বেশি কখনো অবাক হয়ে সুখের খোজ পাই নিὡ2ὡ2	Neutral
2920	রেকর্ড বৃষ্টি, বন্যা এবং ভূমিধসে জাপানে কমপক্ষে একশ জন মারা গেছে। ঘরবাড়ি ছাড়তে বাধ্য হয়েছেন প্রায় ২০ লাখ মানুষ। বৃহস্পতিবার থেকে জাপানের পশ্চিমাঞ্চলে যে পরিমাণ বৃষ্টি হয়েছে, তা পুরো জুলাই মাসের গড় বষ্টিপাতের তিনগুণ। হতাহেতের ঘটনা সবচেয়ে বেশি ঘটেছে হিরোশিমা এলাকায়।	Negative
2921	ঘোচ দি চাকৰি লোৱাকেইজনৰ কি গতি হব মোৰ মতলব নাই.. কিন্তু খং এইটো কথাত উঠিচে যে সেই ফটুৱা কেইটাৰ কাৰণে কেইজনমান যোগ্য ব্যক্তি বঞ্চিত হল....	Neutral
2922	Valentines Day Ὑ5 বাবু চলনা যাই । ὠB জানু একটু আস্তে । ᾒD শুধু আজকেই তো প্লিজ । ὤF Then ? ‼️ মেয়েটা খারাপ , অনেক... https://t.co/h47gtDxxRi	Neutral
2923	আহা! এ কি আনন্দ আকাশে বাতাসে! এ রাত যদি না শেষ হয়! তবে কেমন হতো তুমি বলোতো! না না না! তুমি বলো........!! হা হা হা… https://t.co/Sf9usvMBt4	Neutral
2924	পোলা হইছি তাতে কি হইছে!! বউ অথবা জি এফ ভুল করলে আমরা আগে সরি কমু ক্যান?? এইডার সলুশন কেউ দিতে পারবেন না আবার... https://t.co/eLACCeZzcT	Neutral
2925	ভুল বুঝে দুরে সরে তুমি গেছো চলে জানলে না কি যে ব্যাথা হৃদয়ে দিলে, ভেংঙ্গে সব ভুল জানি এক দিন, খুজবে সেদিন তুমি খুজবে এ মন তো পাথর তো নয়।	Negative
2926	বলোতো কতটা মুগ্ধ হলে ভালোবাসা হয় ? কতটা দগ্ধ হলে মোহিত হওয়া যায় আজীবন ? কতটা সময় অনুভব করলে চিনে নেওয়া যায় একে অপরের জীবন?	Neutral
2927	আসলে আমরা কেও ই ধুয়া তুলসি পাতা না। সকলের পিছনেই দোষত্রুটি রয়েছে। সমস্যা হচ্ছে নিজের ভুল বা দোষ নিজে খুজে পাই না।;) — feeling positive	Neutral
2928	অফিস থেকে যখন বাসায় হেটে হেটে বাসায় আসতে হয় তখন মনে পরে আমি চাকুরি করি ব্যবসা না :( :( বি:দ্র: বাইক টা সেল করে মজা টা বুজতেছি	Neutral
2929	লাক্স ক্যাফে লাইভে আজকের অতিথি পূজা সেনগুপ্ত উপস্থাপক: মৌসুমী মৌ (Mousumi Mou)	Positive
2930	সবসময় ধর্ম নিরপেক্ষ পার্টি কে ভোট দিন। সে যতই খারাব হোক না কেন....অন্তত এটা তো বোঝে যে সব ধর্মের লোক মিলে আমাদের ম… https://t.co/cfCpFECBRy	Neutral
2931	পিরোজপুরের মঠবাড়িয়া উপজেলায় জেসমিন বেগম (৩৫) নামের এক গৃহবধূকে হত্যার দায়ে স্বামী আবুল কালামকে (৪৪) মৃত্যুদণ্ড দিয়েছেন আদালত। একই সঙ্গে তাঁকে এক লাখ টাকা জরিমানা করা হয়েছে।	Positive
2932	তুই খালি , আমার এ বই খাতায় , আবারো ভুল করে কাটাকুটির খেলায় ......... তোর কিছু বানানো নাম ধরে , আমিও ভুল করে ডেকে ফেলি তোকে,...	Neutral
2933	এই প্রিয় মিরপুর টাকে বিদায় জানাতে কেমন জানি মায়া লাগে বার বার। তারপরও এই ঢাকা শহর ছেড়ে বহুদূর আপন শহরে চলে যাবো। — feeling sad	Neutral
2934	মাঝে মাঝে মন খারাপ হলে বুঝে নিতে হবে মন টা ঠিক ই আছে। ইট, কাঠ বা পাথর হয়ে যায় নি........ — listening to Aguner Poroshmoni Choawao Prane	Positive
2935	আমি চাইনা খারাপ হতে আর পারবও না অন্যদের মত অত ভাল হতে তবে যেমন আছি তার চেয়ে আর বেশি ভাল হওয়ার চেস্টা করি তবে কেন… https://t.co/66eFKphOSZ	Positive
2936	এ কি নাটক দেখালো ফ্রান্স শেষ পনের মিনিট ὠ2ὠ2 স্টার জলসা থেকেও অধম ὠ2ὠ2 (বি. দ্র: সব নাটক তো খালি নেইমারই করে তাই না ফ্… https://t.co/pVp2IwV9CT	Negative
2937	অচেনা পাখি হয়ে বেধেছিলে বাসা, নিয়ে গেল মন তুমি ভেঙ্গে দিলে আশা। কার আকাশে এখন তুমি মিষ্টি গান গাও, মন ভেঙ্গে তুমি কি সুখ পাও?	Neutral
2938	একটু আগে দেখি আমার এক স্কুল ও কলেজ বন্ধু আমার পেইজে মেসেজ দিছে, কেমন আছোস? বন্ধু তোর পছন্দমতো দলের জন্য কাজ করে... http:/t.co/aU6X7DY7HS	Positive
2939	যাকে সত্যিকারেভালবাসা যায়সে অতি অপমান, আঘাতকরলে,হাজারব্যাথা দিলেওতাকে ভোলা যায় না...._কবি কাজী নজরুল ইসলাম।	Positive
2940	অ আ ক খ ঙ চ আর কে যেন মন্ত্রী হইছে কে হয় নাই তা নিয়া অনেকের কৌতুহলের শেষ নাই! গতবার যারা যারা ভাগ পায় নাই এইবার… https://t.co/GsCBl75bTA	Neutral
2941	নারায়ণগঞ্জে ছাত্রদল নেতার বাসা থেকে অস্ত্র ও গুলি উদ্ধার http://t.co/o8zptxyAgd	Negative
2942	হাতে রেখে হাত, বুকে রেখে বুক চলেছি আমরা সয়ে সুখ ও দুঃখ একই সুরে ঐ তাকবীর ধ্বনি তুলেছি কত রাজপথে জানি শত শত স্মৃতি.… https://t.co/bBJCr7vuKL	Neutral
2943	আমাদের ছোটবেলার মজার খেলাগুলো, কে কে মিস করেন খেলা গুলো ? আর কে কোন খেলাটি খেলেন নি ? কমেন্ট করে জানান আমাদের ! https://t.co/7TqIamO0iw	Neutral
2944	এত টাকা বকেয়া হয় কী করে?!	Negative
2945	নিজের শরীর নিয়ে হীনমন্যতায় ভোগা, যেটা চিকিৎসাবিজ্ঞানের ভাষায় 'বডি ডিসমোরফিক ডিসঅর্ডার', সেটা কীভাবে ব্যহত করেছে মিচ ও লিয়ানের সম্পর্ককে? 👩‍❤️‍💋‍👨	Positive
2946	তিন বছর ধরে বেড়েই চলেছে চীনা ভিডিও তৈরির অ্যাপ টিকটকের ব্যবহারকারীর সংখ্যা। বর্তমানে সামাজিক যোগাযোগমাধ্যমে অ্যাপসের...	Positive
2947	@boozy_me @hatem4067 @SH_Helal13 @Pagolmon_ মজার বেপার কি জানেন আমার এক ছোট ভাই সখ করেছে আমাদের মেন্সন পরবে। দিলাম সে ত কথা কয়না খালি হাসে	Neutral
2948	@TouchCrazy হ্যা দাদু ভাইয়া সঠিক তবে আমি বিশ্বাস করতে কষ্ট হয় আপনার সাথে আমার ভালোবাসা কি ভাবে কমতি হলো, ,,,আমি এখনো খুঁজে পাইনি দাদু	Neutral
2949	যে তোমাকে ভালোবাসে ὠD✌। সে তোমার পিক/পোষ্ট এ কমেন্ট করে নাὠA কে কি কমেন্ট করলো তা পরেὠEὠE ভুল কিছু পাইলেই যাতা দিয়া ধরেὡCὡC #গলুর_আম্মা	Neutral
2950	আইডি হ্যাক করার মজাই আলাদা আর তা যদি হয় ভিজা বিড়ালদের সব থেকে মজা লাগে চুপ চুপ করে সব কিছু পড়তে ...। খালি কোপ হবে	Neutral
2951	২৩ বছরে কোন কাপ নিতে পারে না তাই অনেকের কাছেই খারাপ দল তাহলে ১ টা ক্লাসে তো 1st Boy ১ জনই হয় সবাই হইতে পারে না কে… https://t.co/FZEHWrl1cA	Positive
2952	অভিনন্দন মিরাজ ভাইয়া ὠD আর ও একবার ৫ উইকেট নেবার জন্য! ὠD হে বাংলাদেশ ওদেরকে ব্যাটিংএ নামিয়ে দাও ὠE আমরা শুধু উইকেট নিবো ὊA἞7἞9	Positive
2953	বিনয়ী মানুষদের লোকেরা অনেক বেশী দূর্বল মনে করে, সুযোগে খারাপ ব্যবহার করতেও ছাড়ে না। তাই মাঝে মধ্যে একটু আদটু ভাব নিয়ে থাকা দোষের কিছু না।	Neutral
2954	RT @ziabiplob: No Uniform - No Movement ❎ স্কুল কলেজ ড্রেস অবশ্যই পড়বা আগামীকাল, কোনো অবস্থাতেই ড্রেস ও আইডি কার্ড ছাড়া বাহির হবা না ✋ #S…	Neutral
2955	তুমি এলে যেন অবাক শ্রাবণেরই সুখ পলক চোখের যাক থেমে, দেখে ওই মুখ ভাসলো মেঘে পরাণ আমার, উদাসী মন কান পেতে শুনতে পাবে বুকের কাঁপন।	Neutral
2956	চলেন ঘুরে আসি কোন এক সকালে পদ্মার পারে, সকাল বেলার তাজা ইলিশ আর ভাজা মরিচ দিয়ে খাওয়া যাবে । খুব মজা হবে কিন্তু ।ὣ5ὣ5ὣ5ὣ5ὣ5ὣ5ὣ5#অবাস্তব	Neutral
2957	সে চলে যেতে চাইলো ।সে চলে যেতে দিলো.. একটা বার ও বল্লো না যেও না . এর নাম কি ভালোবাসা ? . #ইকরি (কথাকলি)	Neutral
2958	RT @arihan_arifa: আমি তোমাকেই বলে দেব কি যে একা দীর্ঘ রাত, আমি হেঁটে গেছি বিরান পথে আমি তোমাকেই বলে দেব সেই ভুলে ভরা গল্প, কড়া নেড়ে গেছি…	Neutral
2959	- ইসলাম ও সার্বজনীন মানবাধিকার	Neutral
2960	গ্রামের চা দোকান গুলোতে না বসলে বুঝা যেত না, যে দেশের মানুষ শেখ হাসিনা বা বেগম খালেদা জিয়া চাইতে এত ভাল রাজনীতি বু… https://t.co/zURioBHn5u	Neutral
2961	অবশেষে আমরা আমাদের ক্যাম্পাসের উভচর ও সরীসৃপ এর উপর একটি সার্ভে করতে যাচ্ছি। এটি গ্রীন এক্সপ্লোর সোসাইটি কর্তৃক...	Neutral
2962	ফুল নেবে না কান্না দেবে? সত্য করে বলো কান্না দেবে তাই বলে কি উল্টা পথে চলো। তুমি বন্ধু উল্টা মানুষ ভালকে কও মন্দ… https://t.co/XrJeQMiC58	Neutral
2963	RT @aponrose88: কষ্ট পেয়ে মন খারাপ করনা, যদি তোমা র শেয়ার করার মত লোক থাকে। কষ্ট, মরণ যন্ত্রনা তারাই ভোগ করে যায়, যাদের কারো... https:/…	Neutral
2964	WB এর লোকজন আজ ৩ ভাগে বিভক্ত.. ১. যারা ব্রিগেড যাবে... ২. যারা সরকার কে খিস্তি মারবে.. ৩. যারা এই সব দেখে মজা নেবে… https://t.co/dP7LBsgThB	Neutral
2965	@maimuna_ctg ও তখন সৌচাগারে গিয়েছিলো :p @sajid_nazmus	Neutral
2966	যদি কখনো ভুল করে মনে পড়ে যায় এই আমাকে যদি তখন অঝড় ধারায় বৃষ্টি নামে তোমার চোখে তুমি পারবে কি আমায় ভুলে থাকতে ?… https://t.co/9ad2ZFbip5	Neutral
2967	RT @SubhrajitNath7: Stylish Divas Beautiful Bridal Look❤❣ মেঘে মেঘে আজ কেন তারারা ঢাকা মনে মনে আজ কেন বেজে ওঠে গীটারের তারগুলো পাগল এই মন…	Neutral
2968	‘তিনিই সেই মহান সত্তা, যিনি তাঁর বান্দাদের তওবা কবুল করেন এবং অপরাধ ক্ষমা করে দেন। তোমরা যা কিছুই করো সবই তিনি অবহিত’ (শূরা ৪২/২৫)।	Neutral
2969	হারার মধ্যে ও আনন্দ রয়েছে। কিন্তু তা উপভোগ করতে জানতে হয় যা অধিকাংশই পারেনা।	Positive
2970	@TahseeNation আপ নার রোস্টের ফলে সমাজে কোলা হলের সৃষ্টি হচেছ | আপনার কাজ গুলো হচ্ছে গীবত | কারোর কোন ভুল হলে তাকে অ… https://t.co/gFWrGH4rry	Neutral
2971	কেউ বলে আলো ভাল, কেউ বলে আঁধার কালো হোক সে আলো বা অন্ধকার কী আসে যায়? যার দেখার দৃষ্টি যেমন সে তেমনি পায়। আলোয়… https://t.co/RwBAww6PO9	Neutral
2972	RT @Afsanam94886954: দেশে যানজট এর সময় কাজে লাগানোর জন্য নাকি প্রতিটা লোকাল বাস এ পড়ার জন্য বই রাখা হবে।কথা কি সত্য! হলে ভালোই হয়। তবে…	Positive
2973	হলুদ মিডিয়া সব তাদের হুকুমের গোলাম হয়ে কাজ করতেছে এখন থেকে এ সবটির লিস্ট করে রাখা হক ভবিষ্যৎ এ কাজে আসবে আমরা ভু… https://t.co/RoMFQVfUXy	Negative
2974	আমরা বলি, আমি এই মজার বিষয়টা খুব উপভোগ করছি। আবার বলি, কয়েক দিন বা মাস থেকে এই কারণে খুব কষ্ট ভোগ করছি। আসলে... https://t.co/M99hyCkTfC	Neutral
2975	জেরুসালেমে কবর হবে, এটা অনেক ইহুদীর স্বপ্ন। কিন্তু সেখানে আর কবর দেয়ার মতো জায়গা নেই। কাজেই ভূগর্ভে গড়ে তোলা হয়েছে ২০ হাজার মৃত মানুষের জন্য এক নগরী	Positive
2976	খবর ১ - আমরা মহাকাশে পৌছে গেছি - হাসিনা . খবর ২ - বুড়িগঙ্গা থেকে ২ দিন আগে গুম হওয়া কোটা আন্দোলন নেতা আরিফের লাশ… https://t.co/IWCL5WmJeP	Negative
2977	কোন কারনে জীবন টা আমার. নষ্ট করলে তুমি। এখন কি খুব সুখে আছো. জানতে পারিনী আমি। যদি শুনি সুখে আছো. খুশি হবো আমি। আমা… https://t.co/BbbkrYO2ht	Neutral
2978	ঢাকা বনানী সৌনিক ক্লাব হাউস ৭৯ ব্লক এম /স্প ৫ নিকি থাই এইখানে সব ধরেন ফলস সিলিং গ্লাস ডোর হাডওয়ার পাওয়া যা মোবাইল… https://t.co/w5U5mpJUD5	Neutral
2979	কেউ ভালবেসে যায় সপ্তম স্বর্গে কেউ সোজা পৌঁছায় মেডিকেল মর্গে কেউ ভালবেসে গায়ে ঢেলে দেয় কেরোসিন আমি সব ভালোবাসা ভুলে বড় হব একদিন! ὠA	Neutral
2980	— রাসুল (সা:) বলেন — প্রতিটা মানুষই ভুল কারী আর ভুলকারীর মধ্য তাঁরাই উত্তম যারা তওবা কারী । —— তিরমিজি হাদিস নং ২৪৯৯ ।	Neutral
2981	ভোলার বোরহানউদ্দিনে সংঘাতের ঘটনায় দুটি মামলায় পাঁচ আসামির তিন দিন করে রিমান্ড মঞ্জুর করেছেন আদালত।	Negative
2982	টাকার উপর দাঁড়িয়ে থাকা সম্পর্ককে আমি ঘৃণা করি | টাকা দিয়ে সম্পর্ক তো বেশ্যাদের সাথেও হয় ! পরিশ্রমের টাকা নিশ্চই বেলানোর জন্য নয় !	Negative
2983	আমি তো জেনে বোজে কারো কোনো ক্ষতি করি নাই.নিজের অজান্তে হয়তো কোনো ভুল হইসে .কিন্তু কেশু মানুষ জেনে বুঝে আমাকে বিপদে ফেলে. — feeling sad	Negative
2984	একটি ভুল মাসআলা : কুরআন তিলাওয়াত বা অন্য আমলের নিয়তে অযু করলে কি সে অযু দিয়ে নামায পড়া যাবে না? কোনো কোনো মানুষ… https://t.co/uRZdXWO6Ot	Neutral
2985	যদি লোকে তোমাকে ভুল বুঝে তবে বিচলিত হয়ো না! তোমার কথা হয়ত তারা শোনে, কিন্তু তাদের মনে যা আসে তা সম্পূর্ণ তাদের ম… https://t.co/YZmnOEDvep	Neutral
2986	নিউজিল্যান্ডের স্পিকার ট্রেভর ম্যালার্ডকে দেখা গেল সংসদ কক্ষে বসে শিশুকে দুধ খাওয়াচ্ছেন। কিন্তু শিশুটি তার নিজেরও না। নিউজিল্যান্ডের সংসদে তাহলে কী ঘটছে?	Positive
2987	সারা শহর ঘুমে অচেতন।জাগনা আছি আমি আর আপনি।কে কে জেগে আছো একটু সারা দাও....?	Positive
2988	মানুষ যা চাইবে তাই সে পাবে - এমন কোন কথা নেই। সব সময় যা চাই তা না পাওয়ার মাঝে বিফলতা - এটা ভুল ধারণা। আমি যা… https://t.co/LtUsgs0NLW	Positive
2989	বড় ভাই আইন যা আছো জলদি হ্যাংগা করি লাও । লাইন কিলিয়ার করো . . . .দেরী করলে আমি শেষ. . . . .#420 এডমিন	Negative
2990	যে ৬ টি বিষয় আপনাকে করে তুলবে সুখী ও সফল : 1) অতীত ভুলে যান অতীতকে ধরে রাখলে জীবনে কখনোই সামনে এগোনো সম্ভব নয়।... https://t.co/F2ECKWrkkU	Positive
2991	ও মা গো :o বাংলাদেশ আইফুন ও নকল বানাইতে পারে , ১০০০ টাকার নোট ও হুবহু নকল বানাইতে পারে... উন্নতির আর বেশি দিন নাই আ… https://t.co/t9sQOIo41g	Negative
2992	ছিনতাইকারী ধরে পুলিশে দেবার পর সাহসী নারী হিসেবে পরিচিত হয়ে উঠেছেন অন্তরা রহমান	Positive
2993	|| চোখ তার চোরাবালি, মন যে পাথর কবরের ওপরেতে যেন বাধা ঘর ভালোবাসা যাকে করে গেছে পর এখানে কখনো আসেনি ফাগুন নেভেনি কখ… https://t.co/69yN58XuBb	Neutral
2994	বাসে উঠার আগে এক বোতল ঠান্ডা পানি কিনছিলাম। ১০ মিনিট পর এক ডোগ পানি খাইয়া মনে হইল কয়ডা চা পাতি আর চিনি হইলে খারাপ হইতনা। ὡ3ὡ3ὡ3ὡ3	Neutral
2995	গত এক সপ্তাহ ধরে অসুস্থ। অসুস্থ শরীল নিয়ে নতুন একটি অফিস এর কাজ করতেছি। আর শরীল খারাপ এর কারণে গত কিছু দিন রাত... https://t.co/lxXPlATtvN	Neutral
2996	ক্রোশিয়ার দিন খারাপ ছিল চান্স ক্রিয়েট করেও গোল দিতে পারলো নাহ ὠC এনিওয়ে ফাইনালি একটা দল সাপোর্ট করার পরও হারলো নাহ ὠ2 কনগো ফ্রান্স ὡ8	Neutral
2997	শাওন হত্যা : সিদ্ধিরগঞ্জে থানার সামনে মানববন্ধনে যুবলীগ ক্যাডারদের গ্রেফতার ও ফাঁসি দাবি | http://t.co/s6HWcuKUdc	Negative
2998	দেয়ালে দেয়ালে ঝরে পড়ল সময়ের ক্ষোভ...	Negative
2999	আপনারা দেখেছেন, ভোলায় সামাজিক যোগাযোগমাধ্যমে কী একটি ঘটনা ঘটানো হয়েছে। আপনাদের প্রথম কাজ হবে...	Positive
3000	@MrNobab আমি মেবি আপনাকে আনফলো করেছি তাই বললেন। আমি অটো অনফলো ইউজ করি তাই মেবি ভুল এ আনফলো হয়ে গেছে, খেয়াল করিনি আমি।এখন ফলো দিয়েছি ὠAὠA	Neutral
3001	যখন তুমি কোন সৎ কর্ম করলে আত্মপ্রসাদ লাভ করো এবং কোন অসৎ কর্ম করলে গ্লানি অনুভব করো তখন’ই বুঝবে তুমি যথার্থ মু’মিন। ( আল হাদিস )	Neutral
3002	যে যত পারেন মজা নেন, কোনো সমস্যা নাই..! ὡE মন থেকে আমি আর্জেন্টিনা ও মেসির সাপোর্টার ছিলাম আছি ও থাকবো..! Better Luck next time #Argentina ὡE	Positive
3003	Project Update New project সুপারী বাগানের মাঝ খানে কচু চাষ ।মেস এ আমি ঘুম পাড়বো আর খেতে কচু হবে কি মজা । সৎ... https://t.co/OxMfQgsfB3	Neutral
3004	RT @PakhiParin: ভালোবাসা পাওয়ার ভাগ্য সবার থাকে না,হয়তো আমার ভাগ্য নেই :) . তবে বেশি কষ্ট কি জানো ? যাকে ভালোবাসি, সে আজো বুঝলো না তাকে ক…	Negative
3005	সিডি নিউজ২৪.কম, দিনাজপুর ০৭ সেপ্টেম্বর : দিনাজপুরের হিলি সীমান্ত দিয়ে বাংলাদেশ ও ভারতে অনুপ্রবেশের দায়ে ৯ জনকে...	Negative
3006	RT @sumaiyashekh25: মুখে মুখে সবাই আপন মনে মনে নয় কে আপন কে পর কাজে পরিচয় মধুর সুরে করা যায় প্রেমের অভিনয় ভালবাসি বলা সহজ ভালোবাসা নয়।…	Neutral
3007	@jannat1819 হি হি হি মনের রাগ টা এভাবে ব্যাক্ত না করলেও পারতেন যাই হোক বলেছেন যেহেতু আমিও একটু বলি আপনি কি বলতে পার… https://t.co/h3WWkDWNqx	Neutral
3008	'আমি তখন পাঁচ মাসের অন্তঃসত্ত্বা। আগুন, গ্যাসের মধ্য দিয়ে আন্দোলনকারীদের মধ্যখানে কে যেন একটা ইট ছুড়ে দেন আমাদের দিকে। সঙ্গে সঙ্গে তাঁদের মধ্য থেকে কয়েকজন দৌড়ে আমাকে ঘিরে ধরেন। বোধ হয় বুঝতে পারেন আমার অবস্থা...	Positive
3009	আজ পুরুষ এককের ফাইনালে মুখোমুখি হবেন রাফায়েল নাদাল ও ড্যানিল মেদভেদেভ, সেখানেও কি এরকম চমক থাকবে?  	Positive
3010	নিরাপদ ও সমৃদ্ধ জীবন এর জন্য ধানের শীষ এর বাংলাদেশ চাই। সকল বাধা উপেক্ষা করে সকাল সকাল ভোট দিতে আসুন। আপনার ভোট আ… https://t.co/0HaT743qkF	Neutral
3011	@The_Pure_H3art এটাতো আমিও জানি আরমা কেউ থাকবো না কোন এক দিন।চলে যাবো না ফেরার দেশে।	Negative
3012	@iisalauddin সাথে আপনাকে ও	Neutral
3013	প্রায় বছর আগে যখন ছিলো না এন্ডয়েড ফোন, ছিলো না ফেসবুকিং আর ছিলো না এত রঙ ঢং, ছিলো শুধু সাধারণ একটা মন আর হাতে থাক… https://t.co/BeLsiARkMh	Neutral
3014	RT @dalim1975: যারা অর্থ ও পদের লোভে দিনের আলোতে এবং রাতের অন্ধকারে নেতাদের সামনে কাপড় খোলায় হুমড়ি খেয়ে পড়ে তাদের কাছে অন্যের কাপড় ধ…	Negative
3015	RT @artis_amir: সেই মুহূর্তটাই সবচেয়ে কঠিন মনে হয়, যখন মন খারাপ হলে কাউকে নিজের করে খুঁজে পাওয়া যায় না... যার মন খারাপ হলে নিজেই নিজের…	Negative
3016	দুবলা-পাতলা মানুষটি এত খেতে পারে, না দেখলে বিশ্বাস করা কঠিন!	Positive
3017	পিছন থেকে হ্মতি না করে সামনে আয়, দোয়া কর আমি যেন কখনো তোকে চিনতে না পারি,চিনতে পারলে তোরা তোদের বাপের নাম ভুলে যা… https://t.co/BXsAOw75mB	Negative
3018	বাংলাদেশ রেলওয়ে প্রতি বছর লস করে, দুদক কি এর সঙ্গে জড়িত বলে কোন প্রমান আছে? সুরঞ্জিত সাহেব কি মরা মেরে খুনের দায় বহন করে মরেছেন?	Neutral
3019	ইহা কোন কপি পেস্ট পোস্ট না ὤ2 মন চাইলে পড়তে পারেন । আমার আপন ছোট ভাই রাজু ঢাকা বিশ্ববিদ্যালয়ের আইন বিভাগে পড়ে ।… https://t.co/2kwxRV2Ho2	Neutral
3020	ইদানীং শুধু দুঃসংবাদই শুনছি, এসব খবর শুনলে মন খারাপ হয়ে যায়! ὡEὡEὡE যারা অসুস্থ আল্লাহ তাদেরকে সুস্থতা দান করুন আল্লাহ সবাইকে সুস্থ রাখুন ὤFὤF	Neutral
3021	লাক্স ক্যাফে লাইভে আজকের অতিথি নাট্যব্যক্তিত্ব ও বাচিকশিল্পী জয়ন্ত চট্টোপাধ্যায় উপস্থাপক: শেখ সাইফুর রহমান	Positive
3022	#ডেডলাইন_ঊনিশ জানি না এই ১৯ এর পর কি হবেὣ2 (আশা করি খারাপ কিছুই হবে না) তবে যে যাই করুন আর বলুন না কেনো,মনে রাখবেন… https://t.co/3lGP0BPngf	Positive
3023	RT @nusratjahanjeni: শূন্য থেকে সবই শুরু শূন্যতে শেষ এমন অংক শিখরে মন ধরলি এ কোন বেশ। এক শূন্য পার হয়ে যায় আরেক শূন্য আপন এমন তত্ত্ব মেনে…	Neutral
3024	কার জন্য কাদেন? আর কার জন্য কস্ট পান? সে তো আপনাকে নিয়ে মজা করছে বুঝেন না কেন?ὢ1আপনি তিলে তিলে শেষ হচ্ছেন আর সে মনে… https://t.co/HnseJKcuoG	Neutral
3025	কোন দিন ব্যাক দিবো না এক মাত্র এই সর্থে আমার ৫ লাখ টাকা দরকার আগামী ৩০ তারিখের ভিতর। আছে নাকি এমন মহান হৃদয় ধারী... https://t.co/bzyiBP0d4K	Neutral
3026	চল কাবার পানে ওহে মুহাজির,পেতে প্রেম শুধা আল্লাহ্‌ ও রাসুলের...  — feeling blessed	Positive
3027	সৃষ্টি জগতে কেউ কারো জন্যে এতটা অধীর আগ্রহ নিয়ে অপেক্ষা করে না, যতটা মহান রব বান্দার তওবার জন্যে করেন। — feeling ক্ষমা করো ইয়া রব।	Positive
3028	রাতে ব্রাজিলের খেলা আছে । কেউ বদ দোয়া করবেন না। যদি হেরেও যায় তো আনন্দ মিছিল বের করবেন না। আর যদি জিতে যায় অবশ্য… https://t.co/ovUXA5EUpl	Neutral
3029	ὠ2ὠ2বসের সঙ্গে কর্মচারির কথা হচ্ছে ঃ ঃ ঃ কর্মচারিঃস্যার আজ আমার শরীর খুব খারাপ আজ অফিসে আসতে পারব না ঃ ঃ ঃ স্যারঃ... https://t.co/v9VglZWHxE	Neutral
3030	“যে মানব সন্তান ক্ষুদ্র কামনা জয় করতে পারে সে বৃহৎ কামনাও জয় করতে পারে।” ― Humayun Ahmed, দরজার ওপাশে	Positive
3031	RT @ImShafiyanCR7: সাফ অনূর্ধ্ব-১৫ নারী ফুটবল ফাইনাল ἞7἞9 বাংলাদেশ Vs ভারত ἞E἟3 ⏰ সন্ধ্যা ৭: ৩০ মিনিট। অনেক অনেক শুভ কামনা রইলো কিশোরীদের জন্…	Positive
3032	চার দিনেও গ্রেপ্তার নেই:  http://t.co/rvs8EVQaqK	Negative
3033	লাইফ এ ব্রেক নিতে পারা ও একটা বিশাল যোগ্যতা। বিধ্বস্ত মুখ থুবড়ানো জীবন টা থেকে একটা ব্রেক নিয়ে যদি নতুন করে শুরু... http:/t.co/tHZm03femt	Positive
3034	তুই বড় অপরাধী তোর ক্ষমা নাই রে মাইয়া তুই বড় অপরাধী তোর ক্ষমা নাই রে I অস্থির হয়ে ছে, এক কথায় অসাধারন একটি... https://t.co/YYjgnZJACc	Positive
3035	আইএস জঙ্গীর স্ত্রী ও শহীদ হতে চাওয়া এক তরুনীর কথা -Deshebideshe	Neutral
3036	ভারত-পাকিস্তান ইনিংস বিরতিতে ম্যানচেস্টারের ফ্যান জোন থেকে বিবিসি বাংলার ফেসবুক লাইভে। Faisal Titumir মীর রায়হান মাসুদ সঙ্গেই থাকুন।	Positive
3037	কিছু স্বপ্ন কখনও পূরণ হয় না কিছু কথা কখনও বলা যায় না কিছু ঢেউ শুধু বয়ে যায়, ভাঙ্গে না কূল- কিছু স্মৃতি মনে প… https://t.co/jSF0w47FiT	Neutral
3038	সুখের জন্য মানুষ ৭ সাগর ১৩ নদী পার হতে চায়, কিন্তু দুঃখের জন্য মানুষ ১ টা পুকুর ও পার হতে চায় না।।।ে**মানুষ কি জা… https://t.co/Tf6Ye6hQoy	Neutral
3039	এ বিশ্বে যা কিছু মহান ও কল্যাণকর তার অর্ধেকই নারীর অবদান। সমাজের প্রধান ভিত্তি হিসেবে বিবেচিত হয় যে পরিবার তাতেও... http://t.co/QOove3jYgf	Positive
3040	গল্প: আমি মেয়ে আমি মেয়ে। না, আসলে মেয়ে বললে ভুল হবে। আমি তো জোক। রক্ত চুষে খাই বাবার। রক্ত চুষি বলে সবাই আমাকে... https://t.co/iyOYftdSuh	Negative
3041	রায়ের পরেও ভীত নুসরাতের পরিবার	Negative
3042	কন্যার ছিল দীঘল চুল তাহার কেশে জবা ফুল সেই ফুল পানিতে ফেইলা কন্যা করলো ভুল... কন্যা ভুল করিস না ও কন্যা ভুল করিস... https://t.co/UFhf12apkb	Neutral
3043	ঝদি তুমি কাউকে ভালোবাসো সে ঝদি কোন দিন ভুল করে কোন অান্যায় করে? তবে তোমার উচিত তাকে খমা করে দেয়া। অার ঝদি তুমি... https://t.co/AjF4eZyLSY	Neutral
3044	ফেসবুক এমন একটা জায়গা যে যার যা মনে আসছে সে তাই লিখে যাচ্ছি । হোক সেটা নৈতিক বা অনৈতিক বুঝে লিখছি বা না বুঝে... https://t.co/dNWClUiVau	Neutral
3045	বিবিসি বাংলার আজকের ফোন-ইনের বিষয়: বাংলাদেশে আশ্রয় নেয়া রোহিঙ্গা শরণার্থীদের মিয়ানমারে ফেরত পাঠানোর উদ্যোগ ভেস্তে যাবার পর  সামাজিক যোগাযোগ মাধ্যমে ব্যাপকভাবে রোহিঙ্গা-বিদ্বেষী প্রচারণা দেখা যাচ্ছে। এ বিষয়টিকে আপনি কিভাবে দেখছেন? এ নিয়েই হবে আজ শনিবারের ফোন ইন। এতে অংশ নিতে চাইলে আপনার নাম ও ফোন নম্বর এসএমএস করে জানিয়ে দিন  ০১৭১৪ ১১ ৫৫ ৭৮ এই নম্বরে।  অনুষ্ঠানের আগে আমরাই আপনাদের সাথে যোগাযোগ করবো।	Positive
3046	@JasBJP একটি শিশুকে রাজনৈতিক কারণে টিকে না দেয়া তো পৈশাচিক ঘটনা , শিশুদের উপর প্রতিশোধ ? এটা কি ধরনের রাজনীতি ? - টিচার্স সেল পশ্চিমবঙ্গ	Negative
3047	RT @TahsanMuaz: ‘আমরা অবশ্যই সফল হব। আরো দৃঢ় হন। মনকে শক্ত করেন। মানুষকে জাগ্রত করেন, মানুষকে নিয়ে আসেন। আমরা ঢাকা শহর বসে বসে বক্তৃতা কর…	Positive
3048	RT @MooN_bOY00: একবার বসুন্ধরা সিটির পাশে গ্রীন রোডের মোড়ে একজন লোক (এক পা নেই) রিক্সায় বসে আমাকে ডেকে ইংরেজীতে বিনয়ের সাথে ১০ টাকা ভিক্…	Neutral
3049	Hey u son of aa Bitch. u know what bangal means?যারা গ্রমে গেছে তার ফিরে না আসলে ঢাকা তোর বাপ এ চালবে? ঢাকায় স্থা… https://t.co/8q83qpOECp	Negative
3050	প্রতি মিনিটে ১ টা সেকেন্ড আমরা যদি ভালো কাজে ব্যয় করি - তবে আমি বিশ্বাস করি আমরা উন্নত দেশ হয়ে যাবো । আমাদের মাঝে… https://t.co/wHQiiWMY6M	Positive
3051	তোমার অপরাধে কেন আমি অপরাধী হব? এই কথাটা বলার আগে চিন্তা কর যে যখন সে অপরাধটা করতে গেছে সেটা কি তোমার জন্য নয় নাকি… https://t.co/vHR4LOvQcN	Neutral
3052	রাজধানী ঢাকার চকবাজারের চুড়িহাট্টায় ভয়াবহ অগ্নিকান্ডের সবশেষ অবস্থা কী? কেন বারবার এ এলাকায় এমন মৃত্যু আসে নেমে? এসব নিয়েই বিবিসি বাংলার ফেসবুক লাইভ।  আমাদের সঙ্গে থাকবেন দুর্ঘটনায় ক্ষতিগ্রস্থ গাড়ি থেকে বেঁচে ফিরে আসা মাহাবুবুর রহমান। আপনার প্রশ্ন বা মতামত জানান আমাদের। বিবিসি বাংলার সাথেই থাকুন।	Negative
3053	RT @MostaJowel: মানুষের প্রতি আমার একটা মায়া ছিল যে মায়াটা এখন আর হয় না কারণ আমি সুখ বিলাসী যারা কখনো আমায় মায়া করল না আমি কেম…	Neutral
3054	নদী পথে যাত্রী ও পণ্য পরিবহন নিরাপদ করতে সুরক্ষিত নৌপথ গড়ে তুলতে প্র ... -	Positive
3055	আপনি যদি ১০০ কাজের মধ্য ৯৯ টি সঠিক করেন, আর ০১টি ভুল করেন, জনগণ কিন্তু ০১ টির কথাই বলবে।৯৯ টি ভুলে যাবে। is it right?	Neutral
3056	ভুল মানুষ ।। দা উ দু ল ই স লা ম ভুল মানুষে দিয়েছি মন, দিয়েছি তুমুল ভালবাসা বুনেছি আশা মরণপণ । ভুল মানুষে... https://t.co/4kkU3n40jH	Neutral
3057	এ কোন রহস্যের আবৃত আমাদের প্রিয়জন। একে একে সবাই যেন কোন এক অন্ধকার গলির দিকে হাটা দেয়, আর ফিরে আসে না। কেউ বা... https://t.co/eiAAnicjcA	Neutral
3058	ধানখেতে পোকা খেতে এসেছে ভীমরাজ। লিচুবাগান এলাকা, রাঙামাটি শহরতলি, ২৯ অক্টোবর। ছবি: সুপ্রিয় চাকমা	Positive
3059	অনলাইন কেনা কাটায় কমন প্রশ্ন একই ছবি অথচ অন্য পেজে বা সাইডে মুল্য কম লেখা কেন? উত্তর শুনতে দেখুন এই ভিডিও। কল ক… https://t.co/sjiqNggYcL	Neutral
3060	রংধনু ভাল লাগে নীল আকাশ ভাল লাগে ভাল লাগে মেঘে ঢাকা চাঁদ তার চেয়েও ভাল লাগে তাঁরার উঠোনেতে জেগে থাকা সেই রাত। ব… https://t.co/YmKlX2EKFJ	Neutral
3061	বিএনপির ছেলে দের কে তো দেখছি ছাত্রলীগ বগলের তলে নিয়ে বেড়াচ্ছে!! কি আর বলবো ?? এদের জন্যেই রাজনীতি বাদ দেবো! শর্ট টাইমে মনে করছেὐ7	Neutral
3062	গল্পের নাম: ধোকা , ~নিপা - প্লিজ রবি তুমি আমার সাথে এই রকম করো না,, ~রবি - আমি খারাপ কিছু করছি না,,যেটা করলে ভালো হ… https://t.co/1hpVTVYSJM	Neutral
3063	ডুব নিয়ে @ProthomAlo -র মাতামাতি দেখে মনে হচ্ছে, এই ছবি হিট না হলে প্রথম আলোর অনেক বড় ব্যবসায়ীক ক্ষতি হয়ে যাবে।এতো আদিখ্যেতা ভাল না।	Negative
3064	টেলিভিশনের পর্দায় আজ যেসব খেলা দেখবেন:	Positive
3065	দুইবার এর বেশী কেউ। প্রধানমন্ত্রী হতে পারবে না এম পি হতে পারবে না যা সত্য তাই বললাম তেল মারা রাজনীতি আমি করি না। কা… https://t.co/LO92j8f6iw	Neutral
3066	কি খান? পান খান খান! খাওয়ার পর খান! হজম হবে ভালো সুন্দর স্বর হবে, বেরোবে কিশোরের গান! মজা করে খান! ২/ ৪ টে পান! https://t.co/AVLjerdB60	Neutral
3067	আমার বই এর নামের রচনাঃ কী ভুল ছিলো আমার ? সুর দিয়েছেন রাহিম আজিমুল ভাই । আশা করি ভিডিও টি সবার ভালো লাগবে । .... https://t.co/0PKYwjwUQu	Neutral
3068	প্রতিবাদ বিক্ষোভ থাকলেও পাবলিক পরীক্ষা বিরতিহীন নেয়ার বিষয়টি পর্যালোচনা......... http://t.co/ZOQ68j820P	Neutral
3069	করুণা করে হলেও চিঠি ὈCদিও, ভুলে গিয়ে ভুল করে একখানি চিঠিὈC দিও খামেὈC কিছুই লেখার নেই তবু লিখো✍️ একটি পাখির শিসᾘ9 একটি ফুলের ἳ9ছোট নাম,	Neutral
3070	ইচ্ছা না থাকলেও দিনের কিছু সময় অপছন্দের মানুষদের সাথে কাটাতে হচ্ছে।	Negative
3071	কি নাগ ড** শেলফিস কাকা কি ভুলে গেলে নাকি ?? কি খেলা উরে ভাই কি অবস্থা । কি পিলু কাকা কি ভুল গেলে না কি ?	Neutral
3072	'গতকাল মঙ্গলবার রাতে প্রথম আলো অনলাইনে ‘পাখিদের বাসা ছাড়তে সময় দেওয়া হলো ১৫ দিন’ শীর্ষক আরেকটি প্রতিবেদন প্রকাশিত হয়। প্রতিবেদনগুলো দেখে র‌্যাবের মহাপরিচালক....	Positive
3073	RT @AjitDas21: এক বাচ্চা এসে দোকানদারকে বলছেঃ আচ্ছা আপনার দোকানে কি ফরসা করার ক্রিম আছে ? ??? দোকানদারঃ হ্যাঁ আছে তো!!!          …	Neutral
3074	এবার সংসদেও ঘুমালেন মন্ত্রী http://t.co/akIFL0kxRuLazy,indolent and corrupted ministers sleep too much.	Negative
3075	মেয়েটির মন বিষণ্ণতায় খারাপ ছিল, একদিন ওর মুখে হাসি ফুটিয়ে তুললাম। ὠC এরপর থেকে মেয়েটি আমাকে জোকার ভাবে। ὠ2 কই যায় এখন আমি? ὡD	Neutral
3076	হঠাৎ এক ব্যস্ত রাস্তায় একটি অসুন্দর মেয়ে তোমাকে বললো i love U .. তখন তুমি কি উত্তর দিবে ...? বিঃদ্রঃ মেয়েটি উত্তর না নিয়ে যাবে !	Neutral
3077	এই লোকটির সাথে আজ থেকে ২ মাস আগে বিআরটিসি বাসে দেখা। ২ মাস আগের আর আজকের গল্পটা একই। গল্পটি ছিল: ২ মাস আগে, লোকটা… https://t.co/piJSi01q6M	Neutral
3078	RT @justsmiley10: পদ্ম ফোটা সকাল আমার শিশির ভেজা মাঠ, নগ্ন পায়ের নরম ছোঁয়ায়, ভালোবাসা ভরে থাক। রাতের আঁধার কাটিয়ে আবার একটি ভোর এলো। নর…	Neutral
3079	সেইতুমি কেন এত অচেনা হলে সেই আমি কেন তোমাকে দুঃখ দিলেম কেমন করে এত অচেনা হলে তুমি কিভাবে এত বদলে গেছি এই আমি ও বুকে… https://t.co/zTmOt1b5jP	Neutral
3080	চ্যাম্পিয়নস লিগে কাল গোলের নতুন রেকর্ড গড়লেন লিওনেল মেসি	Positive
3081	'নিরাপত্তা ও পর্যাপ্ত অনুশীলনের সুবিধার্থে রাজধানী ঢাকায় তাদের জন্য আবাসন সুবিধা...	Positive
3082	এখন #আওমিলিগ- #বিএনপি এর মানুষদের খুঁজে বেরকরা খুবি সহজ। মাসরাফি বিন মরতুজা এর একটা ছবি দাও আর হাহা ও লাভ রিয়েক্ট এর জন্য অপেক্ষা করো। ὠ2ὠ2	Neutral
3083	*চুল এবং টাকের সাথে সিনেমার নামের মিল কোথায় ἱD* - যাদের মাথায় অল্প কয়েক গাছি আছে – *স্মৃতি টুকু থাক* - যারা টাক… https://t.co/UhlWB4RfGf	Neutral
3084	আলী আমিন গান্দাপুর বলেছেন, কাশ্মীর ইস্যুতে কোনো দেশ ভারতকে সমর্থন করলে পাকিস্তান তাকে ক্ষেপণাস্ত্রের আঘাতে উড়িয়ে দেবে...	Positive
3085	আমি যে বলি হুদাই বলিὠ2 যে পোলায় বড় আপু না হয় কলেজের ম্যাডাম নাহ আপুদের প্রেমে পরে এই পোলা মেয়েদের ক্রাশ হয় কেম… https://t.co/MQFzm9cCHz	Neutral
3086	 জানি অভিমান করে আছো, আ মি ঝগড়া করি মান-অভিমান করি তুমি বুঝবে বলে, অভিমান ভাংগাবে বলে, তাই বলে ভুল বুঝে ভুলে যাবে?  মেঘ	Neutral
3087	@arif_rony2 পানি খাও	Neutral
3088	অ্যাপলের নতুন আইফোন কেমন হতে যাচ্ছে?	Positive
3089	@mohammad_ulla খুব আপন ও হয়ে উঠে এই মানুষ গুলা	Positive
3090	সরকার বলে 'বলপূর্বক বাস্তুচ্যুত', এনজিওরা বলে 'শরণার্থী' - রোহিঙ্গারা  আসলে কী?	Negative
3091	ভোরের আলো যখন তোমার আকাশ ছোঁবে... এ আমার ভালোবাসা আধারে লুকিয়ে রবে... যদি ভুল করে মনে পড়ে আমায়.... বুঝে নিও আছি আমি রাতের ধ্রুবতারায়...	Neutral
3092	working mood is on... -_- — at Studio Biporit - স্টুডিও বিপরীত	Positive
3093	রাজধানীর শেরে বাংলানগর থানার বিস্ফোরক দ্রব্য আইনের মামলায় যুবদলের সভাপতি মোয়াজ্জেম হোসেন আলাল ও সাধারণ সম্পাদক-... http://t.co/bMVx1EXRWE	Negative
3094	আগে ভাবতাম শরীল থেকে গাম বের হলে ধুর গন্দ আসবে কিন্তু এখন ভাবি জীবনে কিছু করতে চাইলে সৎ পথে বাঁচতে হলে শরীল থেকে গা… https://t.co/1dXik6QuvN	Neutral
3095	প্রশ্ন: অনেকে বলে, আমরা অলী-আউলিয়া ও বুজুর্গ লোকদের নিকট বিপদাপদ থেকে উদ্ধার কামনা করি। তবে তাদের নিকট আমরা যা...  http://t.co/yaMQxWAsRe	Positive
3096	সুখী দাম্পত্য জীবনের ২ টি গুরুত্বপূর্ণ নিয়ম ১) বউ যখন বকবক করবে তখন চুপচাপ থাকুন.. ২) বউ যখন চুপচাপ আছে তখন আপনিও চুপচাপ থাকুন..	Neutral
3097	মানুষই সর্বশ্রেষ্ঠ প্রাণী । ভিডিওটি দেখুন , খুব সুন্দর একটি ভিডিও ।	Positive
3098	প্রথম দেখায় কখনো ভালোবাসা হয় না । যা হয় তা হল ভালো লাগা । আর সেই ভালো লাগা নিয়ে ভাবতে থাকলে সৃষ্টি হয় ভালবাসা ।	Neutral
3099	RT @shahriarbd1: চলন বিল বাংলাদেশ একটি নদী মাত্রিক দেশ ।এই দেশ আর আনাচে কানাচে ছড়িয়ে আসে অনেক নদ-নদী আর খাল-বিল । বাংলাদেশ এর সবচে বড়…	Neutral
3100	আর মাত্র কিছুক্ষণ পরই শুরু হচ্ছে বাংলাদেশের বিশ্বকাপ মিশন। কিন্তু ওভালের সামনে ভক্তদের যেন তর সইছে না। সেখান থেকেই বিবিসি বাংলার ফেসবুক লাইভ। সাথেই থাকুন।	Positive
3101	পৃথিবীটা জানি কেমন এখানে মানুষ গুলো বড় সার্থপর : বেচে থাকা বড় কঠিন , জীবনের মুল্য অতি সামান্য , কারো কাছ থেকে কি… https://t.co/sAWzWybfAa	Negative
3102	যত বার বাস অ্যাকসিডেন্ট এর নিউজ আপডেট পাচ্ছি তত বার চোখে জল ভরে আছে যাদের চিনি না তাদের জন্য এত মন খারাপ করছে... https://t.co/ywW9I0muy8	Negative
3103	লাক্স ক্যাফে লাইভে আজকের অতিথি হৈমন্তী রক্ষিত দাশ  উপস্থাপক: সারা ফ্যায়রুজ যাইমা (Sara Fairuz Zaima)	Positive
3104	জীবনের ২৮ টা ঈদ মিস করার পর আজ ২৯ টা ঈদ বাড়িতে এসে পরিবারের সবার সঙ্গে পালন করলাম, বেশ ভালো লাগছে তবে, এতো ভালো লা… https://t.co/uA92qnSRWy	Positive
3105	বাংলাদেশ সরকার বলছে, রোহিঙ্গারা যাতে মিয়ানমারে ফিরে না যায় সেজন্যে কিছু এনজিও তাদেরকে উস্কানি দিচ্ছে।	Positive
3106	আকাশ ঢাকা কালো মেঘের পেছনে কিন্তু আশার আলো দেখানোর জন্য সূর্য থাকে ὠA . . . তবে সেই তপ্ত সূর্যের সানিধ্যটাও কখনো সুখকর হয় না ὡ2 # Thug_Life	Neutral
3107	চীনের ভেতর ধারণা বদ্ধমূল হচ্ছে যে যুক্তরাষ্ট্র হংকংয়ের সঙ্কটে ইন্ধন দিচ্ছে। একজন চীনা বিশেষজ্ঞ বিবিসিকে বলেন, অর্থনৈতিক স্বার্থের চেয়ে হংকংয়ের সার্বভৌমত্ব রক্ষাটাকেই চীনের কাছে এক নম্বর অগ্রাধিকার হবে।	Negative
3108	মানুষ কোথায় যাবে। এমন কোন একটা জাইগা বাদ নেই যেখানে সাধারন মানুষ কে হয়রানি হইতে হয় না। দেশ তুমি বড়ই মহান সব চুর… https://t.co/wcm8jR9UdZ	Negative
3109	RT @HotSonai: পৃথিবীতে যতই সুখ পাও না কেন সব বৃথা । আসল সুখ আর তৃপ্তি আছে একটা মেয়ের আলিঙ্গনে । আর এটাই ধ্রুব সত্য আগে ছিল আর পরে ও থাকবে…	Positive
3110	|¦ সেদিন ও উন্মাদ ছিলাম এই গান টার জন্য, আর আজ ও উন্মাদ আছি একই রকম,সারাদিন এ 10/12 বার শুনতে হয়, না হলে মনে হয়… https://t.co/yN7xcG4w0V	Neutral
3111	১৬ই ডিসেম্বর ১৯৭১সনে আমাদের বিজয় লাভ করে বাংলাদেশ গঠন করা হয় সব দল এক হয়ে মুক্তি যুদ্ধে অংশ গ্রহণ করে আর আমরা ন… https://t.co/uI2DtlZdNz	Neutral
3112	এ বিজ্ঞাপন নিয়ে ব্যাপক সমালোচনা শুরু হয়েছে। ৩০ ফুট উঁচু বিলবোর্ডটি গত সপ্তাহে...	Positive
3113	বিবিসি বাংলার রেডিও অনুষ্ঠানের লাইভ স্ট্রিমিং-এ আজ যা থাকছে: * জাতিসংঘের মানবাধিকার বিষয়ক বিদায়ী হাই কমিশনার জেইদ রাদ আল হুসেইন বলেছেন, বর্মী নেত্রী সুচি রোহিঙ্গা নির্যাতন নিয়ে চুপ করে না থেকে, অন্তত তিনি গৃহবন্দী অবস্থায় ফিরে যেতে পারতেন। * টিআইবি এক গবেষণায় বলছে, বাংলাদেশে আইনশৃঙ্খলা রক্ষাকারী সংস্থাগুলোর কাছেই সাধারণ মানুষ সবচেয়ে বেশি দুর্নীতির শিকার হচ্ছে। * আগামীবারের ভোটে ইলেট্রনিক ভোটিং মেশিন ব্যবহারের প্রশ্নে বিভক্ত হয়ে পড়েছে নির্বাচন কমিশন। * থাকছে খেলার খবর এবং অন্যান্য প্রসঙ্গ। মিস্ করবেন না, আশা করি। ধন্যবাদ।	Positive
3114	@sadiyaprova প্রভা আপনাকে নিয়ে যারা বাজে comment করে তারা অনেক খারাপ মনের মানুষ এতে আপনি বিচিত হবেন না আপনার পাশে এখনো অনেক বক্ত আছে।।	Positive
3115	বাংলাদেশ ওয়েলফেয়ার এসোসিয়েশনের  বুফে লাঞ্চ অনুষ্ঠিত ( ভিডিও) - Welcome to http:/t.co/rnlC1BvEAh: http:/t.co/fpZcY77cF8	Neutral
3116	যেখান থেকে তোমার কাফনেরকাপড়টুকু কাটা হবে, তা হয়তোইতিমধ্যে বাজারে চলে এসেছে ।তবুও তুমি বেখবর...!!!------ ইমাম... http:/t.co/GwoDF6kIQC	Negative
3117	RT @HotSonai: সেক্সে আরো মজা আনার জন্য অনেকে ফ্যান্টাসি করে গুদের ভেতরে বাঁড়া ঢোকানো অবস্থায় মুতে দেয়। আমি বলছি তুমি যদি ছেলে হও তোমার স…	Neutral
3118	আম্মা : মারুফ তোর ফোন বাজে। আমি : হুম! আম্মা : কে কল দিছে? আমি : অফিস থেকে আম্মা : কি কয়? আমি : অপরাধী গানটা কলার… https://t.co/oQywW60Lu3	Neutral
3119	বাবা প্রায়-ই বলেন, বিনয়ী হতে চেষ্টা করো, এই গুনটির কোন শত্রু নেই আর বড় হওয়া একটা ক্রেজ, বড় না হয়ে সুখী হতে চেষ্টা করো।	Positive
3120	ফুযাইল বিন ইয়াযকে জিঙ্গাসা করা হল , সবচেয়ে আশ্চর্য জিনিস কি ? বললেন, এমন হৃদয় , যা আল্লাকে চেনার পর তার অবাধ্য হয় ।	Neutral
3121	ভুল শিখাই শিখিত হয়ে কি লাভ ??? যদি যেটা জানি না তো জানি .... তাই বলে আসল জিনিস টা কে পড়ে দেখবো না !! আসল জিনিস জা… https://t.co/l6bTxb5xrK	Neutral
3122	যদি তুমি কাউকে পাওয়ার জন্যআল্লাহর কাছে দোয়া করেওতাকে না পাও......তাহলে মনে করবে অন্য কেউতোমাকে পাওয়ার জন্য... http:/t.co/9qfDLr27jq	Neutral
3123	আজ কে এপিসোড পূরো জমে ক্ষীর এতো দিন পর একটূ মজা করলাম মিস্টি মিস্টি কথা আহা কী যে ভালো লাগছে ὈBὉ6Ὁ6 দর নিচ্ছো কি গো দর… https://t.co/7DHO8CRilJ	Neutral
3124	কেউ কেউ নিজের ভুল বুঝুক আর না বুঝুক , মাফ যদি না করি নিজের ঘরে কেঁচো কিলবিল করে । সেহেতু ঘর পরিষ্কার করলাম । ।র আ চৌ।	Negative
3125	RT @Osman__R_______: কেন ভাবো এতো কি ভাবনা ভেবে ভেবে ভালোবাসা হয়না হয়না- ও কি যে করো ময়না অার দেরি সয়না না না না না না নারে না নারে না…	Positive
3126	দুটি চোখে ঘুম ঘুম তবু ঘুম আসেনা রক্তে ভেজা মাটি আর চোখে সহেনা কষ্ট যত পায় সুখ দিও গো প্রভু চাই মোরা চাই কুরআনের রা… https://t.co/F8LlsWp4mv	Neutral
3127	যখন কেউ আমার সার্থে আঘাত দিয়া কিছু করে, হুদাই কথা শুনায় বা বেইমানি করে তখন সে আমার কাছে সব চাইতে খারাপ হয়ে যায়.… https://t.co/01p3GZorRm	Neutral
3128	New post on my blog: জীবনের শিক্ষা ... এক বাবার কোন এক ভুল , গল্প হলেও এটাই বাস্তব ! ট্রেন এ উঠে জানালার পাশে... https://t.co/mwtCdNUCBW	Neutral
3129	আজকে ঢাকা এয়ারপোর্ট থেকে কক্সবাজার এ আসার সময় নোবেল বিজয়ী ড: মুহাম্মদ ইউনুছ স্যার এর সাথে দেখা হলো। খুবই সাদাসিধে মানুষ। ভাল থাকবেন স্যার	Positive
3130	Mask কে মাক্স বলা আর Ask কে আক্স বলা- পৃথিবী তে এই একটা জিনিশই ঘৃণা করি। তাছাড়া কেউ আমাকে গালি, আমার গায়ে বমি করে… https://t.co/gXZBg8i2yZ	Neutral
3131	১টা কিছু লিখলেই এরা ১ লাইন না ১৪ লাইন বেশি বুঝে, এতো প্রতিভা এদের! যা ই লিখবেন সবি প্রেম ছ্যাঁকা ব্যাকা টাইপ কিউট… https://t.co/8LHKdJznV1	Neutral
3132	@TouchCrazy হা হা ৷ মজা পাইছি নানূ ৷ নিজে থেকে এসে যারা dm করে তাদের রিপ্লে বেক করি না ৷ অার এতো কিছূইনা ৷ সময় কম… https://t.co/kcHA2h1PzO	Neutral
3133	শোন হে সুশীল কই আজ আপনার ভদ্র সমাজ? আমরা তো বস্তির পোলাপাইন কিছু কইলে তো খারাপ লাগবে ὠ1ὠ1 তারপরও বলি আমি বস্তির পোলা আপনাগো চুদিὒB	Negative
3134	লও জাতি আপডেট খাও :3 http://t.co/MH6eqpiQxV	Positive
3135	Oh at last স্যারের সাজেসন  ও Index Number পুরোপুরি শেষ করলাম।।।।।  #পিলিংঃ #হ্যাপি — reading Statistics	Positive
3136	কুমিল্লা - ঢাকা সকাল ১১ টা থেকে রাত ১২ টা, ১৩ ঘন্টা পর এখন বাসায়। জীবনের সবথেকে দীর্ঘ বাস জার্নি শেষে অনুভূতি- স্… https://t.co/6GL8NH75JE	Neutral
3137	বিবিসি বাংলার রেডিও অনুষ্ঠানের লাইভ স্ট্রিমিং-এ আজ যা থাকছে: * বাংলাদেশে বিরোধীদল বিএনপি বলছে, নির্বাচনী প্রচারণা চালানোর সময় তার কর্মীদের গ্রেফতার করা হচ্ছে। মহাসচিব মির্জা ফখরুল ইসলাম আলমগীরের গাড়িবহরে হামলাও হয়েছে। কী কারণে এমন অভিযোগ, আর কী বলছে ক্ষমতাসীন দল? * বাংলাদেশের নির্বাচনী রাজনীতিতে ইসলামপন্থী দলগুলোর প্রভাব কতটা? এ নিয়ে থাকছে বিশেষ প্রতিবেদন।  * বেড়া-সাঁথিয়া নিয়ে পাবনা-১ আসনে রয়েছে জামায়াত নেতা মতিউর রহমান নিজামীর বিরাট সমর্থকগোষ্ঠী। শুনবেন সেখানকার ভোটের হালচাল সম্পর্কে। * ভারতে ক্ষমতাসীন বিজেপিকে দেশের তিনটি গুরুত্বপূর্ণ রাজ্যের বিধানসভা নির্বাচনে বিরাট ধাক্কা দিয়েছে বিরোধী কংগ্রেস। থাকছে সে প্রসঙ্গ।  আশা করি উপভোগ করবেন।	Positive
3138	এক গুচ্ছ দারুণ মজার জোকস :-D :-D ১. ডাক্তার: আপনি চা, কপি, মদ, সিগারেট কী কী খান? রোগী: থাক কিছু আনতে হবে না, আমি... https://t.co/pK3cVOndV2	Neutral
3139	তাদের কথা আর বলো না । তারা রাজপথ ছেড়ে মোবাইল রাজনীতি করতে গিয়ে আজ ভুলে গেছে । যে মোবাইল কোর্ট বা ভ্রাম্যমাণ আ… https://t.co/iJ7u4aZMiB	Neutral
3140	সাফ চ্যাম্পিয়নশিপ ২০১৮ বাংলাদেশ বনাম নেপাল গ্রুপ : এ ম্যাচ নাম্বার : ৮ সময় : সন্ধ্যা ৭ টা লাইভ : বিটিভি এবং চ্যা… https://t.co/tGuRqu7pMO	Neutral
3141	বর্তমান বাংলাদেশ.**মধ্যবর্তী নির্বাচন হলে সেই নির্বাচনে খালেদা জিয়া আর তারেক রহমান কে অংশ নিতে নাও দেয়া হতে... http://t.co/F9Bof26gQj	Negative
3142	RT @parves19070446: কারো ভালোবাসা চাইনা হারানোর ভয়ে। একলা পথের পথিক আমি কারো কাছে সুখ চাই না ফেরারী হবার ভয়ে ।। আমি একলা পথের পথিক । http…	Neutral
3143	ἰD সবাই কে #শুভ_সকাল ἰD #সিলেট ἰD #ঢাকা ἰD #চট্রগ্রাম ἰD #খুলনা ἰD #রংপুর ἰD #রাজশাহী ἰD #বরিশাল ἰD #চরফ্যাশন ἰD #জাফলং ἰD… https://t.co/8aWkE2Vm6B	Neutral
3144	কাল থেকে মনটা খারাপ ছিলো ! লাইভে আসা সুন্দরী আপার কান্দা দেইখা মন ভালো হইয়া গেছে ! কি এক দুনিয়া, কান্দিয়াও লাইক কমেন্ট কামাইতে হইবে ὠ2	Negative
3145	কক্সবাজার সমুদ্র সৈকতে প্রকাশ্যে অশ্লীল ভিডিও ধারণ !কক্সবাজার : অশ্লীল ও নিম্নমানের মিউজিক ভিডিওতে ছেঁয়ে গেছে... http:/t.co/9UimxcDhmI	Negative
3146	চারিদিকে শুধু তোমার স্মৃতি আজ ... নেই শুধু তুমি কাছে ...হায় যদি একবার যেতো গো জানানো .... আমার ও যে হৃদয় আছে /!! MISSING HER:( @jeetmusic	Neutral
3147	RT @RudroKobita: ♥♥আকাশের সব তারাই সুখ তারা নয়.. পৃথিবীর সব মানুষ এক রকম নয়.. কিছু মানুষ ক্ষণিকের জন্য আপন হয়.. আবার কিছু মানুষ হাজার ক…	Neutral
3148	রাত দুপুরে ডাকছে দূরে দ্বীপ ইচ্ছে জ্বালে তার কপালে টিপ সে যেন জানে সব কথাদের মানে সব সুখ ভেজা পালক। কেউ তো নেই বৃ… https://t.co/TJaMErK3HE	Neutral
3149	দ্বিতীয় ছবিতেও দর্শকদের হতাশ করবেননা পুনম! http://t.co/8OVgnvH4f3 via @sharethis	Positive
3150	ঢাকা ৯ আসনের মাটি ও মানুষের নেতা জনাব সাবের হোসেন চৌধুরী সাথে আমাদের ৪ নং ওয়াড এর সকল নেতা দের নিয়ে বিরাট মিছিল… https://t.co/FJl3A7wbXH	Neutral
3151	তাবলীগ অর্থ কি?তাবলীগ অর্থ প্রচার করা, বার্তা পৌঁছে দেওয়া।তাবলীগ অর্থ কোনো দল না, যদিও বর্তমানে অনেক মানুষ... http://t.co/EauIuh52Sb	Neutral
3152	সবাই ভালো থাকবেন , আমি আজ ফেসবুক থেকে বিদয় নিতেছি । জানিনা আর কখোনো আসা হবে কিনা ! ভুল করে থাকলে ক্ষমা করে দিয়েন… https://t.co/ifLUVjU4jp	Neutral
3153	ঢাবির হামলা অনেক বড় ভুল হয়ে গেলো ছাএলীগের। ডিজিটাল যুগ এখন, সব কিছু যে ভাইরাল হতে পারে তা তারা ভাবে নাই। — feeling হতাশ!!!	Negative
3154	'রাজধানীর নর্থ সাউথ বিশ্ববিদ্যালয়ে এক সেমিনারে এ কথা বলেন চিকিৎসাবিজ্ঞানে নোবেলজয়ী বিজ্ঞানী স্যার রিচার্ড জন রবার্টস...	Positive
3155	ধুর বাল ঘুম আসেনা ক্যারে।প্রতিদিন GF লগে দেখা হয়,কথাও হয়।BT এতো দিন understand করতে পারিনি যে ওর সাথে একটা দিন... http://t.co/iIArq8rHlx	Negative
3156	RT @with_love_jeet: দাদা বোনের এক অসাধারণ গল্প যা মন ছুঁয়ে যাবে সকলের।। তাই সুলতান দেখতে হলে হলে হাজির হবেন ১৫ই জুন থেকে। আর মাত্র ৩ দিন…	Neutral
3157	সময় হল এমন একটি জিনিস যা কখনো থেমে থাকেনা। আর কখনো কোনো মানুষের সময় এক থাকেনা, যে আজকে ভালো আছে তার খারাপ সময় আস… https://t.co/zCbxMP3ENO	Neutral
3158	মানুষ এর বিয়ে করা উচিত আর কেন করা উচিত না , এর কিছু কারণ কেউ একজন বলল যা শুনে মজা পাইলাম। মানুষ সামাজিক জীব... https://t.co/1CpzLPysXo	Neutral
3159	খাই খাই ভাব কমানোর কোন ওষুধ আছে?? ὣ7 আমি খুব সিরিয়াস ὢ9 মজা নিবেন্না প্লিজ ὡE ὡ2 দিন দিন মোডা হয়তেছি কোন দিন জানি বুম করে ফেটে জাই ὢDὢD	Neutral
3160	সব যায় এখন আহাকার আর আহাকার ! কথাও সুখ মিলেনা !! . হায়রে মন ! তুমি এখনও বুঝতেই পারো নাই, তোমার সুখ কথায় !! . তো… https://t.co/aDbmm0DKu0	Negative
3161	@MooN_bOY00 এক হাত দিয়ে ধরা যায় বলে ভয় লাগে না। রেল সেতুতে একটু মাথা ঘুরায় নিজের দিকে তাকিয়ে হাটতে গেলে। সাকোতে আমার মজা লাগে।	Neutral
3162	সবসময় রাজনীতি নিয়ে কথা বলতে নেই ... বলার আগে স্থান, কাল, পাত্র বিচার করা খুব জরুরী ... আজ আরও একবার এটা বুঝতে পার… https://t.co/mvWKORBlwf	Neutral
3163	বড়ই গাছে বড়ই পারা শেষ,,, একটু জুতা,,, কিছু ডিল,,, কিছু লাঠি বেধে থাকে,,, তেমনি ভাল মনের মানুষ মনে কিছু খারাপ মানুষের আবেগ জুলে থাকে	Neutral
3164	মাঝে মাঝে ভুলে যাই রবে নাতো এই সময়, সময় পাল্টে গেছে সম্ভব আজ অসম্ভব। ভুল করে তুমি আর, হবেনা আমার সাথী, তাইতো না… https://t.co/TD3yLVsKex	Neutral
3165	এইতো ৭/৮ মাস আগের কিছু স্মৃতি মনে পরলে মনটা খুব খারাপ হয়ে যায়। কতো সুন্দর ছিলো ৭/৮ মাস আগের আমাদের বন্ধুত্ব টা। স… https://t.co/u8DOI1YJ01	Neutral
3166	অনলাইনে এই যাত্রা শুরু করার সময়টা কিন্তু এত সহজ ছিল না। এই সুন্দর ধারণা ও শিল্পের পেছনে যার অবদান সব থেকে বেশি তি… https://t.co/gNMO5DnQqL	Neutral
3167	'লন্ডনের এসেক্সের একটি শিল্পাঞ্চলে একটি রেফ্রিজারেটর লরির মধ্য থেকে যে ৩৯ জনের লাশ উদ্ধার করা হয়েছে, ফেম থি তারা মাই তাঁদেরই একজন...	Negative
3168	কালো মেয়েগুলি অদ্ভুত জীবন যাপন করে।রেগে গেলে তাদের চিবুকের শিরাও ফর্সা মেয়েদের মতই নীলচে হয়; কিন্তুকালো...	Neutral
3169	এই পৃথিবী তে কেও মন থেকে বলতে পারবে না আমি সুখে আছি কেও কোন না কোন দিক থেকে অসুখী তার পরও আল্লাহ্ আমাদের যে ভাবে রেখেছেন তার জন্য শুকরিয়া	Positive
3170	যদি ভুলে আমায় পরে গো মনে ভেবে নিও পাশে আছি প্রতিটি ক্ষণে.. দূর থেকে কামনা করি সুখে থেকো নিয়ে ঐ জীবন সথী, অভিশাপ দেবো না হও তুমি সুখী Ὁ4	Positive
3171	নিজের ভুলে দুঃখিত সাকিব https://bit.ly/2MWn4iT	Negative
3172	দুই দেশের মধ্যে সংঘাত থাকলেও, সম্পর্ক উন্নয়নে আগ্রহী দু'পক্ষই.... 🇷🇺 🇺🇦	Positive
3173	আহা! ঢাকা কলেজ ২০১৩-২০১৫ ! জীবনের স্বর্ণযুগ বলা যেতে পারে । সেই ১ নাম্বার গ্যালারি ; পুকুর পাড় ; মাঠ ; নর্থ হ… https://t.co/Y8blDq3RBp	Neutral
3174	বৃষ্টিভেজা বলিউড সুন্দরী শ্রীদেবী (ভিডিও) http://t.co/Zs3x6SGkqE via @shadhinbangla24	Neutral
3175	আত্মঘাতী গোলা এ হেরেছি। কপাল টা ওদের ছিল ওরা না খেলে ও জিতে গেল , অসাধারণ খেলেছে আমাদের সবাই । Love You Brazil ... https://t.co/g9U2E5lbgH	Neutral
3176	মন এতো খারাপ লাগতেসে। আজকের দিনটা ও এমন না করলেও পারতো।অনেক হার্ট করলো আজকে ও অনেক।আই গেস জাতে শিপিং বন্ধ হয় তাই ও… https://t.co/fLqURaqfMi	Neutral
3177	নদীতে আত্নহত্যার চেষ্টা, প্রেমিক মারা গেলেও সাঁতরে উঠলো প্রেমিকা http://t.co/9NkSclcmU0	Negative
3178	মূত্রনালীর সংক্রামন বা UTI এর কারণ ও প্রতিকার	Neutral
3179	গতকাল সন্ধ্যা থেকে প্রায় মধ্যরাত পর্যন্ত এক ছাদের নিচে জমায়েত হয়ে ক্যামেরার ক্লিক ক্লিকের মধ্যেই চলেছে ‘আনলিমিটেড’ আড্ডা আর খাইদাই। সেসবের কিছু ছবি নিয়ে এই আয়োজন।	Positive
3180	এই সময়ে বাজারে কি কি শাক সবজি পাওয়া যায় | জেনে নিন সবজি খাওয়া উপকারিতা | বউ বাজার ঢাকা | Vegetable Markets In D… https://t.co/FGswBLR7eE	Neutral
3181	RT @majharul_mithun: “ভালোবাসা রুপ দেখে নয় মন দেখে হয়” যারা সত্যি কাউকে ভালোবাসে তারা জানেন যে গায়ের রঙ দেখে কখনো ভালবাসা হয় না। ভালো…	Neutral
3182	নেমে এলো তবে ঝড় উড়ে গেলো শহরের আঁধার আচল উন্মুক্ত মাতাল শহরে ধুলো ওড়ে উড়ে যায় ঘামে জবজব যুবকের পোষা কাঁদাখোচা... বিনে পয়সার পাখি।	Neutral
3183	RT @MyAnandaBazar: পরপর দুটো হিট ছবি দেওয়ার পরেও কিন্তু আমার হাত ফাঁকা ছিল। তখন খারাপ সময়ের মধ্য দিয়ে গিয়েছি। এখন আর এ সব ভাবতে চাই না।…	Neutral
3184	মাদক অভিযান চলার পর ও , খাওয়ার জন্যে এত মেয়াদ উর্তীর্ন গাজা কই পায় !!! বেকার যুবকদের নিয়ে এদের মজা করতে ভাল লাগে। ᾑ4ὡ5ὠ8ὠ7Ὂ9 — feeling angry	Negative
3185	সেই মানুষ টাকে তুমি কখনোই খেপাইতে পারবা না যাকে তুমি হুদাই অপবাদ দাও আর সেও তা হাসতে হাসতে মাইনা নেয়। #বন্ধুবান্ধব মজা করে দেয়া অপবাদ	Neutral
3186	গান... , ও মেসি ও মেসি রে তুই অপরাধী রে,,,,, আমার যতনে গড়া পতাকার টাকা দে ফিরাইয়া দে,,, মেসি তুই বড় অপরাধী তুর হ্মমা নাই রে.....	Negative
3187	দীপক আগারওয়ালকে ঘিরে গভীর তদন্তে নেমেছে আইসিসি। ফেঁসে যেতে পারেন বেশ কিছু ক্রিকেটার।	Positive
3188	@LamiaJaman1 আমি এটাও পারি না। দেখেন না কতজনে কত ভালো ভালো টুইট করে আমি সেটাও পারি না। কতজনে কত মজা করে সেটাও পারি নাὢDὢDὢD	Neutral
3189	RT @MyselfMahmud: ক্ষমতা যখন অশিক্ষিতদের হাতে থাকে তখন তাদের কথার কোনো লিমিট থাকে না, যা মন চায় বলে - করতে চায়। আর শিক্ষিতরা?ὠ2 ওটাকে শিক্…	Negative
3190	সব মৃত্যু দুঃখের তাই নিয়ে রাজনীতি করা উচিত নয় বিগত 40 -50 -60 বছর ধরে অনেকের মৃত্যু হয়েছে তার উত্তর কে দেবে মিগিয়া না কে?	Positive
3191	অবৈধ যোগে হটাৎ এবং ক্রমাগত পকেটে অর্থ যোগ ঘটতে থাকলে বড় জোর নেতা সাজা যায়; নেতা হওয়া যায় না! আর এরূপ নেতা দেশ ও… https://t.co/Llm0rqys3t	Negative
3192	RT @ghost___rider__: এক কাপ চা দুই কাপ করে খাওয়া বন্ধুগুলাই বেশী বাশ দেয়, আর একটা একটা আলাদা মজা আছে যা সবাই বুঝে না, https://t.co/Zot5o5…	Neutral
3193	RT @Delowarhafiz: একদিক সব কিছু ভুলে যাবে আমাকে আকাশ পৃথিবী কোলাহল ট্রাফিক জ্যাম ইট কাঠের শহর এই মাটির তৈরি মানুষ সবাই ভুলে যাবে, আর আমি তখ…	Neutral
3194	গতকাল খুব খারাপ লাগল মিশর হারার কারনে গ্রুপ পর্ব থেকে বাদ হয়ে গেল আগামিকাল আমার প্রিয় দল আর্জেনটিনার খেলা আশা করি তারা জয় লাভ করবে	Neutral
3195	যে লোক ধৈর্য ধরতে পারে,তার জন্য আনন্দ ও প্রশান্তি অপেক্ষা করে।।	Positive
3196	প্রশ্ন আউট খারাপ কিছুনা। কিন্তু প্রশ্ন যাতে সবাই পায় এটা গুরুত্ব নিয়ে দেখতে হবে। কেউ পাবে আবার কেউ পাবেনা, তা হবেনা নাহিদ ভাইয়া :-P	Neutral
3197	ছাত্রলীগের ইতিহাসে এই প্রথম চাঁদাবাজীর অভিযোগে দুই শীর্ষ নেতা পদ হারালেন	Positive
3198	সম্মানের শেষ ক্লাস টাও শেষ হয়ে গেলো। আগে ক্লাস না হলে ভাল্লাগতো আজ যখন সম্মানের সব ক্লাস শেষ, আর ক্লাস করা লাগবেনা, তখন খারাপ লাগছে :-/	Neutral
3199	কেউ আর এখন বলেনা, বন্ধু আমি ঢাকা থেকে এসেছি, তুই ফেনী কবে আসবি? ὡ1 কেউ আর এখন বলেনা, অনেক দিন তোরে দেখিনাই বারইয়ার… https://t.co/u4KNSi69cr	Neutral
3200	আমার কিছু Friends আছে যাদের Online এ দেখলে ভয় লাগে ὢ8 আবার offline এ থাকলেও খারাপ লাগে ὡ4 — feeling কোন দিকে যামু ?	Neutral
3201	একটা দল একের পর এক ম‍্যাচ জিততে থাকলে খেলাটার মজা চলে যায় । প্রতিপক্ষও মাঝেমধ্যে জিতুক, তা সে ডাকওয়ার্থ লুইস মেথডে হোক বা যাই হোক।	Neutral
3202	@TheNurHossain সেটাই তো মূল সমস্যা,, তলে তলে সব দল ই ধর্ম ব্যবসা করে, পরে দোষ চাপে শুধু জামাত শিবিরের উপর অধবুত দেশ অধবুত রাজনীতি বলে কথা।	Negative
3203	ঢাকা বিশ্ববিদ্যালয়; শিক্ষার মান কোথায়- এ বিতর্কে কী বলছেন শ্রোতারা?	Positive
3204	৬ মাসে ভারতসহ ৩ দেশ থেকে এসেছে ২০ লাখ কেজি। এখন ব্রাজিল থেকে মাংস আমদানির প্রস্তাব বিবেচনায়।	Negative
3205	অতঃপর বুঝিতে পারিলাম, ইহা যদি ভালবাসা হইয়া থাকে,তবে উহা মোটেও ভালবাসা ছিল না, শুধুই #Attraction ছিল !..#নোট :... http:/t.co/ssZA3HDwF8	Positive
3206	ভালোবাসা রাতের মত হাতে রাখা হাতের মত জীবনের পরাজয় গোলাপ ঠুটে রবি হাসি মন করে আসি আসি কেঁদে বলে মনে বাঁশি চোখের যমুনা নাই প্রান বুঝি যাই রে	Neutral
3207	মাঝে মাঝে সপ্ন দেখি কাউকে। ভাবি এমন সপ্ন কেমনে হয়। কোনো পাথর যে চুন হয়ে যাই। সেটা ওই ঘুমের মাঝের সপ্নেই হয়। আমি এমন ভুল নিয়ে অনেক ভাববো	Neutral
3208	৮০ সিসি চপার বাইসাইকেল দেখতে ঠিক এমনি হবে , আগামী মাসে ফুল বডি চায়না থেকে আসবে ,এর বাকি কাজ বাংলাদেশ এ করা হবে। https://t.co/qJioISOXYy	Neutral
3209	আজ শুক্রবার, ১লা ফেব্রুয়ারী, ২০১৯, বিবিসি বাংলার প্রবাহ অনুষ্ঠানের লাইভ স্ট্রীমিং শুরু হবে একটু পরে। আমাদের আজকের অনুষ্ঠানে যা থাকছে: ১. রাশিয়ার সাথে করা মধ্যপাল্লার ক্ষেপনাস্ত্র নিয়ন্ত্রণ চুক্তি স্থগিত করার ঘোষণা দিতে চলেছে যুক্তরাষ্ট্র। শীতল যুদ্ধের সময় আইএনএফ নামে এই অস্ত্র নিয়ন্ত্রণ চুক্তিটি হয়েছিল। কেন আমেরিকা এখন আইএনএফ চুক্তি থেকে বেরিয়ে যাচ্ছে? শুনবেন বিশ্লেষণ। ২. বাংলাদেশে চট্টগ্রামে একজন চিকিৎসকের আত্মহত্যার অভিযোগ ওঠার পর তার স্ত্রী সহ ছয়জনের বিরুদ্ধে আত্মহত্যায় প্ররোচনার মামলা করেছে পরিবার। ঐ চিকিৎসকের স্ত্রীকে আটক করেছে পুলিশ।  ৩. বাংলাদেশে গণফোরাম থেকে নির্বাচিত সুলতান মোহাম্মদ মনসুর আহমেদ বিরোধী জোট জাতীয় ঐক্যফ্রন্টের সিদ্ধান্ত অমান্য করে এমপি হিসেবে শপথ নেয়ার ঘোষণা দিয়েছেন। ধানের শীষ প্রতীকে যিনি নির্বাচিত হলেন, শপথ নিলে বিএনপি কি তার বিরুদ্ধে কোন ব্যবস্থা নিতে পারবে?   ৪. বাংলাদেশে একুশের বইমেলার আনুষ্ঠানিক উদ্বোধন হলো আজ। বইমেলায় কি আসলে এখন আর ভিন্নমত প্রকাশের সুযোগ আছে? থাকলে কতোটা?  এ নিয়ে থাকবে বিশেষ প্রতিবেদন।  সাথে থাকবে খবরের সর্বশেষ শিরোনাম	Positive
3210	@jeet30 জীবনে যদি আমি কারো ফ্যান হয়ে থাকি সেটা হলো আপনি। আজ থেকে ষোল বছর আগে থেকেও আপনার নাম আমার ওপর উঠেছে কারণ আ… https://t.co/7lbpSoRFIK	Neutral
3211	সিএইচটি২৪.কম রবিবার, ৭ সেপ্টেম্বর ২০১৪ প্রেস বিজ্ঞপ্তি/ দেশ: পতাকা উত্তোলন, আলাচনা সভা ও র‌্যালীসহ বিভিন্ন...	Neutral
3212	১৯১০ সালে জন্ম গ্রহণ করেন মাদার তেরেসা, তাঁর মৃত্যু হয় ১৯৯৭ সালের ৫ই সেপ্টেম্বর। ভারতের কলকাতায়  একজন তরুণী সন্ন্যাসিনী যেভাবে মাদার তেরেসা হয়ে উঠলেন সেই গল্প	Positive
3213	মাস শেষে কয়টা টাকা দেয় বলে সকাল-বিকাল এই যায়গায় ঘুরঘুর করি। :) অসুস্থতা, মন খারাপ সব কিছু হার মানে এই লোভের কাছে :) :) #আপিস	Neutral
3214	গায়ক, গিতীকাৰ সকলক জনাবলৈ পাই সুখী হম যে প্ৰত্যেকটো শব্দৰ শেষত ং টো লগাই দিলেই ( খালোং, গলোং) সেয়া সোণোৱাল কছাৰী গান হৈ নাযায়	Neutral
3215	→ আচ্ছু আপু তুই কেনো এলিনা পৃথবীতে খুব মিস করি তোকে জানিস! তুই থাকলে কত্ত মজা হতো বল তো তুই আমি মিলে সারাদিন আম্মু… https://t.co/AHmYFffjLG	Neutral
3216	মানুষ সামাজিক জীব। সমাজবদ্ধ জীবনযাপন ছাড়া একাকী জীবন যাপন করা মানুষের পক্ষে সহজ নয়, তেমনটি কেউ কামনাও করে না।...	Neutral
3217	প্রথম কথা কিছুলোক একত্রিত হয়ে গেলে কারো রাজনীতি বন্ধ হয়ে যায় না ৷ এর কোনো আইনগত ভিত্তি নাই ৷ এটা স্রেফ তাদের এক… https://t.co/oDf2mvO2pR	Neutral
3218	RT @perfectmunna1: দোয়েল পাখি জানে না, বাংলাদেশ তাকে কত বড় সম্মান দিয়েছে জাতীয় পাখি ঘোষণার মাধ্যমে। যদি জানত তাহলে সে অন্য পাখিদের মত আ…	Neutral
3219	সুখে থাকো দুঃখে থাকো, খবরতো আর রাখো না । এখন তো আমায় তুমি ভালোআর বাসো না । যতো ভালোবাসা ছিলো দিয়েছিল তোমাকে । তবু… https://t.co/odXCKWxzlw	Neutral
3220	I liked a @YouTube video http://t.co/uw7Gaaoew6 সৈয়দ শাহ নূর - সাওধের নাও	Positive
3221	RT @Mkhussain19: ভালোবাসা যে অন্ধ সেটা তো সবাই শুনেছে । কিন্তু অন্ধদেরও যে ভালোবাসা হয় সেটা এই ছবিটি দেখেই বুঝতে পেরেছি । #ভোরের_পাখি http…	Neutral
3222	RT @faysallabib413: বাংলাদেশ ১৩ রান কইরা ফালাইছে এখনও একটা উইকেট যায় নায়। বাহ ভালো উন্নতি করছে। ১ কোটি টাকা বোনাস ঘোষণা করা হোক। কি বলেন…	Negative
3223	- ὓ0এই মেয়ে কি ভেবেছ তোমাকে ভালোবাসি বলে আমি আটকে গেছি?? ὡ2ὡ2 - ভালোবাসি তোমাকে❤ তাই কিছু বলিনা তোমার খারাপ লাগবে বলে। ὠE — feeling emotional	Neutral
3224	আমরা মানুষেরা যখন বলি, কাউকে খুব ভালো বুঝি কিংবা জানি সেটা আসলে ভুল কথা। কারন বুঝি বা জানি বলে উল্টো তাকে ভুল বিচার… https://t.co/40XWHK5KJG	Neutral
3225	এই পথে যেতে আলো ছড়িয়ে, আমার বায়না শত রয় ঘুমিয়ে। এই বুঝি চাঁদ আমায় ডাকছে, কখনো ভুল করে কাছে টানছে, কেনো আমি বু… https://t.co/HVreYrZyuO	Neutral
3226	মেয়ে তুমি মদ হও, মাতাল হব। :-) যা ইচ্ছে তাই বলে দৌড়ে পালাবো। ধরতে আসলে যা খুশি তাই করে বসবো। :-P :-P :-P :-P :-P	Neutral
3227	RT @PresidentShovon:  কেউ গুজবে কান দিবেন না  বিএনপি, জামায়াত ও শিবিরের গুজব কে অতীতে ছাত্রলীগ যেভাবে গুজব রুখে ছিলো বর্তমানে আরও বেশি…	Neutral
3228	খুব খারাপ লাগছে আজকে। বুঝতে পারছি না এখন আমার কি করা উচিত , সত্যিই রে আমি অনেক বড়ো একটা পাপী , হুম , এক সময় তোমা… https://t.co/D1NPekWXms	Negative
3229	যেহেতু দ্বিতীয়বার আমার জীবনটাকে ফিরে পেয়েছি, তাই যতক্ষণ না পর্যন্ত প্রাকৃতিকভাবে আমার জীবন যাবে, ততক্ষণ পর্যন্ত এই জীবন যুদ্ধ অক্ষুণ্ণ রাখবো	Positive
3230	Ring Id কী? এটা থেকে কী ভাবে ইনকাম করবেন এবং টাকা বিকাশ ও রকেট তে তুলবেন? . রিং আইডি কী? . উওর : রিং আইডি বাংলাদেশ… https://t.co/Lw3civqKTq	Neutral
3231	সাধারণত পূর্ণবয়স্ক নারীদের হয় ওভারিয়ান ক্যান্সার, তাও খুব বেশী নয়। কিন্তু চৌদ্দ বছরের এই কিশোরীটি কীকরে বাঁধিয়ে বসলো এই রোগটি? 👧🚑💉💊	Positive
3232	ফেইসবুক এর মতো এখানেও কমেন্ড শুরু করলাম ৷তবে চলমান সামাজিক মিথ্যা দিয়ে নয়৷	Neutral
3233	আজ ১২ ই ডিসেম্বর ২০১৮ আমার মামাততো বোন কলি র বিবাহ , সেই উপলক্ষ্যে আমরা সবাই মিলিতো হয়েছি ঢাকা , বাংলাদেশ , কমিউনিটি হলে	Neutral
3234	RT @Afiya89645364: মানুষের জীবন মানেই সুখ ও দুঃখের সমাহার । কখনো হাসি কখনো কান্না । আর তারাই ধৈর্য্যশীল যারা শত দুঃখে ও আল্লাহর উপর ভরসা ক…	Positive
3235	ব্রেক্সিট নিয়ে যুক্তরাজ্যে রাজনৈতিক সংকট যে অবস্থায় পৌঁছেছে, তা দেশটির সাম্প্রতিক ইতিহাসে নজিরবিহীন।	Positive
3236	RT @bub8g: রুপ দেখে প্রেম না করে মন দেখে প্রেম করা উচিৎ । কারন রুপ থেকে সৃষ্টি হয় মোহ আর মন থেকে সৃষ্টি হয় ভালোবাসা । এই মনের ভালোবাসাই হ…	Neutral
3237	পরিনতি.. ভেবেছি একটাই... যেভাবে হোক তোমাকে চাই , আর কেও না শুধু আমিই যেন পাই... পেয়ে আর না হারাই.... <3	Neutral
3238	বুয়েট, আবরার ফাহাদ হত্যাকাণ্ড :  বর্তমান ভিসি ক্যাম্পাসেই থাকেন না। ভিসির নিয়োগের শর্ত হলো তিনি ক্যাম্পাসে থাকবেন।	Negative
3239	অভিশপ্ত জীবনের কারনে তাদের নিঃস্পাপ জীবন-ও হয়ে উঠেছিলো অভিশপ্ত ,হয়েছে আজ তারা বিলুপ্ত ! বিলুপ্ত রাজ-পরিবার,বিলুপ্ত আজ রাজ-পরিবারের বংশধর!	Negative
3240	'এমপিওভুক্ত হওয়ার খবরে রাতারাতি ঘর তোলা হচ্ছে...	Positive
3241	RT @Jfc_Basirhat: 100% LOVE মুভিটার কথা সকলেরই মনে আছে নিশ্চয় । মনে থাকবারই তো কথা । এরকম অসাধারণ মুভির কথা কি সহজে ভুলে থাকা যায় ! না কি…	Positive
3242	RT @Tweet__Bangla: যেকোনো কাজ করিবার আগে তাহা বারবার ভাবিয়া লইয়ো, কাজটি কি সৎ ও সঠিক নাকি অসৎ ও ভুল। যদি সৎ ও সঠিক হয়, তবে তাহা করিও, আ…	Neutral
3243	~ বহি ~ আমি বইপত্র পড়ি কম। অলস, শুধু বইসা থেকে সময় নষ্ট করা মানুষদের একজন। তাই দশটা বই নিয়া ফেসবুকে এইটা কী ঘট… https://t.co/lPPEnGvxzt	Neutral
3244	RT @obujbalok8846: আওয়ামিলীগের মনে,, অনেক ভয় কাজ করতেছে, তাই তো বিএনপির নেতা কর্মিদের আটক করতে ওটে পরে পিছু লেগেছে, কে কি বলছে তা সুনতে…	Neutral
3245	আমার পরিবার (তবে আমি আর বাবা ছিলাম না ) যাই হক সবার মুখে হাসি দেখে আমিও খুশি সবাই দুয়া করো আমরা যেন এইরকম হাসিখুশি থাকি	Positive
3246	আমি নাকি আপনার কলিজার ভাই আমার সাথে কথা না হলে আপনার রাতে ঘুম হতো না! সেই ভাই সাথে আজ এতো দিন কথা বলেন না এখন ঘুম হ… https://t.co/4PAD0iTCgw	Neutral
3247	একসময় আপনার খুব অহংকার ছিল সে যাই হোক খুব খারাপ লাগলো যে এখন ঈদ এ শপ্পিং করার ক্ষমতাও হারিয়ে ফেলেছেন। আল্লাহ্‌ আপনার সহায় হোক :)	Neutral
3248	সোনা রূপা লংকের ঘরে রেখে ছিলামছিলাম তারে যাও পাখি বলো তারে সে যেনো ভুলে না মোরেসুখে থেকো ভালো থেকো মনে রেখো এই আমারে	Neutral
3249	সব সময় হাসি খুশি থাকলেই সুখী হওয়া যায় না অনেক হাসি আছে যেটা কান্নার রেশ ইঙ্গিত করে সেটা কেউ বুঝে আবার কেউ বুঝে না	Neutral
3250	@Im_Hassi একটা বল একটু ভুল হলো আর তার জন্য এত বড় মাশুল! যাই হোক...তাও ভালোই খেলেছে আল্লাহর রহমতে।	Positive
3251	আজ খুব ভোরে ঘুম থেকে উঠছি আর তখনি কোন এক মসজিদ থেকে একজনের মৃত্যু সংবাদ শুনছিলাম এবং আযান হল। তখন খুব খারাপ লাগছিল,… https://t.co/os3nyhQ2ls	Neutral
3252	নূর হোসেন ভুল দেশে জন্মগ্রহন করেছে এখানে চোরেরা বীরের মর্যাদা পায় আর বীরেরা পায় চোরের অসম্মান - - - - - - - - -... https://t.co/2FZ0jPmLeF	Negative
3253	উফ! লাইফে এতো কমেডি ক্যারে?? :v আমি ডাক্তার না হওয়ায় তো দেখি এই দেশে ও জাতির বিরাট ক্ষতি হয়ে গেছে! :v	Neutral
3254	RT @mdsaddam_____n: কষ্ট গুলো বড়ই অদ্ভুত। যখন সবার সাথে হাসিখুশি থাকি তখন সে লুকিয়ে যায়। আর যখন একা থাকি তখন এসে সে নিরবে কাঁদায়,,,,,	Neutral
3255	বিচারপতিদের হিজড়া বানানোর মহান কাজটা বাস্তবায়ন করল আওয়ামীলীগ। এরপর শুরু হবে বিচারপতিদের বউ মেয়েদের পতিতা ও...http://t.co/N7be23BxOc	Negative
3256	ওয়েল প্লেড তাইজুল :)  তাইজুলের অর্জন ও তার প্রতি সম্মান রেখেই বলতেছি একজন ৫ উইকেট পেলেই আমাদের বেশী লাফানো উচিত...	Positive
3257	@Nostalg_desire সবাই খারাপ তাই বলে আমাকে খারাপ হতে হবে এমন তো কোন কথা নেই____ এটা সবই নিজের কাছে দাদা আমরা দিন দিন অধঃপতনের দিকে যাচ্ছি✋	Negative
3258	বাংলাদেশ সরকার কিছু এনজিওকে নজরদারির আওতায় আনতে চাইছে।	Positive
3259	RT @HotSonai: তোমার গার্লফ্রেন্ড বা বউ কি তোমার বাঁড়া চুষতে চাই কিন্তু বাড়ার ভ্যাপসা গন্ধর জন্য সহ্য করতে পারে না ? জেনে নাও কি…	Neutral
3260	সোনার বাংলাদেশে 64 জিলা আছে আর মৌজা আছে 59 হাজার 990 টা নাল জমির পরচর্চা আছে এই চাঁরটা 1917 সনের 54-63-এ বাংলাদেশ ফ… https://t.co/LFeIARCQWp	Neutral
3261	ব্রাজিল ৭ গোল খাওয়ার ঐ দুঃসময়ে পাশে ছিলাম এবং ভাল ও খারাপ সব সময়েই পাশে থাকব।আরে ভাই ৩ গোল খাইছে তাতে কি হইছে সা… https://t.co/BrBOMYtcF2	Positive
3262	বন্ধু বন্ধু বন্ধু রে তোরা কেমন আছিস রে তোদের ছেড়ে দুর প্রবাসে একা লাগে রে সুখ দুঃখ ঘিরে তোরা কেমন আছিস রে তোদের ছে… https://t.co/z63dbTUzGG	Neutral
3263	শরীয়তপুর-২ আসনে মোট ভোটার - ২ লাখ ৩৪ হাজার ( প্রথম আলো)। আর নৌকার প্রার্থী এনামুল হক শামিম পাইছে ২ লক্ষ ৭২ হাজার… https://t.co/ibFttekN0y	Neutral
3264	RT @Osman___R____: মানুষ যখন ভুল করতে যায় তখন তার বিবেক ঘুমিয়ে থাকে যখন ভুলটা করে ফেলে তখন তার বিবেক প্রতিনিয়ত কষ্ট দেয় _____এই হল জীবন…	Neutral
3265	অপরের থেকে পেতে চাইলে নিজের মধ্যেও রেখো ! ... তুমি যাহা নও, তাহা পাবে না.... আঁধারের সাথে কভূ আলো মেশে না.... হও য… https://t.co/m12OzTyK5c	Neutral
3266	KKR এর জেতার আনন্দ করবো না AB এর Retire এর জন্য দুঃখ করবো ভেবে পাচ্ছি না । সত্যি খুবই খারাপ লাগছে AB এর জন্য । ὢBὢ3	Positive
3267	হারাই হারাই ভয়ে গো তাই, বুকে চেপে রাখতে যে চাই ১ আমার বিয়ে হয়ে গেল। অর্থাৎ আমার দিক থেকে বিয়ে; কিন্তু অন্য দিক… https://t.co/04pYq5nXXe	Neutral
3268	RT @Apurbo_0: মানুষ ভালোবাসার পূজারী আর এই ভালোবাসা এক জায়গায় স্থির না ছুটে চলে দিক বেদিক অনেক দিনের ভালোবাসা ও বিক্রি হয়ে যায় নতুন কোন…	Neutral
3269	রোহিঙ্গা প্রত্যাবাসনে চীনের ওপর এতটা ভরসা করা কতটা সঙ্গত হচ্ছে বাংলাদেশের জন্য?	Positive
3270	RT @nusratjahanjeni: টাকা তোর মেজাজ কড়া জনম ভারা দেখি চাইয়া তোরে পাইলো সে খুশি না পাইলে যায় বেজার হইয়া টাকা তোর কতগুণ তোরে লাগি মানুষ…	Neutral
3271	নিরাপত্তা বাহিনীর পরিচয়ে তুলে নেয়া হয়েছে এমন অভিযোগে ১৫০'র বেশি পরিবার এখনো তাদের স্বজনদের কোনো হদিস পাচ্ছে না।	Negative
3272	RT @Saswati53299964: দাদা তুমি আমাদের কাছে কল্পতরু । তুমি বট বৃক্ষের মতো আমাদের পি এফ শির মাথার ওপর ছাতা ধরে আছো । কল্পতরুর মতন দুহাত বাড়ি…	Positive
3273	এরকম সংবাদ চাই , দেশ নিয়ে আর কথা শুনতে চাই না বাইরের মাটিতে , এটা ভাইরাল করবো না কেউ কারন আমরা কেউ কিছু দেশের জন্য… https://t.co/1Pojr5DejL	Positive
3274	বহুদিন পর ঢাকা আইসা শান্তি পাইলাম। ট্রেন ঠিকঠাক সময় আইছে, কোন জ্যাম পাইনাই। কথা হলো পুরো নোয়াখালী টু বিমানবন্দর ঘুমাই আইছি :-D সেই ঘুম।।	Neutral
3275	সিভিও পেট্রোকেমিক্যালের নতুন সম্ভাবনা************************************সিভিও পেট্রোকেমিক্যাল রিফাইনারি... http:/t.co/DMJkgsWkPs	Positive
3276	GP আর Airtel 4G নামক যে সিমখানা রিপ্লেস করতে বলছে তার মহৎ গুনাগুনগুলি সম্পর্কে কারো কি জানা আছে? বা কেউ ব্যাবহার করে উপকৃত হয়েছেন?	Neutral
3277	সুখ সুখ পাওয়া যায় নাকি শপিং মলে দাম কত রে? সুখ কি থাকে ওই উঁচু ফ্ল্যাটগুলোতে? 2 BHK না 3 BHK কি সব বলে, https://t.co/jtpkmpF5dN #poetry	Neutral
3278	ঢাকার বেশ কিছু মাদ্রাসা ঘুরে দেখা গেছে এসব জায়গায় ছাত্র-ছাত্রীরা এসেছেন মূলত পরিবারের ইচ্ছায়।	Positive
3279	জাতির কাছে এর থেকে লজ্জার কিছু নাই আমার দেশ বাংলাদেশ এ কথা আর কিছু দিন পর হয়ত পরিচয় দেওয়া সমস্যা হয়ে যাবে আন্ত… https://t.co/I5O3JUn4JW	Negative
3280	বিবিসি বাংলার রেডিও অনুষ্ঠানের লাইভ স্ট্রিমিং-এ আজ বৃহস্পতিবার যা থাকছে: বাংলাদেশের জাতীয় নির্বাচনের আর যখন মাত্র ন'দিন বাকি তখন বিরোধী দল বিএনপি বলছে, তাদের অন্তত ১০ জন প্রার্থী, যারা ধানের শীষ প্রতীক নিয়ে নির্বাচন করতে চেয়েছিলেন, হাইকোর্ট তাদের প্রার্থিতা বাতিল করে দিয়েছে। এর ফলে এসব আসনে এখনও পর্যন্ত ধানের শীষের কোন প্রার্থী থাকবে কীনা সেটা নিয়ে সন্দেহ তৈরি হয়েছে। নির্বাচনী প্রচারাভিযানের খবরাখবর শুনবেন সরাসরি উত্তরাঞ্চলীয় জেলা জামলাপুর থেকে। বাংলাদেশে বিএনপির একজন নেতা ইনাম আহমেদ চৌধুরীর হঠাৎ করেই আওয়ামী লীগে যোগদান করেছেন, যে ঘটনা রাজনৈতিক অঙ্গনে কৌতুহলের সৃষ্টি করেছে। শুনবেন দলবদল নিয়ে তার সাক্ষাৎকার। চারটি উপজেলা নিয়ে গঠিত দিনাজপুর ৬ আসনে কী প্রত্যাশা সেখানকার মানুষের এবং বড় ব্যবধানে জয়-পরাজয় নিশ্চিত করার জন্য দলগুলো কতটা প্রস্তুত? থাকবে বিশেষ প্রতিবেদন।	Positive
3281	বাংলাদেশ ক্রিকেট টিমের যে অবস্থা হয়েছে খেলা দেখে মনে হয়েছে তারা মাত্র ক্রিকেট খেলা নতুন আসছে দুইটা ম্যাচ 200 রান পার করতে পারল না	Negative
3282	এই ছিলো WORLD CHAMP এর খেলা? কি অবনতি ঘটছে রে ভাই ! অস্ট্রিয়ার কাছেও জার্মানি হারে ? -_- ! ১৯৮৬ এর পর প্রথম হার… https://t.co/d4PZu17aU6	Negative
3283	বিএনপি কে ভোট দেয় এই জন্য নয় যে বিএনপি এর ১৯ দফা সম্পর্কে উনারা জানেন। বিএনপি কে ভোট দেয় এই জন্য যে আওয়ামীলীগ এ… https://t.co/thFdh0PCp7	Negative
3284	বঙ্গবন্ধুর পছন্দের একটি গান। বার বার শুনতেন টি এই গান টি। আব্বা করাচি থেকে ঢাকা ফিরে এলেন তো তখন এই গান টা পান্… https://t.co/D9KpiZ1JdV	Neutral
3285	সুশীল হব ৩ (#শুধু_উদাহরন)------------খন্দকারের মিথ্যা  বিভ্রান্তিকর তথ্য নিয়ে সামান্য কথা না বললেও বিটিভি কেন... http://t.co/VyZ6JHRPMk	Negative
3286	সৎ মানুষগুলো বিপদে পড়ে বার বার আবার ঘুরেও দাঁড়ায় বার বার ।কিন্তু অসৎ ব্যক্তি একবার বিপদে পড়লে আর ঘুরে দাঁড়নোর সুযোগ থাকে না !!	Neutral
3287	মুফাস্সিল ভাই পৃথিবীর ১৮০ মুসলিম ভুল আর আপনি ঠিক ? - এক মুসলিম ও তাহলে পৃথিবীর ৬২০ কোটি মানুষ ভুল মুহাম্মদ ঠিক ? - আমি ὠ9	Neutral
3288	হয়তো তুই অনুমতি দিসনি বলেই তোর কাছে যেতে পারলাম না, কিন্তু তোর কাছে যাবার মাঝে যে মানুষ গুলো বাধা দিলো তাদের অবস্থা একদিন খারাপ যেন হয়	Neutral
3289	দুই টিমের প্লেয়ার দের চোখেই পানি কারোটা কষ্টে কারো টা আনন্দে , , আমি ভাবি বাংলাদেশ কি কোনোদিন পারবে ??? এইভাবে ফুটবলেও জাতী কে কাঁদাত :)	Neutral
3290	RT @qzarSwdQEA7AQsm: কারো আশাকে নষ্ট করো না.. হয়তো এটা তোমার কাছে মজা কিন্তু যার আশা নষ্ট করছো হয়তো এই আশাই তার শেষ সম্বল ছিল... https…	Positive
3291	একাদশ জাতীয় সংসদ নির্বাচন: ভোটকেন্দ্র ৪০ হাজার ১৮৩টি #ভোটার ১০ কোটি ৪২ লাখ ৩৮ হাজার ৬৭৩ জন #পুরুষ ৫ কোটি ২৫ লাখ ৭… https://t.co/xsnX1RlRtG	Neutral
3292	RT @KanizShuvana: জীবনের কিছু কিছু প্রশ্ন থাকে যার উত্তর কখনও মিলেনা, কিছু কিছু ভুল থাকে যা কখনও শোধরানো যায়না, আর কিছু কিছু কষ্ট থাকে যা…	Neutral
3293	আমি ভালো মানুষ নই একথা সত্য আমি খারাপ মানুষ একথা ও সত্য তাই বলে কি আমার সংশোধন হওয়ার জন্য সহযোগীতা, পরামর্শ ও সৎসঙ্গ চাওয়াটা অন্যায়?	Neutral
3294	-- কি ভাই? মন খারাপ কেন? বস বকেছে নাকি? --হুম, আগে বস আমার উপর অনেক খুশি ছিল। কেন জানি তিনি এখন আগের মত আমাকে... https://t.co/eFEr9P8a7S	Neutral
3295	@abpanandatv না , মমতা ব্যানার্জী ভয় পাই নি , ও ভয় পায় না , মমতা বাংলা কে UP না হবার জন্য বিজেপির নোংরা রাজনীতি… https://t.co/vPBBUYxZ66	Positive
3296	তোমাকে সুখি দেখতে পাওয়ার মাঝেও এক প্রকার আনন্দ খুজে পায়। হউক না সেই সুখ তুমি অন্য জনের কাছ থেকে পাও, আমি না হয়… https://t.co/lM9ZpZAGcI	Neutral
3297	♥♥♥♥♥♥♥     সবাই তো সুখি হতে চাই....... কেউ সুখি হয়, কেউ হয় না..... জানিনা বলে যা লোকে সত্যি কিনা... সবার কপা… https://t.co/j5hfKA8YlY	Neutral
3298	 কেউ মরে বিল ছেঁচে, কেউ খায় কই  আল্লাহর রহমতে এইচএসসি ২০১৮ এর রেজাল্ট এর দিন থেকে বাসায় আমার সব সুখ শান্তি চলে গেছে -_-	Negative
3299	ভাই আমি আমার নামের জায়গায় ভুল কইরা আমার ভাইয়ের নাম লেখছিলাম । ঃ ও আচ্ছা আপনার ভাইয়ের নামটা বলেন &gt; ঃঃ সোনা । ঃ আ… https://t.co/0lZUIneR8V	Neutral
3300	ঠোটে চুমু দিয়ে ঠোট লাল করে ফেলার নাম ভালবাসা নয় কপালে আলতো করে ঠোট ছুইয়ে এলোমেলো চুলগুলো সরিয়ে চোখের গভীরে এক পলক তাকিয়ে থাকাই ভালোবাসা	Neutral
3301	কি ভুলে পেয়েছিলে সেই অচিন পথের দেখা? কেউ এলোনা আর চলছ তুমি একা! ভুলে যেও ভোলার মত শুকিয়ে নিয়ে সকল খত। সত্য সু… https://t.co/rLIuXDooBL	Neutral
3302	RT @Sourov33: @Delowarhafiz এই বিষয়ে কিছু জানলে আমাকে একটু কষ্ট কইরা #DM কইরেন তো ὠCὠCὠC যদিও রাজনীতি করি না। কোটার লাইগা ছাত্রলীগে যোগ দিতাম…	Neutral
3303	@Black_Sobuj ইরান এমন খারাপ খেলা খেলে নাই। যে ট্রল এর উপযুক্ত। তবে পর্তুগাল কে যদি রেফারির সার্পোট না করতো তাহলে মোর অন্য দিকে নিতে পারতো।	Neutral
3304	আর যাই হোক, উনি কিন্তু ভালো গল্প বলেন এটা আপনাকে মানতেই হবে ।। যেমন ছবি আঁকেন , তেমনি গল্প লেখেন , অসাধারণ প্রতিভার… https://t.co/aKuuuMswCT	Positive
3305	মহান মে দিবস। শ্রমজীবী মানুষদের অধিকার নিশ্চিত করার লক্ষ্য নিয়ে সারা বিশ্বের মতো বাংলাদেশেও এই দিনটি শ্রম দিবস হিসেবে পালিত হচ্ছে। প্রেসক্লাবে সামনে মিছিল নিয়ে হাজির হন দেশের বিভিন্ন সেক্টরের শ্রমিক। সেখানে বিবিসি ফেসবুক লাইভে শ্রমিকদের সাথে কথা হয় - তাদের শ্রম নিয়ে, অধিকার নিয়ে। রানা প্লাজা ধ্বসের পরবর্তী অবস্থা নিয়ে বিবিসির সাথে কথা বলেছেন গার্মেন্টস শ্রমিকরাও।  সবাইকে সাথে থাকার জন্য ধন্যবাদ। #মেদিবস	Positive
3306	আজাইরা আমার ছুতা আসে না। আমি ছুতা দিতে পারি না। তাই সবার কাছে খারাপ হতেও আমার তেমন একটা দেরি হয় না। যখন সত্য বলি... https://t.co/U4I3PPIT3p	Neutral
3307	আজকে ব্রাজিলের ভাগ্য খারাপ ছিল তানা হলে আজকে ভাল খেলেও গোল পেল না ব্রাজিল। লাস্ট মুমেন্টে ২টা সিওর মিস করল না হলে রেজাল্ট ভিন্ন হত	Neutral
3308	লাক্স ক্যাফে লাইভে আজকের অতিথি রেশমি মির্জা (Resmi Mirza) উপস্থাপক: সারা ফ্যায়রুজ যাইমা (Sara Fairuz Zaima)	Positive
3309	মানুষ তো খেলনা নয় বাচবে মরবে যুদ্ধ করবে এটাই তো তার পরিচয় । আজ যা মন্দ কাল তা ভাল এখানে অন্ধকার ওখানে আলো যা হ… https://t.co/SKX4XfUNAQ	Positive
3310	যারা বলে যৌথ প্রযোজনা ছাড়া ভালো ছবি হয় না, যারা বলে বাংলা ছবির সব গল্পই একি রকম তাদের ভুল ভাঙার জন্য এটা ভালো... https://t.co/3ePYzTnBkM	Neutral
3311	এই তারুন্য রুখবে এমন সাধ্য কার ? নিরাপদ সড়ক চাই দাবীতে আজ সারা ঢাকা শহর ছাত্র-জনতা অচল করে দিবে। তাই ঘরে বসে না থে… https://t.co/maissDPxvs	Neutral
3312	RT @QaushiqSaha: পাখির ডানায় লিখে দিলাম নববর্ষের নাম বন্ধু তোমরা উড়ে দেখো পাবে সুখের ঘ্রান l পুরোনো সব কষ্ট করে ফেলো নষ্ট! নতুন বছরের নতু…	Neutral
3313	হযরত লোকমান (আঃ) তাঁর পুত্রকে উপদেশ দিয়েছেনঃ খবরদার কারো পরনে ছেঁড়া পুরনো কাপড় দেখে তাকে ঘৃণা করবেনা ।কারণ তোমার খোদা ও তার খোদা একই খোদা	Neutral
3314	RT @IstiacJack: মমিনুলের আজকের সেঞ্চুরি আমার দেখা অন্যতম সেরা টেস্ট ইনিংস! প্রথম ইনিংসে দেড় দিন ব্যাট করার পর টানা ২০০ ওভার ফিল্ডিং করে টে…	Positive
3315	RT @RJ_________3: লাগবে যখন খুব একা চাঁদ হয়ে দিবো দেখা, মনটা যখন থাকবে খারাপ স্বপ্নে গিয়ে করবো আলাপ,, কষ্ট যখন মন আকাশে তাঁরা হয়ে জ্বল…	Neutral
3316	বাসে উঠাকে কেন্দ্র করে রোকেয়া বিশ্ববিদ্যালয় ও কারমাইকেল কলেজের শিক্ষার্থীদের মধ্যে সংঘর্ষ http://t.co/5kJAnFPpPE	Negative
3317	ঃ ওই জার্সিটার দাম কত ঃ ১১৫০ টাকা মাত্র। ঃ কিছুটা কম রাখা যায়না? ঃ কমের গুলা নেন ,এই যে ১৫০ টাকা মাত্র। ঃ এটা… https://t.co/YehuTvNnV9	Neutral
3318	আলো থাকলেই পিছনে অন্ধকার আসবে , ভালো থাকলেই পিছনে খারাপ থাকবে ! জোয়ারের পিছনেই আসে ভাটা ! বারো ঘন্টা + বারো ঘন্টা মোট ২৪ ঘন্টা তাই না ?	Neutral
3319	RT @ziabiplob: দেশ ভিত্তিক মসজিদের সংখ্যা (Top 7) ৭ὄ9἟9἟7 তুর্কি (তুরস্ক) - ৮২ হাজার ৬ὄ9἟8἞6 সৌদি আরব - ৯৪ হাজার ৫ὄ9἞A἞C মিশর - ১ লক্ষ ৮ হাজার ৪…	Neutral
3320	প্রথমবারের মতো কোন নারীকে চাঁদের বুকে পাঠাতে চায়, কিন্তু সেটি কখন হবে?	Positive
3321	হিরো আলমের মতো লোকটা কে মেরে বেড় করে দেওয়া কতটা নিচু মানের ইলেকশন তা বলেই দেয় ।সে যতোটা হাসির পাত্র হোক না কেন,… https://t.co/nyORa4Bj8F	Negative
3322	বার্মিংহামের নয় বছরের শিশু ডেইজি মে দিমিত্রি তার কৃত্রিম পা নিয়েই নিউ ইয়র্ক ফ্যাশন উইকে অংশ নিচ্ছে। এর আগে লন্ডনে একটি ফ্যাশন প্রতিষ্ঠানের মডেল হয়েছিল ডেইজি। দুই পা ছাড়া জন্ম নেয়া ডেইজির বাবা অ্যালেক্স দিমিত্রি জানিয়েছেন, যেসব মানুষ কৃত্রিম অঙ্গ নিয়ে চলছে তাদের চলার পথ দেখাতে চায় সে।  উল্লেখ্য, ফাইবুলার হেমিমিলিয়া নামে এক বিরল রোগ নিয়ে জন্মায় ডেইজি, যার কারণে পা ছাড়াই বেড়ে উঠছে সে।   ছবি: EMMA WRIGHT	Positive
3323	New phone কিছু লিখতে গেলেই উলট পালট হইয়া যায় । এক লাইন লিখতে 10 বার কাটা লাগে । এ কেমন বিচার । ὡ5 বাংলাদেশ ব্যাংক এর সাথে জড়িত নয়তো ὤ4	Negative
3324	ও ফেবু রে, ফেবু রে তুই অপরাদি রে, ὢ1 আমার নষ্ট করা সময়গুলা দে ফিরাইয়া দে! ὢD ফিলিং #অপরাধী bcz I heard d song! ὡ6 — feeling pained	Negative
3325	৩০ আগস্ট জাতিসংঘের সাধারণ পরিষদ ঘোষিত ‘আন্তর্জাতিক গুম দিবস’। বাংলাদেশে নিরাপত্তা বাহিনীর পরিচয়ে তুলে নিয়ে নিখোঁজ হওয়ার অভিযোগ বেশ পুরানো। এ নিয়ে প্রতিবেদন দেখতে চোখ রাখুন বিবিসি প্রবাহে, আজ রাত ৯টা ৩৫ মিনিটে চ্যানেল আই-তে।  এ বিষয়ে আপনার মতামত জানান এখনই। আপনাদের পাঠানো মন্তব্যের মধ্যে বাছাইকৃত কয়েকটি মন্তব্য প্রচার করা হবে আমাদের আজকের অনুষ্ঠানে। #BBCPrabaho	Negative
3326	সমাজের সাথে তাল মিলিয়ে চলতে গেলে বাবা মা এর অবাধ্য হতে হয়, আবার বাবা মা এর কথা মত চলতে গেলে যুবসমাজ মেনে নেয় নাহ !	Neutral
3327	RT @JahangirBics: বাংলাদেশ ব্যাংকের ভল্টে রাখা হলো স্বর্ণ কিন্তু তা হয়ে গেলো মাটি । ὠ6 ঝৈ বাংলা - ডাকাত সামলা । অভিযোগ সত্য নয়; বলে দাবি ক…	Negative
3328	RT @BaghaBangali: ৮০ টি কেন্দ্রের ৬০ টিতে বিএনপির পোলিং এজেন্ট পায়নি প্রথম আলো, তো বিএনপি নির্বাচন করতে যায় কেন? দলটির উচিত আশু এর তদন্…	Neutral
3329	বারবার নিষেধ করার পরেও যদি কেউ নিজের ভালো বুঝতে না পারে !তখন,সেই ভুল আকড়ে ধরে বসে থাকা নাচের বুড়ীকে ঢোলের বাড়ি দেয়ায় দোষের কিছু নেই...	Neutral
3330	দেশের কথা মাঝে সাঝে মনে পরে । তখনই ভেনিস চলে আসি । কারণ বাংলাদেশ মানি নৌকা, ভেনিস মানিও নৌকা । দুধের সাধ ঘোলাটে… https://t.co/JZooV7TbEX	Neutral
3331	রীতিমত ভৌতিক	Negative
3332	ভদ্র তা ত মা বাবার শিক্ষা থেকে শিখে আর পরিবেশ ভালো হলে অনেক কিছু ভালো হয়, সব মানুষ কিন্তু খারাপ না পরিবেশ থাকে খা… https://t.co/mhGAdmhGqy	Neutral
3333	আজকাল আমার কেমন যেন ঘোর লাগে সারা পৃথিবীকে নস্যাৎ করে বলে উঠি – নেই তার ঠিক পরে পরে বুঝিনা এ ঘোর কিসের কবিতা না কি… https://t.co/eyJ7dky8VV	Neutral
3334	@Mahbub53 ওহ কেন আপনি ভুল বুঝতেছেন আমাকে। আমি বলেছি যারা দোষ করে তারা বড় রাঘববোয়াল হতে পারে তাই তাদের বিচার হয় না। ὄCআশাকরি বুঝেছেন	Neutral
3335	প্রজারা সুখী হোক না হোক আজ গণতন্ত্র বৈষম্য কমুক না কমুক আজ সমাজতন্ত্র কথা বলা যাক না যাক আজ স্বাধিনতা ফুল ফুটুক না ফুটুক আজ বসন্ত	Neutral
3336	মরে গেলে আহা উহু বেচেঁ থাকতে কেউ খবর রাখেন না ! সমবেদনা ও ভালোবাসা দেখার মানুষের অভাব হয় না মৃত্যু লাশের জন্য ! হা… https://t.co/rCtzPTe1kb	Negative
3337	RT @mYNBZvTpdyKP1md: আউমিলীগ গত ১০ বছরে যতগুলো পা চাটা কুকুরের জন্ম দিয়েছে বিএনপি তা আগামী ১০০ বছরেও দিতে পারবে না/দিবে না। কেননা, যে দল জ…	Negative
3338	একজন নারীর ‘সতীত্ব’ ‘মনি-মুক্তা’র চাইতেও মূল্যবান।	Neutral
3339	দুই বছর আগে দিল্লি টেস্টে বায়ুদূষণের কারণে বিব্রতকর পরিস্থিতির মধ্যে পড়েছিল বিসিসিআই...	Positive
3340	ভালোবাসা মানে, সারাদিন কথা বলার পরও কথা শেষ না হওয়া.. আর গভীর ভালোবাসা হলো, সারাদিন কথা না হলেও তার কথা ভেবে নিজেকে ভালো রাখা...	Neutral
3341	ফেব্রুয়ারি মাসে চুড়িহাট্টায় অগ্নিকাণ্ডে ৭১জন নিহত হন। প্রশ্ন উঠেছে, ছয় মাস পর পুরোন ঢাকা কতটা নিরাপদ?	Negative
3342	কালকের ম্যাচের পর , মেসিরে সাথে এমন হবে, এটা পার্ট অফ গেম :) হা হা ড্র করছে , এই করছে অই করছে! ভাই আমরা জায়ান্ট না… https://t.co/3m4FJddpFV	Neutral
3343	মেক্সিকোর গুয়াদালাজারা শহরের সবুজে ছেয়ে থাকা শহরতলী লা এস্তান্সিয়া। সেখানে যে সমস্যা আছে তার ইঙ্গিত দেয় বাড়িগুলোর সামনে ঝোলানো 'বিক্রির জন্য' সাইনবোর্ডগুলো।	Negative
3344	ভারতের বিপক্ষে এ সিরিজ নিয়ে নতুন করে পরিকল্পনা সাজাতে হবে দলকে!	Positive
3345	ভারত নিয়ন্ত্রিত কাশ্মীরে সেনাবাহিনীর বিরুদ্ধে সহিংস নির্যাতনের অভিযোগের বিষয়ে জানতে পেরেছে বিবিসি। অনেক গ্রামবাসীর সঙ্গে বিবিসির কথা হয়েছে, যারা তাদের শরীরে নির্যাতনের নানা চিহ্ন দেখিয়েছে।  সতর্কতা: কারো কারো কাছে এই ভিডিওটি অস্বস্তির কারণে হতে পারে।	Negative
3346	তুমি কোন বিভাগের?? আমি ১ ὠA ১/ ঢাকা - Cute ￼ὠA ২/রাজশাহী - Brilliant ￼ὠE ৩/ সিলেট - Sweet ￼ὡB ৪/ খুলনা - Amazing ￼ὡC ৫/… https://t.co/VMacQ6F3pv	Neutral
3347	@derekobrienmp আর এই খানকির ছেলে সেটা কতো বাহবা করে বলছে , যেন কত মহান কাজ করেছে 400 টা না মেরে ৪০ টা মেরেছে এই সব… https://t.co/niAXn1cfJx	Negative
3348	দেক আমার তিতলী ছোটো বোন তুই কেন আমাদের উপরে রেগে আছিস তুই রেগে থাকলে আমরা কোথায় যাবো বল। দেক আমি তোকে আবারও বলতেছি… https://t.co/lFleYHGNBm	Neutral
3349	&gt;আত্মার সাত্বিক কাছে জড়দেহের ভোগ, সুখের মূল্য কিছুই না যত দিন না মানুষ পরকে সুখ দিতে আনন্দ বোধ করবে ; তত দিন তার যথার্থ কল্যণ নাই 	Neutral
3350	পিতা বা মাতা যদি অসৎ হতে বলে, নিজেরা অসৎ পথে চলে, সন্তান যদি অমন অসৎ পিতা বা মাতাকে বোঝাতে বা সুপথে আনতে ব্যর্থ হয়, তখন করার কী ?	Neutral
3351	@sumpaii @jewelhide পালাজ্জো প্যান্ট লিখে সার্চ দাও	Neutral
3352	সুখ-দুঃখ দুটো জিনিশই মানুষের নিজের হাতে । যে যেইভাবে ট্রিট করে । যে আল্লাহর সর্বদা শুক্রিয়া গুজার করে সে সব হালাতেই প্রকৃত সুখী ।	Neutral
3353	বউ তার মাতাল স্বামী শাকিলকে শোধরানোর জন্য কালো কাপড় পরে বাসার বাইরে দাড়িয়ে পরল.. . . শাকিল : তুমি কে.. ?? . . ব… https://t.co/PXUBxgc2yR	Neutral
3354	শেলি লেমন্ড গত মে মাসে মৃত কন্যাসন্তানের জন্ম দেন। কিন্তু মৃত হলেও নিজের সন্তানকে কোলছাড়া করতে চাইছিলেন না শেলি।... http:/t.co/pJDX9sWdLy	Neutral
3355	আমি ঠিক কতটা অসুস্থ হলে পুরো ১ টা দিন অনলাইন না থেকে ছিলাম তাই ভাবি :) শরীর এত খারাপ লাগতেসিল কালকে.. আলহামদুলিল্লাহ আজকে অনেকটা ভাল	Neutral
3356	ঢাকা এবং এর আশেপাশে খামারী ভাই /বোন যারা আছেন, আপনাদের খামার এর নাম, ফোন নাম্বার, প্রোডাক্ট এর নাম এবং খামার এর পূর্ণ ঠিকানা দিন।	Neutral
3357	RT @qYA9utAWswDYegr: মন কোনো ডাস্টবিন নয় যে এখানে রাগ ঘৃণা রাখতে হবেὠ8ὠ9ὣ0ὠE এটি একটি অমূল্য সম্পদে ভরা বক্স Ἰ1Ἰ1 যেখানে থাকবে সুখ ভালবাসার কি…	Positive
3358	মহামানবের মহান বাণীঃ ৩টা বিষয় ও জীব বেইমানী করে না। কুত্তা, সিগারেট আর পিস্তলের গুলি। পিস্তলের ত্রুটিতে গুলি বের না হলে তার দোষ না	Neutral
3359	বিবিসি বাংলায় আজকের প্রধান খবর ভারতে জম্মু ও কাশ্মীরে আট বছর বয়েসের একটি মুসলিম মেয়েকে ধর্ষণ ও হত্যার ঘটনা নিয়ে সাম্প্রদায়িক উত্তেজনা তৈরি হবার পর তার বিচার অন্য একটি রাজ্যে সরিয়ে নেবার আদেশ দিয়েছে সুপ্রিম কোর্ট। বাংলাদেশে পার্বত্য জেলা রাঙামাটিতে দুদিনে একাধিক হত্যাকান্ডে ৬ জন নিহত হবার পর সরকার কি পদক্ষেপ নিতে যাচ্ছে? শুনবেন এ নিয়ে বিস্তারিত বাংলাদেশে বিশ্ববিদ্যালয়গুলোয় ছাত্রীদের যৌন হয়রানি ঠেকানোর জন্য নেয়া সরকারী উদ্যোগের বাস্তবায়ন হয়েছে খুবই সামান্য। শুনবেন এ নিয়ে প্রতিবেদন। ইসায়েলের একজন মন্ত্রী বলেছেন, ইরানী বাহিনী যদি সিরিয়া থেকে তার দেশে আক্রমণ চালায় তাহলে প্রেসিডেন্ট আসাদকে হত্যা করা হতে পারে। বাংলাদেশে অল্প বয়েসে ছেলেমেয়েদের বিয়ে দেয়া ঠেকাতে একটি মোবাইল ফোন এ্যাপ পরীক্ষামূলকভাবে প্রয়োগ করে দেখা হচ্ছে। কি ভাবে কাজ করবে এই এ্যাপ? এসব নিয়ে শুনবেন বিবিসি বাংলার আজকের প্রবাহ। প্রচারিত হবে বাংলাদেশের সময় সন্ধ্যে সাড়ে সাতটায়। অনুষ্ঠানটি শুনতে পাবেন রেডিও ও অনলাইনে, আর ফেসবুকে দেখতে পাবেন লাইভ স্ট্রিমিং।	Positive
3360	ὄ0ὄ0৮ টি বিভাগ এবং গঠন সাল ১. ঢাকা - ১৮২৯ ২. চট্রগ্রাম - ১৮২৯ ৩. রাজশাহী - ১৮২৯ ৪. খুলনা - ১ অক্টোবর ১৯৬০ ৫. বরিশাল -… https://t.co/Jt3st2687l	Neutral
3361	🇺🇸 আমেরিকায় আশ্রয়প্রার্থীদের জন্য এটি হতে পারে একটি দুঃসংবাদ 🙁😟	Negative
3362	দুই ভায়রার জুটি যেনো ক্রিজেও ভালো মত জমে :P	Positive
3363	RT @lab_ganguly: 1719 ছাড়া আর কিছুই উদ্ধার করতে পারলাম না। কে সে জানিনা,তবুও এক অদ্ভূত মন খারাপ সারা মন জুড়ে ছড়িয়ে পড়ল। নিজের মনেই গল্…	Neutral
3364	RT @SharlinToli: --স্পর্শকে বলো তুমি পাপ? - নয়তো কি ? ভালোবাসার চুম্বনে টের পাও তুমি কামনার বাসনা ? - নয়তো কি? তবে আমি নোবেল জয়ী রবীন্…	Neutral
3365	পটিয়া সাত গাছিয়া দরবারে বার্ষিক ওরশ ও মিলাদ সর্ম্পন্ন - Abnews http://t.co/h73rEf7ZPf	Neutral
3366	RT @niamuli61647308: জীবনের বাস্তবতা কেউ বুঝতে চায় না, অথচ জানে সবাই। অর্থহীন জীবন যাপনে মানুষ আনন্দ পায়, কিন্তু সব আনন্দ তো সুখ আর সফলতা…	Neutral
3367	শূন্যে থাকা মনটা যে আজ পূর্ন হলো সব খানে // আশার মাঝে কল্পনা সব দুক্ষ মুছে সুখ আনে // শুকরিয়া তাই রবের কাছে সবার… https://t.co/oWBiAXjhr5	Neutral
3368	আগের মত আর ঘুরা হয় না। :( লিস্ট করে দেখালাম কই কই গেলাম। আর ঢাকার আশেপাশে প্রায় সবই কভার। :D ঢাকা - কুষ্টিয়া (… https://t.co/S4BHE2dXu9	Neutral
3369	RT @mokbul42: দুঃখকে করো না ভয়, তাকে করতে হবে জয়। দঃখ যদি না অসে জীবনে, সুখটাকে অনুভব করবে কেমনে? সুখ সে তো কচু পাতার পানি, আসতে না আসতেই…	Positive
3370	#আমি আমার ভুল শোধরানোর জন্য অতীতের সময় গুলো ফিরে পেতে চাইব কেন ! ὄFὄFὄF #কারন যা করছি সব জেনে বুঝেই করছি ὡ2 #শুধু... https://t.co/BugY4bHOvk	Neutral
3371	আমারে তোরা বেইজ্জতি করিস না , আমার পোলাপাইন আমাকে মা বলে ডাকবে না গণধর্ষণের সময় এটাই ছিল একটা বাংলাদেশের আর্তনাদ ছিঃ ছিঃ সোনার বাংলাদেশ	Negative
3372	বাংলাদেশসহ বিশ্বের বিভিন্ন দেশে আজ পালিত হচ্ছে ‘বিশ্ব নদী দিবস’।  রাজধানী ঢাকার পাশ দিয়ে প্রবাহিত বুড়িগঙ্গা নদীকে বাঁচিয়ে তোলার অনেক উদ্যোগ নেয়ার কথা বলা হলেও বাস্তবে কেন দূষণের কবল থেকে বুড়িগঙ্গাসহ অন্য নদীগুলোকে বাঁচানো যাচ্ছে না?এ নিয়ে বিবিসি বাংলার ফেসবুক লাইভ,  আপনার মন্তব্য শেয়ার করুন আমাদের কমেন্ট বক্সে।	Positive
3373	ফরিদপুর মাসব্যাপী শিল্প ও বাণিজ্য মেলা - ২০১৪	Neutral
3374	আমি বিয়ে করেছি , ভালোবাসা করে ৪বৎসর হয়ে গেছে , কিন্তু কী বলবো বুঝতে পারছি না, কী হলো আমার জীবনে, একটা ঝড় আমার… https://t.co/MMLmvWmTMR	Neutral
3375	RT @BD_Eva_Akter: ভালোবাসা যে সৃষ্টি করেছে। সে কেন সইবার মত ওষুধ সৃষ্টি করলো না। পৃথিবীর সব প্রমিক প্রমিকা কষ্টের ভাগ তাকেই নিতে হবে। https…	Neutral
3376	সবচে সুখী মানুষ ত সে, যার ছোট বোন তাকে বুকে জড়িয়ে মাথায় হাত বুলিয়ে ঘুম পড়ায়ὠ6ὉC দেখি তো এবার সেই সুখী মানুষগুলোকে!ὠE . #নবনীতা ἳ8ὠ2	Neutral
3377	তুমি অনেক ভাল ὤ2 তুমি অামার থেকে ভাল কাউকে পাবে ὠC তোমার জীবনে যে অাসবে সে সত্যি অনেক সুখী হবে :-) হুম বুঝলাম ὃ8... https://t.co/e2vzJRxc0y	Neutral
3378	ভালোবাসায় কোনো শব্দদরকারনেই, দরকার নেই কোনোভাষার ।কারো জন্যভালোবাসা কতটুকুতা বলে বোঝানো যায়না, আরযাবে ও...	Neutral
3379	মেঘের সাথে লুকোচুরি খেলার সময় নিজের স্বপ্ন গুলোকে ও মেঘের সাথে একাকার হয়ে যেতে দেখেছি , তাই আমার স্বপ্ন গুলো এখন... http://t.co/ZFCffemU3M	Neutral
3380	গফ: জানু, তুমি নাকি কথায় কথায় বলো?? বফ: আমি?? গফ: হুম.. বফ: কে বলছে এই বালের কথা.. আমি কেনো বাল কইতে যামু হুর… https://t.co/kPwXs5rEgJ	Neutral
3381	RT @MasoodSayedee: প্রায় ঘণ্টাখানেক আলোচনার পর বের হয়ে নজরুল ইসলাম খান সাংবাদিকদের বলেন, ২৭ তারিখ কেন জনসভা করা যাবে না তা সিইসির কাছে জা…	Neutral
3382	এই প্রথমবারের মতো কলকাতার ইডেন গার্ডেনসে টেস্ট খেলতে যাচ্ছে বাংলাদেশ। টেস্টটিকে স্মরণীয় করে রাখতে দিবারাত্রির টেস্ট আয়োজন করতে চেয়েছিল ভারতীয় ক্রিকেট বোর্ড (বিসিসিআই)। বিসিবিকে এ ব্যাপারে আনুষ্ঠানিক প্রস্তাবও দিয়েছিল তারা। কিন্তু চূড়ান্ত সিদ্ধান্ত নিতে একটু সময় নিচ্ছিল বিসিবি। একে তো ভারতের মতো শক্ত প্রতিপক্ষ, তার ওপর গোলাপি বলের ক্রিকেটে এখনো হাতেখড়ি হয়নি বাংলাদেশের। তবে শেষ পর্যন্ত সব দ্বিধা ঝেড়ে ফেলে বিসিসিআইয়ের প্রস্তাবে রাজি হয়েছে বিসিবি। কলকাতাতেই প্রথমবারের মতো দিবারাত্রির টেস্ট খেলবে বাংলাদেশ। বিস্তারিত:https://www.prothomalo.com/sports/article/1621684	Positive
3383	পেই তায় হ ছিং হুয়াং তাও শহরের একটি জেলা। বেইজিং দক্ষিণ রেল স্টেশন থেকে দ্রুতগতির বুলেট ট্রেনে চড়ে মাত্র পৌনে ২...	Neutral
3384	আমার চোখ জুরে যা দেখছ তা নয় কোন ছলনা... তোমার মিষ্টি হাসিতে যা বলছ তা বুজেও বুজি না... আমি উরে উরে কোথায় যাব জা… https://t.co/8j5WWM4Pcl	Neutral
3385	RT @_bdLevis: দুঃখ করোনা বাঁচো যতদিন আমি আছি তুমিও তো আছ! ব্যার্থতার মাঝে ভালোবাসা আছে তাই শূন্যে দুহাত তুলে পাগলের মত নাচ ।। দুঃখ করোনা…	Positive
3386	শুধু 'খারাপ জায়গায়' 'খারাপ' কাজ করলেই এইডস হয় এই ভ্রান্ত ধারণা থেকে ধীরে ধীরে বেরিয়ে আসছে মানুষ	Negative
3387	তা দেখেই সুখ পান, নিজে কোন কাজ করতে পারেন না। এটাই বেটার না , যে খেলা না দেখে আপনি নিজেই খেলোয়াড় হয়ে যান? (আপনি… https://t.co/49Uhjsa4aB	Neutral
3388	অডিট এক্সাম এর পর তোমার থেকে কথাটা শোনার পর যেন মনটা এভাবে ভেঙেছে যে আজও পড়ছি তো ঠিকই কিন্তু রেসাল্ট ভালো হচ্ছে না… https://t.co/DN8fd7pT43	Neutral
3389	_____ আগে বাংলা ছবিতে ভোট ডাকাতি দেখা যেতো, আর এখন এই সোনার বাংলাতে বাস্তবেই ভোট ডাকাতি দেখি। ডিজিটাল বাংলাদেশ বলে কথা ॥ জয় বাংলা———	Negative
3390	@Russell_khan911 ধন্যবাদ নিজের ভুল স্বিকার করার জন্য ..আমার আর বলতে হলো না তুমি নিজেই বলে দিলে তুমি যে ভালো ছেলে তার কোনো রিপোর্ট নাই ὡBὡB	Neutral
3391	আমি ভাবছিলাম তামিম আজকে অন্তত চার রান করে আউট হবে! মন ভেঙ্গে গেলোরে - খুব কস্ট! এমন দুই এক টা ভুল হতেই পারে - কি বলেন ভাইসাবেরা-	Positive
3392	@myself_mahbub আমিও ম্যাশের ভক্ত, বাংলাদেশ ক্রিকেট মানে আমি ম্যাশকেই চিনি, তার মানে এই নয় যে তার পাহাড়সম ভুল গুলো নিয়ে কিছু বলা যাবে না!!	Neutral
3393	RT @adhirrcinc: মুসলিম SC ST সমেত সকলে অধিকার চাই। ৮১ লাখ চাকরি দিয়েছেন আপনি, আপনার দাবী এটা। কতজন মুসলিম আর SC ST চাকরি পেলো? বিজেপি পা…	Neutral
3394	শহরের জলছবি এই রাত্রির অন্ধকার কেটে যেন ভোর না হয় -- ভোর না হয় যেন জ্বলন্ত সূর্যের আলোয় , তার চেয়ে এই ভাল… https://t.co/Tw4Z8yOQ0D	Neutral
3395	দিন যত যায় তত মন খারাপ হচ্ছে। মনে হচ্ছে প্রতি নিয়ত কিছু না কিছু হারাচ্ছি । কি হারাচ্ছি বুঝতে পারছি না ?বলতে পারছি না ? — feeling emotional	Negative
3396	** মামু-ভাগ্নি সেলফি **- বার্স্ট শট খালি ডিএসএলআর-এ না, সেলফিতেও নেওয়া যায়। দেড় মিনিটে ৭৩ খানা ছবি তুইলা (আমি... http://t.co/Lv5CqaNFWX	Neutral
3397	ঠিক তাই দিন শেষে আমি তুমি দূরে তাই, দিক পাই কম্পাসে একা পথ ঘুরে যাই। আজ এই গোধূলিতে রাতগুলো ভালো নেই, চাঁদ নেই, পরদাতে ঢাকা আছে, মেঘেতেই।	Neutral
3398	এই ৬৮ বছর বয়সে ঠান্ডা ঘরে বসে কোন দামী ব্রান্ড এর উইস্কির মজা নিতে নিতে কয়েক টা সই ই করতেন; কি দরকার ছিল মাত্র এই… https://t.co/eYoDLwgEMp	Neutral
3399	কী সেই পরিবর্তন?What is that change?	Positive
3400	লাক্স ক্যাফে লাইভে আজকের অতিথি নুসরাত ইমরোজ তিশা (Nusrat Imrose Tisha) উপস্থাপক: সারা ফ্যায়রুজ যাইমা ( Sara Fairuz Zaima)	Positive
3401	@shahadatnerob হা হা কি কস মমিন নারায়ণগঞ্জ শেপালি কই থেকে পাইলি? বুড়া হয়ে গেছে আর সব সময় জন্য উন্মুক্ত হয়ে গেছে তাই মজা পাস না	Neutral
3402	RT @sadek28324783: আমি চাই.. কেউ আমার জন্য পুরোটা বিকাল মন খারাপ করে বসে থাকুক কারণ মুখে হাসি ফুটাইতে সবাই পারে কিন্তু মন খারাপ একমাত্র মনে…	Neutral
3403	@zenatKazi আমি কাউকে ভুল বুঝি না। আমার কোন কথা বা কাজ কারো কাছে খারাপ লাগ পারে। তবে সেটা আমাকে সরাসরি বললে আমি খুশিই হই।	Neutral
3404	ব্রেক্সিট নিয়ে যুক্তরাজ্যের রাজনীতি এক বিরল সঙ্কটের দিকে এগিয়ে যাচ্ছে....	Positive
3405	চুক্তির আনুষ্ঠানিকতাও সারলেন মামুনুল http:/t.co/7iSwzHuq01	Neutral
3406	যা যা বলার ছিল তাতো বলা হয়ে গেছিল অনেক আগেই। এখন শুধুই এক পা, দু পা ... চু কিৎ কিৎ বিকেল দেখি বাড়ির সামনে। দেখি… https://t.co/xDe0LsRet2	Neutral
3407	RT @AHNAFSHAHRIYAA: ৫. যে আমাকে বঞ্চিত করে , তাকে দান করতে , ৬. যে আমার প্রতি অবিচার করে , তাকে ক্ষমা করে দিতে , ৭. আমার নীরবতা যেনো চিন্তা…	Positive
3408	বিগত ৯ বছরের বাংলাদেশ ❤ . . . বার্ষিক বাজেট : ২০০৬ = ৬৯,৭৪০ কোটি টাকা ২০১৩ = ২,২২,৪৯১ কোটি টাকা ২০১৮ = ৪,৬৪,… https://t.co/u0V1wEi99k	Neutral
3409	@Farhana_Rahi hmmmm sotthi school জীবনটা অনেক মজার ছিল এখন ও ইচ্ছে করে ফিরে পেতে ঐ জীবনটা কিন্তু তা আর সম্ভব না সময় কারও জন্য অপেক্ষা করে	Neutral
3410	বয়স বাড়ছে , শরীর মাঝে মাঝেই খারাপ হয়ে যাচ্ছে , আগের মতো মাথাও কাজ করে না আর , বহুদিন বড়ো কোনো গল্পও লিখিনি ,... https://t.co/jSXEPgfeeK	Neutral
3411	মুঠোফোন ব্যবহারে নারী-পুরুষ ভিন্নতাএসএমএস বা খুদে বার্তা ও ই-মেইল পাঠানোর কাজে মুঠোফোন ব্যবহারের প্রবণতা... http:/t.co/8qT4SaOgw5	Positive
3412	ধান্দা, আপোষ আর দালালীর রাজনীতি করি না। তা করলে আজ এত বছর বিনা অপরাধে নিজের বাড়ি, বাবা মা কে ছেড়ে উদবাস্তুর মত জী… https://t.co/aut3ZccXLi	Neutral
3413	একা, ভীষন একা বসে আছে মেয়েটি। ওর খুব মন খারাপ কেউ নেই ওর, শুধু ও ছাড়া। থাকবে কিভাবে মেয়েটির নাম যে শুণ্য হঠাত… https://t.co/fw1h4gFU5M	Neutral
3414	RT @OajedAli1: এই সেই মহান কেতলি ! গাধা ভক্তরা দেখতেই কমেন্টে জয় শ্রী রাম লিখুন l তিনদিনের মধ্যে ভালো কিছু হবে আপনার ! জয় শ্রী…	Negative
3415	ভুল না বুঝে করলে মেনে নেওয়া যাই কিন্তু বুঝে শুনে ভুল করলে সেটা মেনে নিতে কষ্ট হয়ে যায়, !কিছু কিছু মানুষ আছে যা… https://t.co/CIfj4A3dv2	Neutral
3416	আমি সরি করে নিচ্ছি -- মাগী বা বেশ্যা, যাদের আমরা বলি -- আসলে খারাপ মানুষ চিনতে বা বুজতে তাদেরকে -বা তাদের - D... https://t.co/2YrP93h5IF	Neutral
3417	শরণার্থী শিবিরে সম্প্রতি রোহিঙ্গাদের বিশাল এক সমাবেশ করার ঘটনা এবং শিবিরে কিছু এনজিরও কর্মকাণ্ড নিয়ে সরকারের উঁচু মহলের অনেকেই সরাসরি তাদের ক্ষোভ প্রকাশ করেছেন।	Positive
3418	মামলা, হামলা,গ্রেফতার,নির্যাতন করা হলে,হরতাল ও লাগাতার অবরোধ কর্মসূচী দেয়া হবে।মোস্তাফিজুর রহমান মিল্লাত	Neutral
3419	কয় পা এগোবে বলো ? কয় পা পেছবে আবার ? অংকটা ঠিক মিলিয়ে দিবে। তোমার সরল ভালোবাসা মন ভাসানোর অবুঝ খেলায় ভালোবাসার উদাসী বেলায় ।	Neutral
3420	@shadat018 @msaif3109_m তো কি কোপা দেল রে তে ৯ টা পেনাল্টি এর ৬ টা মিস করেছে বস আর এই সিজন এ মেসি ৬ টা পেনাল্টি এর… https://t.co/Jf8XQy35gX	Neutral
3421	RT @Osman__R______: #অালহামদুলিল্লাহ ৮ ম রমজানের ইফতারি শেষ করে নামাজ অাদায় করলাম ৷ অাল্লাহ তুমি বাকী রোজা গুলো এভাবে থাকার তৌফিক দিও ৷ স…	Neutral
3422	•► ইসলামের শাশ্বত বাণী সবার কাছে পৌঁছে দেওয়া সকল মুসলিমের দায়িত্ব। সুতরাং শেয়ার ও ট্যাগ করতে ভুলবেন না। http://t.co/WpSMW9nmPY	Positive
3423	:: বহুদিন হইছে রাতে ঘুরতে বের হই না; আগে মন খারাপ হলে রাতে বের হতাম আর মন ভাল থাকলে তো কথাই নাই, রাতে বের হইতেই... https://t.co/PBEmlxN5au	Neutral
3424	কুষ্টিয়ার মিরপুর উপজেলায় শিশু সাবিহাকে (৭) ধর্ষণের পর হত্যার দায়ে এক ব্যক্তিকে মৃত্যুদণ্ড দিয়েছেন আদালত। পাশাপাশি এক লাখ টাকা জরিমানা করা হয়েছে।	Positive
3425	রাজনীতি জনগনের জন্য ভোট জনগনের অনুভূতি প্রকাশ আর সেটা যদি না হয় কোন গনতান্তিক দেশে তা হলে গন-তন্ত বাদ দিয়ে রাজ তন্ত কায়েম করা ভালো।	Neutral
3426	@arif_rony2 ঢুকে না রে ভাই।  জটিল থেকে ও জটিল তর।	Negative
3427	Is it our politics ? কখনো চিন্তা করেছেন আমাদের দেশের রাজনীতি নিয়ে ? আজ যারা ক্ষমতায় আাছে তারা যতই চোর হউক না কেন… https://t.co/LngfpPKB0n	Neutral
3428	H.S.C তে ফেল করছি ২ বার তাও রিক্সা কিন্না দেয় নাই ὠ2 আর একবার ফেল করমু রিক্সা কিন্না দিলে দিবে না দিলে আমার রিক্সার… https://t.co/s7Kk3ZQ1yq	Neutral
3429	আমি কারো দুঃখ চাইনা আমি কারো দুঃখে সুখ পাই না সকলেই সুখে থাকুক সকলেই ভালো থাকুক সৃষ্টিকর্তার কাছে আমার প্রার্থনা পৃথিবীর সকলকে ভাল রাখুক	Positive
3430	সত্য কি তেতো সেকি জীবনের মত বেচেও মরা নাকি বিভেদের ক্ষত মিথ্যা কি ভুল নাকি নীল নোনা জল দেখতে কেমন সে বলো কতটা... https://t.co/EhOfdLFkbf	Neutral
3431	সৌদিতে ইন্টারনেট সিম আলাদা করে কিনতে হয়। নরমাল সিম দিয়েও ইন্টারনেট চালানো যায় তবে অনেক বেশী খরচ হয়। আবার...	Neutral
3432	তীব্র নিন্দা ও প্রতিবাদ জানিয়েছেন জামায়াত | Kalerbarta24 News	Negative
3433	এই জীবনের সুখ বিলাসে তুমি রইলে মজিয়া, ভাবোনি যাইতে হবে মনো সব কিছু ছাড়িয়া। এখন কেনো মন হয় উচাটন কাঁদছো ভাবিয়া।। হ ম আজাদ	Neutral
3434	মমতা দিদি বলে- আরে ভাই যারা মমতা দিদির পার্টির গুন্ডা দ্বারা West Bengal -এ খুন হয় তারা তো বাজ্ঞালী না, তারা তো ভা… https://t.co/Vy5XmeAk3f	Negative
3435	আমরা সব সময় অপরের ভুল ধরা নিয়ে ব্যস্ত থাকি,অথচ নিজে যে শত শত ভুল করে যাচ্ছি তা একটুও চিন্তা করিনা।এ বদ অভ্যাস ত্যাগ করা উচিৎ।	Positive
3436	মিন্নি জামিনে কারাগার থেকে মুক্তি পাওয়ায় খুশি তার বাবা।	Positive
3437	নদী ভাঙ্গনে ক্ষতিগ্রস্থদের মধে্য সহযোগিতা ও এলাকা পরির্দশন ।বিনীতঃ  জেবুন্নেসা হিরন ও আমরা নিশীথ কিংবা...	Positive
3438	আমার রাজ্যে আমি একা.. কেউ আমারে বোঝেনা.. ভালোবাসতে গেলেও ভাবে যন্ত্রনা.. তবুও আমি বাসবো ভালো যতই ভাবো বোকা. . --- রাত ৩:১৫ মিরপুর, ঢাকা	Neutral
3439	তুমি আমার ও ঝড়তারা রাতেরজোছনা আজ ওতোমায়ভালবাসি কেউতো জানে না 	Positive
3440	যে সব মানুষ, যে সব দল মন্দির - মসজিদ - গির্জা ভাঙে , ভাঙ্গা কে সমর্থন করে , ধর্ম নিয়ে রাজনীতি করে...... তারা অসভ্য… https://t.co/PqxiQPZ6cq	Negative
3441	একটা মেয়ে একটা ছেলেকে অনেক খারাপ কাজ থেকে বিরত রাখতে পারে তবে যখনই সে খারাপ কাজ গুলি ছেরে দিবে মেয়েটিও তাকে ছেরে দিব! #Raging Fact	Neutral
3442	যশোরের বেনাপোলের মধ্যে চলাচলকারী বিরতিহীন আন্তনগর ট্রেন ‘বেনাপোল এক্সপ্রেস...’	Positive
3443	আরেহ আপনারা ভুল ভাবতেসেন, এইভাবে বাস চালিয়ে মানুষ কে ফুটপাত ব্যাবহারে সচেতন করছে বাস চালকেরা। বড় বড় কাজে এমন ছোট খাটো ভুল হতেই পারে :)	Negative
3444	এমন কোন মানুষ নেই যে ছোটবেলায় রোজা রেখে মাঝে মাঝে ভুল করে পানি খেয়ে ফেলে নাই, যদিও মনে মনে কিন্তু সবাই এতে খুশিই… https://t.co/M7AYI4cAB9	Neutral
3445	আল-কায়েদার ভিডিও বার্তা তৈরি হয়েছে পাকিস্তানে!সম্প্রতি একটি ভিডিও বার্তায় আল-কায়েদা প্রধান আয়মান আল... http://t.co/rE72Evl8IN	Negative
3446	@obaiead আমনের সাথে আর ম্যানশন করতে পারছি না কারন মজা পাচ্ছি না আর নতুন করে কারো শত্রু হতে চাই না চেনা চেনা লাগছে তবে?	Neutral
3447	বুজলাম না মানুষ কি গন-দোলাই কারে বলে ওইটা ভুইলা গেছে? - এই রনি রে এগুলা কি মাইর দিল ?? দুষ্টামি কইরা ও তো মানুষ আর… https://t.co/isITtbx5x2	Neutral
3448	মানুষ নামের অমানুষ দের নোংরা আইডি গুলো যদি টুইটারে না থাকতো অনেক ভাল হতো নোংরা আইডির লোকদের বলি ভাল হও একদিন মাটি হ… https://t.co/W4wusbWSZV	Negative
3449	RT @TahaminaM: #ভালোবাসা শব্দটি 2000 এর পর থেকে কেমন জানি মুনাফেক টাইপের হয়ে গেছে, আজ এর বুকে কাল অন্য আরেকজন এর বুকে, মাঝখানে পরিবেশ নষ্ট…	Negative
3450	যদি কোনোদিন কেউ বলতো অনেক ভালোবাসি তোমাকে, কোনোদিন ছেড়ে যাবো না। তবে ভালোবাসার প্রতিদানে তাঁকে তাঁর চেয়েও বেশি ভালোবাসতাম।	Positive
3451	কেউ প্রেম করে, কেউ প্রেমে পড়ে আমার হয়েছে কোনটা জানে না এই মনটাὢ3 কেউ ভুল করে, কেউ ভুলে পড়ে আমার হয়েছে কোনটা, জা… https://t.co/fQEdNCly2a	Neutral
3452	¥ বারান্দার গ্রীলের ফোকর দিয়ে খুব কস্ট করলে আকাশ মিলে! তাকাতেই একটা হলদে রঙা পাখি ফুড়ুৎ করে উড়ে গেলো! আচ্ছা, পাখিদের কি মন খারাপ হয়!?	Neutral
3453	আগামীতে আমরা প্রকৃত বিরোধী দল হিসেবে কাজ করতে চাই : এরশাদ: আমরা মন্ত্রিত্ব চাই না। মন্ত্রিত্বে যাওয়ার ইচ্ছাও ছ... http://t.co/QJp7Yz9QrJ	Neutral
3454	আওয়ামী লীগের কারণেই জঙ্গিবাদের উত্থান বলে মন্তব্য করেছেন মির্জা ফখরুল ইসলাম আলমগীর। আপনিও কি তা-ই মনে করেন?হ্যাঁ...	Positive
3455	অর্থ পাচার হবে এই জন্য বাংলাদেশ ব্যাংক কত রুল বানায়, কত কিছু করে, যার ফলে আমরা অনেক কিছু করতে পারি না। রাঘব বো… https://t.co/vNAWCAdXMW	Negative
3456	আল্লাহ্‌ কে ভালবাসআল্লাহ ও তোমাকেভালবাসবেআল্লাহ্‌রর দেখানো পথে চলোআল্লাহু তোমার পথকে সহজ করে দিবে	Positive
3457	আমি তর হব ভোর সোনালী সকালে তুই আমায় বেঁধে ফেল প্রেম মায়া জালে সারা দিন মায়া বীণ বাজুক ভালোবাসা উড়ে উড়ে সুরে সু… https://t.co/6ct3Shk4Ce	Neutral
3458	একটা দল ভাল বা খারাপ খেলতেই পারে, আর খেলায় হার জিত আছেই। তারা অন্য দলের থেকে ভাল খেলেছে, এটাইবা কম কি। এর জন্য ভক্… https://t.co/FJqOJxeYmq	Neutral
3459	মাঝে মাঝে কষ্ট করে হলেওএকা একা চলা শিখতে হয়কারণ যাকে ছাড়া আপনি চলতে পারবেননা বা বাঁচতে পারবেন না ভাবছেনসে... http://t.co/Dz9FAhGsMK	Negative
3460	আনন্দ আর বেদনা মিলিয়েই তো জীবন। মন খারাপ থাকলে শরীরও খারাপ হবে।  তাই মন খারাপ রেখে লাভ কী বলুন! হুটহাট করে মন যদি… https://t.co/MNW9eRwBnI	Positive
3461	মৌ নামের মেয়েটি আমাকে একটু আগে কল করে ২৮ মিনিট ৪১ সেকেন্ড কথা বললো, সে নিরাপদে আছে কাল ঢাকা ব্যাক করবে। ভুল করে সে নরকে লাফ দিছিলো আবেগে।	Neutral
3462	RT @Dream_Waterman: আজ তুমি রাতের তারা, তবু আমি আলো হারা, তোমায় দেয় কে পাহাড়া, আমি দূরে দিশেহারা Ἳ6 আমার হয়না ছোঁয়া তোমায়, স্বপ্ন কে…	Neutral
3463	বহুদিন হটাৎ করে সেদিন  ক্রিকেট  খেললাম।।খেলা শেষে কিছু না বুঝলেও এখন মজা পাচ্ছি।তার উপর কাল ২টা সাবজেক্ট...	Positive
3464	তারেক মাসুদ ও মিশুক মুনীরের মামলার সাক্ষ্য গ্রহণhttp://t.co/KEzq1qzEib	Negative
3465	যত তোরে দেখি আমি ভরে না এই মন কি যে করি বুঝিনা রে কেন হয় এমন ভালোবাসা দিবি কবে তোর পিরিতে পরাণ যাবে বুঝিনা রে… https://t.co/FDRWmrJ6VW	Neutral
3466	শেষ পর্যায়ে এসে গল্পটা এভাবে ভুল পথে মোড় না নিলেও তো পারতো। কারণ হয়তো গল্পটার জন্য একটি করুণ সমাপ্তি অপেক্ষা করছে।	Negative
3467	একটি মেয়ে আর একটি ছেলে ছিলো যারা খুব ভালো বন্ধু ছিলো ὠD গল্প টি অনেক পুরাতন ὢD অনেক গুলি বছর পার হয়ে গিয়েছে.......… https://t.co/eutNA6C6MQ	Neutral
3468	যতখানি দূরে গেলে আর খুজে পাবে না শতরূপা,  যতখানি দূরে আর আমার গন্ধ পাবে না তুমি,  ততখানির চেয়েও দু কদম দূরে দাড়িয়ে আছি।- অনির্বাণ	Neutral
3469	ইতিহাস খুব খারাপ জিনিস রে ভাই ὠ2ὠ2 মনে পরে আজ বেদনার গান ὃ8ὃ8 ** ২০০২ সালে ব্রাজিল কাপ নিলো ২০০৬ সালে প্রথম রাউন্ড থে… https://t.co/aT4Vdu49EP	Neutral
3470	আমি : হ্যালো? : ভালো আছেন? (অপর প্রান্ত থেকে) : কোনো দরকার আছে তোমার? : চিনতে পারছো? : কন্ঠ না চিনার কি আছে? : সে… https://t.co/pZXqhdYQAE	Neutral
3471	RT @ImShafiyanCR7: বালের ফ্যান বালের লাইট বালের ফোন বালের চার্জার বালের দিন বালের রাত বালের GF/BF বালের টিভি বালের নেট বালের সিম বালের Wi-F…	Negative
3472	RT @drmohd_murtaza: জান্নাত বা স্বর্গ হলো অনন্ত ধাম, সেই অনন্ত ধামে রয়েছে অনন্ত সুখ। এবং সেই অনন্ত সুখ লাভ করার সঠিক পথ হলো কেবলমাত্র…	Neutral
3473	প্রেমে পড়েছেন মাত্রই। সবে মাত্র ডেট করা শুরু করেছেন। কয়েকবার এর বেশি দেখাও হয়নি আপনাদের। প্রেমের সবচাইতে মিষ্টি... http://t.co/0xBQ5GqkEg	Positive
3474	আজ ২৯শে নভেম্বর, বৃহস্পতিবারের প্রবাহে যা থাকছে... ১. বিশ্ব আবহাওয়া সংস্থা ডাব্লিউএমও বলছে, বিশ্বের তাপমাত্রা বৃদ্ধির ক্ষেত্রে ২০১৮ সাল হতে যাচ্ছে আরেকটি রেকর্ড ভঙ্গকারী বছর।  ২. বাংলাদেশে বিএনপির নেতৃত্বাধীন ২০ দলীয় জোটের শরিক দল জামায়াতে ইসলামী ধানের শীষ প্রতীক নিয়ে নির্বাচনের সিদ্ধান্ত নেয়ার পর এ নিয়ে বিএনপির সঙ্গে আরেকটি নির্বাচনী জোট জাতীয় ঐক্যফ্রন্টের শরিকদের মধ্যে অস্বস্তি তৈরি হয়েছে।  ৩. জাতীয় ঐক্যফ্রন্টে এমন অনেক দল রয়েছে, যাদের সঙ্গে জামায়াতে ইসলামীর বিরাট আদর্শগত তফাৎ রয়েছে। নির্বাচনী রাজনীতি এবং নির্বাচনী ফলের ওপর এটা কী প্রভাব ফেলতে পারে? শুনবেন বিশ্লেষণ। ৪. বাংলাদেশে নির্বাচনী প্রচারণায় একটা বড় ভূমিকা পালন করে পোস্টার, লিফলেট, ব্যানার, ফেস্টুন। আর এই সব তৈরির জন্য যারা কাজ করেন তারা এখন রাতদিন ব্যস্ত। এনিয়ে শুনবেন একটি প্রতিবেদন। রেডিও ছাড়াও বিবিসি বাংলার ওয়েবসাইট থেকেও অনুষ্ঠানটি শুনতে পারেন। আর ফেসবুকে দেখবেন লাইভ স্ট্রিমিং। ধন্যবাদ আপনাদের।	Positive
3475	অভিযোগ কখনো ঘৃণা থেকে আসে না,ভালোবাসা থেকে আসে।যার উপর যার ভালোবাসা বেশী তার উপর তার অভিযোগ গুলো ও বেশী!! _ ______ Rajiul Islam Shah	Neutral
3476	>>>>>>>>><<< সর্বশেষ >>><<<<<<<<< রংপুর কেন্দ্রীয় বাস টার্মিনালে আধিপত্য বিস্তারকে কেন্দ্র করে মালিক ও শ্রমিক...	Neutral
3477	RT @ARIFArifuk: তুমি যদি অসৎ হও তবে তোমার অসততা ঢাকার জন্য একটি মুখোশ দরকার হয়। এই মুখোশটির নাম ধর্ম। সৎ মানুষের ধর্ম লাগে না। অসৎ মা…	Neutral
3478	অামার বড় ভাইয়া রাশিয়া ফেরত ডাঃ Esmail Emon ইনার ঢাকা শহরে কোন জাস্ট ফেন্ড নাই একা ফ্লাটে থাকে অামি মাঝে মইধ্যে অাইয়া চিলতিল করি.	Neutral
3479	আমাদের সমাজে কিছু পাতি নেতা আছে যারা ঢাকা আইসা ভাব লয় BCS কেডার এর মতো l অথচ তারা নিজগ্রাম এ গেলে গ্রাম বাসি তারে… https://t.co/HT3sPZwzKh	Negative
3480	তাই মনে হচ্ছে ৷ সব গুজব ৷ গুজবে কান দিবেন না ৷ এর চেয়ে বর গুজব হচ্ছে বাংলাদেশ একটা স্বাধীন রাষ্ট্র ৷ এখানে সবার… https://t.co/7SKDNx9c0z	Neutral
3481	তুমি যেখানে আঘাত করতে চাইছ, তা আমার হৃদয় নয়। তাকে তুমি অনেক আগেই পাথর করে দিয়েছ। পাথরে পাথর ঘোষো না ভুল করে, তোমার হাত পুড়তে পারে।	Neutral
3482	বিবিসি বাংলার রেডিও অনুষ্ঠানের লাইভ স্ট্রিমিং-এ আজ যা থাকছে: * ঢাকার চকবাজারে আগুন কেন এতো ভয়াবহ রূপ ধারণ করলো তা নিয়ে পরষ্পরবিরোধী বক্তব্য পাওয়া যাচ্ছে। শিল্প মন্ত্রণালয় বলছে, সেখানে কেমিকেল পদার্থের কোন গুদাম ছিল না। অন্যদিকে ফায়ার সার্ভিস বলছে, রাসায়নিক পদার্থের কারণেই আগুন সর্বগ্রাসী রূপ নিয়েছে। এ নিয়ে থাকবে বিস্তারিত। * বাংলাদেশে ৩০শে ডিসেম্বরের নির্বাচনে নানা অনিয়ম নিয়ে এক গণ শুনানি করেছে বিরোধী রাজনৈতিক জোট জাতীয় ঐক্য ফ্রন্ট। কিন্তু গণ শুনানি করে কী লাভ হবে? * মিয়ানমারের নেত্রী অং সান সুচি রাখাইন প্রদেশে বিরল এক সফরে গিয়ে রোহিঙ্গা প্রত্যাবাসন নিয়ে কিছুই তেমন বলেননি, বরঞ্চ ঐ অঞ্চলে বিদেশি বিনিয়োগের আহ্বান জানিয়েছেন। * থাকছে খেলার খবর।ধন্যবাদ।	Positive
3483	RT @hanif_feni: অভিনন্দন জননেত্রী শেখ হাসিনাকে ২৭ বছর পর বাংলাদেশ শিপিং কর্পোরেশনের জন্য ৬ টি নতুন জাহায কিনলেন। আজ এই নতুন জাহায বাংলার জ…	Positive
3484	পটিয়া সাত গাছিয়া দরবারে বার্ষিক ওরশ ও মিলাদ সর্ম্পন্ন - Abnews http://t.co/LfHleUgFGn	Neutral
3485	করব থেকে তুলে মৃতদেহ হাঁটানোর অদ্ভুত সংস্কৃতি (ভিডিও সহ) http://t.co/jcVFZgXqgy	Neutral
3486	সত্যিকার অর্থে আবেগ গুলো আজ লোভ দেখানো হয়ে গেছে। আর ভালোবাসা গুলো নিদির্ষ্ট সময়ের জন্য কাছে আসে।।। — thinking about a lot of things	Neutral
3487	RT @habib_bhai_: আমাদের প্রধানমন্ত্রী রাজনীতি করেন জনসেবার জন্য ভোটের জন্য নয় কারণ তিনার ভোটই লাগে না, সেবা নিবি না ক্রে? জোর কইরা সেবা ক…	Positive
3488	পিতার জন্য ভীষন দুঃখ হয় আমার। সন্তান কে নিয়ে গর্ব করে বলার মত কোথাও কোন গল্প নেই তার। যদিও তার সন্তান চোর নয়, ডা… https://t.co/JDfqGNFxKW	Negative
3489	এই ঈদে কোন অবস্থায় শিশুদের হাতে টাকা দিবেন না , টাকা দিলেই নষ্ট হয়ে যাবে শিশুরা , পটকা কিনবে , বন্দুক কিনবে যা ভা… https://t.co/xwzAymSGUG	Neutral
3490	যারা নেটের অভাবে সকাল থেকে ভোটের ছবি দিতে পারেনি তারা এখন শুরু করছে হেহেহে ὤ4 আরে ভাই ভোট শেষে জয়লাভ ও শেষ ছবি দি… https://t.co/OyGlDpplaG	Neutral
3491	আমার নাম রুবেল। আমি ঢাকা থাকি, আমার বয়স ২৫।আমি চাকরি করি। আমার বাবা মা গ্রামে থাকে। ঢাকা তে একা থাকতে কষ্ট হয় ব… https://t.co/72ZoF90PW8	Neutral
3492	সুখের সংজ্ঞা খুজতে গেলেই অসুখে ধরে । সুখ কোন object না যে এর সংজ্ঞা থাকবে সুখ কথাও পাওয়া যায় না । আর সুখী হওয়া... https://t.co/2SO6xtQtH2	Neutral
3493	মা বা বোনকে যে একবার চুদতে পারছে একমাত্র সেই বুজে যে চুদার কি মজা। অন্য কাউকে চুদে এত মজা নেই জা মা বোনকে চুদে পাও… https://t.co/CI2rItl1Pw	Neutral
3494	আমি খুবই অসুস্থ দুই দিন যাবৎ অবস্থা খুবই খারাপ আমার ὢD সবার কাছে দোয়া চাই আল্লাহ্ যেন আমাকে দ্রুত শেফা দান করুন। — feeling sick	Neutral
3495	অনেক দিন পর আমার পছন্দের একজন আজকে দেখা হলো thank you sir শাহীন কাকা অনেক অভিনন্দন আপনাকে মিলন পাঁচ পাড়া বাকই ইউনিয়ন মুদাফরগনজ লাকসাম	Neutral
3496	@parves19070446 ওই নতুন বলে একটা মেয়েরে খারাপ বলবেন আর আপনারে আবুল বলা যাবে না, আপনি কি কথা লিখছেন জানেন, ফালতু কথা বলবেন আর নিতে পারবেন না	Negative
3497	&gt;&gt; এভাবে চুপ করে বসে আসো কেন? কথা বল না কেন? মন খারাপ নাকি? &gt;&gt; এতো উত্তর কিভাবে দিব। একটা করে উত্তর দেই। সব কিছুর... https://t.co/AXhfEstgZy	Neutral
3498	সুখী থাকলে কী লাভ হয় ? আমরা ভালো আচরণ করি : আমরা যখন ভালো থাকি আমাদের আশপাশ ও ভালো থাকে। আমরাই আশপাশকে সুন্দর... https://t.co/ZPU6sTwA73	Neutral
3499	RT @nazabir69: এই মাসে [রমজান] আপনার কাছে আসে, এবং এটি একটি রাতে যে একটি হাজার মাসের চেয়ে ভাল আছে যার বীজ বপন করা হয় সে সমস্ত উত্তমত্ব থে…	Positive
3500	মাঝে মাঝে কিছু কাজ ভালো লাগা তৈরি করে,আবার কিছু কাজ খারাপ লাগায় বড্ড বেশি তবে কেউ বলে না তবুও করি কিছু কাজ তাতে ভা… https://t.co/AdE1tBJg8s	Neutral
3501	সময় মোৰ দিঠকৰ জীৱন নাটৰ এই অভিনয় নি:স্ৱাৰ্থ কৰি গল মই হৈ মোৰ সময় সুখ দুখ জীৱনৰ, আকোৱালি মোৰ মনত জীয়াই থৈ দুদি… https://t.co/4N5B10otT4	Neutral
3502	RT @Long__Beauty: যখন কোন অসৎ ব্যক্তিকে বলা হয় তুমি এটা ভুল বা অপরাধ করছ  তখন সে দেখে সব ঠিক আছে, তার চোখে ঠিক আছে, মানে প্রতারণার সব কি…	Positive
3503	পুরান ঢাকার স্যার সলিমুল্লাহ মেডিক্যাল কলেজ ও মিটফোর্ড হাসপাতালের আন্দোলরত নার্সরা তাদের কর্মবিরতি প্রত্যাহার করে... http://t.co/bfHSI2kKdl	Negative
3504	এই যুদ্ধে কত সামরিক ও বেসামরিক লোক মারা গেছে তার সঠিক হিসেব নেই!	Negative
3505	সরকারে থেকে এরশাদ প্রকাশ্যে সমালোচনা করতে পারেন না: ঢাকা: সড়ক পরিবহন ও সেতুমন্ত্রী ওবায়দুল কাদের বলেছেন, “সরকা... http://t.co/p6h1i3nHxd	Neutral
3506	আজ আমি অপরাধী ὣ0 শত্রুরও কোনো অভাব নেই ὢD ছোট বলে আমার কোনো মানসম্মানও নেই ὢA অনেকে হয়তো পুরাটা জানেও না  অথচ রিয়ে… https://t.co/DZPgmSyDOv	Neutral
3507	এটা কোন ধরনের রাজনীতি বুঝলাম না.... এত দিন শেখ মুজিবুর রহমান ছিল জাতির পিতা। আর এখন তার মেয়ে শেখ হাসিনা ও খালেদা জিয়া হয়েছে মা..	Neutral
3508	বিজয়ের অনুভূতি, অভিজ্ঞতা ও পরিভ্রমণ নিয়ে কথা বললেন মিস ইউনিভার্স বাংলাদেশ।	Positive
3509	মাতাল না, তারপরও নীল আকাশের দিকে থাকালে দেখতে পারি তুমি এখনও সেই মায়াবী হাসিতে হাসছো, আর সেই হাসিতে কত জনের ফাঁসি হচ্ছে তাও চোখে ভাসছে।	Neutral
3510	RT @TinerchaleKAK: ভোট দিয়েছেন তো ? যদি দিয়ে থাকেন, কেমন ছিল পরিবেশ ? যদিও বিএনপি হয়ে গেছে বাংলাদেশ নালিশ পার্টি ! কোন প্রমান ছারাই…	Neutral
3511	@Tanvir775 হুম তা ঠিক আছে, মাঝে মাঝে ৪ টায় ও ঘুমাতাম,, তখন বাড়িতে ফ্রি থাকতাম সমস্যা হত না,,, আর এখন প্রাবাসী হইয়া গেছি ভাই	Neutral
3512	চলে গিয়ে ভালো করছো ধন্যবাদ ভালো থাকিস ভুলে থাকিস যে না খারাপ দেখতে আমি তারপর আর কোনদিন ভালোবাসার নাম মুখে আনবো না। চলে গেলাম ☺	Neutral
3513	তুমি যদি খারাপ কাজ করো, তাহলে তার জন্য ভালো ফল আশা করোনা। কেননা কেউ আম গাছ রোপণ করে তা থেকে কাঁঠাল পাবার আশা করতে পারেনা!	Neutral
3514	@niluarif প্রয়োজন নাই বিনা পয়সা দিতে গেলে সবাই মজা করে, টাকা নিয়ে দিলে তখন পরামর্শ সব মন দিয়ে শুনে,রোগী যে আমরাও তেমন বুঝে আইছে	Neutral
3515	সংবিধানের ষোড়শ সংশোধনী বাতিলের রায় নিয়ে সরকার ও বিচার বিভাগের মুখোমুখি অবস্থান কী প্রভাব ফেলবে বাংলাদেশের আগামী জাতীয় নির্বাচনে? দেখুন, বিবিসি বাংলার টেলিভিশন অনুষ্ঠান প্রবাহের বৃহস্পতিবারের আয়োজনে, আগামীকাল রাত ৯:৩৫ মিনিটে চ্যানেল আই’তে।	Positive
3516	RT @Mr__Nobab: অন্ধকার অন্ধকার কে দুর করতে পারেনা তার জন্য আলোর প্রয়োজন তেমনি ঘৃণা কে ঘৃণা দিয়ে দূর করা যাবে না তার জন্য ভালবাসা দরকার।	Positive
3517	যে কোন সময় ঢাকা দখলের ডাক আসবে । ৩% আ লীগ +কত % পুলিশ ? অন্যায় ভাবে আটক করলেই থানা ঘেড়াও হবে ।ছি :ছি: হাসিনা	Negative
3518	@white_pori আমার বোন থাকে ঢাকা দু বাচ্চা স্কুলে যায় দুটার পিছনে সারাদিন শেষ তার অনেক কষ্ট হয় মনকে শান্তনা দেয় সন্তান যদি মানুষ হয় !!	Neutral
3519	মাশরাফি ভাই অনেক খারাপ ὠEὠE সে আগেই বুজেছে শ্রীলঙ্কা শেষতক ব্যাট করতে পারবে না । তাই আগেই ৮ ওভার বল করে ফেলছে। অভিনন্দন টাইগার্স ὉCὉCὉCὉC	Neutral
3520	সরকারের নীতি ও ক্ষমতার দৈন্যতার কারণে নদী কমিশন ‘কাগুজে বাঘে’ পরিণত: স্টাফ রিপোর্টার: কেমন… http:/t.co/1mcCvoCPMV	Negative
3521	এটা একটা মকারির (প্রহসন) মতো জায়গায় চলে গেছে।	Positive
3522	হিউম্যান রাইটস ওয়াচ বলছে  টেলিযোগাযোগ ও ইন্টারনেট যোগাযোগে বিধিনিষেধের কারণে ত্রাণ ও জরুরি সেবা বাধাগ্রস্ত হবে।	Positive
3523	মাননীয় প্রধান মন্ত্রী জননেত্রী শেখ হাসিনা শুধু  একজন  আদর্শ প্রধানমন্ত্রী নন সে একজন আর্দশ রাধুনীও বটে।  http://t.co/6vyvWCJxBq	Positive
3524	RT @artis_amir: মন তোমাকে চায় — বসে আমি নিশি জাগি আজি যার লাগি অহনিশি তারই চির সুখ বিধাতায় অবুজ হৃদয় কেন আজি খুঁজে বারেবারে তোমাকেই যে…	Neutral
3525	মজার একটা গল্প : মজার একটা গল্প : রাজ দরবারে একদিন এক জেলে একটি বড়সড় মাছ নিয়ে গেলো । রাজামশাই মাছটি দেখে খুব খু… https://t.co/XB85Og4XyX	Neutral
3526	Naya Diganta :: ঢাকা-টোকিও সম্পর্ক আগামীতে আরো জোরদার হবে : প্রধানমন্ত্রী http:/t.co/1FkvtNRol9	Positive
3527	বাংলাদেশের সংবিধানে “আল্লাহর ওপর বিশ্বাস ও আস্থা” লেখা থাকা না থাকায় কি কিছু আসে যায়? যেখানে অধিকাংশ... http:/t.co/YPXqGAYYSh	Negative
3528	চরম নাটকীয়তা চলছে ব্রিটিশ পার্লামেন্টে। এর পরে কী?	Positive
3529	বিবিসি বাংলাদেশ সংলাপেও এ কে খন্দকারের বই নিয়ে বিতর্ক | Last News BD .com http://t.co/lObZesEL4p	Positive
3530	সম​য় খারাপ চলতেসে । বেপার না নতুন দিনের মত করে আমার ভাল দিন গুল ও আবার শুরু হবে । এখন শুধু নতুন দিনটার অপেক্ষায় আছি । ὤ2	Positive
3531	কোথায় যাবি কোথায় যাবি রে বাউলের মন এ ভব সংসার ছাড়িয়া। ওরে গুরুর কৃপা না হইলে রে সুখ নাই সংসারে বাউলের মন এ ভব সংসার ছাড়িয়া...	Neutral
3532	একটা মানুষ এর সাথে আপনার যতটাই ভালো সম্পর্ক থাকুক না কেন .... আপনি যদি তার কোন খারাপ কাজ বা তার কোন কাজ যা আপনি... https://t.co/nU7E1kUQJ8	Neutral
3533	সেক্সভিডিও প্রকাশের মতো ভুলের পুনরাবৃত্তি চান না কিম কার্দাসিয়ান http://t.co/xlD1yPdGzY	Negative
3534	মাতাল : দোকানে যত পচা আম আছে, সব প্যাক করুন। দোকানদার : সেকি!!! এত পচা আম নিয়ে কি করবেনটা কি!!! মতাল: আপনি সব.… https://t.co/a7trRSqtc9	Neutral
3535	মানুষকে ছোট করা অনেক সহজ ব্যাপার । আর এই সহজ কাজটা করে সহজেই নিজেকে ছোট করা যায়। অন্যকে বলার আগে নিজের ভুল গুলোকে.… https://t.co/S0S5PdLRkk	Neutral
3536	যতই পড়ে দেই ততই খারাপ হয়, তাই এবার আরো বেশি করে পড়ে দিতে হবে, শেষ বলে কথা।।।। কথায় আছে না সব ভালো তার, শেষ ভা… https://t.co/rbrTZfUcPh	Positive
3537	তোমাকে চারা আজ অনেক কষ্ট আর সুখে মাঝে আছি না বুজতে পারি সুখ না বুজতে পারি দুঃখ লীল আকাশে মতন হয়ে গেছে মন কখন মেঘে… https://t.co/15XSwTrFsm	Neutral
3538	একের অধিক নয় বরং জীবন সঙ্গীনি হিসেবে একটি মানবীকে খুজো, যদি কপালে সুখ লেখা থাকে তবে ঐ একটি দ্বারাই হবে আর কপালে সু… https://t.co/jUcRJxc6Et	Neutral
3539	✿সম্পদ বলে- আমাকে উপার্জন করো,বাকী সব কিছু ভুলে যাও✿সময় বলে- আমাকে অনুসরন করো,বাকী সব কিছু ভুলে যাও...	Neutral
3540	RT @ZunayedEvan: সব চেয়ে বড় মিস্টিরিয়াস হল - আপনি যত বেশি ভালোবাসা প্রকাশ করবেন, প্রেম তত কমতে থাকবে; আর যত কম ভালোবাসা প্রকাশ... https…	Neutral
3541	RT @Sylhet_2000: ভিক্ষুকঃ ὄ9 চল ভিক্ষা করা বাদ দিয়ে রাজনীতি শুরু করি। দ্বিতীয় ভিক্ষুকঃ ὄ9 তর কি কোন মানসন্মান নাই ❓ὠ7ὠ1ὠ7 — অনুভব করছেন মর্মাহত	Neutral
3542	দেশে মানুষকে বোকা বানিয়ে নিজে বিদেশ ঘুরেবেরান প্রতিশ্রুতি পালন করে না ভুল তথ্য দিয়ে নিজে কে দায়িত্ব মুক্তো করতে চান তার নাম মোদি সরকার	Negative
3543	শনিবারের ওই হামলা শুরু হয়, যখন মিডল্যান্ড মহাসড়কে একটি গাড়ি থামাতে যান পুলিশের কর্মকর্তারা।	Negative
3544	সব ছেলেরই একটা বউ দরকার! প্রতিদিন কতশত ভুল হয়, এগুলোর সব দোষ তো আর আল্লাহ্‌র উপর কিংবা সরকারের উপর চাপানো যায় না! ὡD — feeling fantastic	Negative
3545	অসৎ লোক কাউকে সৎ মনে করে না, সকলকেই সে নিজের মত ভাবে। যাহা তুমি দেখাও, তার চেয়ে বেশি তোমার থাকা উচিত। যা তুমি জা… https://t.co/GMYx4wTUOl	Neutral
3546	যে দেশে মাহফুজুর রহমান এর মতো কন্ঠ শিল্পি আছে সে দেশে আমার মত মানুষ ভুল হোক আর ভালো হোক একটু আধটু গানতো গাইতেই পারি। তাই না?	Negative
3547	আলো — অন্ধকারে যাই — মাথার ভিতরে স্বপ্ন নয়, কোন এক বোধ কাজ করে! স্বপ্ন নয় — শান্তি নয় — ভালোবাসা নয়, হৃদয়ের মা… https://t.co/ZP2rlCMCBi	Neutral
3548	এক সময় টাইমলাইনে ৩টা মানুষের সাথে খুব মজা করতামὠ2 একটু ভুলের কারনে তারা ৩জনই আমার থেকে অনেক দূরে☺️ অনেক দিন পর একজন আমাকে লাইক দিছেὄD মিস ইউὡ2	Neutral
3549	যদি তুমি গুজবে কান দাও তবে তুমি শেষ যদি তুমি গুজব হঠাও তবে তুমিই বাংলাদেশ আসুন আইন মেনে সচেতন হই জীবন নিরাপদ ও সুন্দর করে গড়ে তুলি	Positive
3550	RT @paraghassan: চাঁদের আলো আমার কখনোই খুব একটা ভাল লাগেনা আমার ভাল লাগে নক্ষত্র কালো রাত যতো অন্ধকার ততো নক্ষত্র যতো রেড ওয়াইন ততো একাকী…	Neutral
3551	জেনে নিন সরকারি কর্মকর্তাদের 'খাস কামরা'র সাতকাহন	Positive
3552	দুয়ারে কড়া নাড়ছে সাফ ! আর মাত্র বাকী ৩ দিন ! কে হবে চ্যাম্পিয়ন ? কি রকম হবে সাফ সুজিকি কাপ ২০১৮ এর এইবারের আসর… https://t.co/SQQFmp2tqR	Neutral
3553	First Span of Dhaka Metro Rail II MRT 6 Update April 2018 হয়তো তারেক চোরা কখন যে বলে বসবে আমার আব্বার ফাইলের মধ্যে… https://t.co/d6Cw1HAsq1	Negative
3554	ভোট কাল খুব খুসি লাগতেছে , আমাদের দেশে ভোট ও একটা উৎসব, ভোট তারে দিবেন যে খুলনা কে আরও সামনে নিতে পারবে। আমাদের প্র… https://t.co/QwhnGvTFan	Positive
3555	@maimuna_ctg আমার নিজের কাছেও যদিও নাই, পারলে দেখাব, বাট জিনিসটা ভালো কিছু হয় নাই!	Negative
3556	রশিদ খানের বয়স আসলে কত?	Positive
3557	আজকে আমার জন্মদিন Ἰ2 স্পেশাল দিন না হলেও সবার ভালোবাসা পেয়ে আমি মুগ্ধ ὠD এতো ভালোবাসা পাবো কখনো কল্পনাও করি নাই ὠD স… https://t.co/OApYrz3mag	Positive
3558	সম্পর্ক আর জুতা এক জিনিস নয় কারন এটা যদি তাই হয় তোমার মা বাবা কখনো টিকে থাকতে পারত না ... জুতা হলে ... কেউ আর এর… https://t.co/oR0ymjYCbw	Neutral
3559	* যে শহর ঈদ এও ফাকা হয় না – ঢাকা * আজকের যুগের নবাব – সি এন জি ড্রাইভার্স * যাদের কাছে টাকার খুচরা থাকেনা- রিকশাওআ… https://t.co/3GLPExTBql	Negative
3560	দিন্টা শুরু হলে অনেক ভালো লাগে আর শেষ হলেই মন খারাপ হয়ে যায়, চিন্তা করি সাড়া দিনে কি কি ভালো কাজ করেছি যাতে আল্লাহতালা খুশি হন।	Positive
3561	RT @SUNDARmyth: শুভ সন্ধ্যা । আজ আন্তর্জাতিক মাতৃভাষা দিবস । আমি গর্বিত আমার মাতৃভাষা বাংলা । বাংলা ভাষা - যে ভাষার মর্যাদা রক্ষা করতে বাঙা…	Positive
3562	ঢাকা শহর মানেই একের পর এক অট্টালিকার সমাবেশ, আর এর উপরেই রয়েছে সুবিশাল উন্মুক্ত আকাশ। .. .. .. .. .. .. .. #dhaka… https://t.co/CnzUlim0sY	Neutral
3563	আমার মন আজ অনেক খারাপ কেউ আছো আমার বন্ধু হয়ে আমার মনটা ভালো করবে? আজ কার মেয়ে গুলো সব শার্থপর হয় মন বুঝার চেস্টা… https://t.co/Q81UE7taPB	Negative
3564	সুস্মিতা সেন ইনস্টাগ্রামে কি লিখেছেন বাংলাদেশ সম্পর্কে?	Positive
3565	RT @HotSonai: তোমার #বাঁড়া টা #চোষা আসল কারন নয়। বাড়া চুষি কারন তুমি #সুখ পাও তোমার ভালো লাগে। এভাবে আদর করলে তোমার #সেক্স ওঠে চোদার জন্…	Neutral
3566	কোনদিন যে হাতিয়া পৌঁছামু ঢাকা থেকে তাসরিফ লঞ্চে আছি এই মাএ দৌলতা খা ভিড়ছে হাতিয়া আসতে আর কত সময় লাগবে একমাএ আল্লাহ ভালো জানে	Neutral
3567	RT @SupportBongFilm: আজ @SVFsocial তাদের Upcoming 25 টা Movie এর ঘোষণা করতে চলেছে.. রাজনীতি আমি বুঝি না, তাই সেই দিকে যাচ্ছি না, কিন্তু এই…	Neutral
3568	যখন বুঝবে তুমি ভুল পথে যাচ্ছ, হাঁটা থেমে দাও কিন্তু পিছনে হাঁটিও না। সঠিক পথে হাঁট নতুবা সঠিক পথ খুঁজতে কারও সাহায্য নাও। #শুভ_সকাল...	Positive
3569	RT @MrNobab: তুমি যখন আমাকে বকা দিবে আমি মন খারাপ করে চুপ করে বসে থাকবো তুমি এসে জড়িয়ে ধরে বলবে আমার বকায় কষ্ট পেয়েছিস	Neutral
3570	আরামদায়ক ও বৃষ্টিতে ব্যাবহারের উপযোগী বাহারি রঙের স্যান্ডেল এখন পাচ্ছেন আইফেরি.কম এ।অর্ডার করুন এই লিংক থেকে ঃ... http:/t.co/GAAj8r1gt0	Positive
3571	RT @Mehedi925: #বালিকা সুখ বলতে তুমি কি বুজো তা আমি জানি না, তবে তোমার মুখের সামান্য একটু হাঁসি আমার কাছে দুই পৃথিবী সমান সুখ....!!!…	Neutral
3572	RT @morsalinislam7: মনে রাখবেন, যদি প্রকৃত সুখী হতে চান তাহলে সুখ কে আপনার পথে নিয়ে আসুন, আর যদি সুখ আপনাকে তার পথে নিয়ে যায় তাহলে সে…	Positive
3573	RT @MdIMRAN365: তুমি যখন রাস্তা দিয়ে হেঁটে যাও তখন মহান আল্লার নামে কিছুটা যিকির করো কেননা হাশরের দিন ঐ রাস্তা তোমার নামে সাক্ষী দিবে। বি…	Positive
3574	অভিশপ্ত ইসরাইল: মহান আল্লাহর গজবশুরু!!_________________________পঙ্গপালের আক্রমণে বিপর্যস্তইসরাইল: বাইবেল ও... http:/t.co/ccVSwB2MIy	Negative
3575	ফিরে দেখা  রুপচাঁদা সুপার শেফ ২০১৯	Positive
3576	@AITCofficial যে দেয় - তার কাছে প্রত্যাশা বেশী । 35 বৎসরে মানুষের না পাওয়ার যন্ত্রণা , সুদে-আসলে পূরণ করেছেন । একুশে জুলাই সাথক সমাবেশ ।	Positive
3577	RT @shantorahman25: #আমি মনে করি এখন থেকে আপনি যদি একটি মেয়েকে তিন বছর খাওয়ান তাহলে সেই মেয়ে আপনাকে তিন দিনও মনে রাখবে না। আর যদি আপনি এ…	Neutral
3578	এত কথা আছে, এত গান আছে, এত প্রান আছে মোর, এত সুখ আছে, এত সাধ আছে - প্রাণ হয়ে আছে ভোর।।  শিল্পী সেবা  অনুষ্ঠা… https://t.co/FYupHiOcRT	Neutral
3579	প্রথম । বাঃ- আমার নাম বাঃ, বসে থাকি তোফা তুলে পায়ের উপর পা ! লেখাপড়ার ধার ধারিনে, বছর ভরে ছুটি, হেসে খেলে আরা… https://t.co/34HTUo41cS	Neutral
3580	** হয়তো আমারই ভুল ছিল -- ভুল আপনি করলে সেই ভুলের মাশুল কে দেবে ? ** উনি আমাকে স্বপ্ন দেখিয়েছিল -- ৩৫ বছর বড়.… https://t.co/Si2xWkAhie	Neutral
3581	ওয়েব ডিজাইন মাস্টার [পর্ব-০২] :: ওয়েব ডিজাইন এবং HTML ( ভিডিও টিউন-২) || ভিডিও দেখুন আর নিজেকে তৈরি করুন, আপনিও... http:/t.co/hGADQk83bE	Neutral
3582	তাঁদের মধ্যে মধুময় সম্পর্ক [নবী-পরিবার ও অবশিষ্ট সাহাবীগণ পরস্পর সহানুভূতিশীল] http://t.co/4BWw27uRnb#shiatruth#بنغالي #বাংলা #islam	Positive
3583	- - সুদের শাস্তি চিরকাল জাহান্নাম ১. মহান আল্লাহ বলেন :  যারা সুদ খায়, তারা কিয়ামতে দন্ডায়… https://t.co/fz34Y558wb	Positive
3584	আমি যখন ক্লাস ৭-৮ এ পড়ি তখন থেকে আমার এক বড় ভাই ছিল। আমি খুব বোকা ছিলাম (এখনো আছি ;p ) বলে ভাই আমাকে দেখে রাখত, অ… https://t.co/Uyhux2KTP8	Neutral
3585	শায়লা তে কি সমস্যা ভাই , হিরো আলম ও তো রাজনীতি তে আসছে তাদের বাহবা দিতে পারলে শায়লা তে কি সমস্যা। সে তো আর পর্ন… https://t.co/BSkncsrovM	Positive
3586	দোস্ত #Selfie আমি ও মাঝেমধ্যে selfie তুলি , কি করুম সবাই দেখি selfie photo তুল্লা F B জাম কোইরা ফেলে তইলে আমি কি... http://t.co/SN1OgDWZi3	Positive
3587	তুমি একটা খারাপ কাজ করেছো তার মানে তুমি একজন মানুষ, তুমি সেই খারাপ কাজটার জন্য অনুতপ্ত তার মানে তুমি একজন ভাল মানুষ। -হুমায়ূন আহমেদ	Neutral
3588	RT @S_M_R_____: হাসিনার ভোট : ৯,৮৭৫ ধানের শীষ : ০০০০ বিএনপি প্রাথীর নিজের ভোটটা কই গেলো ?নাকি সুষ্ঠু নির্বাচনের ফল এমনই হয়??? খুব জানতে ই…	Negative
3589	আমি একটা জিনিস বোজিনা য্ টুইটারে ঢুকতে পারি না শুধু টাকা দাও ইমু সেক্স করি মজা দেই কেউ কেন বলে না আমি ফ্রী ইমু সেক্স করি ?	Neutral
3590	RT @SubhrajitNath7: তোমার নামে আঁকা এই হাতের উপর আঁকা তোমার চুলে ঢাকা এই আদর দিয়ে মাখা হাতেহাতে করে আবেগ দিয়ে লেখা ভেজা চিঠিগুলো এখন কো…	Neutral
3591	নিজের মেকআপ ব্র্যান্ড ‘কে বাই ক্যাটরিনা’ নিয়ে এসেছেন ক্যাটরিনা কাইফ...	Positive
3592	বিএনপি দিন দিন যেন কেমন হয়ে যাচ্ছে । তারা কোন বির্বাচনে জয়ী হতে পারছে না ,এমন কি হার ও মেনে নিতে পারছে না ।	Neutral
3593	হযরত ইবনে উমর (রা.) বর্ণনা করেন, আমি রসূল ( সা.) কে বলতে শুনেছি যে, যখন তোমরা রমজানের চাঁদ দেখবে তখন রোজা রাখা শু… https://t.co/zgdWyqKb1z	Neutral
3594	আগামিকাল ৩১শে অগাস্ট আসাম রাজ্যে নাগরিকত্বের তালিকা প্রকাশ ইস্যুতে ৪০ লক্ষেরও বেশি মানুষের ভাগ্য এখন সুতার ওপর ঝুলছে...	Negative
3595	প্রিয় মানুষকে একবার দুঃখ দাও সে ঠিক ভুলে যাবে আবার দাও আবারো ভুলে যাবে বারবার দাও সে বারবার চেষ্টা করবে সে কষ্ট ভু… https://t.co/bSeTUpwTWj	Neutral
3596	আপনারা ইতিমধ্যেই জানেন, ৩০শে ডিসেম্বর বাংলাদেশে অনুষ্ঠিত হতে যাচ্ছে একাদশ জাতীয় সংসদ নির্বাচন। দশ বছর পর বাংলাদেশে সব রাজনৈতিক দলের অংশগ্রহণে একটি অংশগ্রহণমূলক নির্বাচন হতে যাচ্ছে। এ নির্বাচনে প্রায় আড়াই কোটি নতুন ভোটার প্রথমবারের ভোট দেবেন।  এনিয়ে বিবিসি বাংলার ফেইসবুক লাইভ ময়মনসিংহ এর ত্রিশাল থেকে জাতীয় কবি কাজী নজরুল ইসলাম বিশ্ববিদ্যালয় থেকে	Positive
3597	RT @habiba_akter: মাঝেমাঝে এমন সব কাজ করি যেটার জন্যে আপসোস করি, এটা ভুল না হলেও আমার কাছে অনেকটাই ভুল সমতুল্য! মন যেটা চেয়েছে সেটা করতে…	Neutral
3598	বিভেক হীনতায় ভরে গেছে যুবসমাজ । যে কোন খারাপ কাজে বাধা খাচ্ছে না তারা । যুব সমাজ আজ ভয়ংকর দিকে যাচ্ছে দিন দিন ।তা… https://t.co/D0v4Ect8Gg	Negative
3599	হিংসাকে অহিংস করেআমি তোমার থেকে,তোমাকে-বেশী হিংসা করে বেশী প্রেমে আপনতা চাই!ফিরিয়ে দেবে? দাও।	Positive
3600	মুগ্ধ আমি বাবা যদি বাবার মত হয় ছানারা তবে পাবে কেন ভয় | বাবার কাছে বায়না করা যায় ছানাদের যা যা মনে চায় | Full… https://t.co/zu7hdnKwso	Neutral
3601	RT @OrrashidMamun: গাড়িতে খুব ভিড় ছিল অনেকে তাই ঝুলছিল চোখে তার সানগ্লাস ছিল খোলা চুল বাতাসে উড়ছিল চুল তার বড় বেয়াড়া ছিল নাকে মুখে সু…	Neutral
3602	ধর্মের সু মহান দিক জেনে যে তা সঠিকভাবে পালন করে সে হল ধার্মিক , আর অন্ধের মত যে অনুসরণ করে সে হল ধর্মান্ধ ..	Neutral
3603	ফেসবুকে বিবিসি বাংলার প্রবাহ অনুষ্ঠানের লাইভ স্ট্রিমিং। আজ পয়লা জানুয়ারি, ২০১৯, মঙ্গলবার বিবিসি বাংলার প্রবাহ অনুষ্ঠান শুনতে সাথেই থাকুন	Positive
3604	মিস করি প্রানের ক্যাম্পাস ঢাকা আই এইচ টি কে। মিস করি আই এইচ টির লতা পাতা থেকে শুরু করে সব কিছুকে। মিস করে অন্তরের অ… https://t.co/bGgDWrurth	Neutral
3605	আকাশ জুড়ে রংয়ের খেলা রংধনু সাত রং দূর আকাশে চাঁদের আলোয় জল - জোসনার খেলা তোমার জন্য উজাড় করা ভালোবাসা আকাশ জুড়ে হাজার তারার মেলাἻ6	Neutral
3606	আজ সে লাশ হয়ে গেছে . . . গলির মোড়ে— এক পায়ে দাড়িয়ে থাকা সেই আলোক-বাতি ; ছাদের কার্নিশে রাখা ক্যাকটাস; সাজু প্… https://t.co/JQ7XMwBIxF	Neutral
3607	RAB তৈয়ারী করা ছিলো বি এন পির ভুল দুটি কারনে,, প্রথমে বি এন পি সরকার মারছে ডেভিড দের কে আর এখন হাসিনা মারছে সকল… https://t.co/zuI2c3lvnc	Neutral
3608	যদি ও আমি রিয়াল এর একজন ফ্যান তবু ও একজন ফুটবল প্রেমি হিসাবে সালাহ এবং অবশই কারভাহাল এর জন্য খুব খারাপ লাগছে — wat… https://t.co/eqGnyJ0p8d	Neutral
3609	ও যদি প্যশ্ন ফাসের সাথে জড়িত থাকে তাহলে ও বাংলাদেশ বাংক রিজাভ চুরির সাথে ও সে জড়িত ভল করে খতিয়ে দেখুন এই লোক রি… https://t.co/kJEQrf7uWy	Neutral
3610	আপনি বিশ্বাস করেন আর নাই করেন ὠA #ইফতার মানেই পুরান ঢাকা আর চকবাজার। জীবনে বহু বার খাইছি এখন আর মনে তেমন একটা টানে… https://t.co/Zxn4c3uIF9	Neutral
3611	বাংলাদেশে ২০১৮ সাল সরগরম থাকবে আগামী নির্বাচন কীভাবে হবে সেই বিতর্ক নিয়ে। এ বিষয়ে প্রতিবেদন দেখুন, বিবিসি বাংলার টেলিভিশন অনুষ্ঠান প্রবাহের আজকের আয়োজনে। আপনার মতামত জানাতে এখনই মন্তব্য করুন। বাছাইকৃত কিছু মন্তব্য প্রচার করা হবে প্রবাহের আজকের অনুষ্ঠানে রাত ৯:৩৫ মিনিটে, চ্যানেল আই'তে।	Positive
3612	৫০০ দোকান উচ্ছেদ, ভাঙা হয়নি আওয়ামী লীগের সাইনবোর্ড লাগানো ঘরআমাদের সময়.কম : ০৮/০৯/২০১৪তেজগাঁও শিল্প এলাকার... http://t.co/glhUZWQ3K8	Negative
3613	RT @Biplobikaji: অামীরে জামায়াত মজলুম জননেতা মকবুল অাহমেদ সাহেব কে অাজ ২১/৫/১৮ সি এম এম অাদালতে একটি মামলায় হাজির করা হয়। তিনি গত বছর O…	Neutral
3614	নিরবেই কাঁদব___কবি রেদোয়ান মাসুদ.আমি নিরবেই কাঁদবনিরবেই হাসব,কখনও বলব না আরআমার কান্না পাচ্ছে দেখে যাও...	Negative
3615	এ মহুত্বে কঠিন এবং অনেক চিন্তার মধ্যে দিন অতিবাহিত হচ্ছে। হে মহান রব অামার উপর রহমত দান করুন এবং সৎ থাকার জন্য তৌফিক দান করুন।	Neutral
3616	Fair and lovely তো জীবনে কতো লাগালেন ফরসা হওয়ার আশায় Ὀ3ὗ4 . . এবার পরলে ১ সপ্তাহ ফজরের নামাজ পড়ে দেখেন ᾑ7 #বাঙ্গালী… https://t.co/SuE55UMr5m	Neutral
3617	মন খারাপ কইরেননা ভাইয়েরা। 7up বলে কষে দুটো গালি দিয়ে, ১ হালি লেবু দিয়ে এক গ্লাশ শরবত বানিয়ে খেয়ে শুয়ে পড়ুন- ভাল ঘুম হবে, ফ্রান্স!	Neutral
3618	লাক্স ক্যাফে লাইভে আজকের অতিথি সংগীতশিল্পী রাহুল আনন্দ উপস্থাপক: কবির বকুল (Kabir Bakul)	Positive
3619	১ বলে ৫ রান, ৬ রান দিয়ে দেয়! ৩ বলে ১ রান, ৩ উইকেট দিয়ে দেয়! ৬ বলে ৯ রান তো অনেক বড় ব্যাপার! বাংলাদেশের হার,… https://t.co/BoOVvEajkK	Neutral
3620	তারা বলছেন, মিয়ানমার তাদের দাবি মেনে না নেয়া পর্যন্ত স্বেচ্ছায় প্রত্যাবাসন করতে চান না তারা	Positive
3621	বাংলাদেশ বনাম ভারতের ক্রিকেট বিশ্বকাপের ম্যাচটি টিএসসিতে বড় পর্দায় দেখাচ্ছে, সেখান থেকে সরাসরি জানাচ্ছেন বিবিসির ক্রীড়া সংবাদদাতা রায়হান মাসুদ	Positive
3622	কাশ্মীরে ঈদুল আযহার দিন চাচার সাথে কোরবানির মাংস বিতরণ শেষে ফেরার পথে ছররা গুলিতে আহত হয়েছিল পাঁচ বছরের একটি শিশু। বিবিসি উর্দুর রিয়াজ মাসরুর সেই পরিবারের সাথে কথা বলেছেন-	Negative
3623	রহস্যময় এক রোগ এনপিএইচ, যেটিকে অনেক ক্ষেত্রেই বুঝে উঠতে পারেন না ডাক্তারেরা 💉🔬💊	Negative
3624	2018....ἳ9ἳ9 যানি আর কোনো দিন ২০১৭ আসবে না তাই যদি কারো সাথে এই ২০১৭ সালে খারাপ আচরণ।বা আমার কারণে কেউ এই ২০১৭ সালে... https://t.co/0s4FSW7KLA	Neutral
3625	জোটের বৈঠকের সিদ্ধান্ত...	Positive
3626	৮ আসন না ঢাকা শহরে বিশেষ করে উত্তরা এলাকার একটি আসন পাইলে ঢাকা শহরে এদের চাঁদাবাজি এর জন্য কেউ ঠিকতে পারবে না। দ… https://t.co/KkFQpEFErq	Neutral
3627	RT @MoushumiSalma: বেদনা মধুর হয়ে যায়, তুমি যদি দাও মুখের কথাই হয় যে গান, তুমি যদি গাও কুয়াশায় রাত হয় ভোর, কেটে যায় আঁধারের ঘোর চো…	Neutral
3628	@Seneha_ ছারো এই সব ছোট খাটো কথা নিয়ে বড় করার প্রয়োজন নাই, যে খারাপ সে তো অপরাধ করেই চলে। কুকুর তো পিছে থেকেই তো ঘেও ঘেও করে।	Positive
3629	নুরুল আজিম রনি গ্রেফতার , গিকা চৌধুরীর আগাম জামিন , মাদক সম্রাট বদি ওমরা করতে সৌদি আরব , আসেন আমরা অবৈধ কাজে নিজের জীবন ব্যয়করি ।	Negative
3630	গত ১ সপ্তাহ ধরে আমার মা জননীর কাছে থেকে কুরবানির গরুর চামড়া বেচা টাকা নিয়ে গেছে যে ওরা কারা ? ὃ8ὃ8 শালা/শালীরা প্র… https://t.co/0PluZ18hpc	Neutral
3631	স্টেরাইল ইনসেক্ট টেকনিক নামে এই পদ্ধতিতে পুরুষ মশাকে রেডিয়ান বা রশ্মি দিয়ে বন্ধ্যা করে প্রকৃতিতে ছেড়ে দিলে এর সাথে মিলনের পর স্ত্রী এডিস মশা ডিম পাড়লেও তাতে প্রজনন ক্ষমতা থাকে না। কিন্তু প্রশ্ন হচ্ছে বাংলাদেশের মতো জনবহুল একটি দেশে   এটি কাজ করবে কিনা	Positive
3632	বাংলাদেশের একজন নামকরা সঙ্গীতশিল্পী এন্ড্রু কিশোরকে প্রধানমন্ত্রী তার ত্রাণ তহবিল থেকে অনুদান দেয়ার পর আবারও অনুদান নিয়ে  সামাজিক যোগাযোগ মাধ্যমে শুরু হয়েছে বিতর্ক।	Positive
3633	বাল্য বিবাহ ধর্ষণের চেয়েও বড় অপরাদ....অতএব.... সাবধান	Negative
3634	আমার গর্ব আমার বাংলাদেশ https://t.co/ryhR13Lf2A	Positive
3635	একদিন আমিও প্রমাণ করি আমার ও ফিউচার আছে, আমি ফিউচার অন্ধকার না , সেদিন আমি আঙুল দিয়ে দেখিয়ে দিবো আমি ভুল ছিলাম না সোনা, ὠAὠAὠA	Positive
3636	রাজধানীর পরীবাগ থেকে বিপুল পরিমাণ দেশি-বিদেশি মুদ্রা, মাদকদ্রব্য ও সংসদ সদস্যের স্টিকারযুক্ত বিলাশবহুল গাড়িসহ একজনকে আটক করেছে র‍্যাব।	Negative
3637	যদি আর ও কারে ভালবাসোযদি আর ও ফিরে নাহি আসো তবে তুমি যাহা চাওতাই যেন পাওআমি যত দুঃখ পাই গো	Positive
3638	RT @Mizanur64540321: ♥ মা দুর প্রবাসে থাকি তাই তোমার সেবা করতে পারি নাই, ♥ মা কখনো কোন ভুল করে থাকলে ক্ষমা করে দিও, ♥মা তুমি আমার জান্নাত,…	Neutral
3639	@Tanjila32 আরে ব্যাপার নাহ। হতাশ হবেন না বা মন খারাপ করে থেমে থাকবেন না। এখন পাননি তো কি হইছে, সামনে হয়তো আরো বড়… https://t.co/qh3ekps4bB	Positive
3640	হঠাৎ করি একটা গান গাতি মনে কচ্ছে গোলাপির কথা মনে পইরে গেলহঠাৎ করি শরীফউদ্দীন ভাইয়ের কথাও মনে পইরে গেলএর জন্য... http:/t.co/qQmShrCLf1	Neutral
3641	আজ হয়তো জিবনের কাছে হেরে গেছি ! হেরে গেছি কোন এক মিথ্যা অনুভুতীর কাছে ! বদলে নিয়েছি আজ নিজেকে ! সুখ গুলো সব হারি… https://t.co/gTe1NNWgu7	Negative
3642	মুখলেস মন খারাপ করে বসে আছে ওর বাবা বললেন কীরে মন খারাপকেন মুখলেস কিছুতেই কিছু বলেনা একদম চুপ বাবা কাধে হাত রেখে বল… https://t.co/vzAVjVXlIm	Neutral
3643	'গ্রামের বিভিন্ন বাড়ি থেকে ডাব ও সুপারি চুরি করতেন তাঁরা। চুরি করা পণ্য বিক্রি করে নেশাও করতেন...	Negative
3644	 বাবা তো হিরো সে হারে না  পৃথিবীতে অনেক খারাপ মানুষ আছে, তবে একজনও খারাপ বাবা নেই। এ বিশ্বাসেই বাবারা হিরো, প্র… https://t.co/6KeVHh2uoD	Positive
3645	হা হা কেকেআর কে ঘৃণা করে ট্রল করিস ওকে । বাট এখানে কেকেআর কে ট্রল করতে গিয়ে নিজেই ধোনিকে অপমান করলি, যেখানে পেজে… https://t.co/5LwIGpT7il	Neutral
3646	#যখন পিপাসা থাকে না - - তখন একটা পানির বোতলে চোখ গেলে আমরা শুধু বোতলটাই দেখি আর যখন পিপাসা থাকে তখন দেখি বোতলে পা… https://t.co/XZiPKknMGX	Neutral
3647	#freeread নীলু ত সারাবছর ধরে টাকা জমাত সেইসময় খরচ করবে বলে । কত আগ্রহ ভরেই না জমাত ! পরিবারের সবচেয়ে ছোট বলে ওর আ… https://t.co/b9z8J8cKQ1	Neutral
3648	আমরা যে যে স্থান থেকে বাস করছি - সবাইকে আল্লাহ সুখে রেখেছেন। মূলত - সুখ তখনই হাত ছাড়া হয়ে যায় - যখন আমরা আল্… https://t.co/fSD74dSuvu	Neutral
3649	_____মনগড়া একটা উক্তি ______যদি তুমি কাউকে পাওয়ার জন্যআল্লাহর কাছে দোয়া করে না পাও,তবে মনে করবে অন্য কেউ... http:/t.co/8HEFh0I21e	Neutral
3650	RT @RJ_________3: ভালোবাসা কখনো ভেবে চিন্তে করে হয় না তাকে আমি পাব না ভাবা সে কি আমার যোগ্য কিনা, সে সুন্দর আর আমি কালো তার বাবার অনেক টা…	Neutral
3651	শুষ্ক মৌসুমে এরকম ব্যাপকভাবে দাবানল ছড়িয়ে পড়ার সাথে খরার সম্পর্ক থাকার সম্ভাবনা সামান্যই, যেখানে অন্যান্যবারের চেয়ে এবার খরার তীব্রতা কম।	Negative
3652	>>>>>>>>><<< ব্রেকিং নিউজ >>><<<<<<<<< টেকনাফে অস্ত্র ও ইয়াবা সহ দুই নারী আটককক্সবাজারের টেকনাফে ইয়াবা ও...	Negative
3653	স্ট্যাটাস দেয়ার জন্য রেডি হয়ে যান “ হারলে ও বাংলাদেশ জিতলে ও বাংলাদেশ” দোষ ধরে লাভ নেই ᾑ4 শুনলাম সৌম্য ও ইমরুল কে… https://t.co/6eGDFeoLZi	Neutral
3654	RT @NushratFaria: ভালো একজন বন্ধু যতোই ভুল করুক, তাকে কখনও ভুলে যেও না। কারন, পানি যতোই ময়লা হোক, আগুন নিভাতে সেই পানিই সবচেয়ে বেশি কাজে…	Positive
3655	RT @AyonSaha_Jr: হ্যা... এখানেও সেই ৩ বলে ৩ রান, ২ বলে ৩ রান এবং ১ বলে ২ রান! কিন্তু ছেলেদের মতো ভূলটা আর হলো না। #চ্যাম্পিয়ন #বাংলাদেশ Ὁ8	Positive
3656	ঢাকা ১০ আসন থেকে মি. ফজলে নূর তাপস সাহেব মাত্র ফোন দিয়ে ভোট চাইলেন। যদিও আমি তার এলাকার ভোটার না। কিন্তু এখন পর্য… https://t.co/e0260O9sro	Neutral
3657	RT @nusratjahanjeni: যখন মন খারাপ হবে ভাগ করে নেবো। জয়কে সামনে রেখে, সুখকেও তেমনি শুধু ভুলে যাবো না। আর কোন দুঃখ আসবে না তাহলে যে দুঃখকে…	Neutral
3658	নিত্য চায় না কারো দর্শন সংগীত যেমন চায় না কারো শ্রবণ তুমি প্রভু আঘাত পাও ভালোবাসা তা চায না আগামী দিনের দর্শন জীবন যেমন ভাবে না	Neutral
3659	আপনি কি বিদেশে পড়ালেখার বিষয়ে আগ্রহী? তাহলে এই প্রতিবেদনটি পড়তে পারেন	Positive
3660	উইকেট পড়লো না একটিও!উইকেটবিহীন একটি দিনকাটলো বাংলাদেশের বোলারদের।অথচ, টসে জিতে অধিনায়কমুশফিকুর রহিম কিনা... http:/t.co/IUBHLTEXq3	Positive
3661	'থ্রি ইডিয়টস' চলচ্চিত্রখ্যাত প্যাংগং হ্রদের তীরে ঘটে এ ঘটনা।	Positive
3662	অার কত দিন ধৈর্য শীল হয়ে থাকবὢ5 গরীব জীবন ভাল লাগে নাὢ5 ভাগ্যটা বড়ই খারাপ কোন কাজে সফল হই নাὢ5 বাড়ি নেই গাড়ি নেইὢ5… https://t.co/u6PHGgNYbJ	Negative
3663	@LubnaLamya একটা লোক যদি খারাপ হতে চায় টাকা খরছ করতে হবে তাহা ১০০./.??? আর যদি ভালো হতে চায় এক টাকাও খরছ করতে হ… https://t.co/DOlGzM3cMF	Neutral
3664	পথচলতি বাবা আর তার পুচকে মেয়ের ( বেশী না ক্লাস ওয়ান হবে হয়ত ) কথোপকথন সাক্ষী আমি স্বয়ং - মেয়ে - বাবা , এত অ… https://t.co/ukk9ohYDcR	Neutral
3665	কাজ চাই, যে কোন কষ্টের কাজ হলেও চলবে...।	Positive
3666	RT @SinhaKeya: -কি রে মন খারাপ কেন?ὣ3ὣ3 -না এম্নেই! ὡEὡE -এখনও ভালবাসিস তাইনা??ὡ2ὡ2 -না, তবে আমার প্রতিটা মোনাজাতে আমার আগে তোর জন্য প্রার্থনা ক…	Neutral
3667	মায়ের ভালোবাসা যে সন্তান বোঝ না সে সন্তানকে মা টিকরে বোঝে যে তার সন্তান কেমন হবে, আমি যদি আজ আমার মাকে না বোঝি কা… https://t.co/8ca8eAn03J	Neutral
3668	RT @Sylhet_2000: @YourTeletalk @TeletalkLTE ὄ9 সান্তনার বাণী কাগজে আর টুইট এ ই মানায় ὄ9 বাস্তবতায় এর কোন মূল্য নেই ὄ9 কোন দিন এই দেশে একজন…	Negative
3669	কিন্তু সম্ভবত আপনি একটি জিনিস ঘৃণা এবং এটি আপনার জন্য ভাল; এবং সম্ভবত আপনি একটি জিনিস ভালোবাসি এবং এটা আপনার জন্য খারাপ। #কুরঅান ২:২১৬।	Neutral
3670	২ টাকার মানুষ কে ৪ টাকার দাম দিলেন তারপর সে ৮ টাকার ভাব নিলো। তখন আপনি কি করবেন? ১৬ টা উষ্ঠা দিয়ে মাফ ক… https://t.co/7U8lUU0YJx	Neutral
3671	তাদের সামনে এখন একটাই রাস্তা - আর সেটা হল নিজেকেই প্রমাণ করা, যে তিনি অবৈধ বাংলাদেশি নন - ভারতের নাগরিক	Negative
3672	একা রাজনীতি করা সম্ভব নয়, রাজনীতি করতে হলে এক সাথে সবাই কে নিয়ে করতে হয় ৷ প্রথমে নিজের ঘর, তারপর এলাকা, তারপর ইউ… https://t.co/oSguZN93JD	Neutral
3673	এতোদিন যারা চিল্লাত কিসের ৩ জি ৪ জি করছে তারা ২ জি পায় না তারাই আজ ৩ জি ৪ জি বন্ধ হওয়ার কারনে কান্নাকাটি করছে :D… https://t.co/iLqfNyAn2h	Neutral
3674	কারো প্রতি যৌন আকর্ষণ অনুভব করেন না, এমন ব্যক্তিদের নিয়ে নানারকম ভুল ধারণা রয়েছে তাদের পরিবার ও সমাজের	Positive
3675	***ভালো যখন বেসেছি তোমাকে সারা জীবন বাসবো .. সুখ দুঃখ যাই আসুক আপন করে রাখবো ।রাগ করে তুমি আর থেকো না দুরে… কাছে... https://t.co/zbFsgqlCXB	Neutral
3676	বাবা-মা-ভাইকে বেঁধে স্কুলছাত্রীকে গণধর্ষণ: সিঁদ কেটে ঘরে ঢুকে বাবা, মা ও ভাইকে বেঁধে রেখে অষ্টম শ্রেণীর এক ছাত... http://t.co/Gq96r5FDNk	Negative
3677	মাঝে মাঝে নিজের চোখ ও ভুল দেখে মাঝে মাঝে নিজের কান ও ভুল শোনে কখনো কখনো চরম বাস্তব কে মানতে কষ্ট হয় বি:দ্র:... https://t.co/14RBJXVibZ	Neutral
3678	চুল নিয়ে উৎসব!  এরিত্রিয়ার এই বিশেষ নৃ গোষ্ঠী প্রায় সারা বছর তাঁদের চুল ঢেকে রাখে। আর বাৎসরিক 'চুল নৃত্য' উৎসবটা তাই বিশেষ কিছু তাঁদের কাছে। শুভ সকাল। 	Positive
3679	নানান বিতর্কের জন্ম দেয়া সমাজকল্যাণ মন্ত্রী এবার সংসদেও ঘুমালেন! http://t.co/hunYxZszZI	Negative
3680	টাকা দিয়ে কখনো সুখ কেনা যায় না সুখী হতে মন লাগে, যার মন যত বড় তার কপালে সুখ তত বেশি। কাজেই, মন দিয়ে মানুষকে… https://t.co/yem9YQ8hLN	Positive
3681	আমার জীবন একটি কফিনের ভিতর যাপন করছে। আমার সাথে হাজারো বিপদ। ঠিক তাই যাহা চাই না তাহাই প… — তাহলে খারাপ কি, ভালোইতো https://t.co/KTsqKGWerW	Neutral
3682	@lisahaque152 সময় যখন খারাপ যায় তখন সব দিক দিয়ে খারাপ যায় তাই বলছি খারাপ কথা বলা ঠিক হবে না ?? তাই হারলে ও বাংলাদেশ জিতলে ও বাংলাদেশ	Positive
3683	সত্যি ভাই সার্থের অনেক উর্ধ্বে। মন থেকে দোয়া করি যে এত সুন্দর ভাবে মানুষের মন জয় করতে পারে সেই আসল বিজয়ী এবং সেই… https://t.co/qQFmoVulsB	Positive
3684	বাংলাদেশ থেকে আগত কামলা !!! গবেষণা কি জিনিস !!!! দেখে যাও !!! আমাদের দেশে গবেষকদের কোন দাম নাই । এখনও অবাক লাগে !!… https://t.co/McLFTA8VCo	Neutral
3685	RT @JasikaParvin: যে মানুষটি ক্ষমা চাইতে জানে নিজের ভুল স্বীকার করতে পারে, যে অনুশোচনার আগুনে দগ্ধ হতে জানে, সেই মানুষটি আর যাই হোক খারাপ…	Positive
3686	যার জীবনে শুরু থেকেই কষ্ট তার জীবনে আবার সুখ আসে কোথা থেকে ? আর যদিও সুখের দেখা পায় তাহলে সেই সমায় কখন চলে যায়... https://t.co/Q5RBNnCnrR	Negative
3687	মাঝে মাঝে বন্ধুদের দুঃসংবাদ আমাদের সত্যি মনকে প্রচন্ড খারাপ করে তোলে। আল্লাহ তোকে এ শোক সয়বার ক্ষমতা দিক।ভাষা নাই কিচ্ছু বলার — feeling sad	Neutral
3688	বড়দের কাছে শুনেছি রাজনীতি দেশ ও দেশের জনগনের জন্য শান্তি বয়ে আনে। আসলে এ সবই ভুল কথা ছিল। রাজনীতি দেশ ও দেশের মা… https://t.co/deBZ9t3J1U	Negative
3689	শত মেয়ে হাজী বিরনী নিয়ে আমার পিছনে পিছনে ঘুর ঘুর করলেও তুমি আমাকে পাত্তা দাওনা এইজন্য তোমার প্রতি ভালোবাসা দিন দিন নলকূপের মত গভীর হচ্ছেὠA	Neutral
3690	বাংলাদেশ হলো এমন একটি দেশ যে দেশ নিজের মাতৃভাষার জন্য সংগ্রাম করেছে। এই বিশ্বে আর এমন কোনো দেশ আছে কি যারা নিজ ভা… https://t.co/18T5Aw0cc2	Positive
3691	@ShakowatRahman ও অসাধারণ একটা গান সময় করে শুনে নিবেন আশা করি ভালো লাগবে আর বুজবেন ওরা আমাদের এতো বাশ দেয় ওদের ভাষা না জানলে হবে	Neutral
3692	১০ বছরে বাংলাদেশ থেকে পাচার হয়েছে ৫ হাজার ৫৮৭ কোটি ৬০ লাখ ডলার। টাকার অঙ্কে যা ৪ লাখ ৪১ হাজার ৪২০ কোটি টাকা। এই অ… https://t.co/HIklAIbg91	Neutral
3693	ভালো লাগে নি । জানি না কি কারনে , হয়তো হুদাই নাহয় আমি খারাপ , ভালো লাগার কিছু নেই আমার মাঝে । সত্যি বলছি , কারো… https://t.co/uQU6HceLrw	Neutral
3694	- ভাই, মন খারাপ কেন? - আরো একটা ঈদ চলে আসলো। কিন্তু এইবারও কেউ আমার পক্ষ থেকে কাউকে ঈদের শুভেচ্ছা জানালো না। :( - আ… https://t.co/m0mUYWfZ3s	Negative
3695	 প্রথমবারের মতো ইলিশের প্রজননক্ষেত্র শনাক্ত।প্রথমবারের মতো বাংলাদেশের সমুদ্রসীমা ও উপকূলের বিভিন্ন নদ-নদীতে... http:/t.co/FbikWS0m3X	Neutral
3696	নিরাপদ সড়ক আন্দোলনের ঠিক ৬ মাস পার হয়েছে। কিন্তু সড়কে তেমন পরিবর্তন কি চোখে পড়ছে। এ বিষয়ে বিবিসি বাংলার ফেসবুক লাইভে আমাদের সঙ্গে যোগ দিয়েছেন 'নিরাপদ সড়ক চাই' আন্দোলনের প্রতিষ্ঠাতা ইলিয়াস কাঞ্চন। আপনাদের যেকোন প্রশ্ন বা মতামত জানান নিচে মন্তব্য করে। বিবিসি বাংলার সাথেই থাকুন। ইলিয়াস কাঞ্চন/নিরাপদ নিউজ Faisal Titumir	Positive
3697	জামায়াত ও ছাত্রশিবির ইশ্লামের গোপন শত্রু আর আওয়ামিলিগ প্রকাশসো শত্রু কে কে এক মত এটার সাথে আবার ভাব্বেন না আমি বি এন পি করি	Negative
3698	RT @bossmursalin: আজকে যখন বনানী দিয়ে আসছিলাম আনিসুল হককে খুব বেশি মিস করেছি । আরেকজন আনিসুল হক আবার দেশে কবে আসবেন ? #ভাবনা #আকাঙ্ক্ষা…	Positive
3699	অনেক কিছুই সম্ভব‚ আবার কোনো কিছুই না ও ঘটতে পারে।	Positive
3700	@Tweet__Bangla @abu38470 ব্লক করার মত কিছু হইছে বলে আমি তো মনে করি না, আমি টুইটারে আসি মজা আর সময় পার করতে, সিরিয়াজ হওয়ার কিছু নাই তো	Neutral
3701	শুরু হয়েছে মাছ ধরার মৌসুম। আপনার এলাকার মাছ ধরার ভিডিও বা ছবি পাঠিয়ে দিন বিবিসি বাংলার ফেসবুক মেসেঞ্জারে। সাথে লিখে পাঠান নিজের নাম-ঠিকানা, ফোন নম্বর এবং ই-মেইল অ্যাড্রেস।  বাছাইকৃত কয়েকটি ছবি/ভিডিও প্রচার করা হবে বিবিসি বাংলার টেলিভিশন অনুষ্ঠান বিবিসি প্রবাহে আগামীকাল।  📸: GettyImage	Positive
3702	জেনে নিন ৬৪ জেলার নাম ও প্রতিষ্ঠিত কবে হয়েছে ✬ ঢাকা ——- ১৭৭২ সাল। ✬ মুন্সীগঞ্জ ——- ১৯৮৪ সাল। ✬ নরসিংদী ——- ১৯৮৪… https://t.co/fKg2hlCLoy	Neutral
3703	RT @nusratjahanjeni: ভালোবাসা মরে যায় প্রেমটা মরে জলে ভেসে যায়, সুখটা ছেড়ে চলে যায় দুঃখটা এসে বাসা বানায়, মনটা যায় ভেঙে কথা বলতে মনে…	Neutral
3704	মাঝে মাঝে এমন কিছু মানুষের সাথে আমাদের পরিচয় হয় যাদেরকে বার বার চিনতে ভুল করি। তারপরও জানি না কিসের টানে ফিরে আসি বার বার।।।।। #রিহান	Neutral
3705	টক দইয়ের যত গুণ মিষ্টি দই আমাদের মুখে স্বাদ লাগে বলে অনেকই আমরা তা মজা করে খাই ও পছন্দও করি। আমরা বেশির ভাগ সময়.… https://t.co/Pa9NXiMs04	Neutral
3706	RT @TheManobkantha: #DNCC #Election #Dhaka #DHK #BD আনিসুল হক যেখানে তার কাজ অসমাপ্ত রেখে গেছেন মেয়র হলে ঠিক সেখান থেকে কাজ শুরু করবো http…	Neutral
3707	যে যার সপ্ন চুরি কর এ কথা মাথায় রেখ তোমাদের সপ্ন ও চুরি হবে ঠিক সময় মত কেননা মহান বিচারকারী কিন্তু একজন আছেন। #convocation_fact	Neutral
3708	অবহেলা  একটি মুখ বুঝে সইয়ে যাওয়া যন্ত্রনার নাম ✌ ভালোবাসা  শত কষ্টের পরও চেষ্টা চালিয়ে যাওয়া ২ জন প্রেমিক প্রেমিকার নাম ὉC	Neutral
3709	RT @soumyacrj05: অধম না থাকলে, উত্তম হবে না। আবার উত্তম না থাকলে অধম হবে না। একটা সাইক্লিকাল জার্নি। কোনোটাই অন্যের থেকে বড় বা ছোট না।	Neutral
3710	RT @JasikaParvin: এখনতো জীবনের শেষ বিকেল, কিন্তু ইচ্ছে করে আবার সকাল থেকে শুরু করি যা কখনো সম্ভব না! যদি সম্ভব হতো আর একটা ভুল হতে দিতাম না।	Neutral
3711	একজন মানুষের সম্মান অন্য অারেকজন মানুষের কাছে নয় . সব মহান রবের কাছে তিনি চাইলে সম্মান দেন অাবার কেড়েও নেন ৷ . অাল্লাহ তুমি মহান	Neutral
3712	ভালোবাসা শুধু একার জীবন দিয়ে শেষ হয় না যে জন জানে মৃত্যু খুব কাছে, তার চোখে নিজের জীবন থেকে তার মাধ্যমে নিয়ে আ… https://t.co/xmPwL3IhBP	Neutral
3713	RT @Me__Tanisha: ভারতের পা-চ-ছি-স সাল কা হিসাব এর কী হল বাবাজীরা? খুব তো বাংলদেশকে গালি দিলেন যখন সিরিজ হারলাম। আর ১ নং দল হয়ে যেই খেল…	Neutral
3714	চলতি পথে থাকতে পারে হয় ত রে ভুল তোট্রি ফিরতি পথে যন্ত্রণা কে দিলাম. ছিড়ো ছুটি , আজ দুঃখ ভোলার দিন. আজ কস্ট ভোলা… https://t.co/MZ1mFEjQfz	Positive
3715	 মানুষ জানে কনটা সঠিক কনটা ভুল সবি জেনেও না জানার ভান করে । সত্য কনটা জানার সত্যেও মানতে নারাজ হয় এবং সামনা সাম… https://t.co/PlLE7eqZIT	Negative
3716	গজল:জীবন নীতি . . . . . . দিন ফুরালে প্রাণ ফুরাবে এই তো জীবন নীতি গো॥ ধম ফুরালে রঙ ফুরাবে যেতে হবে অন্ধকার কবরে॥ ..… https://t.co/8UTE6U48x6	Neutral
3717	দেশে এমন একটা অবস্থা হইছে যে, সবাইকে এম পি হতেই হবে, এম পি না হলে যেন সম্মান থাকে না। রাজনীতি করার উদ্দেশ্যই যেন এম… https://t.co/4CdbTf9Pkb	Negative
3718	আকাশেও অল্প নীল , ভুল হতো অন্তমিল , একা একা রংমিছিল , ছিলে না যখন। মুঠো ভরা মিথ্যে ফোন , ফিরে আসা ডাকপিয়ন , মিছিমি… https://t.co/1oVtvHshAI	Neutral
3719	@karimbenezema ভাল জিনিস টক ই লাগে ভাই, না বুঝলে আর বুঝিয়ে কি লাভ? তবে এইটা ঠিক যে অবসর নেয়ার পর রাজনীতি টা করলে… https://t.co/I7TEiGVAA9	Neutral
3720	RT @Osman__R______: শুভ পয়দা দিবস ৷ _______প্রিয়_ভাই ৷ দোয়া ও ভালোবাসা অবিরাম ৷ সৎ কর্ম ও সৎ অামলের মাধ্যমে অায়ু দীর্ঘ হোক সেই কামনা ক…	Positive
3721	পোলাপাইন গুলা আজব, নাম নাকি ভালবাসার পাগল । মনে হয় সব ভালোবাসা তাদেরই আর আমরা সব পানি ভাত । মন চায় , দইরা দইরা... https://t.co/WniWAXeq1O	Neutral
3722	@EsnArafat সত্যি কথা বলতে আমার কাছে না বেশি দামি #ফুসকা ভাল লাগে না ... ছোট টুলে করে যারা বিক্রি করে না তাদেরটা খুব মজা লাগে ὄCὄC	Neutral
3723	@TouchCrazy দুরও নানূ ৷ এটা ভাগ্যের কিছু হলো নাকি ?? ভাগ্যবান তো অারো এগারো বছর অাগেই হইছি ৷ যার জন্য অামি সবসময় শুকরিয়া অাদায় করি ৷	Neutral
3724	একশনএইড-প্রথম আলো বন্ধুসভা জাতীয় বিতর্ক উৎসব ২০১৯ গৃহস্থালির সেবামূলক কাজের মূল্যায়ন আনবে সমতা, করবে উন্নয়নএকশনএইড-প্রথম আলো বন্ধুসভা জাতীয় বিতর্ক উৎসব ২০১৯ গৃহস্থালির সেবামূলক কাজের মূল্যায়ন আনবে সমতা, করবে উন্নয়ন	Positive
3725	আমার বই এর কাভারে ইংরেজী লেখা বানান ভুল । পাবলিশার্ কে ঐ লিখা তুলে দিতে বলেছি। বই মেলার জন্য বই এর নামে ওটা মুছে যাবে।	Neutral
3726	RT @dagcmedia: যে নিমাই সারা জগতের সকলের সুখ দুঃখের খেয়াল রাখে, পারলো না সে তাঁর বাবাকে বাঁচাতে. কি হবে এবার? জানতে দেখতে থাকুন @ColorsBan…	Neutral
3727	RT @Rana_Sordar: @ProthomAlo কিছু দিন পরে হয়তো নিজের নামের বানান ও Vule যাবে, আমাগো এরশাদ সাহেব আর জবাব trump একই, দুই জনের ই একই প্রবলেম,…	Negative
3728	RT @TeamPFC_1: সেই অপরূপ চাওয়া , হৃদয় যেনো এই দুই চোখের দৃষ্টির মধ্য দিয়ে খুঁজে পায় সেই পরম ভালোবাসা । আমাদের অন্তর যেনো বড়ই ব্যাকুল…	Neutral
3729	মাঝেমধ্যে কিছু আজব ধরনের বিব্রতকর পরিস্থিতিতে পড়তে হয় যার ফলে মুড অফ হয়ে যায় , মন খারাপ লাগে ! অথচ ব্যাপারটা তেমন গুরুতর কিছুই নয় ।	Neutral
3730	RT @Preety_puja: A day spent well... B-) ✌✌ὄCὄC আমার ঘুরাঘুরির রাশি চলতেছে :-P না জানি কত্তদিন পর সবাই মিলে এত মজা করলাম। :-D :-D থ্যাংকস ব…	Neutral
3731	গত বছর এই দিনে অফিস থেকে ফিরছিলাম ১২ টার পর, এসে ঘুমিয়ে গেছিলাম বউ এর জন্ম দিনে উইশ করতে ভুলেগেছিম, তাই এবার আর ভুল করিনি!!! শুভ জন্মদিন।	Neutral
3732	বিদ্যা বলেন, আমি এখন চুম্বন দৃশ্যে কাজ করতে মোটেও আগ্রহী নই। কারণ, বিয়ের পর আমি এখন সংসারী হয়েছি। এখন স্বামীর... http:/t.co/mo9Uew2IhI	Neutral
3733	কখন সব থেকে বেশি মন খারাপ হয়। যখন তুমি পরিবার থেকে অনেক দূরে এবং তুমি অসুস্থ এবং ঔষুধ খাওয়ার পরেও তুমি সুস্থ হচ্… https://t.co/dx88heBKdX	Neutral
3734	j+ তুই কোথায় আছত আমি জানি না সেই ১৫ বছর আগে তোকে ছেড়ে চলে জা বার পর এক বার খবর নিলিনা আমার কি ভুল ছিল বল জোদি খুঁ… https://t.co/zf6vjbMF9P	Neutral
3735	RT @Obykto: আমাদের বাসায় একটা পিচ্চি আছে অনেক কোশ্চেন করে। কেউ ওর কোশ্চেনের উত্তর দেয় না, ওর সাথে খারাপ বিহেভ করে,তুই করে বলে। আমাকে ৫০০…	Negative
3736	৭ মার্চ বৃহস্পতিবারে প্রবাহে যা যা থাকছে- -জাতীয় ঐক্য ফ্রন্টের হয়ে ধানের শীষ প্রতীক নিয়ে গত নির্বাচনে জয়ী হওয়া সুলতান মোহাম্মদ মনসুর আজ সংসদ সদস্য হিসেবে শপথ নেওয়ার কিছু পরই তাকে গণফোরাম থেকে বহিষ্কার করা হয়েছে। -এ নিয়ে কি ঐক্যফ্রন্টে কোন অবিশ্বাস তৈরি হতে পারে? শুনবেন প্রতিবেদন। -বাংলাদেশে আড়াই হাজার কোটি ডলার বিনিয়োগের বিভিন্ন প্রস্তাব নিয়ে এসেছে সৌদি আরবের এক প্রতিনিধিদল। -ঢাকা উত্তরের নতুন মেয়র হিসেবে শপথ নিয়েছেন আতিকুল ইসলাম, ঢাকার জন্য কি পরিকল্পনা তা? শুনবেন সাক্ষাতকার। সাথে থাকবে খবরের সর্বশেষ শিরোনাম	Positive
3737	🌊 ২০২৫ সালের মধ্যে প্রায় ২০০ কোটি মানুষ চরম পানির সঙ্কটে ভুগবে! 🤔 উপায় কী? 🤔 👇 👇👇	Negative
3738	কি হিংসে হয় সোহেল হাজারীর মত এমপি হতে চাও, তাহলে আগে নৌকার পক্ষে কথা বলা শিখ আর পানখাওয়া বাদ নৌকার পরনিন্দা না করে রাজনীতি শিখὡC	Neutral
3739	এই পথ যদি না শেষ হয়? তবে কেমন হতো তুৃৃমি বলোতো? ভীষণ ভীষণ খারাপ হতো। এই গানটা এখন কেউ যদি আমার সামনে গাইতো ওর চে… https://t.co/IzBySFy7PR	Neutral
3740	গ্রামের ভালো স্টুডেন্ট ঢাকা এসে বেকুব হয়ে ক্লাসে বসে থাকি, কিছুই বুঝি না। মেঝো ভাই বললেন - কালো লেখা যত আছে সব পড়… https://t.co/NIrpLMe36o	Neutral
3741	ভিডিও:  যেখানে খালে ভাসিয়ে বিক্রি করা হয় হাতে তৈরি নৌকা। মেলে লগি-বৈঠাও 👇	Positive
3742	ভুল যে এতদিন পিছে লেগে থাকবে তা জানলে তো ভুল করতামনা। আফসোস সেটা শোধরানোর সুযোগটাও আর নাই। সামনে তাকাব গুছাইতেই তো পারিনা কিছু। বাহ বাহ জীবন	Neutral
3743	ব্যাপার টা এমনি !  আমি এবং সে একটা বাসস্টপ এ দাঁড়িয়ে আছি। হঠাত একটা বাস আসল। সে ঐ বাসে উঠে পড়লো। আমি মিস করলাম।… https://t.co/UbXZmeWZDI	Neutral
3744	সূরা আল আ’রাফ:5 - অনন্তর যখন তাদের কাছে আমার আযাব উপস্থিত হয়, তখন তাদের কথা এই ছিল যে, তারা বললঃ নিশ্চয় আমরা অত্যাচারী ছিলাম। (R959D).	Neutral
3745	বিয়ে নিয়ে মডেল ও অভিনেত্রীরা লুকোচুরি করলেও বেশ ঢাকঢোল পিটিয়েই বিয়ে করলেন মডেল রুহি-http://t.co/1p1kEkWoDt... http://t.co/rUTCJAW5m6	Neutral
3746	আমরা এমন এক ধরনের কুপি বাতি, যে বাতির জ্বালানি হলো আমাদের ভুল গুলোই..!! না আমাদের ভুল করা বন্ধ হবে, না আমাদের দহন শেষ হবে..!!	Neutral
3747	এই সিরিজ দেখার পরে আর মুভি দেখে মজা পায় না। যায় দেখি পানসে লাগে :( ২০১৯ সাল কত দেরি পাঞ্জেরি :( — watching Game of Thrones	Neutral
3748	নিজে খারাপ থাকা , অন্যকে খারাপ রাখা । মোটেই ভাল কাজ না । নিজে ভাল থাকা , অন্যকে খারাপ রাখা । মোটেই ঠিক কাজ না ।।... https://t.co/ddfnBPjduq	Neutral
3749	তুমি যদি অন্য কারো মাঝে সুখ খুজে পাও :) তবে তারই হয়ে যাও, আমি না হয়, তোমার মুখের হাসি দেখে নিজেকে সুখী ভেবে নেব &lt;3	Positive
3750	@SuPriyoBabul বাহ এটা কিন্তু একটা ভালো কাজ করলে বাবুল দা । এsansol এ 2 বার গিয়েছি। অসাধারণ জায়গা। মরারদি তে ছুটি কাটালাম. কুলটি ও ঘুরেছি।	Neutral
3751	একি কাজ বয়ফ্রেন্ড করলে হয় আদর ὠ7 অন্য কেউ করলে হয় ধর্ষণ ὣ0 . সালার দুজনেই মজা লয় ᾒ3 আর দোষ হয় পুরুষেরὢDὢD #coolὃ8	Negative
3752	সেক্রেড গেমসের 'গুরুজি', লেয়লা-র 'আর্যাবর্ত' কিংবা কাশ্মীর নিয়ে হাসান মিনহাজের বক্তব্য - নেটফ্লিক্স ভারতে না কি এসব স্ট্রিম করছে হিন্দুদের অপদস্থ করতেই....	Positive
3753	যে মানুষকে দেখলে মনে হয় লোকটি ভাল।মানুষের সাথে ভালভাবে কথা বলল না জানি সে কত ভাল এটা যদি কেউ ভাবে তবে সে ভুল করবে।… https://t.co/VZIUOg9Eog	Neutral
3754	সেই সময়টা খুব কঠিন,যে সময়ে চোখেরপানি ফেলতে হয়। কিন্তু ওইসময়টা তার চেয়েও অনেকবেশি কঠিন,যে সময় চোখেরপানি লুকিয়ে হাসতে হয় ।	Neutral
3755	RT @MdHalimkhan5: মিষ্টি হেসে কথা বলে পাগল করে দিলে. তোমায় নিয়ে হারিয়ে যাব আকাশের নীলে তোমার জন্য মনে আমার অফুরান্ত আশা সারা জীবন পেতে…	Neutral
3756	আজ সারাদিন এ ২৩০০০+ স্টেপ আর ৫৭ কিলোমিটার বাস জার্নি হয়েছে তাও ঢাকা সিটি কর্পোরেশন এর মদ্ধ্যে। বাসাই ফিরে মনে হচ্ছে দেহ থেকে মাথা বিচ্ছিন্ন	Neutral
3757	RT @shamsun3322: যে যত সুখের পেছনে দৌড়াবে তার ভাগ্যে সুখ তত কম জুটিবে, নিজের দায়িত্ত কর্তব্য সুচারু ভাবে করলে সুখ পাখী আপনি ধরা দেয়।।	Neutral
3758	মুক্তিযুদ্ধের উপসেনাপতি ও সাবেক পরিকল্পনামন্ত্রী একে খন্দকারকে তার লেখা ১৯৭১: ভেতরে বাইরে বইয়ের জন্য অভিনন্দিত করেছেন বিএনপির স্থায়ী ...	Neutral
3759	বরং কবিতার খাতা হও, ইচ্ছা মতো লেখি প্রেম ও জীবনের এক ছন্দহীন মাত্রাহীন অবাধ্য কবিতা । জেনে নাও যুবতী, আমি সুখের কাঙ্গাল ॥ [কাঙ্গাল]	Neutral
3760	হজ ও ওমরাহ যেভাবে আদায় করবেন[হজের মতো গুরুত্বপূর্ণ ইবাদত তাওফিক হওয় খুবই সৌভাগ্যের। কিন্তু হজের মাসয়ালা ও... http://t.co/0U3X9HaYwT	Positive
3761	বিশ্বের এক নম্বর সুস্থ ও সুঠাম দেহের অধিকারী অ্যাথলেটের নাম ক্রিস্টিয়ানো রোনালদো। তার বান্ধবী রাশিয়ান সুন্দরী... http://t.co/yR9WyzglzX	Neutral
3762	যে দেশে গরীব অভাবী মানুষ অভাবে- যাকাত ও ইফতারি সামগ্রী আনতে গিয়ে পদদলিত হয়ে ১০ জন নিহত হয়, সে দেশে কোটি কোটি টা… https://t.co/6PdHfg6qoh	Negative
3763	এবার ফুটবলেও আফগানিস্তানের কাছে হার!  তাজিকিস্তানে বিশ্বকাপ-২০২২ এর যৌথ বাছাইপর্বের প্রাথমিক রাউন্ডে হেরে গেছে বাংলাদেশ।	Positive
3764	এবার সংসদেও ঘুমালেন সমাজকল্যাণ মন্ত্রী!  http://t.co/N70PRkHe61	Negative
3765	RT @AmdadNoman: টাকা উৎপাদন করতে ও টাকা প্রয়োজন পরিবার কেন বুঝতে চায় না..... মেধা শ্রম দিয়ে সব কিছু হয় না... বাংলাদেশ তো জাপান নয়....ὢE	Neutral
3766	RT @mohammad_ulla: ছল কইরা কল ঘুরায়,এমন মানুষ কেউ না চায়।অর্থ: কথায় ও কাজে প্রতারণা করে এমন লোককে কেউ পছন্দ করে না।	Negative
3767	🤔🤔🤔	Positive
3768	জাতীয় বিশ্ববিদ্যালয়ের ২০১৯ সালের বিএ/বিএসএস/বিবিএ/বিএসসি...	Negative
3769	রাজনীতি মাথা গরম করে করা যায় না- বলছি আপনাকে এটা কোন উপদেশ না সাধারণ কথা।আর রাজনীতি করার পথে কিছু গুণী কর্মী ও প্র… https://t.co/ozc3gaFITx	Neutral
3770	কিছু কিছু সুখ দুঃখ , রবে অন্তঃস্থলে । এ সব কথা ভেবে ভেবে , মনটা বিষাদময় , অমোঘ নিয়মে যে , ফুরিয়ে যায় সময় ।... https://t.co/NTM9WMsdwb	Neutral
3771	উনি জীবিত থাকা কালিন সৎ ছিলেন না বা অসৎ ছিলেন সেটা নিয়ে কথা হয় নাই। মারা যাওয়ার পর দলদাস সাংবাদিক গুলা উনাকে সৎ.… https://t.co/vuMCscXHqR	Neutral
3772	কিছু মানুষ আসে জীবন থেকে ভাল থাকার সময় টুকু কেড়ে নেওয়ার জন্য,,, আর কিছু মানুষ আসে জীবন থেকে খারাপ থাকার সময় টুকু ঝেড়ে ফেলার জন্য,,,	Neutral
3773	RT @Tweet__Bangla: তোমরা ওই ঘরকে ভয় কর। যে ঘরে তুমি ছাড়া কেউ থাকবে না। অন্ধকার ছাড়া আলো হবে না। তোমাকে রেখে চলে যাবে আপন জনেরা। তোমা…	Neutral
3774	@TheNurHossain আমি অতি দুঃখের সাথে , ১ মত না হয়ে পারলাম না আমি কয়েক মাস আগে ঢাকা গিয়েছিলাম , রাস্তা পার হতে গি… https://t.co/tQXpfd00pU	Neutral
3775	পৃথিবীর সব মা-ই অসাধারণ ঠিক আমার মা ও একজন কেননা - বাসায় যখন ফিরি সবার চোখ হাত ভরা না খালি, কিন্তু মায়ের চোখ ছেলে… https://t.co/S2Uq7cqBI5	Positive
3776	শুভ সকাল কেমন আছ সবাই? আমি মোটেও ভালো নেই http:/t.co/uNepvgdP5i	Negative
3777	@moon_boy00 আপনার কি মনে হয় অতি সহয সরল, সৎ মানুষ এই দেশে রাজনীতি করে টিকতে পারবে? এবার ভাবেন সে যদি এমপি হয় তাহ… https://t.co/7nkMmAxNmI	Neutral
3778	আমার নেত্রী, আমার মমতাময়ী মা কে অবৈধ কারাগার থেকে মুক্ত না করা পর্যন্ত আমাদের কোন বসন্ত ও নেই, কোন ভালোবাসা দিবস ও নেই ।	Neutral
3779	@ChanchalJF এই অসুখ টা তো ক্ষমতার অসুখ, লোভের অসুখ, এই অসুখ টা তো একপ্রকার ইচ্ছা করে নিয়ে আসা, তবে অসুখী আর চিন্তিত এক জিনিস না মনে হয়	Neutral
3780	নেতা বললেই আপনি মানবেন কেন? আপনাকে প্রশ্ন করতে হবে। এই সাহস যখন আমার ছাত্রদের, তরুণদের হবে, তখনই আমি মনে করি রাজনীতি সঠিক পথে এগোবে।	Neutral
3781	RT @Shukhon1: সামাজিক যোগাযোগ মাধ্যমে আমি আগে নিজের স্ট্রাগল ঢাকা শহরে ৭০০ টাকা নিয়ে এসে কিভাবে কি করলাম, সেসব নিয়ে বলতাম | আর আজকাল দেখা…	Neutral
3782	দ্রুততম লাল কার্ডের রেকর্ড (ভিডিও) | Last News BD .com http://t.co/v79JTCNAWG	Positive
3783	ফিলোসফি ও গ্যাড়াকল‘ফিলোসফি যে ঝুকিটি তৈরি করেছে সেটি হলো যে কোনো কিছুর বৈধতা দান ’ ----ফয়েরবাখধরেন, আমি অন্য...	Neutral
3784	এখন ভগবান ও আমাদের রাজনীতি তে এসে গেছে নিম্ন চাপ বলে ঠিক চার পাঁচ ফোঁটা বৃষ্টি হলো। কথা রেখেছে। শালা বৃষ্টি হবে ভে… https://t.co/4ugVMMgrX1	Neutral
3785	মাসদাইরে জেলা ছাত্রদল নেতা রনি বাসার সিড়ি কোঠায় অস্ত্র ও গুলি উদ্ধার | newsnarayanganj http://t.co/RFvjF12PRu	Negative
3786	তুই নেই, হয়তো তাই বাহ্যিক রূপ ভেবেছে , সে আর থেকে কি করবে ! এখন, আমি ভয়ংকর অসুন্দর জীবন্ত এক পুতুল মাত্র । -ছুটি✍️	Neutral
3787	সে বলেছে, জলবায়ু আন্দোলনের পুরস্কার নয়, ক্ষমতাবান মানুষকে ‘বিজ্ঞানের’ কথা ‘শুনতে’ শুরু করানো প্রয়োজন	Positive
3788	RT @white_pori: এই যে শোনো.. হ্যাঁ তোমাকেই বলছি.. যে যার অবস্থানেই থাকাটা ভালো নয় কি,না জেনে কিছু বললেই তা সঠিক হয়ে যায় না আর তুমিই সঠিক…	Neutral
3789	চার বছরের শিক্ষা জীবনের শেষদিন । হয়তো শেষ ছবি এক সাথে সবার ὤ1 ভালো থাকিস সবাই ☺ — at Tejgaon College, Dhaka - তেজ… https://t.co/wMYvbInfCu	Neutral
3790	ভোট কাকে দি? যে চোর চুরি করেছে কম, তাকে দি ভোট। যে খুনি নেতা এবার খুন কম করেছে, যে মহিলা নেত্রী মেয়েদের উদ্দেশ্যে… https://t.co/xFrvQzEmx3	Negative
3791	RT @RJ_________3: কবরের আজাব কত কঠিন সইতে আমি পারিবো না, মৃত্য যন্ত্রণা কত কঠিন সইতে আমি পারিবো না, ওগো দয়া ময় হে রহিম চাইজে তোমার…	Neutral
3792	আয়িশাহ [রাঃ]হতে বর্ণিত। তিনি বলেন রসুলুল্লাহ [সাঃ]অসুস্থ হয়ে পড়তেন তখন তিনি আশ্রয় প্রার্থনার দু’সূরাহ(ফালাক ও...	Neutral
3793	অপরাধী গানটি রিলিজ হয় এপ্রিল এর ২৬ তারিখ, আজ পর্যন্ত ২২ দিনে গানটির ইউটিউব ভিউ ১ কোটি ৯৬ লাখের বেশি! আর ৪ লাখ হলেই… https://t.co/DwullCdcpv	Neutral
3794	বাংলাদেশের স্পিন বোলিং কোচ হিসেবে ড্যানিয়েল ভেট্টরি নিয়োগ পেয়েছেন সেই জুলাই মাসের শেষে...	Positive
3795	ভালোই হবে মনে হচ্ছে , রোডস অনেক টা হাতুরুর মতো , জাতীয় দলে তেমন ভালো কিছু করতে না পারলেও কোচিং এ ভালো করেছেন । আম… https://t.co/kwmu0MNk6O	Positive
3796	‘অসুস্থ মেয়েক দ্যাকতে হলি জলদি’ ঢাকায় আসার জন্য তাঁকে তাড়া দেওয়া হয় মুঠোফোনে। খবর করেন পিরোজপুর পানি উন্নয়ন বোর্ডের নির্বাহী প্রকৌশলী সাঈদ আহমেদ।	Negative
3797	একজন চালাক ব্যক্তি একই ভুল বার বার করে না; বরং একজন বোকা ব্যক্তি একই ভুল বার বার করে।এক হাতে কখনও তালি বাজে না।একা… https://t.co/XU8d3MBp4p	Neutral
3798	অবৈধ ভাবে একে একে ৬ জনের ফাঁসি হল, ডাকা হয়নি ২০ দলীয় জোটের মিটিংὣ0 .. আজি একজনের জেলের ভীতি ডাকা হয় জোটের মিটিং.. তারপরও ধন্যবাদ জোটকেὄD	Neutral
3799	অনেক কিছু বলার নিয়ত ছিল । কিন্তু কথায় না কাজে দেখাতে চাই । ὠA শুধু এইটুকুই বলবো যে সম​য়টা অনেক খারাপ যাচ্ছে । ὤ2 আ… https://t.co/N1rDfR1ceU	Neutral
3800	দেন । তার অনেক সন্তান । প্রায় ১,২১০,১৯৩,৪২২ (২০১১) । আর একটা সন্তান তার কাছে থাকলে ভারত মায়ের কি হবে ? আমি জা… https://t.co/F7mZ2ux3qQ	Neutral
3801	@BegumZiaBd যে পর্যন্ত আদালত ৫ ই জানুয়ারির নির্বাচন কে প্রহসন বলবে না,অবৈধ সরকার কে অবৈধ বলবে না,সে পর্যন্ত আদালতের কোন রায় মানা হবে না।	Neutral
3802	মানুষ যে ধর্মেরই হক, যে বর্ণেরই হোক বা যে গোত্রেরই হোক তা বিষয় নয়। এটা মনে রাখা প্রয়োজন যে তাঁর মৌলিক অধিকার যেন… https://t.co/75cVbPf90e	Neutral
3803	অামি somrat mishori অামার দন এর কিঝে মজা এক বার কেলে অামাকে ভোলতে পারবেনা জে অামার চোদা কেতে চাও এই নাবাররে কল দাও… https://t.co/GuwmJEDk4M	Neutral
3804	অনেক অন্য মানুষের টীম নিয়ে মজা নিয়েছিὡ0ὡ0 এখন নিজের টীম বাদ পরে ওইসব মজা সুদে আসলে ভোগ করার জন্য রেডি হচ্ছি ὡ0ὡ0 বিদায় ব্রাজিল Ὁ4Ὁ4	Neutral
3805	@Joy_vi0 এই ভাবে কাউকে ছোট করা কোন ভদ্র মানুষের কাজ হতে পারেনা কারন উনার তো এখনো কোন রায় হইলো না অপরাধী জেল তো প… https://t.co/J5Dx57UXT9	Neutral
3806	RT @AhamadSabbir: টাকা দিয়ে সুখ কেনা যায় না  এই কথাটা শুধু মাত্র একটা প্রবাদ বাক্য। বাস্তব সত্য হচ্ছে টাকা ছাড়া সুখ হয় না। টাকা...…	Neutral
3807	এ কে খন্দকারের বই টি ঘরে বাইরে যদি কেও পড়তে চান তারা ডাউন লোড করে নিতে পারেন। এ কে খন্দকারের ‘১৯৭১: ভেতরে বাইরে... http:/t.co/5F05NyraWn	Neutral
3808	তবু পাইনি খুঁজে তাহার মাঝে ভুল করে কষ্টের বেশে ।। চলে গেলে সেই না ফেরার দেশে, আজ কেহও নাই আজ মধ্য রাতে নিজের করে… https://t.co/OUR5XSm9TG	Neutral
3809	আজ যদি আমার রিজার্ভ করা ট্রেনের সিটে কোনো রাজনৈতিক অপদার্থ লোক বসে থাকতো, সত্যি বলছি সালাকে মেরে লাট লাগিয়ে দিতাম। পরে যা হতো দেখা যেতো।	Negative
3810	প্রেমে পড়াটা অবশ্যই ভালো দিক - It is a good sign to fall in love. তবে ভুল মানুষের প্রেমে পড়া ভালো নয় - But... https://t.co/SsvyXjPmJq	Neutral
3811	RT @Eroskwt: আমি ঘৃণা অভিশাপ এই শব্দ গুলোর সাথে পরিচিত নই, তাই হয়তো তোমাকে ঘৃণা করতে পারবো না, পারবো না অভিশাপ দিতে...:) :) #দেবদাস	Neutral
3812	ছবিটা দেখে আর লেখাগুলো পড়ে মন ভরে গেল! এই বাংলাদেশ টা কেমন যেন আজগুবি হয়ে গেছে ও যাচ্ছে দিন দিন! কুরআন সুন্নাহর স… https://t.co/uy8fGGNceY	Neutral
3813	ঘুমহীন হাই তোলা ভোর দেখে চমকে উঠি। জানলা গলে অবাধ্য আলো টুক করে ঢুকে পড়ে উদম কম্বলে। এ কম্বলে ওম আছে, ঘ্রাণ আছে,... https://t.co/TYxAHbtquL	Neutral
3814	RT @JavedKhanRumi: যান আপাতত মাইনা নিলাম সব গুজব, তাইলে সত্যটা কি? প্রমাণ দেন, ম্যানিপুলেটেড নয়। তা না দিয়া গায়ের জোর দেখাইলে তো কেউ বি…	Neutral
3815	RT @hatem4067: ছেলে মেয়ে আল্লাহর দান তবুও কেন যৌতুকচান যদি হয় মনের মত নারী কি দরকার বাড়ী আর গাড়ী আসুন আমরা মিলে যৌতুক মুক্ত বাংলা…	Positive
3816	আ’লীগ নেতাকে মিথ্যা মামলা ও নির্যাতনের প্রতিবাদে নালিতাবাড়ীতে সমাবেশ ও লাঠি মিছিলSee more at-... http://t.co/eEg5wCLLjw	Negative
3817	আকাশ জুড়ে ছড়িয়ে দিলাম মনের কথা যত হৃদয় খুলে নিও তাহার তোমার মনের মত সব কথাতেই পাবে তুমি বধু হবার আশা তারপরে আরও… https://t.co/bJO0OaxHUp	Neutral
3818	“বখিল মহান আল্লাহ পাক উনার শত্রু, যদিও সে আবিদ হোক না কেন। আর ছখী মহান আল্লাহ পাক উনার বন্ধু যদিও সে ফাসিক হোক না কেন।”(হাদীছ শরীফ)	Neutral
3819	স্বপ্নের পাখি তুই ডানা মেলে উড়ে যা ওই নীল দিগন্তের কালো মেঘে তুই মেলে ধর তোর পাখনা যা তুই স্বাধীন হয়ে উড়ে যা তোর… https://t.co/rL2lWybJ78	Neutral
3820	আল্লামা সাঈদী তার বুলন্দ কন্ঠ এবং জ্ঞানগর্ভ তাফসীরের মাধ্যমে ইসলাম ও মানবতার দুশমনদের বিরুদ্ধে মানুষকে সচেতন...	Neutral
3821	RT @dailystarnews: জানা যায়, গত ১ সেপ্টেম্বর থেকে ৭ নভেম্বর পর্যন্ত শুধুমাত্র এই ৬৮ দিনে চট্টগ্রাম নগর ও জেলার ৩২ থানায় বিএনপি ও অঙ্গ সংগ…	Neutral
3822	RT @OkkhorFB: এখন আর আগের মত সেহেরী সেহেরী মনে হয় না। সেহেরী মজা তো শীতকালে ছিলো। খুব শীতের মধ্যে ঘুম থেকে উঠা। ঠান্ডা পানিতে মুখ ধো…	Neutral
3823	সুপার শপ - বাংলাদেশ ও উন্নত বিশ্ব (ফিচার) - কাওসার চৌধুরী এর বাংলা ব্লগ । bangla blog | সামহোয়্যার ইন ব্লগ - বাঁধ… https://t.co/Kb1RnmzHur	Neutral
3824	মোনের পোষা অচিন পাখি চেনা ঘরে দিলো ফাকি আপন করে রাখলাম যারে হয়ে গেল পর । ভুল ছিল ভালোবাসা দেখালো সে মিছে আশা সহজ স… https://t.co/K2DhEV79jw	Neutral
3825	আগৈলঝাড়ায় যৌতুক ও মাদক মামলার আসামী গ্রেফতার http://t.co/SJFDpb5UMv	Negative
3826	কবি চন্দ্ৰ কুমাৰ আগৰৱালা দেৱৰ কবিতা - সুখ সুখ সুখ বুলি মানুহ বলিয়া সুখযে হাততে আছে, দেখিও নেদেখ বুজিও নুবুজ সুখ ফুৰে পাছে পাছে ...	Neutral
3827	এই পোস্ট অনেকেই দেখি শেয়ার করছে। মানুষের কাজই কোন কিছু যাচাই বাছাই না করে শেয়ার করা। উনি এই পোস্ট এ কিছু ভুল তথ্য… https://t.co/hYbc5mOZcl	Neutral
3828	যেখান থেকে তোমার কাফনেরকাপড়টুকু কাটা হবে, তা হয়তইতিমধ্যে বাজারে চলে এসেছে।।তবুও তুমি বেখবর !!!---- ইমাম গাজ্জালী (রঃ)	Negative
3829	আহ! জিপিএ ৫!! ঢাকা বোর্ড এ এত এত মেধাবী কেমনে তা তো বুঝেই গেলাম। স্যার নাহিদের চেহারা দেখে ত মনে হইল, উনিও এর ভাগ পান!!!	Negative
3830	ওরা তো ভাগ্যবান তাই ওরা ফার্স্ট ডে কলেজ মস্তির ফোটো পোস্ট করেὡ0ὡ0ὡ0 আর আমি তো প্রথম দিন কলেজে গিয়ে ভাবলাম কোন গ্রহে এসে পড়লুম রে বাবা ὤ4ὤ4ὤ4ὤ4	Neutral
3831	RT @Sylhet_2000: হে দয়াময় দয়ালু সকল মুমিন মুসলিম ভাই দের কে পরিবার পরিজনদের নিয়ে ঈদুল ফিতরের আনন্দ উপভোগ করার তৌফিক দান করুন , আমিন #ঈদ…	Positive
3832	বল দেখি এ জগতে মূর্খ বলি কারে, নিজ কার্য নষ্ট করে, মূর্খ বলি তারে। বল দেখি এ জগতে সাধু বলি কারে, পরের যে ভাল করে… https://t.co/XhEoMscVu1	Neutral
3833	কোরিয়ান দের হাতের ছোয়া লাগলে পাথর ও সোনা হয়ে যায় :-) দিন দিন যত কোরিয়ান মুভি দেখছি অবাক হচ্ছি :O ওদের কে য… https://t.co/lHSRsUL5no	Positive
3834	তুই ভালো থাকিস বন্ধু আমার শুখে থাকিস খুব, তোর স্বপ্নে আমি আসবো ঠিকই নিতে তোর খোজ। — feeling alone at Kazipara । কা… https://t.co/SoVAQjmZuS	Neutral
3835	টিচার - রোল ১ ছাত্র ১ - জয় বাংলা স্যার টিচার - রোল ২ অন্য ছাত্র - রোল ২ আজকে বাংলাদেশ জিন্দাবাদ হয়ে গেছে স্যার	Neutral
3836	— মহান আল্লাহ বলেছেন —- যে মন্দ কর্ম করে, সে কেবল তার অনুরূপ প্রতিফল পাবে, আর যে, পুরুষ অথবা নারী মুমিন অবস্থায় সৎ… https://t.co/kkYeUG4mQ7	Neutral
3837	RT @HotSonai: তোমরা অনেকে আমাকে জিজ্ঞাসা কর #সোনাই #চুদলে কতটা আরাম হয় ? আমি বলব ভিন্ন ছেলের সাথে ভিন্ন স্বাদ পাবে । আর যেটা আরো বড় কথা…	Neutral
3838	আমার প্রতি আমার মায়ের কিছু উপদেশ বানী। ১/ মানুষ কে সৎ কাজের আদেশ করবা অসৎ কাজের নিষেধ করবা যদি সে সে কাজ থেকে... https://t.co/nY3HSn8ZVU	Positive
3839	ফুটবল খেলা কি তা মেসির খেলা দেখেই শিখেছি বুঝেছি, সো নট ফিউরিয়াস অন ইউ, আই বিলিভ ইট ইউ ওয়িল মেক মি হ্যাপি ফ্রম দা আপকামিং ম্যাচ,।	Neutral
3840	ইনি যদি এইটায় সরব, বাকী গুলায় নীরব কেন? তিন দিনে সরকার প্রায় সব ব্যাংক থেকে ৩ হাজার ৫০০ কোটি ঋণ নিছে। আর টাকা ছ… https://t.co/qgCgKrmWW1	Negative
3841	‘‘এক কেজি সোনা নিতে তিনি বাংলাদেশে এসেছেন...	Positive
3842	আপনি রাজাকার বলে গালি দিবেন আর আমি বিএনপি নেতাদের মত লুঙ্গি খিচে দৌড়ে পালাবো, এই রাজনীতি আমি করি না। সত্য বলতে একচুলও পিছু হটব না।	Neutral
3843	এসএসসির ফল প্রকাশ হতে পারে ৬ মে চলতি বছরের এসএসসি ও সমমানের পরীক্ষার ফল আগামী ৬ মে প্রকাশ করা হতে পারে। শিক্ষা মন্… https://t.co/J38I4S6zbD	Neutral
3844	#কলরেট পূর্বের ২৫ পয়সা বা তারও কম করা যায় কিনা তার জন্য গণশুনানি ও নতুন করে কস্ট মডেলিং এর ব্যবস্থা করার দাবি জা… https://t.co/3ZsStlwu54	Neutral
3845	_ _ মহান আল্লাহ বলেন _ _ নিশ্চয় আমি আকাশে রাশিচক্র সৃষ্টি করেছি এবং তাকে দর্শকদের জন্যে সুশোভিত করে দিয়েছি। _ _ সূরা আল হিজর আয়াত : ১৬।	Neutral
3846	-কি হচ্ছে জানি নাহ! ὡ5 -কে জানি আমার আইডি থেকে সবাইকে Poke দিচ্ছে!ὢC -এই Poke দেয়াকে কেউ খারাপ চোখে দেখবেন নাহ! ὠ7 — feeling angry	Neutral
3847	আমি যেমন সবাইকে যদি এখন ওই একই পালায় মেপে বলি » কেউই ভালো না সব #সবাই_খারাপ তাহলে এটা কোন যুক্তিতে পরে নাকি ???… https://t.co/fuXMaqJhPc	Neutral
3848	পশুর চাইতে বেশি কিছু হয়ে গেলে চুপ থাকাই ভাল। ভুল করে মানব সমাজে জন্ম নেয়াই সব থেকে বড অপরাধ। না পারে মানূষের মত বাঁচতে না পশুর মত ।	Neutral
3849	বি পি এল এ এবার কোন ম্যাচ ই পুরো দেখা হয় না। যদিও ক্রিকেট আমার জান।প্রান। তবু কেন যেন বি পি এল দেখতে ইচ্ছে ই করে… https://t.co/GCUoKtRZsL	Negative
3850	তুই পেলে এসেছিস কারে , মন মন রে আমার l . ফেলে কে পেলে ভুল করে বলছি না ,নোয়াখাইল্লা ভাষায় গান গাইতাছি l . আল্লাহ হাফেজ l	Neutral
3851	১ টা সিট খালি আছে। আজ রাত ১০ঃ৩০ এর বাসে তিনাপ সাইতার যাচ্ছি ঢাকা থেকে। ৫ দিন আগে বুকিং ক্লোজড হলেও পারিবারিক সম… https://t.co/uKQ1AYX7QF	Neutral
3852	RT @munnimita: রিমঝিম সারাদিন ঝরে যাচ্ছে বৃষ্টি মেঘলা আকাশ মেঘলা মন উদাস মনে অবনত দৃষ্টি । খুঁজব না রোদ আর আমার আকাশ নীলে মেঘেতে ঢাকা থাকু…	Neutral
3853	এমডিজি পূরণে প্রতিশ্রুত সহায়তা পায়নি ঢাকা: কয়েকটি ক্ষেত্রে অগ্রগতি হলেও জাতিসংঘের বেঁধে দে... http://t.co/5Z6v7jSLjx #BreakingBangladesh	Neutral
3854	শেখ হাছিনার হাতে দেশ পথ হারাবে না বাংলাদেশ আমি ও একমত দেশ না হারাইলেও ধর্ষীতা আজ জাতি হিছা মার এই সব শব্দের। হায়… https://t.co/qFlpPV7W2N	Negative
3855	RT @ramkrishna_bag: তৃনমূল মানে এই বাংলায় , সততার রাজনীতি ।। তৃনমূল মানে রাম আর রহিম , শিখ-খৃষ্টান একাকার ; তৃনমূল মানে এগিয়েই চলা , উন্ন…	Positive
3856	উইকেট পড়লো না একটিও!:  http:/t.co/FA7hntkg47	Neutral
3857	এক ছোট ভাই ইনবক্সে, - ভাই ঢাকা বিশ্ববিদ্যালয়ে চান্স পেতে হলে কি করতে হবে? - ঢাকা বিশ্ববিদ্যালয়ের লগু লাগানো একটা ভাতের থালা কিনো! ὠE	Neutral
3858	@TouchCrazy @FarahRatila @Taslima_Alve অামি ছুডু মানুষ ৷ যা পেরেছি তাই বলেছি ৷ ভুল হলে কিছু করার নাই ৷ #শুভ_রাত্রি নানু সকালে উঠতে হবে ৷	Neutral
3859	RT @m_____O____u: যখন আমরা কঠিন সময় পার করি এবং চিন্তা করি আল্লাহ আমাদের কেন সাহায্য করছে না..? তখন এটা ভুলে যাই পরীক্ষার সময় শিক্ষক বরা…	Neutral
3860	মাদরাসার জাতীয় খাবার হচ্ছে আলু ভর্তা ও ডাল।	Neutral
3861	RT @tanvirIB: আমি না হয় করিছিলাম ভুল হাতটি ছেড়ে দিয়ে তোমার, তুই কি পারতে না হাতটি ধরে রাখতে পথের শুরু থেকে শেষ?? #rose https://t.co/GFPG…	Neutral
3862	RT @Luvly_nusrat: কিচ্ছু নাহ এবার সব কটারে ব্লক দেবো, আর একটা বাজে কমেন্ট করলেই ὢ1 মেজাজ টা একদম খারাপ হচ্ছে তোমরা থাকো না তোমাদের টিম…	Neutral
3863	RT @siwyala: একটি সুন্দর পড়ি বেশ। মানুষ যখন লোক সমাজে ভুল করে। তখন নাহয় একটু ভাবে। কিন্তু facebooke যখন ভুল করে। তখন তেমন কিছুই ভাবার থা…	Neutral
3864	গত দুই দিন আগে ও এক হালি কালার দাম ছিল ২০ টাকা। আজ গিয়া দেখলাম ৩০ টাকা। সাথে কথা শুনানো ফ্রি, এতো দেখাদেখি করা… https://t.co/UjrFRvhGKM	Neutral
3865	গত মঙ্গলবারের আগ পর্যন্ত ছিলেন একজন সাধারণ যুবক।	Positive
3866	RT @Parashar_kalita: @michell_abu ই বিয়া পাতিবৰ বাবে ছোৱালী চাব গল -বাপেক - কি কাম কৰা ? @michell_abu - VὊ9 গান ভাৰত বাংলাদেশ বৰ্ডাৰত বজা…	Neutral
3867	@ANI চাটনি বাবু এবার থামুন। মানুষের জিন থাকলে, এই সময় কেউ এটা নিয়ে সস্তার রাজনীতি করতে পারে না। এক সময়ে ত পকেট এ… https://t.co/mbtwtC7Js5	Negative
3868	কিছু কিছু কষ্ট বুকের ভিতর লুকানো থাকে, যা অন্য কেউ দেখলে সেই বিরহে উন্মাদ হয়ে যেত, না হয় আত্মহত্যা করতো। #কষ্টগুলোও মানুষ চিনতে ভুল করেনা।	Neutral
3869	ভাই কেন জানি আপনার এই সুন্দর পোস্টে একটা কমেন্ট করার ইচ্ছা হল । ভুল হলে দরিয়ে দেবেন । আমি আপনার কথার সাথে ১০০% সহম… https://t.co/EKBn37jhzL	Positive
3870	বর্ণিল ভালো থাকুনের প্রচ্ছদ ফটোশুটে নুসরাত ফারিয়া	Positive
3871	মূত্রনালীর সংক্রামন বা UTI এর কারণ ও প্রতিকার http://t.co/YMqdsEuYCi	Neutral
3872	খারাপ দেয় নাই কিন্তু । যে দিয়েছে ভালো ই দিয়েছে ।ὄF কয় জন পারে এরকম বকবক করতে ? ὠEὡC আমরা গর্ভীত এরকম এক মহান বকর… https://t.co/CNXLlnva9t	Neutral
3873	২ কোটি ১০ লক্ষ টাকার জন্য ৫, ১০ বছরের কারাদণ্ড হলে , যারা শত বা হাজার কোটি লুণ্ঠন করছে তাদের বেলায় কী হবে ?	Negative
3874	একজন মাতাল অতি সহজেই ঘুমিয়ে পরে একজন ঘুমন্ত মানুষ কনো পাপ করতে পারে না ! :) যে পাপ করতে পারে না, সে স্বর্গে যায় :… https://t.co/iHzg8NiICS	Neutral
3875	RT @SaJiBul6331: কষ্ট নেবে কষ্ট ὣF! প্রেমের কষ্ট ঘৃণার কষ্ট নদী এবং নারীর কষ্ট অনাদর ও অবহেলার তুমুল কষ্ট, ভুল রমণী ভালোবাসার ভুল নে…	Negative
3876	শেরপুরে নাকুগাঁও স্থলবন্দর আমদানী-রপ্তানীকারক সমিতির নতুন কার্যর্নিাহী কমিটির অভিষেক ও পরিচিতি সভা অনুষ্ঠিত ॥	Neutral
3877	যে কোরিয়ান ক্লাব বয়স্কদের নতুন করে বাঁচাচ্ছে!	Positive
3878	আরেকটা মজার বিষয় - ব্রহ্মা কুমারীর টুইটার হ্যান্ডল এ দেখলাম উনি রাজনীতি নিয়ে আর বেশি চিন্তিত নন তাই শাস্ত্রীয় সংগীত নিয়ে ব্যস্ত আছেন ᾑ3	Neutral
3879	রহিম্বাই ও টিমম্যানেজমেন্টকে ধন্যবাদ অভিষেকেই ১০০ রান দেয়া ১৪ তম বাংলাদেশী হিসেবে শুভাগতকে সুযোগ দেয়ায়	Positive
3880	তুমি হাতটা শুধু ধরো,আমি হবো না আর কারো । তোমার স্বপ্ন গুলো আমার চোখে হচ্ছে জড়সড় — feeling আমার ভালো লাগা ভালোবাসা তোমায় দেবো আরো	Neutral
3881	RT @HotSonai: কিছু কিছু সময় পোঁদে চোদা ও ভালো । তবে পোঁদ চোদা করার সময় বাড়া তে কোনো একটা লুব্রিকেন্ট লাগবে । আর লুব্রিকেন্ট…	Neutral
3882	আজ সত্যিই আমি অপরিচিত নিজের কাছে হারিয়ে ফেলেছি আমি, আমার আমি কে আজ কষ্ট হচ্ছে না , দুঃখও নেই আমার না হয় হেরে গেলা… https://t.co/lMTx2mvLFi	Neutral
3883	@TamirHossain অন্য জিনিস এর ছবি তুলেছি ভিডিও করেছি বাট সেল্ফি তোলা হয় নি ব্যস্ত থাকার কারনে।মেয়েদের ছবি তুলতেই হবে এই ধারনাটা আপনার ভুল ὡCὡC	Neutral
3884	নাকুগাঁও স্থলবন্দর আমদানি-রপ্তানিকারক সমিতির নতুন কমিটির পরিচিতি সভা http://t.co/3xUBRFp6np	Neutral
3885	আর একটা বছর এসে গেল, বেড়ে যাবে আর একটা মোমবাতি, কাল ও ছিলাম আজও আছি তোমার পথ চলায়, প্রমিস করছি থাকবো সারাটা জীবন… https://t.co/ulFRi9a9jO	Positive
3886	বিচারকদের স্বাধীনতা একবিন্দুও ক্ষুণ্ন হবে না: আইনমন্ত্রী | Daily Janatar News http://t.co/tNh4cA51vg	Positive
3887	১৩ নম্বর রোহিঙ্গা ক্যাম্প লাগোয়া বাংলাদেশি এক পরিবারের দাবি তাদের চাষের জমিজমা ক্ষেত খামারে রোহিঙ্গারা আশ্রয় নিয়ে উল্টো তাদেরই এলাকা ছাড়ার হুমকি দেয়। গৃহকত্রী মুরশিদা বেগম বিবিসিকে বলেন, বাধ্য হয়ে আর্মি ডেকে রোহিঙ্গাদের শাসাতে হয়েছে।	Negative
3888	RT @HotSonai: মেয়েদের গুদে যখন বাঁড়া ঢুকিয়ে চুদবে তখন বা একটু পর পর তাদের কে বুকে জড়িয়ে একটু আদর করবে। মেয়েরা ছেলেদের বুকে খুব শান্…	Neutral
3889	@MDSHARIF288 আমার ও হইছে।  তবে আবার ক্ষুধা লাগছে!	Neutral
3890	ছুটি বিহীন টানা ৩২ দিন কাজ করার পর আজ প্রথম খুব বেশী ক্লান হয়ে পরেছি। আজকের এই ক্লান্তি হয়তো আজ মহান বিজয় দিবস... https://t.co/e5Y55B8MDb	Neutral
3891	@Mr_Saif1981 কি কমু সব গুলাই চোর যে যেখান দিয়া পায় সেই খান দিয়াই ভরে,,,এক দিন আল্লাহ সব বের করবেনে এদের কাছ থেকা তখন বুজবে মজা	Negative
3892	শ্রীলঙ্কায় একটি বার্ষিক অনুষ্ঠানে হঠাৎ মাঝরাস্তায় উন্মত্ত হয়ে উঠলো হাতিটি! তারপর কি হলো দেখুন.... বি.দ্র. ভিডিটি আপনার জন্য অস্বস্তিকর হতে পারে।	Positive
3893	আর একটু পরই শুরু হচ্ছে বিবিসি বাংলার সান্ধ্য অনুষ্ঠান প্রবাহ। ফেসবুকে বিবিসি বাংলার পাতায় বাংলাদেশ সময় সন্ধ্যা সাড়ে সাতটা থেকে দেখতে পাবেন এ অনুষ্ঠানের সরাসরি লাইভ স্ট্রিমিং। এতে আজকের প্রধান খবর: বাংলাদেশে সংসদ নির্বাচনকে সামনে রেখে মনোনয়নপত্র জমা দেওয়ার শেষ দিনে বিভিন্ন দলের প্রার্থীরা আজ রিটার্নিং অফিসারদের কাছে তাদের মনোনয়পত্র জমা দিয়েছেন। তবে সরকারি ও বিরোধী জোটের নেতারা বলছেন, তাদের আসন ভাগাভাগি করতে আরো সময় লাগবে। জাতীয় ঐক্যফ্রন্টের নেতা ড. কামাল হোসেনের নামে কোন মনোনয়নপত্র জমা পড়েনি। তার মানে, তিনি নির্বাচন করছেন না।  থাকবে এ নিয়ে ড. কামাল হোসেনের সাক্ষাৎকার। ইউরোপীয় পার্লামেন্ট বলছে, আসন্ন নির্বাচন পর্যবেক্ষণ করতে এবার তারা বাংলাদেশে কোন দল পাঠাবে না। জাতীয় পার্টির প্রধান জেনারেল হুসেইন মুহম্মদ এরশাদের শারীরিক অসুস্থতার বিষয়ে গুঞ্জনের মধ্যেই আজ দলের পক্ষ থেকে জানানো হয়েছে তিনি সুস্থ আছেন এবং চিকিৎসার জন্যে তাকে সিঙ্গাপুরে যেতে হবে না। অনুষ্ঠানটি আরো শোনা যাবে রেডিও এবং অনলাইনে।	Positive
3894	#সব কিছুই ভালর জন্য হয় . পৃথিবীতে খারাপ বলে কিছুই নাই সব কিছুই আমাদের জন্যই এক একটা সংকেত মাএ। যে ঠিক হও অথবা ঠিক.… https://t.co/pfHdwH08Fv	Positive
3895	@gray_earth হা হা মজা পাইলাম মেক্সিমাম গো বায়ো দেখি নু ডিএম আবার তারা ডি এম করেὠ0ὠ0ὠ0। ডি এম না করতে কইলে আবার ব্লক মজা পাইলাম ভাই*	Neutral
3896	বালিকা..  তোমার মনের মিষ্টি নদী  হইতে আমারে ১ গেল্লাস পানি আইনা দেও..আমি আমার কুইত্তারে  পান করাইব..ম্যানশন কইত্তান্নু.. :p	Negative
3897	আগাম শ্রম বিক্রির মত আগাম দেহ বিক্রির প্রথাও প্রচলিত http:/t.co/QYaQ8Yxc3m	Negative
3898	আপনাদের গার্ড অব অনার এর জন্য ৩ খান উৎসর্গ করা হলো। সাথে ৩ প্লেট শওকত কাচ্চি বোনাস! না খাইয়া ঘুমায়েন না, শরীর খারাপ করবে	Neutral
3899	আজকের দিন এ আনন্দতো দূরের কথা কথা বলতে পারলাম না, আমি নিজেকে অপদার্থ মনে হচ্ছে। অনেক কিছু জেনে না জেনে থাকতে হচ্ছে @sofia_mollah Ji ὡF	Neutral
3900	RT @bbcbangla: সব কটা জানালা খুলে দাও না, আমার বাবার মুখে প্রথম যেদিন, পড়ে না চখের পলক, আমার গরুর গাড়িতে বৌ সাজিয়ে, আম্মাজান আ…	Neutral
3901	কি দুনিয়াতে বাস করি আগে দেখতাম মা বোনরা বোরকা পরত যেন কেও তাদের মুখ না দেখে ফেলে আর এখন নাকি ডিজিটাল হইছে তাই পারে… https://t.co/OkW2q7jwMl	Neutral
3902	RT @mehedi_uiu: ৮০ বছরের বৃদ্ধ যৌন হয়রানি করছে ক্লাস এইটে পড়া ছেলেকে। বুড়োর ডান হাতটা কোথায় খেয়াল করুন। ঘটনাটি গত ২৫ জুলাই ২০১৮ তারি…	Negative
3903	ইয়াহু, আর ও ৫২ টা বই চলে আসছে মজার ইশকুল :: Mojar School #মানিক_নগর এর জন্য। এটা ২য় বার বই কেনা ইশকুলের জন্য।... https://t.co/shOBQ32hUZ	Positive
3904	অ ভি ন ন্দ ন টিম বাংলাদেশ অনায়াস সহজ জ য় ! আফসোস, জিম্বাবুয়ে আর কটা রান করলেই আজ তামিমের সেঞ্চুরিটা পূরণ হতো !	Positive
3905	এই পথশিশুটি জানে মায়ের অসুখ হলে কি করে সেবা করতে হয় । শুধু জানি না আমরা । আর এগুলা ভাইরাল হবে না ভাইরাল হবে অপরা… https://t.co/1lTrV5N8bk	Positive
3906	RT @MohammedBadsh20: এই ভাবে তারেক টাকা কামিয়েছেন মনোনয়ন পর্ব থেকে । যোগ্য লোকেদের সুযোগ দেন নি । তাই ইনাম আহমেদ এর মতো ভদ্র ও সজ্জন লোকে…	Negative
3907	কম্পিউটারে ভিডিও গেম খেলার অভিজ্ঞতা এবং দক্ষতাও যে একটা বড় যোগ্যতা, বড় বড় প্রতিষ্ঠানগুলো এটা বুঝতে পারছে এবং এটিকে গুরুত্ব দিতে শুরু করেছে।	Positive
3908	সহ মত . শুধু প্রধান মন্ত্রি নয় এম্পি ও দুই বার এর বেশি না থাকা .তা না হলে দেশের উন্নতি সম্ভব নয় , বাংলদেশে এখন… https://t.co/G9OaVaZgSw	Neutral
3909	ইদানিং আমার ঘৃণা টা অতিরিক্ত বেড়ে গেছে। আগে পচা গলা হাত দিয়ে ধরতেও পারতাম। মানুষ বা পশু পচা দেখলে কিছু মনে হত না।… https://t.co/8mYsBIORn8	Neutral
3910	সুখের যেমন শেষ নেই,তেমনি দুঃখের ও শেষ নেই ..তাই জীবনে যাই ঘটুক,তা সহজে মেনে নিতে হবে ...কারণ কোনটারই তো শেষনেই .!!	Neutral
3911	আমি হয়তো দুষ্টু But খারাপ না। আমি সবার সাথে মজা করি But ফাঁজিল না। আমি খুব রাগী But নিষ্টুর-সার্থপর না আমি আমার মতো এতো কারো মনের মতো না।	Neutral
3912	RT @Popi_akbar: জীবনযেনো অন্ধকার কোনো শীতের রাতে জ্বলন্ত আগুনের পাশে মুখোমুখি বসে বলা কোনো ছোট গল্প কিংবা এক কাপ চা  চুমুক দিতে দিতেই হ…	Neutral
3913	ভদ্র সেই, বড় লোক সেই, যে সত্যের উপাসক।যে মানুষকে সমাদার করে-চরিত্রে মহৎ ও কাজ যার গৌরবময়।	Positive
3914	অতিথি: ফুলেআরা ইমাম যার উদ্যোগে সিরাজগঞ্জের এক দূর্গম চরাঅঞ্চলে গড়ে উঠেছে মানবসেবার চিকিৎসাকেন্দ্র। যেখানে সেবা পাচ্ছেন সুবিধাবঞ্চিত মানুষেরা।	Positive
3915	আর কিছুক্ষণের মধ্যে (৯:৩৫) চ্যানেল আইতে শুরু হচ্ছে সরাসরি অনুষ্ঠান বিবিসি প্রবাহ। পাহাড়ে শান্তি প্রসংগে কথা বলতে স্টুডিওতে রয়েছেন বাংলাদেশ আদিবাসী ফোরামের সাধারণ সম্পাদক সঞ্জীব দ্রং। প্রবাহ দেখুন প্রতি সোমবার ও বৃহস্পতিবার রাত ৯:৩৫ এ চ্যানেল আইতে।	Positive
3916	@SarwarCm ᾒBআমি আপনার মতন না ,,, নিজে কিছু বুঝু না আবার ভুল দর অন্য জনের.... ভালো মানুষ অন্যের ভুল খুজে না ,,, সব স… https://t.co/oq3PLCUvbS	Neutral
3917	মন্ত্রী অবস্থায়ও এ কে খন্দকার প্রায় একই কথা বলেছিলেনhttp://t.co/EXulJ3f2IP http://t.co/GbY3ppbdU8	Neutral
3918	@KhaledaZia আওয়ামীলীগ কি দেউলিয়ার পথে?  ইনু র কি ০৭ ই নভেম্বরের / ১৫ ই আগস্টের বিচার শুরু করা যায় না? আফসোস প… https://t.co/WvQGNESJXw	Neutral
3919	RT @Santanu83034089: যেখানে জাত নিয়ে রাজনীতি হই সেই দেশ কোনো দিন এগিয়ে যেতে পাড়ে না @narendramodi @BJP4Bengal এই বি জে পি সরকার সারে চার…	Negative
3920	ভাবতেসি উঠ কিনব , আরাবিয়ান দের মত বালিতে উঠে চেপে লং ড্রাইভে যাব আর খেজুর খাব । চিন্তার কোন কারন নাই ,যে গরম পরছে,… https://t.co/3f5LFtRK53	Neutral
3921	RT @MdFarukMunshi2: ভালোবাসা বলতে যদি কিছু থাকে, তার আরেক নাম  বাবা  কারন নিজে কষ্টে থাকলেও একজন  বাবা  কখনো তার ছেলে-মেয়েদের কষ্ট দে…	Positive
3922	কীভাবে নথি যোগাড় করবেন তা নিয়ে উদ্বেগ প্রকাশ করছেন কলকাতার লেখক, শিল্পীরা।	Positive
3923	ঝিনাইদহে আবাসিক হোটেলে মাদক ও দেহ ব্যবসা জমজমাট	Negative
3924	তালেবান বলছে, আমেরিকানদের অভিজ্ঞতার অভাব আছে।	Positive
3925	‌শেষ সম‌য়ে কিছু টি‌কিট ছাড়া হ‌লো। তোমরা যারা অাস‌তে চাও, এখনই চ‌লে অাস। সময় কিন্তু বে‌শি নাই। যাও, অা‌গের সব ভুল মাফ ক‌রে দিব :P	Neutral
3926	চাল কুমড়াটির মান ভাল। তাই বিছন হিসাবে মাচায় বেঁধে রাখছেন গৃহবধু। কাফুরা, ফরিদপুর, ২৪ অক্টোবর। ছবি: আলীমুজ্জামান	Positive
3927	এই গাড়ীগুলা বিদ্যুৎ চালিত এ সি ও নন এসি দুই প্রকার আছে তিন চাকা ও চার চাকা উভয় প্রকার আমদানি করিতেছি তিন চাকার মু… https://t.co/xdIXSmTZ17	Neutral
3928	রাজস্ব ফাঁকিসহ অবৈধভাবে টাকা অর্জন...	Positive
3929	মাইয়া তুই অপরাধী, তুর বাপ অপরাধী, তুর মা অপরাধী , তুর ভাই অপরাধী, তুর বইন অপরাধী তর চৌদ্দ গোষ্টি অপরাধী, সবটিরে এহন পুলিশে দিমু ὡDὡD	Neutral
3930	RT @Tutul07327631: মহান আল্লাহ আমাদেরকে পবিত্র রামাদান মাসের সকল ফজিলত ও বরকত দান করুন। এবং তার সকল আদেশ নির্দেশ মেনে তাকওয়া অর্জন নসিব ক…	Positive
3931	মুরব্বিরা খারাপ কাজ না করার জন্য উপদেশ দেয় তা ঠিক। তবে আপনাকে যদি কোনো অন্যায় কাজ করতে বলে আর আপনি যদি না জবা… https://t.co/r5LnfnImpi	Neutral
3932	জানালার ফাঁক দিয়ে কুয়াশা দেখার পর আর নিজেকে শীতের সকালের মজা নেয়া থেকে আটকাই রাখতে পারিনা।। তবে কোথায় কি যেন একটা মিসিং মিসিং লাগে।।	Neutral
3933	হুতি বিদ্রোহীরা সৌদি আরবের লক্ষ্যবস্তুর ওপর হামলা আরও বাড়ানোর হুমকি দিয়েছে।	Positive
3934	Oh, Twitter!! Backup of @akash4000 নতুন টুইটার খুলে খুব খারাপ লাগছে ! Twitter Ads ব্লক হয়ে যাওয়ায় এইটা খুলতে বাধ্য হলাম! But, Love You !	Neutral
3935	আমি মনে করি, বন্ধুকে যে আপন করে নিতে পারেনা বরং দূরে ঠেলে দেয়- সে প্রকৃত বন্ধু নয় । সেই প্রকৃত বন্ধু যার কাছে লু… https://t.co/xIHWGEwGyK	Neutral
3936	ভালোবাসা জোর করে অাদায় করা যায় না! এটা অাসতে হয় মন থেকে, মনের গহীন থেকে। একদম ন্যাচারালি! না অাসলে ফরগেট দ্যাট। তাকে তার মতো ছেড়ে দাও……	Neutral
3937	গত 10 বছর তো বাহিরেই ছিল কি করতে পেরেছে বিএনপি। অযথা খালেদা কে ইস্যু না বানিয়ে বিএনপি কে আগামী নির্বাচনে শক্ত অবস্থানে ফিরে আসা।	Neutral
3938	যারা ভোটের জন্যে তোষণের রাজনীতি করে তারাই আবার অন্য রাজনৈতিক দলকেই বলে সম্প্রদায়িক ? একেই কি বলে চোরের মায়ের বড় গলা ? - টিচার্স সেল	Negative
3939	বিবিসি বাংলার প্রবাহ অনুষ্ঠানে আজ যা থাকছে:  ১. ইরানের উপর আরোপিত কিছু নিষেধাজ্ঞা তুলে নেওয়ার জন্যে যুক্তরাষ্ট্রকে নির্দেশ দিয়েছে ইন্টারন্যাশনাল কোর্ট অফ জাস্টিস।  আন্তর্জাতিক পরমাণু চুক্তি থেকে ওয়াশিংটন নিজেদের প্রত্যাহার করে নেওয়ার পর নতুন করে এই নিষেধাজ্ঞা আরোপ করা হয়েছিল।  শুনবেন এর বিস্তারিত। ২. বাংলাদেশে ডিজিটাল নিরাপত্তা আইন নিয়ে সাংবাদিককের উদ্বেগ নাকচ করে দিয়েছেন প্রধানমন্ত্রী শেখ হাসিনা। ঢাকায় এক সংবাদ সম্মেলনে তিনি বলেছেন, “যারা মিথ্যে কথা লেখেন না, তাদের উদ্বেগের কিছু নেই।” শুনবেন প্রধানমন্ত্রীর সংবাদ সম্মেলনের বিস্তারিত খবর। ৩. বাংলাদেশের সাবেক প্রধান বিচারপতি সুরেন্দ্র কুমার সিনহা সামরিক গোয়েন্দা সংস্থার চাপের মুখে নয়, দুর্নীতির কারণেই দেশ ছেড়েছিলেন, বলছেন তাঁরই এক সাবেক সহকর্মী। সুপ্রিম কোর্ট-এর প্রাক্তন বিচারপতি সামসুদ্দিন চৌধুরী মানিক বিবিসিকে এক সাক্ষাৎকারে একথা বলেছেন। শুনবেন তাঁর সাক্ষাৎকার। ৪. বাংলাদেশে প্রথম ও দ্বিতীয় শ্রেণীর সরকারি চাকুরিতে বিভিন্ন ধরণের কোটা সংরক্ষণের বর্তমান পদ্ধতি বাতিলের সিদ্ধান্ত নিয়েছে মন্ত্রিপরিষদ। গত কয়েক মাস ধরে এ নিয়ে বাংলাদেশের বিশ্ববিদ্যালয় শিক্ষার্থীরা আন্দোলন করছিল। শুনবেন এই সরকারি সিদ্ধান্ত এবং তার প্রতিক্রিয়া।	Positive
3940	বিবিসি বাংলায় এখনকার প্রধান খবর বাংলাদেশে ঢাকার বনানীতে আগুনে ক্ষতিগ্রস্ত এফ আর টাওয়ার নামে বহুতল ভবনটিতে উদ্ধার কাজ শেষ করেছে দমকল বাহিনী।  এখন পর্যন্ত ওই অগ্নিকান্ডে ২৫ জনের মুত্যুর কথা নিশ্চিত করা হয়েছে। অগ্নিকান্ডের পর বেরিয়ে আসছে ভবনটিতে অনুমতি ছাড়া মুল নকশায় বদল করাসহ নানান অনিয়ম আর গাফিলতির তথ্য। থাকবে এ নিয়ে প্রতিবেদন।  অগ্নিকান্ডের সময় মানুষের  ভিড় দমকল কর্মীদের কাজের কতটা অসুবিধা ঘটায়? শুনবেন এ নিয়েও।   সাথে থাকবে খবরের সবশেষ শিরোনাম।  এসব নিয়েই বিবিসি বাংলার আজকের প্রবাহ। শোনা যাবে রেডিও আর অনলাইনে, আর ফেসবুকে বিবিসি বাংলার পাতায় দেখা যাবে সরাসরি লাইভ স্ট্রিমিং।  শ্রোতাদের জানিয়ে রাখি, আজকের পর থেকেই ফেসবুকে প্রবাহের লাইভ স্ট্রিমিং বন্ধ হয়ে যাচ্ছে।	Positive
3941	RT @Tanjila32: প্রতিটা নারীর একটা স্বপ্ন থাকে। জীবনে এমন একজন জীবন সঙ্গী চায় যে কিনা তার সমস্ত সুখ দুঃখের ভাগিদার হবে।ὠDὉ8 . . অাল্লাহ সকল…	Neutral
3942	এক সপ্তাহ পরেও গ্রেফতার হয়নি আসামিরা!	Negative
3943	রাজনীতি মাঠ এখন তুঙ্গে আছে তাতে আমার কি.? আমি তো চাষা❤ যে দলে ই ক্ষমতায় যাবে প্রথম দিন থেকেই পরের ৫,বছর কিভাবে ক্… https://t.co/73HGF0g6L3	Neutral
3944	আবার আমি যাব আমার পাড়া তোলির ঐ গাঁয়ে, গাছ ঘেরা ঐ পুকুর পাড়ে বসবো বিকাল বেলা, দুচোখ ভড়ে দেকবো কতো আলো ছায়ার খে… https://t.co/a6NjUelFMh	Neutral
3945	আপনি শুধু বই পড়ুন! একদম টানা পড়তে থাকুন। যত পড়বেন তত শিখবেন। মজা নিয়ে নিয়ে পড়তে হবে। তাহলে পেইন লাগবেনা। মনের জোর বড় জোর।	Positive
3946	ঢাকায় এ পর্যন্ত ডেঙ্গু জ্বরে মৃতের সংখ্যা ৪৭। নিহতদের পরিবার কি ক্ষতিপূরণ পাবার যোগ্য?	Negative
3947	কি আর বলার আছে । শরীর অনেক খারাপ যা উপর থেকে কেও বুঝতেই পারছে না । ভয় নিয়ে রাতে ঘুমাই । মেইন দরজা হালকা খুলে... https://t.co/AIn9XF3ljL	Neutral
3948	RT @sk_shorif329: ভালবাসা এমন কেন? কখনো কাদায় আবার কখনো হাসায়। যখন সকল সুখ বয়ে নিয়ে আসে তখন সব দুঃখ যেন তার কাছে তুচ্ছ হয়ে যায়।	Neutral
3949	RT @mdsomratnet: ঈদ মানে হাসি, ঈদ মানে আশা, ঈদ মানে তোমার প্রতি আমার ভালবাসা। ঈদ মানে দূর আকাশে মিষ্টি চাঁদের হাসি ।ঈদ মানে সুখ সাগরে সবাই…	Positive
3950	এতে কি প্রমান হয়না যে ৭১ থেকে আজও পর্যন্ত ভারত বাংলাদেশ কে ভোগ করেই যাচ্ছে এতে কি প্রমান হয়না যে ৭১ থেকে আজও পর্য… https://t.co/KniEWGCk3o	Neutral
3951	ফটোগ্যালারি 📸📷	Positive
3952	ভাই তুই যেখানেই আছিস ভালো আছিস এটাই দোয়া করি ।আসলে ভুল তো সবারই হয় তোরটাও একটা ভুল হয়তো বা এর জন্যই তুই আমাদের… https://t.co/HCRpWSQRvJ	Neutral
3953	কষ্ট দিচ্ছ, দিয়ে যাও। ঘৃণা করছো, করে যাও। কিন্তু , মনে রেখো, জীবন টা ছোট নয়। যে কষ্ট তুমি আজ আমায় দিচ্ছো, তা তো… https://t.co/rAbWzi2bdh	Negative
3954	বাংলাদেশ রেলওয়ে সপ্তাহে ১ দিন বা দুইদিন সময়মত ট্রেন আসে বাকি দিনগুলি ২ /৪ মিনিট নয় ২ / ৪ ঘন্টা লেটে চলে। আজব... https://t.co/6MNy8VBjjK	Negative
3955	হৃদয় যখন ভুলে যায়, চোখ তখন দেখেও দেখে না।_____চার্লস ল্যাম্ব	Negative
3956	বাংলাদেশ সরকারের কাছে আবেদন - যদি কোনো সরকারি ছুটি শুক্রবার বা শনিবার মারা যায় তা যেন রবিবার ও সোমবার ছুটি হিসাবে গন্য করা হয়।	Neutral
3957	সেক্সভিডিও প্রকাশের মতো ভুলের পুনরাবৃত্তি চান না কিম কার্দাসিয়ান http://t.co/o8Qfu3S7nU	Negative
3958	আওয়ামি লিগ বা বিএনপি - এরা যে দলের সমর্থক বা কর্মী হোক না কেন, এরা কোন ব্যক্তির শত্রু না, কোন দলের শত্রু না, কোন… https://t.co/FGkIaRSfFH	Neutral
3959	@bojmurc আমিও আমিও আমার কুক্কুট স্তন্যপান চর্বি মোরগ খারাপ	Neutral
3960	ব্রা‌জিল 10 টা গোল দি‌লেও ততটা মজা লা‌গে না আ‌র্জে‌ন্টিনা 1 টা খাই‌লে যতটা মজা লা‌গে।।। . . . . . ‌কিন্তু আজ সেই ম… https://t.co/2xOcTVrH8K	Neutral
3961	পিঠা হউক আর শিন্নি হউক বা যত দামি খাবার হউক না কেন ভাতের মত মজার কিছুনা। তেমনি চাচি, মামি অথবা শ্বাশুড়ী যে যত... https://t.co/38yUoCPuoA	Neutral
3962	RT @abulkashem4645: টাকা দিয় হয়তো নিজের জন্য সুখ কেনা যায় না, কিন্তু দান করে অন্য একটি মুখে হাসি ফোটানো যায়, __ সুতরাং দান করুন গরিবদে…	Positive
3963	মৃত্যুর পর তাকে, যথাযথ সম্মানিত করতে বাংলাদেশ অন্যতম ✌ আর মৃত্যুর আগে সম্মানিত করতে ভারত অন্যতম ὣ1 এ কারনেই নোবেল এর আবিষ্কার ভারতে ὣ7	Neutral
3964	কেন ? এবং কিভাবে ? প্রশ্ন করা মানেই ঘৃণা বা হেটরেট ছড়ানো না । কোন বিষয়ের গভীরে যেতে , চিন্তা করতে প্রশ্ন করতেই... https://t.co/IRlBeI7yO3	Neutral
3965	এতদিন যারা নিজ দলের খারাপ দিনে জার্মানি সাপোর্ট করে টিকে ছিলো তাদের এবার কি যে হবে ! হতাশ হয়ে গেলাম !! :) — feeling emotional	Neutral
3966	অসাধারণ অর্জন বাংলাদেশ এই টেষ্টে ২য় দিন পার করেছে। ১ম ইনিংস ৪৩ রানে গুটিয়ে যাবার পর, ২য় ইনিংসেও ৪৩ রানে ৫ উইকেট পড়ে যায়। এখন ৬২/৬	Negative
3967	টাঙ্গাইলে কমতে শুরু করেছে যমুনা ও ধলেশ্বরী নদীর পানি  মোঃখায়রুল ইসলাম, টাঙ্গাইলঃ টাঙ্গাইলে যমুনা ও ধলেশ্বরী... http:/t.co/3eojXRkYky	Negative
3968	আমাদের বন্ধন হোক আরো সুদৃঢ় ও মজবুত। নতুন বছর আপনার জীবনে বয়ে আনুক উন্নতি ও সমৃদ্ধি। শুভ ইংরেজি নববর্ষ - ২০১৯ ঢাকা থাই লিমিটেড	Positive
3969	@LubnaLamya আল্লাহ আপনি সব জানেন কত ভুল কত পাপ করি থাকি চলার পথে আপনি মাফ না করলে আমরা যাব কার কাছে দায়া করে আমাদের মাফ করে দিন। আমিন	Neutral
3970	#বালিকা এই শীতে ভুল বুজে দূরে থেকো না। ὢDὢD শীতে অনেক কষ্ট দেয়। ὢDὢDὡ2 তুমি একটু ভালবাসার উষ্ণতা দিও,গরমের জন্য। ὠDὠDὠDὠD — feeling Hate Girls	Neutral
3971	লাক্স ক্যাফে লাইভে আজকের অতিথি সুতপা মন্ডল উপস্থাপক: সারা ফ্যায়রুজ যাইমা (Sara Fairuz Zaima)	Positive
3972	এই খবর আজ সবাইরী জানা দু জনে মজা করতে গিয়ে মানুষের হাতে দরা ফেনীতে দরা ঠিক হয়নাই সব ছেলেরাই চায় মেয়ের ও চাই সম… https://t.co/RPmFEBRhaW	Neutral
3973	এখন বাংলাদেশের এমন একটা সময় যাচ্ছে যখন অধিনায়ক হিসেবে সাকিব ছাড়া অন্য কাউকে বেছে নেয়া কঠিন	Positive
3974	@daffodils_15 হে হে ভালোই। আমিমি ত অধম কবিতা লিখার গুন নাই। বাট মাঝে মধ্য কিছু লিখতাম যা মনে চাইত। অইসব দেখলে হাসি যে নিঝে কি সব লিখছিὠ1লাম।	Neutral
3975	অ্যামাজন বনে আগুন লাগার ঘটনা এ বছরে অন্তত ৮০ শতাংশের বেশি বেড়ে গিয়েছে	Negative
3976	এক লাইনের একটা টুইট ৷ তবুও আবালে ভরা টুইটারে এটাও একটা দামি টুইট ৷ এটা মেয়ের টুইট বলে ১৪৩ লাইক,, ২ রিটুইট আর ৩৬ টা… https://t.co/VnEKPkueKF	Neutral
3977	আল্লাহ আইয়ুব (আ) কে দু হাত ভরে স্বাস্থ্য, সম্পদ ও সন্তান দিয়েছিলেন, এবং এগুলো ফিরিয়ে নেবার মাধ্যমে তিনি তাঁকে... http://t.co/F6AHNgn08F	Positive
3978	দেশ কোন দিকে যাচ্ছে?এটাই কি ডিজিটাল বাংলাদেশ ।। ছি ছি ছি এইডা কি দেখলাম ?? দেশ কোন দিকে যাচ্ছে??? মানুষ এত খারাপ হ… https://t.co/TxCzrFRUah	Negative
3979	কেটেছে সব হতাশা আলোর ই ভরসা নবজাগরনের ই আশা উঠরে উঠরে হৃদয়ে ডানা ভরে জয়ের ই সুতীব্র নেশা আজ পথ চলা পথে ছুটে চলা… https://t.co/loKho3wK6X	Positive
3980	@shahanaz_rumy জীবন কিন্তু নাটক চেয়ে ও কম নয়	Neutral
3981	নায়ক ও আরেক নায়িকার দেখা মিললো - http:/t.co/fMy2TH2MSA @ http:/t.co/T0q6cdtRPC	Neutral
3982	আল্লাহর ৯৯ টি নাম বাংলা অর্থ সহ আমাদের অনেকের জানা নাই । (একবার পড়ুন) একে আসমাউল হুসনা ও বলা হয় । ১.ইয়া আল্লাহ ২… https://t.co/1f8TeJllOk	Neutral
3983	ধর্ষণের চেয়েও জঘন্য বাল্য বিবাহ : ভারতের আদালত: সমাজে বাল্য বিবাহের অভিশাপ ধর্ষণের চেয়েও ভয়াবহ। একটি মামলার প্...	Negative
3984	আলোতে আমার ঘুম হয় না, ঘুম ধরতে ধরতে আলো এসে যায়। রাত কে দিন বানিয়ে জাগা আর আলোকে অন্ধকার বানিয়ে ঘুমাতে যাওয়া এক অনন্য জঘন্য অভ্যাস।	Neutral
3985	যারা বলছেন, ভোট দিয়া লাভ কি? আমার ভোট কি আদৌ গণনা হবে কিনা? বিএনপি কি ভোট ছিনতাই ঠেকাতে পারবে ? তাদের বলছি, আম্লীগ… https://t.co/AIxidcDpzK	Neutral
3986	কিছু স্মৃতি এই ভাবে চোখের সামনে এলে এক দিকে যেমন ভাল লাগে আর অন্য দিখে খুব খারাপ ও লাগে । যায় দিন আসলেই ভাল যায়... https://t.co/zBYxkeh0gX	Neutral
3987	একটা মেয়ে খারাপ বা ভাল হওয়ার সিংহভাগ শিক্ষা পায় তার মায়ের কাছ থেকে। প্রত্যেক পরিবারের মা তার মেয়েকে নিজের মত করে গড়ে তুলতে চায়।	Neutral
3988	আমার তরফ থেকে সবাই কে ঈদের অগ্রীম শুভেচ্ছা রইল l সবাই খুব খুব মজা করো আর মনে যদি এই হতভাগা বন্ধুটি থাকে তাহলে আমাদের বাড়িতে এসো ὤFὤFὤF	Positive
3989	রাজনীতি রাজার নীতি।। সে নীতি হয়তো নাই কিন্তু রক্তে এখন ও মিশে আছে সেই নীতি গুলো। আর..... আর সে জন্য ই চুপ করে আছি… https://t.co/yW6n2PRiNa	Neutral
3990	খারাপ পথে চলতে যেই বাধা দেবে সে যত কাছের মানুষ ই হোক না কেন তার কাছে খারাপ হয়ে যাবে। প্লিজ ফিরে এসো ওপথ থেকে। একবা… https://t.co/kwpPcAAEql	Neutral
3991	☆ ✓Like ✓ Comment ✓ Share ☆হে হে হে সুরাইয়া... বিধি নিষেধ যা আছে তুলে নাও ....ও ও হো সুরাইয়া.... অভিমানের দরজা... http://t.co/dxwyYzjmWL	Negative
3992	@light_0n আয়নাবাজি ছবি তে আমি কোন থ্রিল বা মজা যাই হোক কিছুই পাই নি। এর থেকে জলন্ত জলিল এর খোজ দ্যা সার্চ ইঞ্জিন ই ভাল লাগছে।	Negative
3993	বালিশের পর ৩৭ লাখ টাকার পর্দা নিয়ে আলোচনা	Positive
3994	RT @TeamTigersBD: আমি খুব খুশি একটা বিশেষ কারণে। এমন দলে খেলতে চেয়েছি, যে দলে বিদেশি ও স্থানীয় তারকা তুলনামূলক কম। রংপুর ঢাকা কুমিল্লা ও…	Neutral
3995	ভাল সময়ের একটা খারাপ দিক হল, সেটা এক সময় শেষ হয়ে যায় ! আবার খারাপ সময়ের একটা ভাল দিক হল, সেটাও এক সময় শেষ হয়ে যায় !! #প্রতীক্ষা	Neutral
3996	#সাকিব রে , সাকিব রে , তুই #অপরাধী রে ! তোরে দেয়া কেপ্টেন্সি , দে ফিরাইয়া দে !! ডেথ ওভারে বোলিং করতে, কে তোরে দি… https://t.co/qoqezeiws8	Negative
3997	৭ ব্যাংক কর্মকর্তার বিরুদ্ধে মামলাঅনুমোদন করেছে দুদক: ঢাকা: ৯০ লাখ টাকা আত্মসাতের অভিযোগে সোনালী ও প্রাইম ব্য... http://t.co/upXmXzrgqG	Negative
3998	প্রিয় টিমের খেলা। তাই ঘুমাতেও পারবো না।জেগে থাকতেও পারছি না।অনেক ঘুম আসতেছে।কি যে করি	Positive
3999	খুব খারাপ একটা সময় পার করছি আমি যে মানুষ গুলোর পাসে সব সময় আমি থাকি তারা কোথায় যেন হারিয়ে গেল মনে হয় আমার পাসে তো কেউ নাই	Negative
4000	@Mr_Saif1981 5/10 ὠ2ὠ2 20 টাকার জায়গা তে 70/80 টাকা চায়, না দিলে এক কথায় জাবে না ὠ2 এমন টা ঈদে না সব সময় ই ক… https://t.co/RH0DLjE72g	Neutral
4001	অামি এখন নষ্ট রে মেয়ে তোর অভাবে By Arman Alif | | অপরাধী । Lyrical Video by MD ALIF HOSSAIN Raj তুমি অায়না দে… https://t.co/wajHQeJRp9	Neutral
4002	বকুল কথার দর্শকদের কাছে পরাস্ত হয়ে ফিরে এলাম ὢ5ὢ5 নারী শক্তির জয় হল সিরিয়ালের জয় হল রাশিয়া ম্যাচ জয়ের অগ্রীম অভিনন্দন ᾑ7ᾑ7 ἟7἟8 বনাম ἟8἞6	Neutral
4003	একদিন আমিও হবো সেই লেভেলের মানুষ তখন বন্ধু-বান্ধব মহিলা পুরুষ নির্বিশেষে কারোর টেক্সট ইনবক্সে আসলে দেখমু না সীন ও করমু নাহ খালি মজা লমুὠ2ὠEὄF	Neutral
4004	RT @surjo___: ২৯ অক্টোবর মুখে পোড়া মবিল, কালো রং, আলকাতরা ও পচা সবজি মেখে শ্রমিক ধর্মঘটের নামে সাধারণ মানুষের হয়রানি, নারী নির্যাতন ও শি…	Neutral
4005	@MdHalimkhan5 সুখ যদি বিক্রি করি তো কোন কৃতজ্ঞতা প্রকাশ করবেন নাহ তবে দুঃখ কষ্ট বিক্রি করলে দোষের শেষ থাকবে নাহ ὡE মানুষ এমনি হয়	Negative
4006	RT @MahbubublMi: সামনে আসছে শুভ দিন ধানের শীষের ভোট দিন। তানভীর আহমেদ রবিন ভাইয়ের সালাম নিন ধানের শীষে ভোট দিন। ঢাকা ৪ আসনের তানভীর আ…	Neutral
4007	RT @sohakwueb: তোর মাকে চুধি তোর বোনকে চুধি তোর হিজলার গুষ্টি চুধি-- তোকে পাইলে তোর পুটকির ভিতরে বাঁশ ঢুকিয়ে ঢাকা মিরপুর 10 নম্বর মো…	Negative
4008	RT @RathinHalder13: মহান ভারতের জনগণের প্রতি, যারা আমার tweet দেখেন সবাই কে কাতর আবেদন চপ্পল পরা ফেক জনদরদী এবং চা ওয়ালা রুপে এসে মহারাজা…	Neutral
4009	ὊC মহান আল্লাহ বলেন, ὍD তোমরা ভয় কর সেই দিন কে, যে দিন কেউ কারো উপকারে আসবে না। --- Ὅ6 সূরা বাকারা : ৪৮	Neutral
4010	ভাল ও খারাপ উভয়ের সাথেই মেশা দরকার। খারাপটা শিখে পরিহার করার জন্য আর ভালোটা অনুসরণ করার জন্য।	Positive
4011	জানো মাঝে মাঝে যখন আমার মন খারাপ হয় তোমার জন্য ,, তখন আমি একা একা ভাবি কেন তোমাকে এত ভালবাসতে গেলাম ,,আসলে তুমি যত… https://t.co/hfzOU2rpna	Neutral
4012	RT @BprdTapan: আমি বঙালি হৈছো কাৰণে কি আমি অবৈধ নেকি?আমি তো কেতিয়াও সত্ৰ বেদখল কৰা নাই ,কেতিয়াও আমি অভয়াৰণ্য বেদখল কৰা নাই ,আমি তো কেতি…	Neutral
4013	পুলিশের অতিরিক্ত উপমহাপরিদর্শক (অতিরিক্ত ডিআইজি) পদমর্যাদার আট কর্মকর্তা পদোন্নতি পেলেন...	Positive
4014	প্রসঙ্গঃ খারাপ ছবি আদান প্রদান। বিগত ১ বছরে CRAF এ যত অভিযোগ এসেছে তার ৬৫% এর বেশি হল খারাপ ছবি আদান প্রদান এবং... https://t.co/SyBiDm5viJ	Neutral
4015	দাবা খেলাই বাইরের দর্শক হয়ে যখন দেখি কেউ ভুল চাল দেই তখন সেই ভুল চাল দেখে সহজে মেনে নেয়া যায় না। খেলার নিয়মের... https://t.co/lVnOvUsADv	Neutral
4016	Ὁ9ὉAὉ9ὉAὉ9ὉAὉ9ভালোবাসা পাপ নয় ☔ নয় কোনো ভুল ἴ0 ভালোবাসা সবার জীবনে একাটা নদীর কুল। ὠD ভালোবাসা মনের কথা ὉA সুখের কথা নয় ὒ5.… https://t.co/eI4yD99nYR	Positive
4017	সেনাবাহিনীর ওপর হামলা ও কাঠ পাচারের ঘটনা : ১২ মামলার আসামি হয়েও মানিকছড়ির ইউপি চেয়ারম্যান � http:/t.co/YIdWbGDwln	Negative
4018	লাক্স ক্যাফে লাইভে আজকের অতিথি পলাশ উপস্থাপক: মৌসুমী মৌ (Mousumi Mou)	Positive
4019	বাংলাদেশ ৪৩ রানে অল আউট। এর থেকে আমরা কি শিখতে পারি, আসুন দেখে নিই। ১. ৪৩ এর ৪+৩ করলে ৭ হয়। অর্থাৎ ব্রাজিল ৭ আপ… https://t.co/WEA2wx9hLR	Neutral
4020	হরিপুরে দেশিও অস্ত্রসহ চুরির সরঞ্জাম উদ্ধার - Abnews	Neutral
4021	ফেসবুকে সোনা লেখলে আর আগের মত লাল হয় না। আমরা অলরেডি জানি, লোহা গরম হইলে লাল হয়। তো নতুন করে কী শিখলাম? সোনার গর… https://t.co/yqDaDDwj78	Neutral
4022	ইউ এস বাংলা বা নভো এয়ারেও তো এত ভাল সার্ভিস পাওয়া যায় না ! ধন্যবাদ বাংলাদেশ রেলওয়ে । — traveling to Tangail fr… https://t.co/5oankiJ2kr	Positive
4023	আমার জীবন টাই গেলো ভুলে ভুলে...।আর কতো ভুল করবো জানি না......। আমার মন কে বলি ভুল করিস না তবু ও করে কি করা যাই ???	Negative
4024	মোটামুটি ৭০% এর মত শেষ করলাম !! :) সম্পর্ন পেইড থিম কেউ আবার Null ভার্সন ভেবে ভুল কইরেন না ! : ) :P ;)… https://t.co/i44JYDxDv6	Neutral
4025	আপনারা ইতিমধ্যেই জানেন, ৩০শে ডিসেম্বর বাংলাদেশে অনুষ্ঠিত হতে যাচ্ছে একাদশ জাতীয় সংসদ নির্বাচন। দশ বছর পর বাংলাদেশে সব রাজনৈতিক দলের অংশগ্রহণে একটি অংশগ্রহণমূলক নির্বাচন হতে যাচ্ছে। এ নির্বাচনে প্রায় আড়াই কোটি নতুন ভোটার প্রথমবারের ভোট দেবেন। এনিয়ে বিবিসি বাংলার ফেইসবুক লাইভ পিরোজপুর (পিরোজপুর-১ আসন) থেকে, কথা হবে কিছু নতুন ভোটারের সঙ্গে, জেনে নেব নির্বাচনে তাদের প্রত্যাশাগুলো কী? বিবিসি বাংলার সাথেই থাকুন।	Positive
4026	ভাসুরদের সঙ্গে কখন কি বলা লাগে, কখন কিভাবে কি আচরণ করা লাগে, তা বাঙলাদেশ বুঝে উঠতে পারছে না। সে জন্য এমন দ্বিধা। চী… https://t.co/gmMHUJJN4t	Neutral
4027	বিচারপতিদের রায়ের সাথে অভিশংসনের কোনো সম্পর্ক নেই : আইন, বিচার ও সংসদ বিষয়ক মন্ত্রী	Neutral
4028	আমরা যারা 1985 --1999 সালের মধ্যে জন্মেছি আমরা বিশেষ কিছু ছিলাম না, তবে আমরা যথেষ্ট ভাগ্যবান ছিলাম ।। ὤ2 ὤ2 ὤ2 যখন আ… https://t.co/bXHPBVI9pA	Neutral
4029	@himika__ বললেইতো হয়ে যায় না ৷ বিয়ে মানে মজা নেওয়া না ৷ অন্যকারো মেয়ের দায়িত্ব গ্রহন করা হোক সে ধনীর দুলালী বা গরিবের রাজকন্য ৷	Neutral
4030	এন আৰ চি সম্পৰ্কীয় নথি পত্ৰ ত বহুতো ভুল নাম প্ৰেৰণ হৈছে ! যিবোৰ ভুল নাম ভোটাৰ পৰিচয় পত্ৰৰ নাম অনুসৰি প্ৰেৰণ হৈছে ! অনুমোদন পত্ৰত!	Neutral
4031	জন্মগত ভাবে আমি বাংলাদেশি , তবুও যেন গর্ব করার মত আমার কিছু নেই । পাশের দেশে তাকিয়ে দেখি আর অবাক হই । আমাদের দেশে… https://t.co/wFAIBpZmqz	Negative
4032	এটাই হলো বাঙ্গালী । কে যেন বলে ছিল ? ছেলে খেলে ভালো কিন্তু মাঠে গেলে বল পায়না । আসলে বাস্তব । বাংলাদেশে হারামির বা… https://t.co/2B2pYdGg5W	Negative
4033	RT @Farjana23: আপনি যদি একটা ১৪০ শব্দের টুইট দেখে আমার জীবন বিচার করেন, আপনি ভুল করছেন! আমার ৯৮% টুইট এলোমেলো চিন্তার ফসল, আমার জীবন এতে জ…	Neutral
4034	বড় বড় কথা বলা, বড় বড় কাজ বুঝা, বড় বড় বড়াই করা এর বাইরে বাংলাদেশ তথা আপনার আমার পরিচয় কী? কোথায় যেন বুঝেছি… https://t.co/ABM8O3L5Xb	Negative
4035	সারা দিনের পর যখন বাড়িতে এসে বালিস এ মাথা টা রাখি তখন মনে হয় সব সুখ এই বিছানায়। — feeling বেস্ত at Hasan https://t.co/t995dEoJFP	Neutral
4036	গত কয়দিন যাবত দেখি মাদক বিরুদি লেখা লেখি চলতেছে, এই টা ভালো দিক আমাদের যুব সমাজের জন্য, এখন আমার কথা হলো ১ এই মাদ… https://t.co/SKMMSX3n4z	Positive
4037	RT @RubeL9699: ভালোবাসা স্বর্গ থেকে আসে আজ অব্দি এটা জেনে আসছি,বাট আজকাল যে ভালোবাসা দেখি সেটা তো মনের মাঝে জমে থাকা যে নোংড়ামি, সেটারই ব…	Negative
4038	বারবার উত্থান পতন আমাকে মানুষ চেনায় পারদর্শী করে তুলেছে। যে জোতিষী আমার হাত দেখে ভুল বলে, আমি তার চোখ দেখে সঠিক বলে দিতে পারি।	Neutral
4039	আরও একটু দূরে দূরে কোন পথ হারা সুরে তুমি এক ভবঘুরে ঘুরবেই কোন কান্ত দুপুরে এই ব্যস্ত শহরে জানি ঘুম ভেঙ্গে ঘরে ফিরবে… https://t.co/oahNMAsJuE	Neutral
4040	সাতদিনের মধ্যে রোহিঙ্গা ক্যাম্পে মোবাইল সেবা বন্ধের নির্দেশ	Positive
4041	১. লিওনেল মেসি।২. আঁদ্রেস ইনিয়েস্তা।৩. ক্রিশ্চিয়ানো রোনালদো।৪. অ্যাঞ্জেল ডি মারিয়া।৫. রাদামেল ফ্যালকাও।৬....	Neutral
4042	আসুন এক নজরে দেখে নিই গত এক সপ্তাহে ক্রিকেটে ঘটে যাওয়া ঘটনাপঞ্জি...	Negative
4043	মনে করেন, পৃথিবীতে সুখ নামক কোন জিনিস নাই। না থাকলে আপনি পাবেন কিভাবে। আগে সৃষ্টি হোক, তারপর না হয় পাওয়া না পাওয়া নিয়ে মনঃকষ্ট নিবেন।	Neutral
4044	চোরে না শোনে ধর্মে কাহিনী মুফতি ফয়জুল করিম অসাধারণ কিছু কথা , শুনে দেখতে পারেন । ভালো লাগবে । ঈমান তাজা হবে । https://t.co/LHXH3EdF9u	Neutral
4045	বাংলাদেশ ক্রিকেটে এমন একটা সময় চলে আসছে যে ম্যাচ জিতলে আর কেউ খবর রাখবে না ! বরং কোন দলের সাথে ম্যাচ হারলেই সংবা… https://t.co/sFrD1Gr5VM	Neutral
4046	“আল্লাহর রাস্তায় এক সকাল অথবা এক বিকাল দুনিয়া ও দুনিয়ার ভিতর যা কিছু আছে, তা থেকে উত্তম।”---[সহীহ বুখারী, হাদীস নং-৬১৯৯]	Neutral
4047	সখি যাতনা কাহারে বলে: কবিগুরু রবীন্দ্রনাথের একাকীত্ব ও মানসিক বিষাদের সঙ্গে দীর্ঘ দিনের লড়...	Neutral
4048	@JasikaParvin দেখেন আজ কাল কিছু মানুষ ভাল চাই আবার কিছু মানুষ খারাপ চাই তা বলে কি মানুষ সবাই এক সমান যাই হোক আপনাকে ধন্যবাদ	Neutral
4049	RT @adhirrcinc: বাংলার নতুন বছর ১৪২৫। সকলের জন্য রইলো আমার শুভকামনা। নিরাপদ ও ভয়হীন হোক আমাদের সমাজ ও জীবন। সকলের জন্য সুখ শান্তি ও সম্বৃ…	Positive
4050	"ভিডিও: মশার যৌন জীবন ধ্বংসে বিজ্ঞানীদের 'ষড়যন্ত্র""! 🦟"	Positive
4051	RT @mhshiblu71: যে ম্যাচে ওজিল , ক্লোজা নেই সে ম্যাচকে আর্জেন্টিনার কাছে নিজেদের আত্নহত্যার শামিল করেছে জার্মানি । তারপরও এটা ভুল ও দুভাগ্য…	Negative
4052	★ অভিনন্দন সাইফউদ্দিন ★ আজকে অসাধারণ ব্যাটিং করার জন্য রান ৩৯* বল ২৭ চার ৩ ছয় ১ . আগামী দিনে একজন পেস অলরাউন্ডার হবে আশা করি।	Positive
4053	RT @nusratjahanjeni: একে একে সব ছেড়ে গেছে ভুল বুঝে কত কি হয়েছে? নেই কোন অভিযোগ নেই আফসোস! পুরোটাই ছিলো কি আমারই দোষ? আমার প্রেমের সবকটি…	Neutral
4054	রাজনীতি নিয়ে সমালোচনা তাঁরাই বেশি করে যারা রাজনীতির সাথে সম্পৃক্ত না । পরীক্ষায় A+ আশা করেন আবার পরীক্ষাও দিতে চান না তা কি হয় !!!	Neutral
4055	শ্বেতার আগেও দেহব্যবসায় জড়িত সাত অভিনেত্রী http:/t.co/ejLBfPuOZA	Negative
4056	খুলনায় স্ত্রী দীপালি অধিকারীকে হত্যার দায়ে স্বামী কালিপদ অধিকারীকে যাবজ্জীবন কারাদণ্ড দিয়েছেন আদালত। পাশাপাশি পাঁচ হাজার টাকা জরিমানা করা হয়েছে।	Positive
4057	watching : হিন্দি মুভি #SANJU, একসাথে বাংলাদেশ বনাম ওয়েস্ট ইন্ডিজ টেস্ট ম্যাচ । ( স্ক্রিনশট কমেন্টে :p ) ওহ হাঁ eating : কাঠাল মুড়ি :D	Neutral
4058	RT @Tanjila32: আমরা কম বেশি সবাই ভুল করি... কিন্তুু আপনি যখন যেনে বুঝে একটি ভুল করবেন তখন সেটা আর ভুল থাকেনা... সেটা আপনার ইচ্ছা বা পছন্দ…	Negative
4059	যখন গোপন যৌন ভিডিও অজান্তেই ছড়িয়ে পড়ে ইন্টারনেটে...	Negative
4060	RT @KGunedited: আমরা আজও গর্ব করতেই শিখিনি । তাই এ পাড়ার কোনো কাগজে বা টিভি সংবাদে চিত্রগ্রাহক শীর্ষ রায়ের ও কঙ্কণাদের জয়গান হলো না। বরং…	Negative
4061	তার ও আগেধ্রুবসরে ভেসে যায় অপরাপরহিমগর থেকে বলিআমার কোনো পৃথক অস্তিত্ব নেই......\\m// — listening to Mechanix - Dhrubo Shor	Negative
4062	আপনার কম্পিউটার ও পেনড্রাইভ কে টিকা দিন, অটোরান ভাইরাস থেকে নিরাপদে থাকুন চিরজীবন ।কম্পিউটার থেকে পেনড্রাইভ বা... http:/t.co/RDGaLxNN5z	Positive
4063	“আমি কখনো ভুল করি না।” – এটা মনে করাটাও কিন্তু একটি ভুল। আর এই বাজে স্বভাবটি খুব বাজেভাবেই আমার মধ্যে আছে। But I Wi… https://t.co/flHJGQnYk1	Negative
4064	@xcel_Bablu কাজ কামে ব্যস্ত থাক না আগের মত মজা পাওনা টুইটারে এই কারনে আসনা??? তোমার মত এমন এক্টা টুইটার খোর টুইটার ছাড়ল কেমনে বুঝলাম নাὠBὠB	Neutral
4065	RT @bossmursalin: জল ও জঙ্গলের কাব্য নামক একটি পিকনিক স্পটে গিয়ে আবিষ্কার করলাম এই নামের সার্থকতা । সকালের খাবার থেকে শুরু করে দুপুরের খা…	Neutral
4066	``ধর্ম নিয়ে রাজনীতি করা যাবে না`` এটি কার বাণী ? নিচের কোনটি সঠিক ? ১- মানুষের তৈরীকৃত বাণী, ২- হাদিসের বাণী , ৩- আল্লাহর বাণী।	Neutral
4067	লিপু ভাইয়া,লিপু ভাইয়া, আপনি তো এখন সেই ফর্মে.. ὤAὤ8 AWC তে ছবি না তুলে তো মনে হয় জীবনের অন্যতম বড় ভুল করে ফেলছি… https://t.co/solpG4LDst	Neutral
4068	পাকুটিয়া জমিদার বাড়ির উপরে বিদেশী লোকের ছবি।ছবিটি তুলেছেন::::: #জাহিদুল_ইসলাম আপনি চাইলেও এমন একটি ছবি... http:/t.co/CgIXC34Crq	Neutral
4069	#রাতের_আড্ডা রাত জেগে আছেন কেন? ১) কারো ফোনের জন্য ২) ঘুম আসছে না ৩) মন খারাপ ৪) কারো কথা খুব মনে পড়ছে ৫) এমনিতে… https://t.co/B567aQ2mH3	Neutral
4070	মানুষের যখন সব কিছু ঠিকঠাক ভাবে চলে , তখন সে নিজের ভাগ্য নিজে পরিবর্তন করতে চায় । আর এখানে সে ভুল করে , যায় পরিনাম খুব ভয়ানক হয় ॥✌	Positive
4071	অামি বিনে তোমার কি অার বড়াই। কে বা ছোটো,কে বা বড়ো, বিচার করো বিচার চাই।। যদ্যপি না থাকি অামি কে বা বলে তোমায় তু… https://t.co/dG9XUWaO94	Neutral
4072	কঠিন সময়ে পাশে থাকার জন্য ধন্যবাদ জানিয়েছেন সবাইকে	Positive
4073	@abpanandatv বাংলার মুখ ম্লান তখন হয়েনা যখন নকল নোট বাংলাদেশ থেকে ঢোকাতে মমতার চামচা রা পুলিশ স্টেশন এ আগুন লাগিয়ে দেয়? জয় শ্রী রাম..	Negative
4074	বুকের মধ্যে গভীর থেকে গভীরতর ক্ষত দেখতে যেন মনে হয় তোমার মুখের মতো! কে রেখেছে ভুলে গিয়ে মনে রাখার দিন? কে দিয়েছে ভালোবাসা মন্দবাসার ঋণ?	Neutral
4075	“আপনি নারী বা পুরুষ, ধনী বা গরীব, স্বাধীন বা পরাধীন, সুখী বা অসুখী – যাই হোন না কেন; সোনার চামচে খেতে খেতে বিরক্ত,… https://t.co/obsimwoicn	Neutral
4076	RT @nusratjahanjeni: আমি উদাস নাকি বলে যে সবাই, আমি যে দিবানিশি পুড়ি যে প্রেম অনলে। মনেতে নাই যে সুখ ভাবি যে তারই কথা তবু সে দুরে থাকে, দে…	Neutral
4077	মেয়ে তুমি কি আমার কবিতা লেখার কারণ হবে? বিঃদ্রঃ যদি ভাবেন সে আমার ফ্রেন্ডলিস্টে আছে তাহলে বড্ড ভুল করে ফেলবেন।। আসলে সে ফোনই ইউস করেনা -_-	Neutral
4078	১. বাপ-দাদারা কি এতদিন ভুল করে আসছেন! ২. অধিকাংশ মানুষই কি ভুল করে আসছে! ৩. এত বড় বড় আলেম তো এভাবেই আমল করে আসছেন… https://t.co/DTnTcMnD37	Neutral
4079	যতই বিপদ আসুক না কেন আল্লাহ যদি রং করে বাংলাদেশ জিতবে জিতবে কালকের খেলা দেখা গেল সামনের খেলা গুলো যেন জিততে পারে সবাই দোয়া করুন	Positive
4080	সৌদি আরব কে অনেকেই সাপোর্ট করে কারণ মুসলিম দেশ আর নবীর দেশ বলে .. কিন্তুু আমি করি না করণ তারা কুকুর থেকেও খারাপ .… https://t.co/ZrjxKrlD8u	Negative
4081	মানুষ গুলো যতটা আপন দেখায় ততটা আপন যদি হতো তাহলে একাকিত্ব কখনো গ্রাস করে বেড়াতে পারতোনা আর হ্যা খারাপ সময় গুলো নিষ্ঠুরতা দেখাতে পারতোনা	Negative
4082	হে পৃথিবী! তুমি মাতাল সোজা পথে চলতে পারো না তবে ভেবো না, আমিও মাতাল আমি নাক বরাবর পথ চলি তাতেই বাড়ির সদরে পৌছে... https://t.co/B2lG7J2V20	Neutral
4083	আমার সব থেকে বড়দুর্বলতা তোমাকে ভালোবাসি !যদি ওতুমি ভালোবাসো আমাকে না ।আমি তোমাকে নিয়ে স্বপ্নদেখি তুমি ও...	Negative
4084	গবেষকরা বলছেন, ৩৮ লাখ বছরের পুরনো একটি মাথার খুলি পাওয়া গেছে।	Positive
4085	প্রকৃত সুখী ত তখন ই মনে হয়, যখন আমার কোন কিছু অন্যের উপকারে আসে, সেইটা হউক সময়, শ্রম বা টাকা যে কোন কিছুই, আমি… https://t.co/QcoLGMVxjC	Positive
4086	@shahanaz_rumy আমিতো ভালবাসা কি তা ও জানি না	Negative
4087	RT @MiaaMasud: কিছু মানুষ আছে যারা অল্পতেই সুখী হয়! বেশি কিছু চায় না! কিন্তু ভাগ্যে এমন হয় যে, এই অল্প সুখের দেখাও তারা পায় না! https:…	Negative
4088	আমার এই জীবনে আর নাই কনো সুখ আর নাই কনো দু:খ, চলি ঠিকি আমি আমার পথেই কিন্তু আজ আর নাই কনো জীবনের লক্ষ :( ( LUCIFER ) :(	Neutral
4089	RT @nusratjahanjeni: যে জন করেছে তোমায় সৃষ্টি। আমি ও তার সৃষ্টি। তাহলে তোমার সাথে আমার কেন ব্যবধান? আমার ও তো মন আছে। আছে বুকভরা ভালোবাসা।…	Neutral
4090	তারা যশোর ও ঢাকা থেকে সিলেট এসেছিল। চলে যাবার আগে দেখা করল। উদয় কে সাস্ট (SUST) এর টিলার উপর ১০১ টা সিড়ি বেয়ে… https://t.co/cdSbH7LMtj	Neutral
4091	মনের চাকা , ঘুরে আজ বড্ড একা। মেঘে ঢাকা , আজব শহর ঢাকা। হঠাৎ বৃষ্টি ধুয়ে দিয়ে যায় দুঃখ, সতেজ বাতাসে ভরে যায় ব… https://t.co/nFUtVHUtEi	Neutral
4092	সৌদি আরবে 15 নভেম্বর 2017 থেকে 14 জুন 2018 পর্যন্ত 12 লক্ষ 51 হাজার অবৈধ , শ্রম আইন লঙ্ঘনকারী ও সীমান্ত দিয়ে অনুপ্রবেশকরী গ্রেফতার ।	Neutral
4093	এমন কয় জনকে দেখেছি যারা মেয়েদের পিক টুইট নিয়ে মজা করে তারাই দেখি আজকাল হাদিস বলে সংযম পালন করতে :) :) মানি যা ক… https://t.co/xYDrEMJCRn	Neutral
4094	যা ছিল স্বপ্ন , আজক তা সত্যি । মাঝখানে কেটে গেছে সাড়ে ৫ টি বছর । আজকে থেকে দুই স্থায়ী মজার ইশকুল :: Mojar Scho… https://t.co/QbhjpOSdGk	Positive
4095	গত ১০ দিনের প্রচেষ্টাঃ - ২০০+ কিলো সাইক্লিং - ২০/২৫ কিলো হাঁটা - খাবারের পরিমাণ কমানো - ফজরের পরের ঘুম বাদ দেয়া ফ… https://t.co/6SlC5AdPYq	Neutral
4096	বাংলাদেশ অর্থনৈতিক সমীক্ষা 2014 সংক্ষিপ্ত ও ২০১৩ বিস্তারিত ... বিসিএস, ব্যাংক জব, শিক্ষক নিবন্ধন ও যে কোন জব...	Neutral
4097	কিছু কিছু প্রবাসী রাজনীতি তে খুব একটিভ । তবে মাঠে না , দেশে না । তাঁরা ফেসবুকে খুব বড় বড় বুলি দেয় । অথচ কোনোদিন… https://t.co/Mf4RijSl9t	Negative
4098	আলিয়ঁস ফ্রঁসেজ ἞9἞A ইজ গন :P আফসোস ও লাগে বড় দল বিদায় নিলে খেলা দেখার মজা টা ও কমে যায় :/ আরো আফসোস এর বিষয়… https://t.co/RJtlwXGIEi	Neutral
4099	না জানা দোষের কিছু না তবে জানতে না চাওয়া দোষের। আর না জেনে যদি আপনি ভুল ঘটনা রটনা করে বেড়ান সেটা অপরাধ। আর আপনি য… https://t.co/7WUDuryjPs	Negative
4100	২৭ জানুয়ারি, রোববারের প্রবাহে যা যা থাকছে : -ফিলিপাইনের জোলো শহরে রোমান ক্যাথলিকদের এক গির্জায় বোমা হামলায় অন্তত ২০ জন নিহত এবং আরও বহু মানুষ আহত হয়েছে। ফিলিপাইনের এই অঞ্চলটি মুসলিম সংখ্যাগরিষ্ঠ। - প্রধানমন্ত্রী শেখ হাসিনা ২ ফেব্রুয়ারি বিকেলে গণভবনে চা-চক্রের নিমন্ত্রণ জানিয়ে বিভিন্ন রাজনৈতিক দলের নেতাদের কাছে আমন্ত্রণ-পত্র পাঠিয়েছেন। সরকার-বিরোধী রাজনৈতিক দলগুলো সে আমন্ত্রণে কেন সাড়া দিতে চাইছে না? -বাংলাদেশের সরকারী হাসপাতালে কর্মরত যেসব ডাক্তার-নার্স তাদের কর্মস্থলে হাজির থাকেন না, তাদের বিরুদ্ধে কঠোর হুঁশিয়ারি দিয়েছেন প্রধানমন্ত্রী শেখ হাসিনা। এতে কি কাজ হবে? বিবিসিকে বলেছেন বাংলাদেশ মেডিক্যাল এসোসিয়েশনের সাবেক সভাপতি ড: রশিদ ই মাহবুব। -বাংলাদেশ ব্যাংকের বৈদেশিক মুদ্রার রিজার্ভ চুরির ঘটনায় মামলা করার জন্য আজ যুক্তরাষ্ট্রে যাচ্ছে কেন্দ্রীয় ব্যাংকের একটি প্রতিনিধি দল। তিন বছর পর মামলা করে কতটা কি লাভ হবে? -ভারতের উত্তরপূর্বাঞ্চলীয় রাজ্য আসামে জনপ্রিয় গায়ক জুবিন গর্গের বিরুদ্ধে দেশের সর্বোচ্চ সম্মান ‘ভারতরত্ন’কে অপমান করার অভিযোগে এফআইআর করেছে ক্ষমতাসীন দল বিজেপির শাখা সংগঠন। -সাথে থাকবে খবরের সর্বশেষ শিরোনাম।	Positive
4101	আকাশে মায়াবী চাঁদ, উদাস মনে গাইছি..ও কারিগর দয়ার সাগর ওহে দয়াময়, চাঁদনী পসার রাইতে যেন আমার মরণ হয়	Positive
4102	RT @RArohi: আসলে এখন জীবনের এমন এক পর্যায়ে আছি যে দু চারটা বন্ধুত্ব নষ্ট হলে কিছুই লাগবে না।অভিজ্ঞতা বলে কিছুদিন খারাপ লাগবে পরে আর লাগবেনা	Neutral
4103	এত প্রশ্ন ফাঁস হয় এতিম খানার সরি, জেল খানা যাওয়ার রায় ফাঁস হয় না কেনো? আগে ভাগে জনগণ শান্তি পেতো, কেউ মজা পেত,… https://t.co/agdRH02xYD	Neutral
4104	তনু হত্যার বিচার চাই .... তনু : থাক আর আমার জন্য বিচার দিতে হবেনা তোমাদের বাংলাদেশ : কেন বোন ? তনু : আমার হত্যার… https://t.co/UUk4XAZJrb	Neutral
4105	দুই প্রকার লোক লিস্টে নিবেন না! ὠA নতুন প্রেমে পড়া আর সাম্প্রতিক ছ্যাকা খাওয়া ὢ1 ὢ1 যদি হ্যাপি ফেসবুকিং করতে চান। (ফ্রি উপদেশ) ὡC #অমানুষ	Neutral
4106	আলোকিত মানুষ চাই । মানবিক মূল্যবোধ সম্পন্ন মানুষ চাই । এককে দশকে বা শতকে নয় চাই শত সহস্র সংখ্যক । তবেই গড়ে উঠবে উ… https://t.co/5YcURPAmX8	Positive
4107	জিপিএ ৫ পাই নি... মন খারাপ? স্বাভাবিক। মন খারাপ করবে না- এটা আমি একদম বলব না। মন খারাপ ক্কর। জীবন মন খারাপ, ভাল, হ… https://t.co/Muj7Ev2dyM	Neutral
4108	RT @TeamTigersBD: ἞7἞9 বাংলাদেশ ἙA পাকিস্তান ἟5἟0 Ἴ6- এশিয়া কাপ ὌD- সেমিফাইনাল ἽF- শেখ জায়েদ স্টেডিয়াম, আবুধাবি ⏰- বিকাল ৫: ৩০ মিনিট ὋB- গাজী…	Neutral
4109	আজকের পর থেকে কিছু দিন যাবৎ পরিচিত কিছু মানুষদের মন খারাপ থাকবে । তারা কারো সাথে ঠিক মতো কথা বলতে চাইবে না । হয়তো… https://t.co/AguL0JflVo	Neutral
4110	অনেক দিন পর বাড়ি যাচ্ছি দীর্ঘ ৬ মাস পর...ὠE । বেশ কিছুদিন আগে থেকেই মনটা ছটফট করছিল বাড়ি যাবার জন্য । মনে হচ্ছে অ… https://t.co/ik6IOFrh73	Neutral
4111	বাংলার খবর » সব হারানো ইয়াসিন নিজেও না ফেরার দেশে http://t.co/G2GafCjS6F	Negative
4112	যে কোনো কারনেই হোক না কেনো রাতা ঘাটের কোনো যানবাহন ভাঙ্গা কে আমি কোনো ভাবেই সমর্থন করি না। তবে এই রিপোর্ট টা দেখে আ… https://t.co/Scd7bApAxA	Neutral
4113	RT @2002Sumon: কিছু কিছু ছেলে আছে যারা সিগারেট খায় না এবং সিগারেটের গন্ধ সহ্য করতে পারে না! সবাই তাদের ভালো ছেলে ভাবেὠAকিন্তুু ঐ ছেলেরাই ম…	Neutral
4114	@shahanaz_rumy এটাই কি স্বার্থপরতা।  তাহলে আমি বলব আপনে শুধু খারাপ দিক গুলোর কথা বলছেন।  মানুষ ভাল কিছু করে এবং সেটা খারাপের চেয়ে ও বেশি	Negative
4115	জানি না ভুল কি ছিলো ভুল সেই এক অজানা এক দেশের আসা । কেন আসলাম জানি না এই দেশে। কি করবো জানি না কি আছে আমার কপালে জানি না। এই দুঃখের শেস।	Neutral
4116	কাশ্মীরে সরকারি অবরোধের মুখে সুযোগ পেলেই বিক্ষোভ দেখাচ্ছেন সেখানকার মানুষ।	Positive
4117	অবশেষে চট্টগ্রাম টেস্টে জয়ের হাসি আফগানিস্তানের। বৃষ্টিও বাঁচাতে পারলো না বাংলাদেশকে। আপনার কাছে স্বাগতিকদের এমন হারের কারণ কী বলে মনে হয়? 	Positive
4118	অতি প্রয়োজনীয় তথ্য, জেনে নিন উপকার আপনারই হবে।১. ছোট এলাচ, খেজুর , ও আঙ্গুর একসঙ্গে পিষে মধু মিশিয়ে খেলে...	Neutral
4119	পৃথিবীতে কিচ্ছু থেমে থাকে নাহ যা সঠিক পথে চলে তা এগিয়ে যায় যা ভুল পথে চলে তাও এগিয়ে যায় আর যাকে আমরা বলি থেমে... https://t.co/Qdt9NG4A3n	Neutral
4120	RT @JasikaParvin: আজ কাল অন্ধকার ভালো লাগে নিজেকে একটু আড়ালে রাখতে বন্ধ ঘরে একা থাকতে খুব ভলো লাগে। নির্জনতা আমি খুব ভালোবাসি একাকীত্ব আমা…	Neutral
4121	RT @Fahbins: ইফতারের ঠিক পর পর ঢাকা শহরটাকে কেমন যেন নিপাট ভদ্রলোক বলে মনে হয়। বেশ একটা সৌম্য, নির্ঝনঝাট, আটপৌরে ভাল মানুষ। রুপার ধর্ষণ…	Neutral
4122	@Monimukta41941 জি ৷ অামি এমনই ৷ সমাজে যাদের অবদান নাই ৷ তারা ভালো হলেই কি হবে তারাতো নিজে ভালো অার নিজের ভালো চায় সমাজের না	Neutral
4123	RT @Tasher_Ghor: বালিকা তোমার চুল উড়ানো বাতাস হবো না কখনও বলবো না খুব ভালোবাসি আকাশের চাঁদ তারা কিছুই এনে দিতে পারবো না শুধু বলবো বিপদে হা…	Neutral
4124	আমার ভাল দিক আমি কথা কম বলি আস্তে বলি। আমার খারাপ দিক আমি কথা কম বলি আস্তে বলি। জিনিশটি অনেকের ক্ষেত্রে ভাল আবার... https://t.co/60OIM81LxH	Neutral
4125	#Bangladesh #News অভিবাসী - ইউএস ওপেনের ফাইনালিস্ট মারিন চিলিচ এখন ক্রোয়েশিয়ার প্রতিনিধিত্ব করলেও তাঁর জন্ম ও... http://t.co/oxSiuZ5qiS	Neutral
4126	গল্প নম্বর ৩৩ ======== কথাটা বলেই শ্রাবণীর মনে হল কি করলাম ! ও তো এখন মন খারাপ করবে । এমন ছোট ছোট কথাতে ছেলেটা মন… https://t.co/xV52ZpsKYs	Neutral
4127	RT @KGunedited: খেলা, শিল্প সবই তো আজকাল সংস্থার ।শিল্পী বা তার সাফল্য তো নয়। লিখলেও ভুল তথ্য? নিয়ম নরম হোক এই কামনা। @bhaswati10 https:/…	Negative
4128	আচ্ছা মানুষজন ঢাকা শহরে গেলে বদলে যায় কেনো?ᾑ4 ঢাকায় এমন কি আছে?ὤ4 আবার অনেকেই বদলায় না।ὠD তাহলে কি ঢাকার দোষ না আমাদের?ᾑ4 — feeling positive	Neutral
4129	সাড়া রাত ধরে সেলফোনের বাটনগুলোতে হাতের আঙুলের সীমাহীন হাটাহাটি। তবুও কোন লেখা বের হলোনা প্রেমে কাল্পনিক নায়কের... http:/t.co/cPtLdVqVEr	Neutral
4130	বেলজিয়াম বি লাইক - ৭ টা দিব :p নো অফেন্স ডূড । ব্রাজিল বাদ গেলে আমার মন খারাপ হবেই । শেষ পর্যন্ত অপেক্ষায় আছি :)	Neutral
4131	এক জিটুজি চুক্তির সুবাদে দক্ষ জনশক্তি হিসেবে মুফতে জাপান যাওয়ার সুযোগ তৈরি হয়েছে বাংলাদেশীদের। কিন্তু সেজন্য পূরণ করতে হবে অনেকগুলো শর্ত।	Positive
4132	খুব মন খারাপ করতে চাই। পিচ্চি বাচ্চাদের মতো চিল্লায়ে কান্নাকাটি করতে চাই। ছোট ছোট ব্যাপারে রাগ করতে চাই। আমার পুরনো আমিতে ফিরে যেতে চাই।	Neutral
4133	দেশের মালিক কে মেরে রাজা কে ধরা খাওয়ানো আর না হয় রাজা কে মেরে রাজনীতিবিদ দের ধরা খাওয়ানো এটা হলো বিশ্ব রাজনীতি .… https://t.co/6Wmeb2so8R	Neutral
4134	 ছাইদানি ভরা থাকে মরা আগুনে, যাও মেঘ বলে দাও আমি ভালো নেই ... __ #চন্দ্রবিন্দু	Positive
4135	শহরটাতে বাস করার ইচ্ছে কেমন যেন হারিয়ে ফেলছি একটু একটু করে! আরব বেদুইন নয়, হতেম যদি কোন পাহাড়ের চূড়ায় ছনে ঢাকা ছাদ আর মাচার মালিক...	Neutral
4136	মালয়েশিয়ার রাস্তাঘাটে, দোকানে সবাই তাকে দেখে চিনতে পারে, সেলফি তুলতে ঘিরে ধরে। অনর্গল কথা বলতে পারেন আঞ্চলিক মালয় ভাষায়। ড্যানিয়েল টেলর এখন মোহাম্মদ আবদুল্লাহ, লোকে চেনে ম্যাট ড্যান নামে।	Positive
4137	RT @wyeasynzz: সিদ্ধির নেশায় আমি গতবার ঠিক বুঝে উঠতে পারিনি ওটা কি কোন কুমারী মেয়ের বুকের গন্ধ না অন্যকিছু ? নিষিদ্ধ পল্লীর কোন রমণী শ…	Neutral
4138	দলে ও জোটে অগ্নিপরীক্ষায় এরশাদ http://t.co/5xt6U83XBc via @sharethis	Positive
4139	সাদা চিনি খাচ্ছেন? বাংলাদেশ সাদা চিনিতে এমন উপাদান পাওয়া গেছে যেটি ক্যান্সারের ঝুঁকি তৈরি করে।	Negative
4140	#BjP 40 থেকে 104 এ এসে পৌছালো তাতে মোদী ঝড় শেষᾑ4 #Cong 126 থেকে 78 আসলো তাতে নাকি পাপ্পুর প্রচন্ড ঝড়ὠ9ὠ2 এমন মহান… https://t.co/vdHYXpKiSH	Neutral
4141	হে নারী তুমি কখনো স্বামীর অবাধ্য হইও না স্বামীর বিনা অনুমতিতে কোন কাজ কর না। হে নারী তুমি কি জানো কোন স্ত্রী যদি... https://t.co/Uc9ayTYg23	Neutral
4142	কি যে খেলে ওরা তা বুঝি না। ৩ দিনের খেলা চলতেছে  তাও ও কতক্ষণ পর পর বৃষ্টি নামে। তারপর ও ব্যাটিং এ নাইমা ই ৫ জন... http://t.co/fvnuypVclJ	Negative
4143	সব সুখী মানুষই সফল, কিন্তু সব সফল মানুষ সুখী নয়। সফলতার মানে হচ্ছে সুখে থাকা, একজন ভালো মানুষ হওয়া এবং এমন কিছু ক… https://t.co/FdkbNUzswG	Neutral
4144	5 ips display বিশিষ্ট সেট GDL xtreme A15 মাত্র ৯৫০০ টাকায়! সাথে রয়েছে 1gb ram। 5 mp front camera থাকায় ভিডিও...	Neutral
4145	@al22syed তুমি ও ভালো ভাস চুদা চুদি আমি ও ভালো ভাসি চুদা চুদি আসো দুইজনে মিলে করি চুদা চুদি তুমার ভোদা আমার ধোন ওনেক মজা দিব তুমাকে চুইদা	Neutral
4146	@Nowrin07 ভুল কথা! যে আঘাত পায় সেই বেশি ভালো জানে আঘাত দিতে হয় কি করে। ব্যাথার মাত্রা না জেনে যে আঘাত করে, সে আর… https://t.co/Fs8mTsVqCC	Neutral
4147	RT @Bikram__Roy: #Uma দেখার পর একটাই কথা বলতে চাই, একটা অভিনেতা তার জীবনে এতটা দুঃখ, fail year না face করলে, এইরকম অভিনয় করা সম্ভব নয়। Th…	Positive
4148	একটি মেয়ের ক্লাস ওয়ানের অঙ্ক দেখে আমার মাথা খারাপ ! এক চোখ বন্ধ করে যদি একটি পাখি দেখা যায় তাহলে দুই চোখ বন্ধ... https://t.co/3HrnPhFTyc	Neutral
4149	আজ থেকে কোন দলের বাদ পরা ম্যাচ নিয়ে কোন রকম মজা করবো না । প্রিয় দল হেরে গেলে এমনি খারাপ লাগে তার মধ্যে অন্যকেউ… https://t.co/CkBLYIV9Ia	Neutral
4150	আমি এমন একটা তুমি চাই এমন একটা তুমি চাই.. যে তুমিতে আমি ছাড়া অন্য কেউ নাই তুমি একবার বলো যদি আমি পাড়ি দেব খরস্রো… https://t.co/WTlrmQIGp2	Neutral
4151	কিরে জাহিদ তোর #বাংলাদেশ ত জিতে গেছে । তুই কি ঘুমিয়ে পরছিস নাকি রাত যখন ১:৩০মিনিট তখন বড় আপু ফোন দিয়ে এসব বললো.… https://t.co/abhi0Tgws9	Neutral
4152	@BCBtigers আজ টার্গেট হবে ৩৫০+ ১।নান্নু কে নিয়ে আসেন ২। হাবিবুল বাশার কে নিয়ে আসেন ৩। আকরাম খান ৪। পাপন ৫। হাথুরু বাকি না হলেও জিতবে ὢDὢDὢD	Neutral
4153	what is job market ? ভাই, ওই যে অাকাশে চাদ, কোটি কোটি তারা অার জোৎস্না দেখা যাইতাছে না? -না, মেঘে তো সব অন্ধকার হ… https://t.co/vGF2M0tt8E	Neutral
4154	এই জিনিস তুমি রেখে গেছো আমার কাছে আর সব নিয়ে গেলে? জানো সেদিন থেকে সবুজ চুড়ি দেখলে ঘেন্না হয় আমার!! কি তীব্র ঘৃ… https://t.co/GYq1N64BPw	Negative
4155	ফ্লাডলাইটের আলোয় গোলাপি বলে খেলতে দেখা যাবে কোহলি-সাকিবদের?	Positive
4156	তোমাকে পেয়েছি সাদেক আহমেদ তোমার ভালোভাসা পেয়ে আমি আজ ধন্য তুমি ছাড়া এত দিন আ… https://t.co/l2xLBY6RgY	Positive
4157	জে এ ডি কে ৫ টি এল ডি পি কে ৫ টি জাতিয় পার্টি (কাজি জাফর) কে ২ টি ঐক্য ফ্রন্টকে ৫ টি এবং জামায়াতে ইসলামকে এ পর্য… https://t.co/AFALgxtpsQ	Neutral
4158	যে-কোন রান তাড়া করে জেতা যায়, যে-কোন রান করেও জেতা যায়। এক হাতে ব্যাট করেও জেতা যায়। শুধু জেতাই যায় না, বড় ব্… https://t.co/GNgJ5iJ5S1	Neutral
4159	রং উঠছে আমার ও আমিও কাপর হয়ে যাচ্ছি,,, হয় আমি ধোয়ার মত না,,, হয় তো আমি টিসু পেপার,,, আমাকে ধোয়া তোমার ভুল ছি… https://t.co/dvnP3vkPjp	Neutral
4160	উদয়ের পথে শুনি কার বাণী, ভয় নাই, ওরে ভয় নাই-- নিঃশেষে প্রাণ যে করিবে দান ক্ষয় নাই তার ক্ষয় নাই।  বিজয়ের ৪… https://t.co/Kwx1UthoRt	Positive
4161	RT @H17OlsrTzV0ZxTS: ὄ9আসছে আগামী শুভ দিন নৌকা মার্কায় ভোট দিনὄD ὄ9আসছে আগামী শুভ দিন ধানের শীষে ভোট দিনὄD ὫBআপনি দেশের নাগরিক দেশের উন্নয়ন ও…	Neutral
4162	@Im_acs আওয়ামীলীগ এর পলিটিক্স এর সামনে বিএনপি এর মত বড়ো দল কাইত হয়ে যায় আর সেইখানে আমরা তো সাধারণ ছাত্র, তারউপর সমন্বয় নাই তেমন।	Neutral
4163	হোর্ডিং ঢাকা শহর আর ভিড় জমেছে বুকে বলছে সময় সব ভুলে যাও মাতো পুজোর সুখে কলেজ অফিস চলছে সবাই যে যার নিজের মতে মন প… https://t.co/5Brzl7wBPs	Neutral
4164	এর চেয়ে জীবনে খারাপ সময় কখনই আসে নাই, গত ৩০ দিনের ব্যবধানে ছোট ফুফা আর সেজ খালু মারা গেলেন। খালু মাত্র ৪৩ বছরে চ… https://t.co/4EXKl1hEvR	Negative
4165	শিশু ছাত্রদের উপর যারা গুলি লাটি চাজ করে এদের জবাব দিতে বাবা মারা তাদের হাত ও শক্ত করুন আর কত চুপ থাকবেন বাংলাদেশ বিক্রি করার পর?	Negative
4166	তিল দিয়ে পালং শাকের স্বাস্থ্যকর সালাদ । এই সালাদ জাপানে খুবই জনপ্রিয় । খুব মজার আর খুবই সহজে তৈরি করা যায় । এটা… https://t.co/mBGGbpUtQu	Neutral
4167	এটাই আমার সোনার বাংলাদেশ । দেশটা ঠিকি আছে শুধু তার আগের সোনাটা কেটে নিয়ে গেছে । যে মহিলা আজকে ধর্ষিত হোল সে তো কা… https://t.co/nGt3SVkaGE	Negative
4168	সুখী হতে চান ? তাহলে কখনো কারো ক্ষতি করবেন না। খেয়াল রাখবেন, আপনার দ্বারা কারো উপকার না হোক, কিন্তু কোনো ক্ষতি যেন না হয়।	Neutral
4169	ঠিক কি ভাবে শুরু করবো বুঝতে পারছি না। এতদিন যে পথে থাকার চিন্তা করছি, যে স্বপ্ন দেখছি , যে ভাবে ভাবছি সব কিছু যেন… https://t.co/86IydBuuox	Neutral
4170	আমার তো মন খারাপ হয়। ছোট ছোট মন খারাপ। ছোট ছোট বিন্দুর মতো মন খারাপ। শরীরে লুকিয়ে থাকা তিলের মতো মন খারাপ। মন… https://t.co/lo4ueQ3cFC	Neutral
4171	আমি জানি, একদিন আমিও এমনপতঙ্গের হৃদয়ের ব্যথা হব- সমুদ্রের ফেনা শাদা ফেনায় যেমনভেঙে পড়ে- ব্যথা পায়।মানুষের... http://t.co/QWBb6DyebS	Negative
4172	RT @zapalak: আজ ৭ ই মে,ইতিহাসের আর একটি কালো দিন। ২০০৪ সালের আজকের এই দিনে বিএনপি জোট সরকারের আমলে ব্রাশ ফায়ার করে নির্মম ভাবে হত্যা করে।…	Negative
4173	সাকিব কেন জুয়াড়িদের কথা আইসিসিকে জানাননি, বুঝছেন না হাবিবুল...	Negative
4174	সংসদের অভিশংসন ব্যবস্থায় বিচারকদের স্বাধীনতা একবিন্দুও ক্ষুণ্ণ হবে না:আইনমন্ত্রী http://t.co/WgyKgXFp69	Positive
4175	@TAZUL78 শুভ অার রইলো কই ঘুমাতে সময় পাই নি ৷ মোবাইল যতই গুতাই না কেনো মজা পাই না ৷ চোখে ঘূম ঘাড় ব্যাথা করে ৷	Neutral
4176	একটা রাত আঁধারে ছেয়ে গেছে একটা চাঁদ মেঘেতে ঢেকে গেছে। একটা ফুল ভ্রমরে ছুঁয়ে গেছে একটা ভুল অশ্রুতে ধুয়ে গেছে তুমি আমি কাছে আসায়।	Neutral
4177	মজার কিছু তথ্যঃ না হেসে পারবেন না . ১/ কোন খানা খাওয়া যায়না? উঃ কারখানা। . ২/ কোন বরের বিয়ে হয়না? উঃ খবরের। .... https://t.co/MPvrN8Txx0	Neutral
4178	@Ruhul_Amin_01 আস মামা এত টাকা দিয়া কিতা করবা টাকা কিতা সুখ দেয় নাকি মামা সিলেট থেকে ১৫হাজার টাকা কামালেই অনেক সবাই মিলে ভাল থাকতে পারবা	Neutral
4179	RT @Ali4198642: এই ভাই সব সময় ২০০১ থেকে ২০০৬ পর্যন্ত আটকে থাকে ২০০৮ থেকে ২০১৮ পর্যন্ত আর আসতে পারে না__ এরা নাকি দেশকে এগিয়ে নিয়ে যাবে✋ᾒ3…	Negative
4180	খেলা দেখে লাভ নাই,ওরা অপরাধী :p ( রমজানে 18++ post :p after 2 yrs :p ) ভাল লাগলে শেয়ার :p ভাইরাল না হলে খবর আছে :p… https://t.co/4NnqKBZmYD	Neutral
4181	ডঃ কামালের ২২ তারিখের সমাবেশে বিএনপি ও জামাতের লোক না গেলে,,, ৮০০-৯০০ জন লোক সমাগম করতেই,, তাদের কে ভোঁদৌড় দিতে হবে,,, আবার পুনদান দোচায়।	Negative
4182	@arif_rony2 ও আচ্ছা	Neutral
4183	বাংলাদেশ না - দেখছেন সম্ভব না হইয়া যাইব কই, এই সময়ের অপেক্ষায় ছিলাম , উনারা লুংগি কাছা মাইরা কখন নামবনে , শুরু ক… https://t.co/NUG39IhiQ1	Neutral
4184	বিরতিহীন ও কম সময়ের মধ্যে নেয়ার বিষয়টি পর্যালোচনা করছে সরকার http://t.co/bkxzVSLWNQ	Neutral
4185	আমি - কালো মুখে তিল ভরা মাথার চুল পাকা দুইটা দাত নেই শ্বাস কষ্ট জনিত ঘারের হাড় ফাটা কাধ এর হাড় বাকা হাতের কনুই… https://t.co/eWwAzqIBJT	Neutral
4186	#Janla গান নিয়ে কিছু বলার যোগ্যতা আমার নেই। সত্যি কথা এতো সহজে, এতো সহজ ভাবে গভীরের কথা বলা যায়? একই সাথে এই গান… https://t.co/34lHGuZDkV	Neutral
4187	তোমার শহরে মরে যাচ্ছে সতেজ প্রাণ। অথচ তুমি কিচ্ছু বলছ না! ঠিকই মানুষের মৃত্যুর পর তুমিই হয় যাও তাঁর বিশাল আপন।... http://t.co/NgxJEUSvft	Negative
4188	RT @msaif3109_m: নতুন বছরের প্রথম #জানুয়ারী মাসটি মনে হয় তাড়াতাড়ি করে চলেই গেলো । কোন দিন সবাই হ্যাপি নিউ ইয়ার নিউ ইয়ার করলো, অথচ মাস…	Neutral
4189	RT @tathagata2: বাঃ, এই তো চাই! আনন্দবাজার এইসব নিয়ে থাকলেই তো পারে ! শুধু @#£%#- কে তৈলমর্দনের জন্য রাজনীতি নিয়ে লেখার কি দরকার ? https:…	Negative
4190	RT @iamneogi: নিজে কে মনে হয়, বলে দি এই সবই ভুল ঝড়ে যাক পরে যাক আদরে ফোটানো ফুল চিন্তা তে তোর কাটছে প্রহর শান্তি নেই এই যন্ত্রনায়…	Neutral
4191	-- সরকারের গোপন দালাল ‘ বিএনপি পাবলিক মিডিয়া ’ হতে সাবধান ! ঐ গ্রুপের সব এডমিন একজনই@Fake ID@ Ahmed Fali @ Faruk P… https://t.co/f8Fi2ZJcGr	Neutral
4192	আইএস জঙ্গীর স্ত্রী ও শহীদ হতে চাওয়া এক তরুনীর কথা/ http://t.co/VvcF89Urn9	Positive
4193	দিন যত কাছে আসতেছে ততই চোখে খালি আকাশী নীল আর সাদা দেখতেছি। ৩২ বছর যাবত কাপ হাতে নিতে না পারার পরও ভালোবাসা একটুও ক… https://t.co/bSwjMgMdtf	Neutral
4194	যাবেনা তুমি কোন স্বপ্ন দেশে তবু আমি যাবো তোমার সাথে, কল্পনাতে একা একা জানবো তুমি আছো পাশে। Ὁ9 — listening to জানি ভুল করেছি আমি, আর্টসেল।	Neutral
4195	শুভ সকাল। সপ্তাহজুড়ে সারা বিশ্বে ঘটে যাওয়া নানা ঘটনার আলোচিত কয়েকটি ছবি দেখে নিতে পারেন	Positive
4196	RT @xZZw8YftEcumlmZ: কোত মাগিন কোথ বায় পাউয়াজায় এখন চাইরাম পাইনা চুদার জন্য পাগল হয়ে গেলাম চুদা চুদি জিবন মজা কি মজা চুদা দিবা না https…	Neutral
4197	ছুঁই - হাসান ইমতি ইচ্ছে হলেই হাত বাড়িয়ে যায় কি ছোঁয়া দুরের ঐ অনন্ত নীল আকাশ ? এত কাছে তুই তবুও খুব সহজে মন… https://t.co/jcr401o7TV	Neutral
4198	বয়ঃসন্ধি কালে ছেলেমেয়ে অনেক ভুল সিদ্ধান্ত নেয় ὠC যেমন : ৭ আপ টিম সাপোর্ট করেߘܰ! প্লিজ কেউ নাম জিগাইয়্যেন না!! নাম ছাড়া এ দল সবাই চিনে।	Neutral
4199	দুই বছরে কীভাবে ৮৯ কেজি ওজন কমালেন জেসন অ্যান্ডারসন	Positive
4200	গফরগাঁওয়ে পৌর কর্মচারী পরিষদের মানববন্ধ, থানা ঘেরাও:	Negative
4201	তাই তো কোন এক Security guard মজা করে বলেছিল লাখ লাখ টন জুসের বোতল বের হয় ... কিন্তু কোন দিন একটা আম ও Factory তে ঢুকতে দেখলাম না!	Negative
4202	RT @SkHarunOrRashi3: বালিকা তুই বরণ তার সাথে কথা বল. যার কথায় তোর হৃদয়ে সুখ জাগে. আমি না হয় network problem mone kore. তোর msg এর জন্য w…	Neutral
4203	রঙিন আকাঁশে উড়তে উড়তে যদি হয়ে যাস ক্লান্ত তবে পিরে আসিস আমার মনের ঘরে প্রেম ভালোবাসা দিয়ে তোর উড়ন্ত মনটাকে আমি করে দেব শান্ত...	Neutral
4204	RT @dailystarnews: কয়লা মন খারাপ করে নানান দিকে চলে গেছে, একথা যেহেতু বলার সুযোগ নেই, তাহলে কে বা কারা নিয়ে গেল কয়লা? লিখেছেন গোলাম মো…	Neutral
4205	আমি কাউকেই তেমন কিছু বলি না। কিছু বিষয় দেখি যেটা একবছর বা ছমাস বা তিন মাস আগে ভেবেছি সেটা লোকে এখন ভাবে আবার কাজেও… https://t.co/86Fd4A31oL	Neutral
4206	প্রযেক্ট ভিত্তিক এইচটিএমএল ৫ টিউটোরিয়াল – আইফোন এ্যাপ, গেমস্, পোর্টফোলিও সহ  আরও অনেক কিছু  http://t.co/MyahhAUouO	Positive
4207	পুলিশের নাগালে থেকেও নিখোঁজ সুদীপ্ত, নমিতারা  - EI-Samay http://t.co/uobvPe81xY via @Ei_Samay	Negative
4208	প্রত্যেকটি গান কিন্তু এক একটি জীবন | তারা জানে তাদের ভালো লাগা খারাপ লাগা | তারা ঠিক করে নেয় তাকে কে গাইবে, কে বা… https://t.co/If0KzLUUza	Neutral
4209	@Im_acs টপ সিক্রেট ইজ যখন মন খারাপ থাকে তখন আরো বেশি হাসি টু চিয়ার আপ মাইসেলফ, নাহলে একদম মুডের উপর থাকি কেউর সাথেই কথা বলিনা ὠ4	Neutral
4210	RT @MasoodSayedee: যখন আমরা ভালো কিছু করি, তখন তা আমাদের ভালো লাগে। কিন্তু .. আমরা যখন খারাপ কিছু করি, তখন কি আমাদের খারাপ লাগে ? #বিবেক…	Positive
4211	RT @artis_amir: কেউ ভুল করলে তার ভুলের উপর ছেড়ে যাবার নাম ভালোবাসা না,, বরং তার ভুলগুলো শুধরে দিয়ে,পাশে থেকে তার জীবনটা সাজিয়ে দেয়ার না…	Neutral
4212	যখন পাশের সিট এ বসে থাকা মানুষটা জাঙ্গিয়ার তল থেকে ৫০০ টাকার একখান নোট বের করে ২০ টাকা ভাড়া দিতে চায়। আমি পাশে ব… https://t.co/dMfK7iqNuf	Neutral
4213	অশ্লীল ভিডিও পাঠিয়ে বন্ধুত্বের প্রস্তাব !http:/t.co/E8gjTmQZKY	Negative
4214	২ দিন পর পর যে সব ছেলে মেয়েরা GF / BF পালটায়। তাদের কে দিয়া যদি বাংলাদেশ এর নাটক,ছবি,টি ভি সি, বানানোর ডাইরেক্টর… https://t.co/UWjR4bXJF3	Neutral
4215	তাছাড়া, হাসিনা আরও ০৫ বছর থাকার জন্য নিজের সিট গদি টিকিয়ে রাখার জন্য আর কি কি নতুন কৌশল যে অবলম্বন করবে তা সৃস্টি… https://t.co/BB8yCA4Tno	Neutral
4216	আমরা স্বাধীন আজ তাই ও ডিজে ও ডিজে ,আর বেবি ডল বেবি ডল কইরা স্বাধীনতার সুখ নিয়ে থাকি, কারন আমরা যে স্বাধিন ।... https://t.co/mM6zjNgiWx	Negative
4217	সুখের সময় হাজারো বন্ধু পাওয়া যায় কিন্তু দুঃখের সময় একটাকেও কাছে পাওয়া যায় না ॥	Negative
4218	তুমি ভালোবাসা খুঁজতে যেয়ো না, ও তোমার কাজ নয়। বরং খেয়াল করে দেখো তোমার ভিতরে কী কী প্রাচীর তুমি গড়ে তুলেছ যা তো… https://t.co/e9bFfocIvG	Neutral
4219	RT @HotSonai: তাহলে কেক খেয়েই ফেললাম । বড় দিনদের স্পেশাল বাঁড়ার কেক যা খেল আর যে খাওয়ালো সবাই মজা পেলো । এবার হল বড়দিন । Merry Chri…	Neutral
4220	আসন্ন জাতীয় সংসদ নির্বাচনে ঢাকা-৫ আসনে আওয়ামী লীগের সব থেকে যোগ্য ও সৎ প্রার্থী ঢাকা ৫ এর সংগ্রামী জননেতা জনাব হারুনর রশীদ মুন্না ভাই।	Positive
4221	RT @StarJalsha_: ছোট্ট গোপালের কাঁধে কিন্তু এক বড় দায়িত্ব। বাংলার সেরা রসরাজের মজার সফর কেউ মিস্ করে নাকি? দেখুন গোপাল ভাঁড় আজ থেকে এক ন…	Neutral
4222	প্রেমে পড়েছেন মাত্রই। সবে মাত্র ডেট করা শুরু করেছেন। কয়েকবার এর বেশি দেখাও হয়নি আপনাদের। প্রেমের সবচাইতে মিষ্টি... http://t.co/AuKG8g7AIL	Positive
4223	ভূমি দলিল নিবন্ধন সেবাতে এই দুর্নীতির চিত্র পেয়েছে টিআইবি   	Negative
4224	ভারতের আসামে নাগরিকদের যে তালিকা করা হয়েছে, তাতে বাদ পড়েছে ১৯ লাখ বাংলাভাষী বাসিন্দা	Negative
4225	পেঁয়াজ খাবেন, নাকি আপেল? পেঁয়াজ দিয়ে ডিম ভাজা খাবেন, নাকি ডিম দিয়ে পেঁয়াজ ভাজা? ...	Positive
4226	যারা বিগত ২০ বছর ধরে নারীর আঁচলের তলে থেকে রাজনীতি করেছিল এখন ও করছে তারা বিধাতার কাছে কি জবাব দিবে ? সাইনবোর্ডে বে… https://t.co/JyXEM8IonQ	Neutral
4227	সবাই ঘুম থেকে উঠছে আর আমি এখন ঘুমায়তে যাই, সকলে টুইটারে মজার গল্প লিখবে আর আমি ঘুম থেকে উঠে টুটারে এসে সবার লেখা… https://t.co/grjUkA0gkw	Neutral
4228	RT @Faceboo40565850: . জাপানের অসাধারণ খেলা দেখে পাশের বাসার ভাবি মুগ্ধ হয়ে বললেন-  খেলতে জানলে সাইজ কোন ব্যাপার না। কতো ছোট অথচ কি সুন্দ…	Neutral
4229	RT @MDSHARIF288: সোনা রূপা লংকের ঘরে রেখে ছিলামছিলাম তারে যাও পাখি বলো তারে সে যেনো ভুলে না মোরেসুখে থেকো ভালো থেকো মনে রেখো এই আমারে	Neutral
4230	RT @Reporter24YT: সকল পুরুষকে ন্যূনতম দু’টি বিবাহ করতেই হবে, দুই বউ না থাকলেই জেল! দেখুন যে কারনে এই আশ্চর্য আইন ! ( ভিডিও সহ )…	Neutral
4231	@AnuLikhon: শালার জীবন, টাকা কামাও, চুদাচুদি কর ...... বাল ছির যত পার তারপর একদিন ফুস ......... একদম সত্যি	Positive
4232	২০২৫ সালের মধ্যে প্রায় ২০০ কোটি মানুষ চরম পানি সঙ্কটে ভুগবে, বলছে জাতিসংঘ	Negative
4233	@Nowrin07 যে থাকার সে শতকষ্ট পেলেও থাকবে একটা সুখের শিকড় দরে,আর যে চলে যাবার সে শত সুখের মাঝে একটা ভুল বুযে বা ক… https://t.co/SRNPyWqhlv	Neutral
4234	কিছু কিছু দল আছে, খুব খারাপ খেলে, ৮/১০ টা গোল খায়, ১/২ টা বিশ্বকাপ জিতে!! বাট ব্রাজিল এত ভাল একটা দল, ৫ বারের বি… https://t.co/CEDezQOGub	Neutral
4235	মাঝে মাঝে মনে হয় পৃথিবীতে জন্ম নেয়া টা বুঝি সব থেকে বড় ভুল ছিল কেন...আর জন্ম নিয়ে এমন সম্যসা স মুখিন হতে হয়..… https://t.co/e8OwZPvujh	Negative
4236	@SeriousHoax আহা! একটা ভুলে এফ এ কাপ শেষ, ইউনাইটেড ডমিনেট করে এমন একটা ভুল করল যে আর শোধ করতে পারল না। তারপরেও ম্যাচ যে জেতে কাপ কেবল তার।	Neutral
4237	‘বিরতিহীন ও কম সময়ে চার পাবলিক পরীক্ষা নেয়ার বিষয়ে আলোচনা হচ্ছে’ http://t.co/RI2PoIGv2S	Neutral
4238	আজ ১১ই অক্টোবর, বৃহস্পতিবার, বিবিসি বাংলার প্রবাহ অনুষ্ঠানে অনুষ্ঠানে যা থাকছে: একুশে আগস্টের গ্রেনেড হামলার মামলায় বিএনপির দ্বিতীয় শীর্ষ নেতা তারেক রহমান থেকে শুরু করে আরও অনেকের সাজার পর প্রশ্ন উঠেছে, ২০০৪ সালে ওই হামলার নৈতিক দায় কি বিএনপি এড়াতে পারে? দলটি কি বলছে?  শুনবেন এ নিয়ে প্রতিবেদন। এদিকে এই মামলায় দন্ডপ্রাপ্ত যেসব আসামী বিদেশে রয়েছেন তাদের ফিরিয়ে আনার উদ্যোগ নেয়া হবে বলে জানিয়েছেন স্বরাষ্ট্রমন্ত্রী আসাদুজ্জামান খান কামাল। কিন্তু লন্ডনে রাজনৈতিক আশ্রয় নেয়া তারেক রহমানকে কি আসলেই দেশে ফিরিয়ে আনতে সক্ষম হবে বাংলাদেশ সরকার? শুনবেন এ নিয়ে। দুজন নভোচারীকে নিয়ে একটি রুশ নির্মিত রকেট সয়ুজ উৎক্ষেপন করার কয়েক মিনিটের মধ্যে সেটিকে আবার ফিরিয়ে আনতে হয়েছে। থাকবে এ নিয়ে প্রতিবেদন। ভারতের চলচ্চিত্র এবং মিডিয়া জগতে তোলপাড় চলছে যৌন হয়রানির নানা ঘটনা ফাঁস হওয়ার পর। কিন্তু ভারতের এই ‘মি-টু’ আন্দোলনের পরিণতি আসলে কী? থাকবে আরেকটি প্রতিবেদন।	Positive
4239	মহান লোকৰ মহান বাণী : Shaam tak khelenge , inki g#@nd phat jayegi - VK  ২-৩ দিন মান ধৰ্ণা দিম , ইহতৰ পকৰত জুই লাগিব - নাঙল গগৈ ὠ2ὠ2ὠ2	Neutral
4240	জীবনে সবচেয়ে রাগ হয় তার উপরে যে আমাকে insult করে সে বন্ধু হক না কেন but কিছু মানুষ আছে যাদের insult শুনতে মজা লা… https://t.co/y7OrSKEKcz	Neutral
4241	@TouchCrazy চাকুরি আমার কপালে নেই, অতি বৃষ্টির কারনে আমার চিংড়ি মাছের লিছ পানির নিচে এই ৫/৬ দিন ধরে। মন-মানসিকতা খারাপ তাই আশা হয় না।	Negative
4242	Ὁ0 আর কিছু বছর পর ছবিটা স্মৃতি হিসেবে রয়ে যাবে। Ὁ0 ὀ5 বাংলাদেশ ক্রিকেট কে এই সোনালি যুগে রঙিন করে দেওয়ার জন্য ধন্য… https://t.co/EGOm9zE3eV	Neutral
4243	 চুমুতে চিনি নেই, মধুও মেশানো থাকে না, তবুও চুমোর মতো মধুর স্বাদ জগতে আর কিছুতে নেই ___শীর্ষেন্দু মুখোপাধ্যায়	Positive
4244	I just uploaded a new video to @YouTube: এই ভিডিও দেখে আপনি কি বলবেন | দেখুন খুব সুন্দর একটি ভিডিও | মজার ভিডিও https://t.co/hJCGB9VDwN	Neutral
4245	মন ম্যাজাজ খুব খারাপ কী করা উচিৎ ?? — ঐ মিয়া আন্টিক করতে পারলে প্রশ্ন করেন না পারলে কেটে পরেন? মেজাজ আর কারে দেখা… https://t.co/4nmm4uJVlx	Negative
4246	যারা টাকা দিয়ে আম কিনে তাদের কি আম কিনাটা অপরাধ ছিল তাদের এই ঘাটতি কে দিবে । দেশে প্রকৃত অপরাধী ধরা ছোয়ার বাইরে ভুক্তভোগী ব্যবসায়ী	Neutral
4247	মজার মজার জোক্স পেতে ভাই এর পেজ এ উকি মেরে আসেন আমি অনেক মজা পেলাম বিদ্রহ আমার কিছু বলার নাই। ফাও গালাগাল দিয়ে নি… https://t.co/dYXyKXaYXN	Neutral
4248	RT @rikhiya640: ছোট বেলাটা খুব মজার ছিলো তখন রোজার সময় ভোর রাতে ওঠে খাইতাম আবার দিনেও খাইতাম..... কাকু বলতো তুই কয়টা রোজা রাখস আমি ব…	Neutral
4249	RT @Afiya89645364: কার বেশী ভুল ছিল যানিনা হয়তো আমার , নয়তো তোমার একাচীত্ব আর নিরবতাকে সাক্ষী রেখে এইটুকু বলতে পারি !! আজো অনেক অ…	Neutral
4250	হাই ব্রেক-আপ বাসী আড্ডা দিতে চলে এলাম আমি মায়াবী :D . কে কেমন আছ? আর রাত জেগে কি করছো ? কারো মন খারাপ ?থাকলে বল… https://t.co/15zRdnZdbx	Neutral
4251	শাইখ সিরাজ বাংলাদেশী সাংবাদিক, কৃষি উন্নয়ন ও গণমাধ্যম ব্যক্তিত্ব। শাইখ সিরাজ কৃষি সাংবাদিকতাসহ নানামুখী... http:/t.co/C051bwe7PX	Neutral
4252	বিশ্বের সবচেয়ে বড় পরিবার! (ভিডিও) | Last News BD .com http://t.co/ypPNu7G2hj	Positive
4253	ভুল না হয় আমারই ছিলো বেশি করোনি ক্ষমা করেছো দোষী অভিমান লুকিয়ে রাখো যদি থাকবো সারাজীবন অপরাধী প্রতিশোধ নেবে নাও আমি বাধা দেবো না	Neutral
4254	আন্টি ভালো আছেন ? :) আমাকে চিনতে পেরেছেন তো ? :) আমি জুয়েল মামার ভাগিনা :) বেবী মামীর ভাগিনা :) মনে আছে ? BAFA (Ba… https://t.co/rIZoPPaPFw	Neutral
4255	মানুষের মনে যখন সুখ থাকে তখন হেসে বেড়া ।আর যখন কষ্ট থাকে তখন কেঁদে বেড়া । আমার জীবনটা ঠিক তেমন । এখন শুধু কেঁদে… https://t.co/WxqR05DmYu	Neutral
4256	RT @justsmiley10: আমি মেঘের মতো চেয়ে থাকি, চাঁদের মতো হাসি, তারার মতো জ্বলতে থাকি, বৃষ্টির মতো কাঁদি, দূর থেকে বন্ধু আমি শুধু তোমার কথা ভা…	Neutral
4257	বিশ্বকাপের পর বাংলাদেশ ও আফগানিস্তান একমাত্র টেস্ট ম্যাচে মুখোমুখি হবে আগামীকাল ৫ই সেপ্টেম্বর। ম্যাচের আগে এক সংবাদ সম্মেলনে টেস্ট দলের অধিনায়ক সাকিব আল হাসান বলেছেন যে তাদের “টার্গেটই হচ্ছে বেসিক কাজগুলো ঠিক করে করার”। এর আগে গতকাল এক সংবাদ সম্মেলনের আফগানিস্তানের কোচ অ্যান্ডি মোলস বলেছেন যে তাঁর “বাংলাদেশ দলের প্রতি অনেক শ্রদ্ধা রয়েছে কিন্তু তিনি দলটিকে ভয় পান না”।	Positive
4258	হে আল্লাহ, আমাকে সৎ কাজ ও সৎ চরিত্রের প্রতি অটল থাকার এবং অসৎ কাজ ও অসৎ চরিত্র থেকে বিরত থাকার তাওফিক দাও। (আমিন) Ἷ5️Ὂ0Ἷ5️Ὂ0Ἷ5️	Neutral
4259	নিজের বয়স নিয়ে কী বললেন রশিদ খান, জানতে চাইলে শেষ পর্যন্ত দেখুন	Positive
4260	কুরআন ও সুন্নাহর আলোকে দানশীলতা ও কৃপণতা.	Neutral
4261	RT @raktobd: রগ কাটা শব্দ টা গুজব আর যদি রগ কাটাই হত তাহলে ওই মেয়ে পায়ে দাড়াতে পারত না। ক্যামেরার সামনে ভংচং করা পারত না মোর্শেদা ওই হ…	Neutral
4262	ক্যালকুলেটরের মধ্যে বিশেষ ডিভাইস বসিয়ে বাইরে থেকে উত্তর...	Positive
4263	RT @oshuvoshamim3: আজকাল মন খারাপ দেখলেই ফ্রেন্ডরা জিগায় দোস্ত ছ্যাকা খাইলি নাকি? :/ এই ছ্যাকা ছাড়া কি মন খারাপের আর কোন কারন নেই ফ্রা…	Neutral
4264	এই রকম ভাবে কেও নিজের fan খবর কেও রাখে দেখিনি আজ দেখলাম আর যে রাখে সে কোনো সাধারণ মানুষ নই র হতেও পারে না মহান এত উ… https://t.co/x4edrwBLKT	Positive
4265	১৬ আসামির কার কী ভূমিকা ছিল...	Negative
4266	RT @muhammedmizank1: ঈদ মোবারক ὠ3ὠ3ὠ3ὠ3 ঈদ মোবারকὠEὠEὠE ঈদ মোবারক Ἶ1Ἶ1Ἶ1Ἶ1 এই ঈদে আমাদের সবারই জীবন ভয়ে আনুক অনাবিল আনন্দ সুখ ও সমৃদ্ধি ও হাসি খুশি এ…	Positive
4267	আঃ হালিমের খুটির জোড় কোথায় সরকারি গাছ কর্তন করার ৬দিন পেরিয়ে গেলেও মামলা হয়নি অভিযুক্ত শিক্ষকের বিরুদ্ধে... http://t.co/ZhElgZkaBEnu	Negative
4268	আমার বাংলাদেশ , চোখে পানি চলে আসল , দেখেন যারা এই জেনারেশন বলে গালি দেন দেখেন , চোখ ফেল ফেল করে দেখেন , এই জেনারেশ… https://t.co/mRg0OlENl6	Positive
4269	@MamataOfficial শক্তি দায়িনী দাও মা শক্তি .             ঘুচাও দীনতা ভীরু আবেশ আঁধার রজনী ভয় কি জননী .            … https://t.co/TS2syQY724	Positive
4270	নার্সদের পর এবার ইন্টার্ন চিকিৎসদের ধর্মঘট: সেবিকারা ফিরলেও শিক্ষানবিশ চিকিৎসকরা কর্মবিরতিতে চলে গেছে। ফলে রাজ... http://t.co/HTMJWju3ZM	Negative
4271	RT @bub8g: প্রশ্ন সংসার কি? এখনো অর্থটাই খুজি! কিছুটা হলে ও বুঝি! তবু ও চুপ করে থাকি। সুখ কি? পৃথিবীতে কে আছে সুখী! তাকেই আমি খুজি! সুখ…	Neutral
4272	আমি মনে করি কোনো তারকা রাজনীতি না করাই ঠিক, তারা যদি রাজনীতি করে, আমি মনে করি সেটা রাজনীতি নয় সেটা ফাজলামি , কারন… https://t.co/TJ8XatYdKg	Negative
4273	যারা দুর্নীতি, সন্ত্রাস ও মাদককে প্রশ্রয় দেবে না, আমি তাদের পক্ষে...	Positive
4274	Shahjahan Shourov ছেলেটা শুধু লেখেই ভালনা, মুরগী ভাল রাঁধে, চা ও।	Positive
4275	বদির গদি ঠিকই থাকল , একরাম হল বলির পাঁঠা । এক জন মাদকের গড ফাদারের জানাজায় এত মানুষ কেমনে হয়. ? নাকি কোন ভুল ? জাতি জানতে চায় ।	Neutral
4276	জীবনবাজি রেখে দুটি হরিণকে উদ্ধার করলো দুই ব্যক্তি [ভিডিও] বিস্তারিত-  http://t.co/PwToXzYoZ5 http://t.co/m2Bi5rbsHO	Positive
4277	কারা এরা ? কে দিয়েছে এত তেজ ? পোড়া মবিল মুখে মাখিয়েছে বাদ যায়নি স্কুল ড্রেস ! বাদ যায়নি রিক্সা চালক , বাদ… https://t.co/hLN5dsUIF0	Neutral
4278	খেলার মাঠে যাওয়ার সুযোগ সবার হয়তো হয়ে ওঠে না।ভাদ্র মাসের এই তালপাকা গরমে অনেকে ঘরে বসেই লুডু কিংবা দাবার মতন নানারকম ইনডোর গেইম খেলে থাকেন। আপনার তোলা এমন ইনডোর গেইমের ছবি/ভিডিও পাঠিয়ে দিন বিবিসি বাংলার ফেসবুক মেসেঞ্জারে। সাথে লিখে পাঠান নিজের নাম-ঠিকানা, ছবি তোলার স্থান, ফোন নম্বর এবং ই-মেইল অ্যাড্রেস। বাছাইকৃত কয়েকটি ছবি/ভিডিও প্রচার করা হবে বিবিসি বাংলার টেলিভিশন অনুষ্ঠান বিবিসি প্রবাহে আগামী ২রা সেপ্টেম্বর,  সোমবার। ছবি: GettyImages	Positive
4279	আকাশে বৃষ্টির ভারী মেঘ কেটে গেছে। উজ্জ্বল হয়ে উঠেছে শ্যামল প্রকৃতি। ধানগড়া, রায়গঞ্জ, সিরাজগঞ্জ, ২৮ অক্টোবর। ছবি: সাজেদুল আলম	Positive
4280	এরা শিক্ষিত ও সুস্থ্য সমাজ চায় না। এরা চায় শুধু টাকা - তা হোক বৈধ বা অবৈধ উপায়ে। এদের বিষয়ে কঠিন পদক্ষেপ নেয়া… https://t.co/IGQpeh53hz	Negative
4281	@mariya_919 ব্লুটুথ তো আমার কাছে আরো বিরক্ত লাগে, যেটাতে এক কানে শোনতে হয়। এক কানে শুনলে আমার সে কানে চুলকায়ὡCὡC মেয়েদের কষ্ঠ খারাপ হয় না।	Neutral
4282	'কারাগারে যাওয়ার সময়ে খালেদা জিয়া সুস্থ ছিলেন। এখন তিনি বিছানা থেকে উঠতে পারেন না, নিজের খাবার খেতে পারেন না, তিনি হাঁটতে পারেন না। বিএসএমএমইউতে তাঁর...	Negative
4283	যতই মহান সাজার চেষ্টা করেন না কেন, হে দেবতা। দিন শেষে আমার পূজা ছাড়া আপনি অচল। এমন অবিচারের পর আপনার আরশ চুরমার হয়ে যাক।	Negative
4284	বিএনপি সরকারের পতন চায়, এটা কোনো গোপন কথা না। ঠিক তেমনি দেশ শাসন করতে চায়, এটিও গোপন কথা না। সুতরাং বিএনপি কোনো ষ… https://t.co/Nx0oPuQu7L	Neutral
4285	দুই অমানুষিক কিপারের খেলা হইলো বাকি ২০ জন প্লেয়ার জাস্ট অলংকার ছিল টেক এ বাউ ক্যাসপার স্মাইখেল বাট সুবাসিচ ইউ আর দ্যা হিরো অব টুনাইট	Neutral
4286	ফুটবল এর শেষ দিন এর ফাইনাল খেলা দেখে বাসায় ফিরে আসার সময় মনে হয় দূর্গাপূজা এর ভাসান শেষ করে মা কে বিদাই দিয়ে বা… https://t.co/zuN20T1yfQ	Neutral
4287	@nusratjahanjeni আজ আমার মন খারাপ এ বিষয়ে কথা বলতে ইচ্ছে করছে না জেনি সরি কিছু মনে কর না ।। আমার প্রিয়তমা দুরারোগ্য ব্যাধিতে আক্রান্ত ।।	Neutral
4288	সুনামগঞ্জ ও হবিগঞ্জে প্রতিবাদ, মানববন্ধন: যুক্তরাজ্যের ভিসা প্রক্রিয়া বাংলাদেশি নাগরিকদের জন্য দিলি্লতে স্থানা...	Neutral
4289	মেসি কি একা খেলেছে খেলা না কি অন্য কেউ? দলের মধ্য কয় জন ছিল খেলাড়ি তা কি বলতে পারবে? ফেসবুক ওপেন করলে অন্য সাপোর্… https://t.co/jjTTR2pQgp	Neutral
4290	যখন দুইজন মানুষের একে অপরের প্রতি ভালোবাসা হয়, তখন কোনও সময় খুব বড় হয় না, কোন দূরত্ব খুব বেশী দূরে নেই এবং কেউ… https://t.co/s6hG0Pv8wE	Neutral
4291	RT @k_zahidul: বাংলাদেশ এখন পরিনত একটি ক্রিকেট দল। বিশ্বর যে কোন দলকে পরাজিত করা এখন আর কোন চমক বরং স্বাভাবিক। অভিনন্দন টাইগার বাহিনী এগি…	Positive
4292	অভাবী পারুল স্বপ্ন দেখেছিল সুন্দর জীবনের। চেয়েছিল একটু সুখ ও শান্তি। তাই সরল বিশ্বাসে দেহ, মন উজাড় করে দিয়েছিল - http:/t.co/TRpYRW8Txu	Positive
4293	ঘর ভর্তি ধোঁয়া .. এটা ১৭ তম সিগারেট হাতে নিয়ে ইফতি অন্ধকার ঘরে এদিক থেকে সেদিক হাঁটছে। ফোন করল এলাকার এক ছোট ভাই.… https://t.co/haNA6xnm5w	Neutral
4294	তুমি পৃথিবীতে এই মোরে করেছ অনেক বেশি ঋণী তোমার নিঃস্ব প্রেম বড় সুন্দর জীবন দিয়েছে কতখানি। ὠD #জীবন সুন্দর ὉC #ভালোবাসা নিও প্রিয় ὉC	Neutral
4295	বিদ্যালয়বিহীন গ্রামে ৮০৭টি বিদ্যালয় প্রতিষ্ঠা করা হয়েছে : সংসদে প্রাথমিক ও গণশিক্ষা মন্ত্রী http://t.co/JrPbicmDvz	Positive
4296	শুধু কথার পেচে পরে আমারা কেন নিজের জীবন নষ্ট করি ভিডিও টা দেখে খুব খারাপ লাগলো শুধু মাত্র একটু জেদ এর কারনে এই লুক… https://t.co/oMvJwNcvYQ	Neutral
4297	RT @Black_Sobuj: শিক্ষিকা ক্লাসে এসে ঘুমিয়ে পড়ছে তো কি হয়ছে? সে ও তো একটা মানুষ? তার শরির ও তো খারাপ থাকতে পারে? এটা নিয়ে এত আলোচনার কি…	Positive
4298	দীর্ঘ যাত্রায় যদি একটা ভাল হেডফোন না থাকে তাহলে কি যে যন্ত্রণা সেটা সবাই বুঝেন আশা করি সবাই সমবেদনা জ্ঞাপন করে আমার মনঃকষ্ট লাঘু করুন :3	Neutral
4299	মেসেজ তোমায় দিতে মানা, ভাবছি মুখে বলবো কিনা, আমি এলাম চাটগাঁ শহর, দেখবে এলে, দুয়েক নজর, ঘুরবো কদিন নিজের দেশে, ফিরবো ঢাকা ছুটি শেষে।	Neutral
4300	ঈদের ছুটির পর আবারও শুরু হচ্ছে বিবিসি ক্লিক। এ সপ্তাহে দেখবেন- * ফর্মুলা রেসিং কার বাংলাদেশ থেকে যাচ্ছে জাপানে * অ্যালার্মেও নিরাপদ নয় গাড়ি * পুরনো কারে নতুন ইলেকট্রিক * উড়ন্ত আর সোলার কারের খবর- চোখ রাখুন চ্যানেল আইতে আজ সন্ধ্যা ছয়টায়। বিবিসি ক্লিকের পর্বগুলো দেখতে পাবেন আমাদের ইউটিউব চ্যানেলেও - https://bbc.in/2zhqSn6	Positive
4301	বাংলাদেশি কোন গান ৬ কোটির উপর ভিউ তা আমি জিবনে প্রথম দেখলাম তাও মাত্র দের মাসে। তবে এর চেয়ে ভাল লাগছে - ট্রফি রে… https://t.co/GGshqxqjyE	Neutral
4302	বাগদাদির সন্ধান পাওয়া যায় সহযোগীর মাধ্যমে...	Positive
4303	RT @HotSonai: নতুন বছর তোমাকে মুখ থেকে গাঁড় পর্যন্ত সুখ দিক ὡA কোনো খানকীর ছেলে যেন তোমার বালও না ছিঁড়তে পারে তুমি সফলতার এতো উপরে উঠো…	Neutral
4304	আমি সবার কাছেই হেরে যাই, হেরে গিয়েই প্রকৃত সুখ পাই তাই। সবার কাছে বড় হতে ইচ্ছে করে না আমার তাইতো ছোট হয়েই থাকতে চাই।	Neutral
4305	সুন্দর একটা দিন পার করা তাহার সাথে☺ # আহসান মঞ্জিল, # হাজির বিরানী, # ঢাকা ভার্সিটি, # ঢাকা মেডিকেল কলেজ ὠDὠD✌✌ — feeling loved	Positive
4306	অনেকদিন পর আজ ও কল করল । ভাবছিলাম প্রাণ ভরে কথা বলব । কিন্তু না, তা আর হল না । মিনিট পাঁচেকের মত কথা বলার পর ও বল… https://t.co/ngPtOqCcBx	Neutral
4307	RT @iamSHR143: কলম্বিয়া যে একটা বাজে দল তা ২০১৪ সালেই বুঝিয়ে দিয়েছে!ὢ1 গত কালকেও তাদের ৬টা হলুদ কার্ড ই বলে দেয়। কতটা বাজে দল তারা!ὄE এরা…	Negative
4308	দারুণ সাহসিকতার পরিচয় দিয়ে কুমিরের মুখ থেকে ৯ বছরের বান্ধবীকে বাঁচিয়ে আনা এক বিষ্ময়কর শিশুর গল্প...	Positive
4309	এই যে ভাল খবর! আহ ! মন ভাল করা খবর, কেবল বাংলাদেশ জাতীয় ক্রিকেট দল-ই দেয় ইদানীং। :) &lt;3 পুরুষ দলটাও যদি ভাল খবর দি… https://t.co/Eugb87BjZV	Neutral
4310	শেষ কবে তুই ছুঁয়েছিলি, এই হাতটাকে ? শেষ কবে তুই চেয়েছিলি, এই আমাকে ? শেষ কবে তুই হেটেছিলি, এক সাথে এক পথ। শেষ ক… https://t.co/7YCSKld1mD	Neutral
4311	আমি রাত জেগে, রাত জেগে রই আমি নিজের মত রই রাত ফুরালে দিনের আলোই বিষে মাতাল হই রে আমি। রাত ফুরালে দিনের আলোই বিষে... https://t.co/er8Y8nTmP9	Neutral
4312	দেখ ভাই গাঁজা খাওয়া ভালো না ...কারন গাজা খেলে অথচ আটি চুষলে না হলে হবেই না বরং আমি তো প্রথমে শাকিব খান ও অভিনন্দন… https://t.co/SD8yldBj7v	Neutral
4313	@Delowarhafiz বিএনপি করি বলে মা বললো ভোট দেওয়া লাগবে না ভোট দেওয়া হয়ে গেছে ওপেন ডিক্লার যারা বিএনপি করবে তারা ভোট কেন্দ্রে যেতে পারবে না	Negative
4314	তালিকাচ্যুত: বিনিয়োগকারীদের গচ্চা দুই’শত কোটি টাকা **********************************************নানা অনিয়ম ও... http:/t.co/LkVfyxk0pe	Negative
4315	আমি দেখলাম আমার চোখের সামনে মা'কে মেরে ফেলা হচ্ছে। আমার কোনও শক্তি ছিল না। আমি তাকে রক্ষা করতে পারিনি 😢 😢 😢	Negative
4316	ইয়াবা ও গাঁজাসহ গ্রেফতার ৫	Negative
4317	শুধু লজিক দিয়ে দুনিয়া চলে না ... মিসির আলি যেমন সত্য , হিমু - ও তেমন - ই সত্য ... ঢাকা শহরের রাস্তা - ঘাট , অ… https://t.co/OibWrW5pmC	Neutral
4318	RT @shahin7099: দেখতে শিমুল ফুল কতোইনা সুন্দর. সুভাষ নাই বলে কেউ করেনা কদর. রুপে মানুষ বড় নয় বড় হয় গুনে. অসুন্দর কোকিলের গান সকলেই শুনে…	Neutral
4319	আপনাকে যদি দশ লক্ষ টাকা দেয়া হয় আর বলা হয় এটা ঘনিষ্ঠ বন্ধুর সাথে ভাগাভাগি করে একদিনে খরচ করতে হবে। কে হবে সে... https://t.co/Qf2knlXsAE	Neutral
4320	মানুষ বড্ড অসহায় ... তার জিতলেও কাউকে লাগে, তার হারলেও কাউকে লাগে ... এক মুঠো সুখ হোক আর এক মুঠো দুঃখ হোক, তার... https://t.co/h8D6zcYGQ0	Neutral
4321	@Dream__Galaxy ভুল জানেন,,, ইতিহাস বদলে গেছে অনেক আগে,,, আগে প্রেম করে না পেলে মরে যেতো আর এখন বিয়ে করে বর সাথে বাড়ি ফিরে,,, বুঝলেন,,,,,	Neutral
4322	@Tazul9411 জি তাজুল ভাই । আর মাত্র ৪ টি ম্যাচ । ২ টি সেমি , ১ টি তৃতীয় স্থান নির্ধারণ, ও ১ খান ফাইনাল। এরপর বিদায়… https://t.co/kZaoi3hMqg	Neutral
4323	অর্থনীতির সানি লিওনি আমরা অনেকদিন আগেই পাইসি আজকে ক্রিকেটের সানি লিওনিও পাইলাম । থ্যাংকস তামিম ইকবাল ।	Neutral
4324	ভালোবাসা এক অদ্ভুত ও রহস্যময় অনুভূতি। যেখানে সবকিছু শেষ হয়ে গেছে। সেখানেও অবুঝ মন জানতে চায় কেমন আছে সে। মন চায় প্রতিদিন তার খোঁজ নিতে।	Neutral
4325	পুলিশ বাহিনী তে ভাল এর চে খারপ এর পরিমান বেরে গেছে যা সমাজ এর ভারসাম্ম নষ্ত করছে। খারাপ ঘুষখোর পুলিশ গুলু কে একন... https://t.co/5HT9DIBkg1	Negative
4326	নিজের খারাপ বা বাজে অভ্যাসগুলো পরিবর্তন এর সর্বোত্তম সময় হলো রমজান মাস। আসুন, শুধু এই রমজানে নয়, সারা মাস ৫ ওয়াক্ত নামায পড়ি ὠA	Positive
4327	বিবিসি বাংলার আজকের প্রবাহ অনুষ্ঠানে যা থাকছে: ১. বাংলাদেশে আসন্ন নির্বাচনকে সামনে রেখে বড় দুই রাজনৈতিক জোট তাদের প্রার্থী বাছাইয়ের প্রক্রিয়া শুরু করেছে। এই দুটি জোটে শরিকদলগুলোর মধ্যে আসন বন্টনের ব্যাপারে কী ধরনের দরকষাকষি চলছে? থাকবে প্রতিবেদন। ২. আওয়ামী লীগ নির্বাচন করছে জাতীয় পার্টিসহ আরো কিছু ছোটখাটো দলের মহাজোট নিয়ে আর বিএনপিকে এবার নির্বাচন করতে হচ্ছে নিজেদের ২০ দলীয় জোট এবং নবগঠিত জাতীয় ঐক্যফ্রন্ট- এই দুটো জোটে থেকে। এরকম পরিস্থিতিতে প্রার্থী বাছাই করা কাদের জন্যে কঠিন হতে পারে- শুনবেন বিশ্লেষণ। ৩. বাংলাদেশের মত দেশে নির্বাচন সুষ্ঠু ও নিরপেক্ষভাবে অনুষ্ঠানের জন্যে বিদেশী পর্যবেক্ষকদের উপস্থিতি কতটা গুরুত্বপূর্ণ? থাকবে প্রতিবেদন	Positive
4328	শোনরে মেয়ে,আমায় দেখে মুখ ঘুরিয়ে চলে গেলে কী হবে? তুই তো আমার জন্য এসে ছিলি।। আর ভয় পাস না আমি একি ভুল বার বা… https://t.co/A34YOuGruc	Neutral
4329	এমনতো প্রেম হয় ও… চোখের জলে কথা কয় নিজে নিজে জ্বলে পুড়ে ও… পাষাণে বাঁধে যে হৃদয় ও… যা কিছু আমার ছিল দিয়েছি তা… https://t.co/eMmpBaPPTd	Neutral
4330	কালকের দিন আগামী সময়ের নতুন বাংলাদেশ এর জন্ম দিতে পারে। সকাল সকাল সবাই যেন ভোট দিতে যান এই কামনা। গুড লাক মাই বিলাভড্ বাংলাদেশ।	Positive
4331	তোমার যদি মনে হয়ে থাকে যে দিনে ২৪ ঘন্টা না হয়ে ৩০ ঘন্টা হলে ভালো হতো তাহলে এই লেখাটি থেকে জেনে নাও Elon Musk এর অ… https://t.co/Qw4jwUNrOE	Neutral
4332	তোমার দুঃখের কথা কারো সাথে শেয়ার করোনা কারণ অল্প সংখ্যক মানুষ সেটা শুনে কষ্ট পায় আর বেশির ভাগ মানুষেই সেটা শুনে মজা পায় ὡ5ὢ5 . #নিরুপমা	Neutral
4333	এই প্রথম আমার জন্য কেউ কবিতা লিখলে কবিতাটি দেখে চোখের জল ধরে রাখতে পারলাম না কারণ এত ভালোবাসা এত মমতা এর আগে কেউ দে… https://t.co/ah1ujXe4XV	Positive
4334	দুই বছর আমার লগে প্রেম করিয়া তুই নাকি ময়না আমায় করবিনা বিয়া আমি এই জ্বালা সব কেমন করে.. মইরা যামু যদি না পাই তো… https://t.co/Tamjz9L4YS	Neutral
4335	রাজশাহীর বাঘা উপজেলার খোর্দ্দ বাউসা গ্রামের আমবাগানটিতে বাসা বানানো পাখিদের পাশে দাঁড়িয়েছে...	Positive
4336	আমার তোমায় জ্বালানোর কোন ইচ্ছে নেই, কখনও হবে না। শুধু এটুকু-ই খারাপ লাগে, নিজে যেচে তুমি কখনও আমার খবর নিলে না, কখনও নেবে না! By.FJS	Neutral
4337	জীবনের খুব খারাপ এবং ব্যাস্ত সময় যাচ্ছে। সব কিছু মেনেজ করতে খুব বেশি ই কষ্ট হয়ে যাচ্ছে। যাদেরকে যে কথা দিয়েছি, একটু সময় দিবেন প্লিজ। ὡEὡE	Negative
4338	কাউকে হাড়ানোর ভয়ে যদি চোখে জল আসে ভেবে নিবেন সেটাই ছিল প্রকৃত ভালোবাসা &lt;3 ( অনেক বেশি love u মা ) — feeling loved	Neutral
4339	RT @arafatul: গত এক দশক ধরে জার্মান রাজনীতি খুব কাছ থেকে দেখছি৷ সেই অভিজ্ঞতার আলোকে জার্মান রাজনীতির তিনটি দিক তুলে ধরেছি এই ব্লগে যা থেকে…	Neutral
4340	 মহান আল্লাহ বলেন: আর তোমরা নিরাশ হয়ো না এবং দুঃখ করো না। যদি তোমরা মুমিন হও তবে, তোমরাই জয়ী হবে। ------(সূরা আল ইমরান-১৩৯)	Positive
4341	মুশি ভাইয়ের এশিয়া কাপের এই ছবি দেখলে মনে হয়ে যায় ম্যাচ হারার যে কি জ্বালা। আমার মনে হয় এখন আর সেই কষ্ট হয়না… https://t.co/6eh2vLpEsC	Neutral
4342	RT @TAZUL78: মৃত্যুকে বলেছি, একটু দূরে থাক, এক বুক ভালোবাসা ধরে আছি বুকে সমস্ত বিলিয়ে দিতে দেরী হবে, আরো একটু দেরী হবে জানি .... …	Neutral
4343	RT @MasoodSayedee: অতএব কেউ অণু পরিমান সৎ কাজ করলে সে তা দেখবে আর কেউ অণু পরিমান অসৎ কাজ করলে সেও তা দেখবে। আল কুরআন সুরা আয্ যিলযাল আয়াত…	Neutral
4344	একটি সুখ মানুষকে সারা জীবন হাঁসায় না ,কিন্তু একটি দুঃখ মানুষকে সারা জীবন কাঁদায় । তাই নিজের সুখের জন্য কোন দিন ও কাউকে দুঃখ দিও না ।	Positive
4345	তোর জন্য চিঠির দিন, খুশির কমিক্স বই | ✍️ মাধ্যমিকের বাধ্য মেয়ে, তোকে ছোঁব সাধ্য কই ? ᾑ8 Ὁ0 ἴ1 তোর জন্য গলির পথ, বিকেল… https://t.co/zF4lOnUDyj	Neutral
4346	শাক দিয়ে মাছ ঢাকা যায় না রে মনুὠ2ὠ2 মোটকথা, তাদের মাইর দিতে হবে! প্রচুর মাইর দিতে হবেὢ1 এতো মারতে হবে যে উঠে যেনও দাঁড়াতে না পারে὇F	Neutral
4347	ভুল চিকিৎসা এবং দায়িত্বে অবহেলা বা আন্তরিকতার অভাব যে এক নয় এটা আমাদের আগে বুঝতে হবে। সঠিক সমস্যা নিরুপন করতে না পারলে সমাধান সম্ভব নয়।	Neutral
4348	কি হবে পড়া লেখা করে আমার সমবয়সী পড়া লেখা না করা বন্ধু মাস শেষে পনেরো হাজার টাকা পায় কাজ করে তো আমার উচ্চ লেভেল… https://t.co/7RfRXDMNgR	Negative
4349	আমরা যা ভাবি তা ঠিক না, যা ভাবি না তা ভুল না, যা ভাবি তা হয় না, যা হয় তা ভাবি না, কথার পরও অনেক কথায় থাকে, কিছু… https://t.co/4ZXwjOnUed	Positive
4350	RT @Dream_Waterman: এক বস্তা মজা লাগে তখন; যখন full volume হেডফোনে গান শুনি, আর একোই তালে গান গাই, আশেপাশের লোকজন তখন চাইয়া থাকে, বুঝতে পা…	Neutral
4351	বিবিসি বাংলায় এখনকার প্রধান খবর, ব্রিটিশ সরকারের একজন প্রভাবশালী মন্ত্রী বলেছেন, ব্রেক্সিট সংকটকে কেন্দ্র করে ব্রিটেন এক কঠিন সময়ের ভেতর দিয়ে যাচ্ছে। ঢাকা বিশ্ববিদ্যালয়ে ডাকসুর নতুন নির্বাচনের দাবিতে অনশন অব্যাহত রেখেছেন শিক্ষার্থীরা। নতুন করে নির্বাচনের দাবিতে শিক্ষার্থীদের এই আন্দোলনের গন্তব্য কোথায়? শুনবেন এ নিয়ে বিস্তারিত। এই সঙ্কটের সমাধান কোথায়? থাকবে বিশ্ববিদ্যালয়ের উপাচার্য মো: আখতারুজ্জামানের সাক্ষাৎকার। আরো খবর, জাতিসংঘের নিরাপত্তা পরিষদে জৈশ-ই-মহম্মদের প্রধান মাসুদ আজহারকে 'গ্লোবাল টেররিস্ট' হিসেবে চিহ্নিত করার প্রস্তাব চীনের বাধায় আবারও প্রত্যাখ্যাত হয়েছে। সাথে থাকবে খবরের সবশেষ শিরোনাম। এসব নিয়েই বিবিসি বাংলার প্রবাহ। শোনা যাবে রেডিও আর অনলাইনে, তা ছাড়া ফেসবুকে বিবিসি বাংলার পাতায় দেখা যাবে লাইভ স্ট্রিমিং	Positive
4352	সাতক্ষীরা টু ঢাকা খুলনা টু ঢাকা বরিশাল টু ঢাকা ঢাকা টু সাতক্ষীরা ঢাকা টু খুলনা ঢাকা টু বরিশাল বাস টিকেট পেতে আজই ফোন করুন 01710-862325	Neutral
4353	কেউ হিংসা করে বাজে কথা বললে আমি মজা পাই এই ভেবে, আমি মনে হয় তার চেয়ে ভাল আছি। আর যারা হিংসা করে বাজে বকে, আসলে তা… https://t.co/1Mz585SxO8	Neutral
4354	সতীদাহ প্রথা বিদায় নিয়েছে। কিন্তু পৃথিবীর কোথাও কোথাও সদ্যবিধবা নারীর জন্য আজো এমন অমর্যাদাকর সব রীতি চালু আছে, যা শুনলে রীতিমত আপনার গা ঘিনঘিন করবে	Negative
4355	দেশে এখনো আড়াইকোটি লোক নিরক্ষরঢাকা, ৭ সেপ্টেম্বররবিবার, ০৭ সেপ্টেম্বর, ২০১৪প্রাথমিক ওগণশিক্ষামন্ত্রী...	Negative
4356	RT @SaifulMisbha: কোন এক প্রভাতের শিশিরের মধ্য দিয়ে আমি শিশুর যাত্রা শুরু হয়েছে, কে জানে কখন এ যাত্রা শেষ হবে -শহীদ আব্দুল মালেক ১২-০৩…	Neutral
4357	আমি তো পারি শুধু যন্ত্রণা দিতে, তবু তুমি আশা করো ভালো কিছু পেতে, অবহেলা পেয়েও তুমি, কেনো চাও যে আপন করে। এত ভালো হ… https://t.co/z4IwvSHAJO	Neutral
4358	Ive just posted a new blog: দুধ ও রসুনের মিশ্র খেয়ে সহ বাস ক্ষমতা দ্বিগুন করুন। স্ত্রী কে চরম সুখ দিন bd health t… https://t.co/puQw8TFJlE	Neutral
4359	নারী কাকে বলে?? ὠA যারা নিজের জন্য না ভেবে পরিবারের সুখের কথা চিন্তা করে নিজের সুখ কে বিসর্জন দেয় তাকেই নারী বলে ὠAὠAὠA #neta ὠ9ὠ9	Positive
4360	জীবনে চলতে চলতে কত কি হয়ে যায়, কত কি করে ফেলি, কতো বড় বড় ভুল করে ফেলি না বুঝে, ভুল করে। আমাদের অনেক চাওয়াও পূর… https://t.co/cGtlePfeqM	Neutral
4361	টাঙ্গাইলে বন্যা দুর্গতদের মাঝে বিএনপির ত্রাণ সামগ্রী বিতরণঢাকার নিউজ - ০৭ সেপ্টম্বর ২০১৪ :টাঙ্গাইলের ভুঞাপুর ও...	Neutral
4362	জাপানে একাকী তরুণরা কেন অ্যনিমেশন পুতুল চরিত্র বিয়ে করছে?	Positive
4363	বাংলাদেশের বিশ্বকাপ দল ঘোষণা করেছে ক্রিকেট বোর্ড। বিশ্বকাপের জন্য ১৫ সদস্যের দল ঘোষণার পাশাপাশি ত্রিদেশীয় সিরিজের জন্যও দল ঘোষণা করা হয়েছে। দল ঘোষণার পর বিবিসি বাংলার লাইভ।	Positive
4364	ফেবুতে ক্রাসিত একটা গানের দুইটি লাইন --&gt;&gt; পোলা ও পোলা রে তুই অপরাধী রে . . . . আমার যত্ন করা ভালোবাসা দে ফিরিয়ে দে ...&lt;&lt; ὠA	Neutral
4365	তবুও কিছু স্মৃতি এখনো আছে ,সুখস্মৃতি হয়ত !  #OldMemory	Positive
4366	আমাজনকে বলা হয় পৃথিবীর ফুসফুস। আগুন নেভাতে পর্যাপ্ত উদ্যোগ না নেওয়ায় ব্রাজিল সরকারের সমালোচনা হচ্ছে। কী করছেন বিশ্বনেতারা?	Negative
4367	@AbdullaBD14 শেখ হাছিনা কয়েকবার হ্বজ করেছে ঊনি টিভি দেখেন না ঊনার তৈরি ইউটিউব ফেইসবুক ও ব্যবহার করেন না তাই ঊনি ভোট চুরি দেখেন নাᾒ3	Negative
4368	বগুড়ার সাবেক ও বর্তমান পুলিশ সুপার আসাদুজ্জামান বি পি এম ও মোজাম্মেল হক পি পি এম, বি পি এম এডিশন্যাল ডি আই জি পদে… https://t.co/7NBAfnPlNj	Neutral
4369	নিজেকে নিয়ে গর্ব করার কিছুই নেই। আর নিজেকে নিয়ে গর্ব করা মানুষ খুব একটা পছন্দ করি না। অহংকারী নারী তো দু চোখের শ… https://t.co/ykGkdcn2je	Neutral
4370	আপনার মন কি খুব খারাপ ? উদাস লাগছে খুব ? চলুন কানে হেডফোন লাগিয়ে এই মিউজিকটি শুনুন । দরকারে চোখ বন্ধ করে নিতে পারে… https://t.co/Gk4WFSp83I	Neutral
4371	RT @InnoCent_Sinn3r: একটা ভালোবাসা চাই আমার ! কাকে বলছি ? কে দেবে ? তুমি , তোমরা ..? মনে করে দেখো,,, একদিন কেউ একজন ছিল যে খুন করেছিল তোমার…	Neutral
4372	 আমি তোমাকে ছাড়া বাঁচবো না  . . . . . . .... . SORRY...... উপন্যাসের লাইনটা ভুল কইরা স্ট্যাটাস হয়ে গেছে.... ὡCὡC #পথিক	Neutral
4373	শুধুই ছবি আমি ধুলোয় ঢাকা তুমি চলমান সুর স্বপ্ন মাখা তুমি কাছে না থাকা খেয়ালী সুদুর আমি বিরহী ইতিহাস...! — listening to Srikanto Acharya	Neutral
4374	জেনির বয়স যখন চার বছর তখন থেকেই তার বাবা তাকে নির্যাতন শুরু করে, পরে যা নিয়মিত নির্যাতনে পরিণত হয়।	Negative
4375	পাশাপাশি থাকা মানেইকাছা কাছি থাকা নয়,দূরে থেকেওকাছাকাছি থাকা যায়..যদি হৃদয় এর টান আর মনেরইচ্ছা হয়___	Positive
4376	😨 😢 😨	Negative
4377	এদিকে আজ থেকে শুরু হতে যাচ্ছে ব্রিটিশ পার্লামেন্টের ৫ সপ্তাহের জন্য স্থগিত কার্যক্রম। #Brexit #BrexitVote	Positive
4378	সৈনিক হওয়া কোন মজার বিষয় নয় , গ্রামের কোন ছেলে যখন সৈনিক হবার স্বপ্ন দেখে তো ওর সকাল হয় চারটায় । উঠেই গ্রামের… https://t.co/6xP6cUZpTG	Neutral
4379	অবৈধ ক্ষমতা দখলকারীরা না সংস্কৃতি চর্চা করতে জানে,না ভাষার চর্চা করতে জানে —শেখ হাসিনা ! উপরে থুথু পেললে কি নিজের গায়ে পড়ে না !	Negative
4380	# তদন্ত হচ্ছে # শেষ বছরে কত চুরি করছিলো? ১০ বছরে কত চুরি হইলো? # ২০০৫ সালের চুরদের ঠিক ই ধরা হবে # মজার রাজনীতি,… https://t.co/9ouv92MDLj	Neutral
4381	আকস্মিকভাবে ১০ টন জ্বালানি তেল নদীতে...	Negative
4382	@msaif3109_m দূর আপনি কি বলেন না, সকাল বেলা হাসি দিয়ে দিন শুরু করলে নাকি সারা দিন ভাল কাটে, আর যদি হাসি না দেই, তা… https://t.co/48GqQiFbRM	Neutral
4383	মৃত্যুর আগে এই ভিডিও টি না দেখলে জীবন অসম্পূর্ণ হয়ে থাকবে।	Neutral
4384	@jahirisl জামাতের কারনে আজ বি এন পি কিছুটা টিকে আছে নতুবা আরো খারাপ হতো।। ভূলে গেলে চলবে না। তবে আমি জামাত বি এন পি… https://t.co/7HAeYhdZbI	Neutral
4385	একটা ৫ বছর এর বাচ্ছা কে যদি বলা হয় বাংলাদেশ এর জাতীয় পাখির নাম কি ? তাহলে এক কোথায় বলে দিবে : দোয়েল আর যদি বলা… https://t.co/ik0xw6T2xr	Neutral
4386	AS SALAMU ALAI KUM WR WB যারা খারাপ কাজ করার পর তওবা করে এবং ঈমান আনে, তবে নিশ্চয়ই সেই তওবার পর আপনার রব পরম ক্ষ… https://t.co/jS88fmgngq	Neutral
4387	রাগ জিনিসটা খুব খারাপ সব ধংস করে দেয় ὠA ভয় এটাই আবার সব ধংস হয়ে যাবে নাতো ὠA আমি নিজেই আমার রাগকে অনেক ভয় পাই ὠA — feeling thoughtful	Positive
4388	#কবি বলিয়াছেন !! ὠAὠA #কুত্তার পেটে যেমন ঘি হজম হয়না !! ᾑ4 #তেমনি মেয়েদের একটু বেশী ভালোবাসা দিলেই এইটা তাদের হজম হয় না !! ὢ0ὢ1	Negative
4389	কম্বলের ঢাকা ছেড়ে ওঠে , হাতে মোবাইল ফোন নিয়ে দেখি ৮৹ উষ্ণতা , বেলকনিতে গেলাম কি !ঠান্ডা, কাপুনি ধরে গেল।।। — feeling কি ঠান্ডা	Neutral
4390	কখনও জানতে চেয়ো না, জীবনের কি মানে আছে হাঁসি আর কান্না অথবা সুখ আর দূঃখের মাঝেে আজকে যা একই রকম, কাল তা ঠিক... https://t.co/Yw8tqtq0Xw	Neutral
4391	@Im_Hassi দেখিও। ইনশাআল্লাহ হবে।	Positive
4392	কঠোর ব্যবস্থা, শাস্তি মূলক ব্যবস্থা আর তদন্ত কমিটি- যতই মন খারাপ থাকুক, কৌতুক তিনটার নাম শুনলেই হাসতে হাসতে পেটে খিল লেগে যায় এখন... :D	Negative
4393	টুইটে কে যেন লিখেছে যেনে শুনে ভূল করা পাপ, মানুষ তো জেনেই ভুল করে, আমি কিছু চিনি, তারা হজ করে এসোও বাসায় ডেকে ডেট… https://t.co/pwTILEL2H7	Negative
4394	যা করছি,যা করতেছি সব ভুল যা করবো,যা বলি সব দোষ ভুল আর দোষের সংমিশ্রণ এর গেঁড়াকলের পিষ্ঠ হয়ে সঠিক কি এইটাই ভুলে গেছি ὡFὡF	Negative
4395	আ-কা-মা এবং রাজাকার মুক্ত দল গড়তে বিএনপি কে আরও ৫ বছর ক্ষমতা থেকে দূরে রাখা উচিত ? – thinking about making a chan… https://t.co/ocBOXDgQoi	Neutral
4396	১। যখনি মাগরিব এর আজান হয় সারা বাংলাদেশ এর মানুষ ইফতার করা শুরু করে একসাথে । কিভাবে ঐক্য করতে হয় আল্লাহ্‌ খুব ভা… https://t.co/5G45xqTQfa	Neutral
4397	বিশ্বম্ভরপুরে কোনাজাল ব্যবহারকারীদের বিরুদ্ধে বিক্ষোভ ও স্মারক লিপি প্রদান - Abnews http://t.co/aJSBV4LQoz	Negative
4398	নটর ডেম কলেজ ঢাকা HSC ভর্তি শিক্ষা বর্ষঃ ২০১৮-২০১৯ ১। অন লাইন ভর্তি আবেদন শুরু ১৭ মে ২০১৮ ২। অন লাইন ভর্তি আবেদন… https://t.co/AS6nyy5vcu	Neutral
4399	সবাই আমাকে শুধু ভুল ই বুঝে সব সময় । সব চাইতে কাছের মানুষ গুলাই বেশী । দোষটা মনে হয় সব সময় আমার ই বেশী থাকে তাই।ὡEὡEὡE — feeling pained	Negative
4400	বাহির থেকে দেখতে অনেক কিছুই ভাললাগে কিন্তু ভিতরে হয়তো ভালো না হতেও পারে।একটু সময় নিয়ে প্রকাশ করুন। সুখ পান আর না পান। অন্তত দুঃখ পাবেন না	Neutral
4401	RT @bnpnewsbd: ধানের শীষে ভোট দেয়ার অপরাধে ৪ সন্তানের জননী ৩৫ বছর বয়সী এক মাকে গনধর্ষণ করে নতুন বছর শুরু করেছে সোনার ছেলেরা ! কেমন বো…	Negative
4402	আজ জ্যোৎস্নারাতে সবাই গেছে বনে বসন্তের এই মাতাল সমীরণে।। যাব না গো যাব না যে, রইনু পড়ে ঘরের মাঝে এই নিরালায় রব আপ… https://t.co/X3PninH4NL	Neutral
4403	“অ্যালো মা!” এখন এই যে ফোন তুলি, আমি আসলে আমার মাকে তখন মনে করি, মনে করি আমাদের সংগ্রাম কে। আমার কোচ মামেদে কে, অ… https://t.co/s67R83Lqhd	Neutral
4404	খারাপ সময়ে যেমন আমরা খুব অসহায় বোধ করি!তেমনি ভালো সময়ে খুব উচ্ছাস বোধ করি।এই ভালো আর খারাপ সময় টা যার কাছে সমান। পৃথিবী টা তার।	Neutral
4405	কাশ্মীর নিয়ে উদ্বেগ: ''ভারত আর পাকিস্তানের মধ্যে সংঘাত কি অনিবার্য হয়ে উঠছে?''	Negative
4406	@BCBtigers ৪৯.৩ ওভার। সাব্বির- ৯ বলে ১০ রান। সাইফ যেয়ে সাব্বির কে বলে-  বস, লাকমল আপ্নারে ম্যাও বলসে  পরের ৩ বল… https://t.co/wRGNBXBv9i	Neutral
4407	বিএনপির শত্রু এবং প্রতিপক্ষ ১ম = RAW ২য় = RAW ৩য় = RAW ৪র্থ = ভারত ৫ম = আওয়ামীলীগ এটা যতদিন উপলব্দি করে বিএ… https://t.co/nhbNpZSBhh	Neutral
4408	আমি তোমাকে ছেড়ে যাই নি, তুমিও আমাকে ছেড়ে যাও নি; ভালোবাসা আমাদের ছেড়ে চলে গেছে। কারণ, ভালোবাসা যে অবহেলা সহ্য করতে পারে না! (Collected)	Neutral
4409	বিধাতা তাদেরকেই অসহায় করে দেন যাদেরকে বড় কিছু দিতে চান । নিঃসন্দেহে কষ্টের পরেই সুখ আছে । :-) গ্রাফ নিচে নামে উপরে উঠার জন্যই !!!!	Positive
4410	রাত তো এখনো হয় কিন্তু , চোখের কোণ ভিজে কার ? মিছে আশা সবাই দিতে পারে না। আমায় কিন্তু ঘৃণা বেঁচে পেট চালাতে হয়… https://t.co/RvAaPpwHk6	Neutral
4411	বাংলাদেশ টা ত এমন টা হওয়ার কথা ছিলনা তাহলে কেন এরকম হল। কেন সব কিছু উল্টাপাল্টা হয়ে গেল। এটা শুধু আমার প্রশ্ন না এটা সবার প্রশ্ন???	Negative
4412	যে পিতা সন্তানের লাশ সনাক্ত করতে ভয় পায় আমি তাকে ঘৃণা করি - যে ভাই এখনও নির্লজ্জ স্বাভাবিক হয়ে আছে আমি তাকে ঘৃণা… https://t.co/0Ca5smNWfJ	Negative
4413	ভুল করতেই পারি মানুষ বলে কথা । তবে কথা হল আমাদের সতর্ক থাকা উচিত শেষ ভুল টা যেন শেষ নিঃশ্বাস নেবার সময় না হয় ।	Neutral
4414	বিক্রয় ঃ ফাউমি। বয়স ঃ ৪৫ দিন পরিমান ঃ ৩০ পিস দাম ঃ ১৩০৳ প্রতি পিস ফিক্সড। ভ্যাক্সিন ঃ ৩ টি যোগাযোগ ঃ ঢাকা পোল্… https://t.co/p36p2iwq7Q	Neutral
4415	রাজনীতি কাকে বলে ? এনাদের কাছ থেকে শিখুন। আজ ৪ বছর এ কোনো উন্নতির কথা শুনতে পেলাম না আর কয়েকদিন এ কি উন্নতি হবে ? https://t.co/y0v0ZJnUR3	Negative
4416	লাক্স ক্যাফে লাইভে আজকের অতিথি মৌটুসী বিশ্বাস (Moutushi Biswas) উপস্থাপক: সারা ফ্যায়রুজ যাইমা (Sara Fairuz Zaima)	Positive
4417	You misinterpreted my words.তুমি আমাকে ভুল বুঝেছো।Move aside.এক পাশে সরে দাঁড়াও।You got it?তুমি বুঝতে...	Neutral
4418	RT @mamama18199185: নদীর উপর জলের ধারা আছে আরো কতো ঢেউ, তুমি ছাড়া মনের মানুষ আমার নাই জগতে কেউ! তোমার হৃদয় ভরিয়া দিলাম, প্রেমের এ শুধা-,…	Neutral
4419	#রাজনীতি না করার ৪ কারণ ১। আমার Aim in Life বা জীবনের লক্ষ্য ছিল বড় হয়ে আমি শিক্ষক হবো। সেই ২০০৯ সালে যখন ক্লাস… https://t.co/8Jjz4zLYsD	Neutral
4420	জয় বাংলা ὠ7 পুরান বোতলে নতুন বিষ ᾒ3 কি আর কমু এইডা বাংলাদেশ ὤ4 জান বাঁচান ফরজ ὢ3 তাই সত্তি কইলেই তুই জামাত করস ὢ5 মানু… https://t.co/IH3pfCowCS	Negative
4421	RT @HotSonai: মেয়েরা তখনই তোমাকে চোদন সুখ দেবে যখন সে নিজে সুখ পাবে। তাই না ! গুদে #বাঁড়া ঢোকানোর আগে অবশ্যই মেয়ে কে হট করবে যাতে তার #…	Neutral
4422	মাহমুদল্লাহ ও মুমিনুলের নেতৃত্বে ভারত সফরের দল ঘোষণা বিসিবির সাকিব আল হাসানের নিষিদ্ধ হওয়ার ঘটনায় অস্থির বাংলাদেশের ক্রিকেট অঙ্গন। এমন অবস্থায় বাংলাদেশের ভারত সফরের দল ঘোষণা আড়ালেই চলে গেছে। অথচ ভারত সফরের দুটি দলেই বেশ চমক রয়েছে। সাকিবের অনুপস্থিতিতে টি-টোয়েন্টি দলের অধিনায়কত্ব পেয়েছেন মাহমুদউল্লাহ। আর টেস্ট দলের অধিনায়কত্ব দেওয়া হয়েছে মুমিনুল হককে। বিস্তারিত: https://www.prothomalo.com/sports/article/1621674	Positive
4423	প্রায়ই বেছে বেছে সব্জি, ফল বা যে কোন ভোগ্য পণ্য কিনলেও কেনো বাসায় এসে খারাপ বা পঁচন ধরা টা পাই তার কারণ। আর বাসা… https://t.co/XTDAMf3FfU	Neutral
4424	কপাল খারাপ হইলে যেটা হয় আরকি! যামু ৩য় তালায় লিপট সবগুলো ৩১ তালায় গিয়ে বইসা আছে। ১ঘন্টা যাবত বইসা রইছি লিপটের দরজায়। শ্লার কপালরে.....	Negative
4425	RT @RJ_________3: এখন অনেক গভীর রাত তুমি হয়তো ঘুমের দেশে আমি একাকী জেগে আছি শুধু তোমার ঐ মুখটি ভেবে, এত কেন মনে পড়ে তোমায় এত কেন বেদনা…	Neutral
4426	সবার কাছে সব খাবার আইটেম ভাল লাগবেনা এটাই স্বাভাবিক। কেউ বলবে খুব মজা হয়েছে আবার কেউ বলবে লবন কম, কেউ বলবে ঝাল বে… https://t.co/EJFEfToh4J	Neutral
4427	@Touch_MH শুধুই কি অর্থ নাকি কিছু মানুষ ক্ষমতার লোভ সামলাতে পারছে না তা যেভাবেই হোক মানুষ ক দমন করে নিজেকে মহান বানায় রাখতে হবে	Negative
4428	বিএনপি গত ১০ বছরে সরকার পতনের জন্যে যা বলেছে তার সবই ছিলো ফাঁকা বুলি। তা না হোলে বিএনপির মতো একটা বৃহৎ দল ড. কামালে… https://t.co/tYbhceWa8r	Negative
4429	RT @baibhav_dasgupt: কেনো যে মন খারাপ নেমেছে রাত পারতে... বসেছি সব হারাতে খুজে দাও খুজে দাও... যে পথে এগিয়েছে পা শেও সময়ে চেনে না... আ…	Neutral
4430	যে মানুষ গুলা বাবার পকেটের টাকা খরচ করে আ পথে #কু পথে এবং রাস্তায় রাস্তায় চলে এমন কি বাবা মার কথা শুনে না, তাদের… https://t.co/GMs4M2DxBi	Neutral
4431	@SinhaKeya স্ব-ইচ্ছায় বহু খাইছি ৷ অারো খাবো ৷ তবে যারা দেয় তারা যদি একবার তাদের ভুল বুঝতে পারে অামার পায়ে নিচে এসে বসে থাকবে	Neutral
4432	চাঁদপুর জেলা বিএনপির নিন্দা ও প্রতিবাদ http:/t.co/0JDA3djUlM http:/t.co/F3O9f3oHgQ	Negative
4433	যখন কিছু বলার পায় না । তখন বলে নেইমার অভিনয় করে । নেইমার একা মাঠে খেলে একা একা গোল দেয় তাই না ???? ছাগলের দল ,… https://t.co/NtxKUFxpq2	Negative
4434	অ্যাকাউন্ট এবং ফেসবুক পেজের নিরাপত্তা রক্ষায় সন্দেহজনক অনুরোধ এবং কার্যক্রম বুঝতে সহায়তা করে এমন ৫ নিরাপত্তাবিষয়ক পরামর্শ জেনে নিন:	Positive
4435	2 ✒কিছু মেয়ে বেশ্যা হবে! ✒কিছু মেয়ে অবৈধ গর্ভপাত করবে! ✒কিছু মেয়ে মা বাবার স্বপ্ন ভেঙ্গে দুই মিনিটের সুখের জন্য কারো লালসার শিকার হবে!	Neutral
4436	ভুল ১ ভুল হলে কথা বলতে ভুল হয় প্রকাশ করতে। ভুল প্রকাশের খেসারত দিতে ভুল হয়ে যায় জীবন চলতে। ২ ভুল যদি হয়... https://t.co/EY2Cm8fkFe	Neutral
4437	জজ ὇2- এই মহিলার὆9 কী অপরাধ ?ᾑ3 পুলিশ ὆E- জানিনাᾑ4ᾑ4 জজ ὇2- তাহলে এনাকে কোর্টে এনেছেন কেন ?ὡ5ὡ5 পুলিশ ὆E- ওই তো বারবার শুনছি… https://t.co/hToxJ8lSVB	Neutral
4438	Break up এর ছয় মাস পরও যদি কোনো মেয়ে বলে  I still love you. এতটুকু ভুল করে ফেলেছি বলে সব promise ভুলে যাবি!!??… https://t.co/xnrJj6h0pO	Neutral
4439	RT @0qqQ0QEksfYKBo0: আমার বন্ধুর কচি বোনকে আমি চোদে এতটাই সুখ পাই যে আমার মনে হয় আমার বন্ধুর মা বোনকে চোদার মত সুখ আর কোথাও পাবোনা htt…	Neutral
4440	আমি এখন আর আই হেট পলিটিক্স বলি না। যেই রাজনীতি আমাকে, আমার অর্থনীতি, দেশ সব নিয়ন্ত্রণ করে সেটা না করে হেট করলে দেশ চেঞ্জ হবে না।	Positive
4441	এ ধরায় থেকেও , রয়ে গেলে অধরা ।দুর্ভাগ্যের নিয়তি বলার আর কিছুই নেই , মন পথ হারা ।।	Negative
4442	**র অপরাধী গান ὢ1ὢ1 চরম বিরক্ত আমি । এই গান নিয়ে পটাকার চাইতেও বেশি বিরক্ত হইলাম । ὢB একটা কিছু পাইলে হয় । ὠF — feeling angry	Negative
4443	RT @shameemsayedee: এ মাসের প্রত্যেক রাতে একজন ঘোষণাকারী এ বলে আহবান করতে থাকে যে, হে কল্যাণের অনুসন্ধানকারী তুমি আরো অগ্রসর হও ! হে অসৎ…	Neutral
4444	রোজা সামনে রেখে বাজারে আবারো উর্ধ্বগতি। সরকারের নানা প্রতিশ্রুতির পরও কেন বাড়ছে দ্রব্যমূল্য? নিয়ন্ত্রণের কি কোন উপায় নেই? ক্রেতারা কী বলছেন আর বিক্রেতারাই বা কী দাবি করছেন? এসব নিয়েই রাজধানীর কারওয়ান বাজার থেকে বিবিসি বাংলার ফেসবুক লাইভ। বিবিসি বাংলার সাথেই থাকুন!	Positive
4445	আজও এক বিষন্ন শিমুল গাছ ভরা, পাতা ভরা ভুল। স্মৃতি নিয়ে এই ছিনিমিনি কোথাও ভীষণ ভুল হয়ে গেছে, ঐ ছবি আমার নয়, এই প… https://t.co/lKtX6g4tGn	Neutral
4446	তুমি কি জান পাখি কেন ডাকে? তোমার ঘুম ভাংবে বলে। তুমি কি জান ফুল কেন ফুটে? তুমি দেখবে বলে। তুমি কি জান আকাশ কেন কা… https://t.co/qBMT5e8Ej6	Neutral
4447	❒ বর্ষায় ঘুরে আসুন সিলেট, রাতারগুল, বিছানাকান্দি, জাফলং ও লালাখাল ❒ ঢাকা - সিলেট - ঢাকা ৩ দিন / ৪ রাত ট্যুর প্যাকে… https://t.co/3Xm5y5ptAh	Neutral
4448	Boss is always right. এর মানে কিন্তু এ নয় যে, Boss এর কোন ভুল নেই। এর মানে হচ্ছে তুমি যদি চাকুরী করতে চাও তবে... https://t.co/UKy0KlG81b	Neutral
4449	মিটফোর্ডে কাজে ফিরেছেন ইন্টার্ন চিকিৎসক ও নার্সরা	Positive
4450	তুমি তো এখন ভালো হয়ে গেছো। ভালো হলে আর খারাপ হওয়া যায় না। ভালো থেকে বন্ধু। খারাপ যেনো কখনো ভুল করেও তোমাকে ছুঁতে না পারে।	Neutral
4451	ঝগড়া = ব্রতীὃ8ὃ8 মারামারি = সাদিয়াὃ1ὃ1 ঘোরাঘুরি = মন্দিরাὠD শাসন = বানীপু :* :* ভালোবাসা = ঐশি♥ আর সব গুলা একসাথে = শ… https://t.co/wW02DlJIwG	Neutral
4452	তবুও তাদের তারকা বলে যাদের চরিত্রের কোন ভালো অধ্যয় থাকে না দেহ প্রদর্শন যাদের মুল লক্ষ্য তার সাথে নিজে বিক্রি করতে হয় নিলামে ।	Negative
4453	১৫ দিনে তাম্মাত পুরো দেশ ঘুরে রেকর্ড করতে চান এবার।	Positive
4454	অচেনা মানুষকে ডাকার স্টাইল : . #বিদেশে: hey man , hlw ὢFὢF . #বাংলাদেশ: এই লাল শার্ট , এই কালো প্যান্ট ,এই টুপি , এই চশমা ᾒ3ᾒ3	Neutral
4455	মেজবান ও কিছু মজার মুহূর্ত http://t.co/Lc9NLm8mId	Positive
4456	হাহা হা মজা পাইলাম নতুন রাজনীতি করা ভাইদের কাছ থেকে। আওয়ামীলীগ করো ভাইদের বলছি বি এন পি কে যা বলো তা ৫০% ৫০% ছাএশি… https://t.co/qAer4xX7Xj	Neutral
4457	Status 2 : . . আমার কথা সিম্পল। যখন আমাদের ক্ল্যান এর খারাপ দিন চলছিল, তখন কোন খানকির পোলা হেল্প এর জন্যে আহে নাই।… https://t.co/oyEPuRmpdz	Neutral
4458	আইএস জঙ্গীর স্ত্রী ও শহীদ হতে চাওয়া এক তরুনীর কথা  http://t.co/19IEQt0gq7	Positive
4459	আমাকেও স্মরণ কইরা কেউ ট্যাগ দিছে...:( Abdullah আবেগে কাইন্দা দিছি আমি :(১. Schindlers Listআব্দুল্লাহ এর...	Positive
4460	@abu38470 ভাই অামি এতো খারাপ না ৷ অাপনার চোখ দুইটা অামি অামার হাঁটুতে লাগামু ৷ পা গুলো চলতে গেলে যেখানে সেখানে হোঁচট খায় ৷ চোখে কম দেখে ৷	Neutral
4461	পৃথিবীর সবচেয়ে বড় যাত্রীবাহী জাহাজ, দীর্ঘ ১১৮৭.০৫ ফুট (ভিডিও সহ) http:/t.co/lpdn4ev86p	Neutral
4462	RT @sihabctg: এক শর্তহীন ভালোবাসার নাম ভালোবাসা দিয়েও ঋনের শোধ হয় না, বিশ্ব মা দিবসে সকল মায়ের প্রতি রইল বিনম্র শ্রদ্ধা। ❤ ❤ ❤ https://…	Positive
4463	এই গাড়িটি নিয়ে স্টুডেন্ট ফরমুলা জাপানে অংশ নিয়েছে রাজশাহী প্রকৌশল ও প্রযুক্তি বিশ্ববিদ্যালয়ের একটি দল।	Positive
4464	পৃথিবীর কেউই খারাপ না । সবাই আসলে ভাল। আমরা একেকজন মানুষ একেকজনকে একেক এঙ্গেলে দেখি। তখন কাউকে ভাল মনে হয়, কাউকে আবার খারাপ মনে হয়।	Positive
4465	…শক্তিশালী একজন আসছেন, আমি তাঁর জুতোর ফিতে খোলবার য়োগ্য নই৷ তিনিই তোমাদের পবিত্র আত্মায় ও আগুনে বাপ্তাইজ করবেন৷ [লূকলিখিত ৩:১৬] #বাইবেল	Positive
4466	আজিমপুর গোরস্তানের লাশ খাচ্ছে কুকুর! (ভিডিও) - ইনসাফ টোয়েন্টিফোর ডটকম	Negative
4467	Pori | পরী | Bappa Majumder | Bindhu | Bangla Hit Song আজ তোমার মন খারাপ মেয়ে তুমি আনমনে বসে আছ আকাশ পানে দৃষ্… https://t.co/Ieaaa2brrb	Neutral
4468	শোকের মাসে ঈদ হইতে পারে না। এটা নিশ্চই বি এন পি জামাতের ষড়যন্ত্র ὠ1ὠ1 এইটা গুজব ও হইতে পারে. বাংলাদেশ আই ডউনট লাভ ইউ গুজব	Neutral
4469	-- ভাইয়া রিলেশন ব্রেকাপ ὡE -- সেটা আবার কি রে ভাই? ὣ9 -- প্লিজ ভাই মজা নিয়েন না। -- আচ্ছা তাহলে এক কাজ কর ঐ ব্রেক… https://t.co/Lcm99khg8d	Neutral
4470	‘হুমায়ূন আহমেদ অসাধারণ কথাশিল্পী হলেও সে খুবই দুর্বল ইতিহাসবিদ। আমি সবাইকে সতর্ক করে দিই, তার কোনো লেখা থেকে কেউ...	Negative
4471	নিজের সমস্যা বা কষ্টের দিকে না অন্যের টা ভাবো এতে তোমার কষ্ট যতোই বড় হোক দেখবে আর মন খারাপ বা মেজাজ খারাপ হবে না।	Positive
4472	বড় বড় সম্পর্কেও ছোট ছোট কিছু ভুল থাকে যার কোনো মানে নাই এবং যার কোনো ব্যাখাও নাই অথচ্ সেই ছোট ভুলই বড় সম্পর্কের কাল হয়ে দাড়ায়।	Neutral
4473	এই রকম তাইজুল অনেক আসলো আবার হারায়া ও গেল কিন্তু কেউই সাকিব আল হাসান হইতে পারল নাহ!!  #BANvWI	Negative
4474	@nusratjahanjeni মুখ খারাপ না করাই ভাল... কারন আপনি এক টা বোল্লে ,আরেক জন ২ টা বোলবে... তার পর আপনি ৩ টা বোলতে চাই… https://t.co/3bk9QNGqWK	Neutral
4475	পথের বাপ ই বাপ রে মনা পথের মা ই মা পথের বুকেই খুঁজে পাবি আপন ঠিকানা পথের দুখই দুখরে মনা পথের সুখই সুখ পথের ভীড়েই.… https://t.co/so9j9PU4H6	Neutral
4476	RT @msaif3109_m: রাতের অন্ধকার ভেদ করে ভোরের প্রথম আলো এসে পৌঁছায় পৃথিবীর বুকে || পাখিদের ডাকে ঘুম ভেঙে মানুষ ওঠে জেগে আপন ভুবনে ।…	Neutral
4477	: তুমি রাগলে এমন খাপসা খাপসা কথা বলো কেন? - তুমি রাগাও তাই। : তাই বলে রেগে গেলেই খাপসা কথা বলতে হবে? - আমি তো আর… https://t.co/KzbSzPCbrC	Neutral
4478	নেত্রকোনার মোহনগঞ্জ উপজেলায় পূর্ব শত্রুতার জেরে এক হিন্দু বাড়িতে হামলা চালিয়ে ভাঙচুর ও লুটপাটের ঘটনায় ইউনিয়ন...	Negative
4479	RT @Xk5GT8dom0moTL6:  বাবা-মা কে  কষ্ট দিয়ে .. পৃথিবীতে কেউ কোনদিন সুখী হতে পারে না .!! একমত ..?? (( ছুয়ে দিলে মন )) https://t.co/Fzhv…	Neutral
4480	সবকিছুর যেরকম একটা নিয়ম রয়েছে, ভালোবাসারও সেরকম কিছু নিয়ম রয়েছে.. আর সেগুলো মেনে চলাও উচিৎ  ^_^ <3	Neutral
4481	RT @TrollJH: নোংরা রাজনীতি র দ্বারা #জিৎ কে কখনো বসে না যায়নি, আর যাবেও না.... আমরা জিৎ ফ্যানরা ওই তাকলুর কাছে জিৎ দা কে নত হতে দেব না...…	Positive
4482	আগে কেউ আসলে বুঝতে পারলেই ফোনের স্ক্রিনটা অফ করে দিতে পারতাম কিন্তু এখন লক কী টা খারাপ হয়ে যাওয়ায় ফোন ঘাঁটি সেটা ধরা পড়ে যাচ্ছিὢ2ὢ2ὢ2	Neutral
4483	জীবনে কে না সুখী হতে চায়? অর্থই কী সব সুখের মূল ? নাকি সুখের অন্য কোন রহস্য আছে ? জানুন সুখী হতে হলে কী করতে হবে… https://t.co/6ssmLFJaT3	Neutral
4484	আড্ডা পোষ্আড্ডা পোষ্টঃ আপনার যখন অনেক বেশী মন খারাপ থাকে আর মন খারাপের কোনোও কারনও খুঁজে পান না..তখন আপনি কি করেন ? সাথে আছি #আফিমখোর	Neutral
4485	অতঃপর বুঝিতে পারিলাম, ইহা যদি ভালবাসা হইয়া থাকে,তবে উহা মোটেও ভালবাসা ছিল না, শুধুই #Attraction ছিল !..#নোট :... http:/t.co/69P33c2iTl	Positive
4486	🇰🇷দক্ষিণ কোরিয়ায় 'হ্যাশট্যাগ নো ব্রা' যেভাবে বিরাট আন্দোলনে পরিণত হলো #NoBra	Positive
4487	ওসি বন্দুক উঁচিয়ে বারবার বলছিলেন ‘গুলি হবে, গুলি কর, গুলি কর’ https://www.prothomalo.com/bangladesh/article/1621206	Positive
4488	আমরা আমাদের ভুল গুলো ধরতে শুরু করেছি । তোমাদের কে পাশে চাই । তাই এখনই সাবস্ক্রাইব করে আমাদের পাশে থাক । আসা করি... https://t.co/NsEBr9noq9	Neutral
4489	বাংলাদেশ এ কি বন ভূমি বেশি হয়ে গিয়েছে? তা না হইলে ৫৪০ একর বনভূমি বরাদ্দ???? এই সব রোহিঙ্গা দের ফাও না বসে খাইয়ে… https://t.co/ALDFk8kwpo	Negative
4490	তুমি কি বা তোমাৰ কি আছে, তাৰ ওপৰত তোমাৰ সুখ নিৰ্ভৰ নকৰে ৷ তোমাৰ সুখ নিৰ্ভৰ কৰে তুমি কি চিন্তা কৰা তাৰ ওপৰতহে ৷ ---- #ডেল_কাৰ্নেগী ৷	Positive
4491	বাল্যবিয়ে ধর্ষণের চেয়েও ভয়ানক! http://t.co/vFRzXmfW1P via @sharethis	Positive
4492	মন খারাপ হবে আবার ভালো ও হবে . ভালো মন্দ দুটোই থাকবে। যদি খারাপটা না থাকত তবেতো ভালোটার এত কদর হতনা। তাই মন... https://t.co/Z6erLacjeI	Positive
4493	আগে সবাইকে বলতাম আবেগ কন্ট্রোল করে ভুলে যাও যাকে ভালোবাসো। না ভুলতে পারলে বলতাম মাতাল। আর আজ আমি সেই মাতাল হয়ে গেছি। এখন বুঝি তাদের কষ্টটা।	Negative
4494	ঢাকায় শেখ হাসিনার জনসভায় ১৫ বছর আগে যে গ্রেনেড হামলায় ২৪ জন নিহত হন, সেই ঘটনা কীভাবে পাল্টে দিয়েছে বাংলাদেশের রাজনীতি?	Positive
4495	বন্ধু তুমি হয়তো ভূলে আছো আমায়আমিতো এখনো পারিনিএলোমেলো মনটা তোমার জানি অগোচরে আমায় খোজেতবুও কখন বলোনি...!!!... http:/t.co/YRmcLzo8YW	Negative
4496	মৃত্যুর দুই দিন আগে নিজের ক্ষোভ-দুঃখের কথাগুলো লিখে রেখে গিয়েছিলেন স্বজনদের কাছে	Negative
4497	@gray_earth বাংলাদেশ জতো পির আছে তাদের হাতে বায়াত নেওয়া হারাম বিসেষ করে আহমেদ শফি এবং চরমুনাই এদের দুই জনের হাতে বায়ত নেওয়া হারাম হারাম	Negative
4498	মহিলা ও শিশু বিষয়ক প্রতিমন্ত্রীর খানজাহান আলী (রহঃ) এর মাজার জিয়ারত http://t.co/I5bt6Z9xq0	Positive
4499	RT @Shawonfar: দাদা আমি বাংলাদেশ থেকে বলছি আমার ইচ্ছা অভিনয় করার আপনি কি আমাকে আপনার ছবিতে রল দিবেন। প্লিজ দাদা আমার ইচ্ছা টা পূরন করবেন।…	Neutral
4500	বাংলাদেশের ভূখণ্ড ব্যবহার করতে পারে আল-কায়েদা ঢাকা, ০৫ সেপ্টেম্বর- আন্তর্জাতিক জঙ্গি সংগঠন আল-কায়েদা ভারত ও মিয়ানমারে	Negative
4501	RT @JourneyBT: ওমানে প্রায় ৭ লাখ বাংলাদেশি কাজ করেন। প্রবাসী বাংলাদেশিদের সুবিধার কথা ভেবে সপ্তাহে সোম, বুধ, শুক্র ও রবিবার ঢাকা ও ওমান থে…	Neutral
4502	ইটালির উত্তরাঞ্চলের পাভিয়ার কাছে একটি দুগ্ধ খামারে এরা একটি গোবর সারের ট্যাংক খালি করছিলেন। ট্যাংকের ভেতর পড়ে গিয়ে এরা মারা যান।	Positive
4503	নারীদের সৌন্দর্য এমনি হয় যে, তোমার যা কে বlললাগে তার সামনে অন্য সকল নারীর রূপ তোমের কাছে তস্স বা নগণ্য মনে হবে, আর… https://t.co/9plgFofqsq	Neutral
4504	সাতক্ষীরা জেলা ছাত্রলীগ ও কলেজ হল ছাত্রলীগের মতবিনিময়	Negative
4505	“চোখে একটু বালুকণা পড়লেই যদি চোখ এতো খচখচ করে তাহলে চোখে যার চোখ পড়েছে তার যন্ত্রণা কিরূপ ভয়ংকর ভাবা যায়” ? . - কাজী নজরুল ইসলাম	Neutral
4506	আমি প্রধানত গে ভিডিও, জাপান গে-ইমেজ চালু করছি.　http://t.co/MIedujuc1g	Neutral
4507	আমরা একবার ও কি চিন্তা করে দেখেছি যে ঐ গোলাপ ও রজনীগন্ধা ফুলের ভিতরে এতো মিষ্টি গন্ধ কে দিলো কে ঐ ফুল কে এতো সুন্দ… https://t.co/Q9Y16PaAa6	Neutral
4508	@BDCricTime আশরাফুল ভাই কে কেন দলে নেন না সে কি দোষ করছে সৌম্য কোন বাল খেলে খানকির পুলা নান্নি তোর বৌড়ে চুদি খানকি… https://t.co/ewz4gZZ1D2	Negative
4509	শাওন হত্যা : সিদ্ধিরগঞ্জে থানার সামনে মানববন্ধনে যুবলীগ ক্যাডারদের গ্রেফতার ও ফাঁসি দাবি |	Negative
4510	( লোম দাড়ায়ে গেছে এই লেখা টা পড়তে পড়তে, বঙ্গবন্ধু জেগে থাকলে জেগে থাকতো বাংলাদেশ &lt;3 ) ৮ এপ্রিল ২০১৮ ৯৮ বছর ব… https://t.co/ohRmS3P1IX	Neutral
4511	ক্রেডিট তোহ মনে হয় নাজমুল হোসেন পাপন নিয়া নিবে আর সকালেই সাংবাদিক ডাইকা কইবো আমিই তো পাঠাইছি ইমরুল রে তার কারণেই আজ বাংলাদেশ জিতসে ὠ2ὠ1	Neutral
4512	আর বসা হবে না এক সাথে ক্লাসে, হবে না কোনো অভিমান কারো সাথে, কেউ মন খারাপ করে বসে থাকবে না। আর আসবো না ফিরে #MIST তে… https://t.co/0uV5HH8aR7	Negative
4513	লাক্স ক্যাফে লাইভে আজকের অতিথি সুষমা সরকার উপস্থাপক: সারা ফ্যায়রুজ যাইমা (Sara Fairuz Zaima)	Positive
4514	অবাক করা কিছু মজার তথ্য জেনে নিন। 1) ডলফিন এক চোখ খোলা রেখে ঘুমায়। 2) আপেল খেতে যতই স্বাদ লাগুক, আপেলের ৮৪ ভাগই... https://t.co/kKv6DFADWB	Neutral
4515	আজ ১৩ই জানুয়ারি, রবিবার বিবিসি বাংলার প্রবাহ অনুষ্ঠান যা থাকছে: ইসরায়েল দাবী করছে, তাদের উত্তর সীমান্তে জঙ্গি গ্রুপ হেযবোল্লাহ গোপনে যতো সুড়ঙ্গ খুঁড়েছিল, তার সবগুলোরই তারা খোঁজ পেয়েছেন। লেবাননের সাথে সীমান্ত এলাকায় এসব সুড়ঙ্গ খনন করা হয়েছিল। থাকবে এর বিস্তারিত। বাংলাদেশে একাদশ জাতীয় সংসদ নির্বাচনের আগে যেসব রাজনৈতিক দলের সঙ্গে প্রধানমন্ত্রী শেখ হাসিনার সংলাপ হয়েছিল, তাদের সঙ্গে আবারও সংলাপ হবে বলে জানিয়েছেন ক্ষমতাসীন দল আওয়ামী লীগের সাধারণ সম্পাদক ওবায়দুল কাদের। নতুন সরকার গঠনের পর আবার কেন এই সংলাপের উদ্যোগ? শুনবেন আওয়ামী লীগ নেতা  এবং সরকারের একজন মন্ত্রী খালিদ মাহমুদ চৌধুরীর সাক্ষাৎকার। বিরোধী জোট জাতীয় ঐক্য ফ্রন্ট কী সরকারের এই সংলাপের উদ্যোগে সাড়া দেবে? থাকবে ঐক্য ফ্রন্টের প্রধান নেতা গণফোরামের প্রধান ড: কামাল হোসেনের সাক্ষাৎকার। বিএনপির জামায়াতে ইসলামীর সম্পর্ক ছেড়ে রাজনীতি করা উচিৎ বলে যে মন্তব্য করেছেন ড: কামাল হোসেন, সে ব্যাপারে বিএনপির প্রতিক্রিয়া কী? থাকবে প্রতিবেদন।	Positive
4516	RT @qzarSwdQEA7AQsm: মহান আল্লাহ্ বলেনঃ যালিমদের জন্য কেউ দরদী বন্ধু হবে না, আর না এমন কোন শাফাআতকারী হবে না যার কথা মেনে নেয়া হবে।  (…	Neutral
4517	তুমি যখন আমার উপর রাগ করে মোবাইলটা বন্ধ করে রাখো তখন নিজেকে শেষ করে দিতে ইচ্ছে করে। . কারন তখন নিজেকে খুব অপরাধী ম… https://t.co/PkG3isGwuC	Neutral
4518	RT @JasikaParvin: আমার জন্মটা যদি আরো ২০ বছর পর হতো, কতোই না মজা হতো। পৃথিবীর আরো অনেক কিছু দেখতে পেতাম, এখন তো মনে হয় নাতী,পুতীগো মুখে…	Neutral
4519	কাউকে এখন মোবাইল কোন কিছুর ফটো তুলতে দেখলেও সেই ব্যক্তিটি সেলফি তুলছে ভেবে ভ্রম হয়! — feeling confuse	Negative
4520	যদি চোদা চুদি কর তা হলে বলো চুদলে তুমি ও মজা পাবে আমি ও মজা পাবো। চোদার মজাই আলাদা। ফোন সেক্স করে কি লাভ ?	Neutral
4521	মনটা ভীষণ খারাপ হয়ে গেলো । ফোনটা নষ্ট হয়ে গেলো। একা একা অন হয় আর আর অফ হয় ।। ব্যাটারি খুলেও কাজ হয়না। কানেক্ট.… https://t.co/PCjpJaC2RK	Neutral
4522	কি দাদারা খুুব কষ্ট না? কথায় আছে এক মাঘে শীত যায় না। কথাটা তখন মাথায় ছিল না? অন্যরে পচাতে অনেক মজা লাগছে তাই না?… https://t.co/3DB20uleCF	Neutral
4523	বাবার প্রতিটা স্মৃতি মনে হলে খুব কষ্ট লাগে ।বাবা নেই এই কথাটা মানতে খুব কষ্ট হয় । এতো দিন ছিল কিন্তু এখন নেই মান… https://t.co/NRKA6lPSnK	Negative
4524	আমি শুধু চিন্তা করি এরা কারা যারা দুই টা শীত বস্ত্র দিয়ে এত ছবি তোলার কি আছে। দিন দিন সব সেলিব্রিটি হয়ে যাচ্ছে মহ… https://t.co/LUk5al7oaG	Negative
4525	আমি আমার মা কে অনেক ঘৃণা করি ὢDὢDὢD, কারন ১। তিনি খুব রাত করে ঘুমান এবং অনেক সকালে উঠে আমাদের জন্য রান্না করেন। ὢ2... https://t.co/5L4VtmtTEP	Negative
4526	তেজ এ গর ণি ঠক কোরী , ঢাকা গুলি মত ফুরফুরে বাতাস অনুভব করে খুশি হলাম আমি ভালো আছি তুই কেমন আছিস রে রাগ করে থাকতে পা… https://t.co/drmyeHHDDX	Neutral
4527	RT @nusratjahanjeni: তুমি এতো সুখ দিয়েছো এ বুকে কি করে রাখবো বলো! প্রেমের ঝড় তুলেছো হৃদয়ে কি করে সইবো বলো? কি দিয়ে দেবো বলো- প্রেমের এ…	Neutral
4528	সব চেয়ে রাগ উঠে কেও যখন কোন কারন ছাড়াই ব্লক করে। তাদেরকে বলছি ভুল করছো আমি অন্য ছেলের মতো তোমাদের ফলো করি না বির… https://t.co/u69K3OBI96	Neutral
4529	এক হচ্ছে বিএসএনএল ও এমটিএনএল  http://t.co/gfNl9OqvH6 http://t.co/dkpG7gAaTx	Neutral
4530	স্থানীও খবরঃ বগুড়ার জলেশ্বরীতলাতে যানযট নিরসনের দাবীতে সংবাদ সম্মেলন	Neutral
4531	অ্যালবামঃ শোনো জানো কি আমার যত অভিমান মেঘে ঢাকা ঐ তারাদের সমান জানো কি আমার যত অভিলাষ সাত রঙের রংধনু আকাশ তুমি কাদ… https://t.co/NraBHm3lMw	Neutral
4532	আসামের এক যুবক শাহজাহান আলী আহমেদ যিনি বেশ কয়েকবছর ধরে সেই রাজ্যের মানুষকে এনআরসির বিষয়ে সচেতন করেছেন। কীভাবে সব কাগজপত্র যোগাড় করে কীভাবে ফর্ম পূরণ করতে হবে, তা নিয়েও পরামর্শ দিয়েছেন। অনেক ভলান্টিয়ারকে ট্রেনিং দিয়েছেন যারা সারা আসামে কাজ করছে। অথচ, আসামের চূড়ান্ত নাগরিক তালিকায় এই যুবক আর তার পরিবারের প্রায় ৩০ জন সদস্যের নাম পাওয়া যায়নি।	Negative
4533	RT @tulika_devi: আগৰ প্ৰজন্মই যি ভুল কৰিলে তাৰ কুফল হয়তো আমি পাম।কিন্তু আকৌ নতুন প্ৰভাত হবই। অসমৰ পৰাই দেশৰ সু সন্তান ওলাব, মাতৃদুগ্ধৰ ঋণ…	Neutral
4534	সাল টা মনে নেই। তবে অনেক আগের কথা। সে সময় জিম্বাবুয়ের সাথে হারের এক কষ্ট এখনো বুকে দাগ টেনে আছে। খেলার অত কিছু বু… https://t.co/T115AuGwvw	Neutral
4535	RT @HdlG7bepe96rsVO: আমার ছুটো চাচি তার পেটে বাচা বানি দিচি আমি তার পরেও আমা বলে আরকটু চুদে এত চুদার পরেও তার সেকচি সোনা অনেক মজা পাই চুদে…	Neutral
4536	এক সময় হয়তো সব কিছু থাকবে ।শুধু কিছু প্রিয় জন ছারা । খুব খারাপ লাগে ভাবতে যদি এই প্রিয় জনদের হারাই তো জীবনে তা… https://t.co/CI25BHaEhc	Negative
4537	১০০০ টাকা বা তার বেশি শপিং করলে পাচ্ছেন ঢাকা সিটির মধ্যে ফ্রি হোম ডেলিভারি! অর্ডার করতে কল করুন- 88 096 06 77 11 5… https://t.co/5kJU0E4cKE	Neutral
4538	মিলু ভাইয়ের সর্বশেষ অবস্থা ... আশংকা কাটেনি এখনও । শারিরীক অবস্থা ভাল নয় । ঢাকা মেডিকেলের আই সি ইউ তে আছেন । ডা… https://t.co/ybx9pHeJIm	Neutral
4539	বাংলাদেশ তো সেই খেলছে ὠEὠEὠE এখন জিততে পারলেই হয় ὢDὢDὢDὢD কিন্তু একটা জিনিস ভালো লাগলো যে , Head coach নিজে এসে সব কিছু… https://t.co/JhaTNrX5L1	Neutral
4540	RT @Silentboy36: আমরা যদি নিজের প্রতি ভালবাসায় অন্ধ হয়ে নিজের সব ভুল ক্ষমা করে দিতে পারি,তাহলে অন্য কেউ কিছু ভুল করার পর ক্ষমা চাইলে তাকে…	Neutral
4541	@SH_Helal13 অন্যকে কষ্ট দিয়ে সবাই সুখী হয় যায় সেটাই দেখলাম ভগবান কি এর মন ভাঙ্গা মানুষগুলোর বিচার করা ভুলে গেছে কিনা বলতে পারছি নাহ্ ৷	Negative
4542	আমি হ্নদয়ের কথা বলিতে ব্যাকুল শুধায়লোনা কেহ ...সেতো এলোনা, সেতো এলোনা, সেতো এলোনা যারে সপিলাম এই প্রান ও মন ও দেহ!! — feeling alone	Negative
4543	আফগানের মতো একটা দলের সাথে ১৩৬ রানে হারার পরে অপর ম্যাচে শ্বাসরুদ্ধকর ৩ রানে জয় ὊA অনেক বড় সাফল্য ✌️ এমন খেলতে থাক… https://t.co/TEqoHvgF9l	Neutral
4544	@Ruhul_Amin_01 আমি বলি ভালোবাসার রং একটা সাদা কাগোছের মতো এখানে যে জার ভালোবাসা তুলিদিয়ে আকছে কেউ সুখের কালি দিয়ে আবার কেউ দুঃ কালি দিয়ে	Neutral
4545	মেক্সিকোর গভীর মায়ান অঞ্চলেও আছে ক্ষুদ্র এক মুসলিম সম্প্রদায়।  এই মায়ানরা কীভাবে মুসলমান হলো?	Positive
4546	ভারতে কর্তৃপক্ষ এখনও জানায়নি চাঁদের বুকে নামার কয়েক সেকেন্ড আগে অবতরণকারী যান বিক্রম-এর সঙ্গে তারা কী কারণে যোগাযোগ হারিয়ে ফেলেছে।	Positive
4547	@ArabeKnd জীবন তো জীবন সেটা কঠিন আর সহজ বলে কোনো কিছু নাই,,,,হাসি যার সব সময় থাকে তার কষ্ট নাই বলে এমন কোনো কথা… https://t.co/ospFJTvKuY	Neutral
4548	যত বেশি ভালোবাসা, তার চেয়ে বেশি ঘৃণা হয় - কারণে/আচরনে। আর আমিতো অতটা ভাল ও না যে ভুলে যাবো, ক্ষতিটা হবেই হয়তবা ধীরে ধীরে। #My_Facts	Neutral
4549	আজ ১১ই ফেব্রুয়ারি, সোমবারের প্রবাহে যা থাকছে... আফগানিস্তানে সরকারি কর্মকর্তারা বলছেন, যুক্তরাষ্ট্র তাদেরকে আশ্বস্ত করেছে যে সন্ত্রাসের বিরুদ্ধে যুদ্ধে তারা আফগান নিরাপত্তা বাহিনীকে ছেড়ে যাবে না। বাংলাদেশ সরকারি এক গবেষণায় গরুর দুধ এবং দইয়ে কীটনাশক এবং সিসা পাওয়া গেছে। দুধের মধ্যে এসব রাসায়নিক কীভাবে আসছে এবং কর্তৃপক্ষ কী ব্যবস্থা নিচ্ছে? আন্তর্জাতিক এক গবেষণায় দেখা গেছে সাইবার নিরাপত্তায় বিশ্বে বাংলাদেশের অবস্থান একেবারে নিচের সারিতে। জরিপে বলা হচ্ছে দেশটির এর এক তৃতীয়াংশেরও বেশি স্মার্ট ফোন ম্যালওয়ারে আক্রান্ত। কেন এ অবস্থা? বাংলাদেশে সাংবাদিক দম্পতি সাগর-রুনি হত্যাকাণ্ডের ৭ বছর পর এর তদন্তে কতোটা অগ্রগতি হয়েছে? টুইটারে ভারতের শাসক দল বিজেপির সমর্থক বেশ কয়েকটি দক্ষিণপন্থী হ্যান্ডল ব্লক করে দেওয়ার পর বিজেপির সঙ্গে টুইটারের সংঘাত আরও তীব্র হচ্ছে। সাথে থাকবে খবরের সর্বশেষ শিরোনাম	Positive
4550	তুই এক ফালি আকাশ, আমি ভুল করে ঢোকা একলা শঙ্খচিল। তুই আমার বাতাস, তবু ফিরতে হবে বল দেখি মুশকিল জানি ফেরার পর তুই... https://t.co/jhuz0uNltb	Neutral
4551	এই বার বই মেলায় থাকতে পারছিনা । নতুন বই লিখি নাই । ফেসবুকের স্ট্যাটাস লিখে যত মজা পাই , বই লিখে তত পাইনা । নিজের... https://t.co/2zx5boBc1m	Neutral
4552	@wyeasynzz ভুল কইছো অন্যের সুখে এখন মানুষ হিংসা করে আর অন্যের বিরহে আফসোস কই দিন পর তুমি ই বাঁকা হয়ে যাবে কয়দিন পর আমি নাὡDὡD	Neutral
4553	RT @SubhrajitNath7: তোমার চাওয়া বোঝালো না বোঝা কত ভাষা তোমার ছোঁয়া চেনালো নাম না জানা অচেনা ভালোবাসা । গুটি গুটি পায়ে আমার মন সবসময় ছু…	Neutral
4554	তারকাদের সেরা ৫টি যৌন ভিডিও ভিডিও http://t.co/xYjJ3kyYzF	Negative
4555	ঈমানদার ও মুনাফিকের নিকট পাপাচার:আবুল আহওয়াস (রহ.) হতে বর্ণিত। তিনি বলেন, আবদুল্লাহ ইবনে মাসঊদ রা. বলেন,... http:/t.co/ZeP148f1XQ	Neutral
4556	মানুষ মানুষ আমরা : ♚ ভালোবাসা হলো এমন একটা রং, যা যেই পাত্রেই রাখ হোক না কেন সেই পাত্রের রঙ্গ ধারণ করে । . ♚... https://t.co/0WpRUswI1k	Neutral
4557	"আকিহিকোর ""স্ত্রী"" একটি আদুরে পুতুল। তার রয়েছে বড় নরম মাথা এবং একটি ছোট্ট শরীর। আকিহিকো রাতের বেলা এই ""স্ত্রী""কে পুতুলটিকে জড়িয়ে ধরে ঘুমান।"	Positive
4558	@e_gafari সকাল সকাল গিয়ে ভোট দিয়ে আসবেন, কোন সমস্যা হবে না, কোন স্লোগান নয়, বাংলাদেশ পতাকা নিয়ে ভোট দিতে যাবে কেউ বাধা দিবে না।	Neutral
4559	আমি বেশ কয়েকবার ভুল করার পর তওবা করে বলি এটাই আমার জীবনের সবচেয়ে বড় ভুল ছিল, এটা আমি আর কখনোই করবোনা। কিন্তু তার… https://t.co/eQjTKD5Qlc	Neutral
4560	RT @JasikaParvin: একটা প্রশ্ন আমার মনে বার বার জাগে, কখনো এর উত্তর খুঁজে পাই না। সত্যি বলতে একটা ছেলে কি চায়? ভালোবাসা নাকি অশ্লিনতা। মে…	Neutral
4561	বাংলাদেশ ক্রিকেট পেইজে কেউ কিছু বলবে আর না বলবেন তাদের যদি মনে ধরে যে আপনাকে ব্লক মারবে ব্যাস কোন কথা কোন কারন ছা… https://t.co/u6PatR7KdL	Neutral
4562	RT @HeroesOfBD: আমি বাস করি পৃথিবীর সেই দেশে যেখানে শিক্ষার্থীরা ভোগে নিরাপত্তার অভাবে । ছিল না নিরাপত্তা রাস্তায়, আর আজ নাই CAMPUSও । . .…	Negative
4563	RT @onuprerona: ঘন কালো মেঘে ঢাকা বজ্র চমকানো দিন পেরিয়ে রাতের পরে আপনার জীবনে আসবে ঝকঝকে সুন্দর একটা দিন। তাই, খুব কঠিন সময়ে ধৈর্য ধরুন…	Positive
4564	আমাদের ভারতবর্ষ কি তার গরিমা তার গর্ব ধরে রাখতে পারছে? একের পর এক ধর্ষন কি আমাদের মাথা নত করছে না। রাজনীতি আর ধর্ম… https://t.co/1vXTcpk0E2	Negative
4565	একসময় রাজনীতি করা ও ভোট দেওয়া হারাম ছিল ৷ এখন ভোট দেওয়া ফরজ, বরং ভোট না দেওয়া কবীরা গুনাহ ৷ আর ভোট দিলে সেটা পা… https://t.co/hx5USRczNy	Neutral
4566	যদি কোনো মানুষ সবসময় নীরব থাকে, এর মানে এটা না যে সে মজা করতে পারে না। এর মানে এটা যে, জীবন তাকে এমন কিছু... https://t.co/PNFfAB6oRk	Neutral
4567	RT @TeamTigersBD: আয়ারল্যান্ড এ Vs বাংলাদেশ এ ৪র্থ ওয়ান ডে মমিনুল হক ১৮২ (১৩৩) ২৭ টি চার ৩ টি ছয় স্ট্রাইক রেট ১৩৬.৮৪ বাংলাদেশ এ ৩৮৫/৪…	Neutral
4568	আমি একজন মানুষ এটাই তো আমার আসল পরিচয়। আমি খুব সাদা সিদে কিংবা কঠিন, ভাল খারাপ কেমন আমি আমাকে বিচার করি না আমি… https://t.co/TDvcmyDY0M	Neutral
4569	সন্ধ্যা ৭ টা । এ মুহূর্তে ঢাকা টু জামালপুর বাসের জানালার কাছের সিটটাতে বসে আছি আমি । হালকা টিপ টিপ বৃষ্টির সাথে আজ… https://t.co/4B3hj7WvBf	Neutral
4570	RT @nusratjahanjeni: আমার যতো দুঃখ আছে লাল নীল সব মোমের বাতি আয় চলে আয় সন্ধ্যা রাতে খুলে বসি বুকের ছাতি। রাত বাড়াতে হাত বাড়াতে আলোর ছা…	Neutral
4571	আগেই বলে রাখি সবার উদ্দেশে ... plz ভাই জা ইচ্ছা করেন কিন্তু transgender নিয়ে কন উল্টা পাল্টা troll, মজা করবেন না ...ὢ1ὢ0ὢ0ᾒC — feeling furious	Positive
4572	আসুন বন্ধ করি , খারাপ সব কিছু সব সময়ের জন্যে , শুধু #রমজান এর কথা বলে কি সারা বছর পার পাওয়া যাবে? যাবেনারে পাগলা	Positive
4573	বিচারকদের স্বাধীনতা একবিন্দুও ক্ষুণ্ন হবে না: আইনমন্ত্রী | Daily Janatar News http://t.co/qmnYFlq1HT	Positive
4574	পৃথিবীতে অনেক অন্যায় অত্যাচার হচ্ছে। যারা ভীত ὣ0 বা ফেসবুক চালাতে পারে না একমাত্র তারাই ইহাকে ভুয়ো মনে করে। মনে প্রাণে ঘৃণা ᾒ2 করি তাদের।	Negative
4575	বিবিসি বাংলার রেডিও অনুষ্ঠানের লাইভ স্ট্রিমিং-এ আজ যা থাকছে: * ব্রিটিশ প্রধানমন্ত্রী টেরিজা মে ইউরোপীয় ইউনিয়ন থেকে ব্রিটেনের প্রস্থান বিলম্বিত করার অনুরোধ জানাতে ব্রাসেলসে গেছেন। * বাংলাদেশে নিরাপদ সড়কের দাবিতে শিক্ষার্থীরা আবারও রাস্তায় নেমে ব্যাপক আন্দোলন শুরু করার পর কর্তৃপক্ষ আবার প্রতিশ্রুতি দিচ্ছে যে তারা এজন্যে প্রয়োজনীয় পদক্ষেপ নেবে। * সহিংস উগ্র ডানপন্থী জাতীয়তাবাদী মতাদর্শ যেভাবে পশ্চিমা দুনিয়ায় মাথাচাড়া দিচ্ছে, তার বিরুদ্ধে ঐক্যবদ্ধ সংগ্রামের ডাক দিয়েছেন নিউজিল্যান্ডের প্রধানমন্ত্রী জাসিন্ডা আরডার্ন।  * বাংলাদেশে সামহোয়ারইনব্লগ কর্তৃপক্ষ অভিযোগ করছে, পর্ন সাইটের সঙ্গে একই তালিকায় ফেলে তাদেরকে কার্যত নিষিদ্ধ করার নির্দেশ জারি করেছে দেশটির টেলিযোগাযোগ কর্তৃপক্ষ।  * রয়েছে খেলার খবর। সাথে থাকবে খবরের সর্বশেষ শিরোনাম  ধন্যবাদ।	Positive
4576	RT @gray_earth: (ডাঃ মেহেদী হাসান খান) যার কল্যাণে আজ আমরা বাংলাটা ঠিক মতো টাইপ করতে পারতেছি। হ্যা উনিই অভ্র কীবোর্ড এর জনক☺ উনাকে যখন জি…	Positive
4577	@2urubel দ্বিতীয় লাইনটা আমিও বুঝিনি ভাই	Neutral
4578	RT @SRKsRouter: এগিয়ে দে এগিয়ে দে, দু এক পা এগিয়ে দে। হাটতে চাই কয়েকপা তোর সাথে।। অভিনন্দন ও ধন্যবাদ নিন্দুক উপেক্ষা করে, মনে রাজ করার…	Neutral
4579	ঢাকায় তিন দিনের সিটিও ফোরাম: ঢাকা: ঢাকার রেডিসন ব্লু ওয়াটারগার্ডেন হোটেলে সোমবার থেকে শুরু হচ্ছে কমনওয়েলথভুক্ত...	Neutral
4580	| বেশি বুঝে ফেলোনা .. বেশি বোঝা ভালো না ... অসতর্ক ব্যবহারে ভাঙে মনের খেলনা.. কার জন্য কে ছিল আর কে যে কাকে পেলোনা… https://t.co/i7RSAULCPt	Neutral
4581	RT @icsbook: আমাদের প্রযোজিত অডিও বইয়ের তালিকা- ὐA চরিত্র গঠনের মৌলিক উপাদান ὐA এসো আলোর পথে ὐA ইসলামী আন্দোলনের নৈতিক ভিত্তি ὐA ইসলামী বিপ্…	Neutral
4582	মানুষ খারাপ হয়, কিন্তু টাকা খারাপ হয় না, খারাপ মানুষের টাকা দিয়া ভালো কাজ করা যায়, ভালো মানুষের টাকা দিয়া খারাপ কাজ করা যায়।	Neutral
4583	পাকিস্তানের নতুন টি-টোয়েন্টি অধিনায়ক হয়েছেন বাবর আজম।  অধিনায়ক হয়ে প্রথমেই কঠিন পরীক্ষায় পড়ছেন...	Positive
4584	এক মাতাল একদিন অনেক মদ খেয়ে মাতাল হয়ে বাড়িতে ঢুকল| কিন্তু সে ঘরে না ঢুকে ভুল করে গোয়াল ঘরে ঢুকে পড়ল | তারপর... https://t.co/NixmCWzktv	Neutral
4585	ঘুম ঘুম ওই ঘুম ... তোর সমস্যা কি .. আমার সাথে মজা নিতাসোস নাকি ... চুপচাপ বন্ধ হয়ে যা নইলে আজকে তোর একদিন কি আমার একদিন ... #হারামজাদা	Neutral
4586	১ টাকার চা!! এক কাপ গরম পানি, চা-পাতা, চিনি আর এক টুকরো লেবু। যেকোনো দোকানে এই চা প্রতি কাপ ৫ থেকে ১০ টাকা। তবে এই… https://t.co/Ikr39kaykd	Negative
4587	নিরবতা কে আমি ভিশন ভয় পাই, তাইতো চঞ্চলতায় সুখ খুঁজে পাই। চঞ্চলতাযর একটি বা দুটি হাত, আর নিরবতার বহু হাত কোনটি দিয়ে আক্রমণ করবে ভাবতেই ভয়	Neutral
4588	RT @Careless49: ছিঃছিঃ I just f... this loveὢ1 এই ভালবাসার জন্য আর কত মিমি কে প্রান দিতে হবে। আর কত মিমির স্বপ্ন নস্ট হবে।।আর কত মায়ের বু…	Negative
4589	আগে মন খারাপ হলে পছন্দের গানটা শুনতামὠAὠA এখন মন খারাপ হলে একটা ই গান শুনি ব্ন্ধু তুই লোকাল বাস ὠ2ὠ2 মন ভাল হয়ে... https://t.co/pNHVKthDiP	Neutral
4590	এই ঈদে এক সাথে ঘুরে আসুন দুই দেশ -  ἞E἟3 India + Bhutan ἞7἟9 জনপ্রতি মাএ ২১৫০০/- ঢাকা থেকে এসি বাস, হোটেলে থাকা, সকা… https://t.co/mzzKAARGOe	Neutral
4591	RT @md0emran: মঞ্জু ভাইয়ের মার্কা কি ? ধানের শীষ ছাড়া আবার কি ? খুলনা নগরবাসী বাঁধছে জোট ধানের শীষে দিবে ভোট দেশ নেত্রীর সালাম নিন, ধা…	Neutral
4592	সংসদেও ঘুম পিছু ছাড়েনি সমাজকল্যাণ মন্ত্রীর. http://t.co/jYrOk4ZtEg	Negative
4593	@shahanaz_rumy কিছু কিছু ক্ষেত্রে নাটক কে ও হার মানায়	Neutral
4594	"ী এ কে আব্দুল মোমেন বিবিসি বাংলাকে বলেছেন, ""বাংলাদেশ রোহিঙ্গাদের এখনো পর্যন্ত অনেক ভালোভাবে দেখাশুনা করেছে। কিন্তু তাদেরকে ভবিষ্যতে এভাবে রাখা সম্ভব হবে না।"""	Positive
4595	বড়ই আজব! যারা খারাপ খেলে বেশি গোল খেয়ে হারে তাদের চেয়ে যারা ভাল খেলে কম গোল খেয়ে হারে তারা অবশ্যই উত্তম। তবু বেশি গোল খাওয়ারা চিল্লায়!	Neutral
4596	যারা রোনাল্ডো কে রন দা, রন দা করে মজা নেন, তারা নিজেদের আইকন প্লেয়ার এর সাথে তুলনা করে দেখেন ! One Minute silence for them.	Neutral
4597	RT @_bdLevis: বাংলাদেশ ব্যাংকের কোটি কোটি টাকা হারিয়ে গেল আজও চোর খুজে পেলাম না। সামান্য, রুটি আর মুরগি চুরির অপরাধে শিশু আর বৃদ্ধের উপর…	Negative
4598	কোথাও একটা ভুল হচ্ছে কি ? কোথাও জনগণ ভালো নেই | তবু তৃৃণমূল থাকছে | আমাদের গ্রহণ যোগ্যতা কমছে | কেন ? কোথায় হারা… https://t.co/rIZrHrvLbN	Neutral
4599	কোন বিশেষ গোষ্ঠী নয় বরং সমগ্র মুসলিম উম্মাহ আমাদের ভাই বোন, আমি সবার জন্য গান গাইতে চাই যে গান তাদের মহান আল্লাহর গুনগান শুনাবে!!!	Neutral
4600	জাতি আজ একটা কঠিন সময় পার করছে : মোস্তফা জাতি আজ একটা কঠিন সময় পার করছে বলে মন্তব্য করে বাংলাদেশ ন্যাপ মহাসচিব ও… https://t.co/WYF0P5FkSm	Neutral
4601	৭৭ বছর রাজনীতি করবার পর কোন দল ব্যার্থ নাকি সফল তা নির্ভর করে সে দলের লক্ষ ও উদ্যেশের উপর। আমার ছোট মাথায় যা মনে… https://t.co/pSzG9e69bu	Neutral
4602	তাবলীগকে ভাঙার অপচেষ্টা॥ আর্থিক দুর্নীতি ও রাজনীতিকরণের অভিযোগআমাদের সময়.কম : ০৮/০৯/২০১৪ইসলামের প্রচার ও... http://t.co/9wFg8LfU0f	Negative
4603	নবী করীম (সা:) বলেছেন যে ব্যক্তি খারাপ নজরে মেয়েদের দিকে বার বার থাকাই কিয়ামতের দিন তার চোখে গরম শিসা ঢেলে দেওয়া হবে।। আাল - হাদীস	Positive
4604	@Megh_Balika_3 ধুর,, মাঝে মাঝে একটু কাছে আসলে ক্ষতি কি? এতে আকর্ষণ কমবে না, বরং আরো বাড়বে। বহু দিন পরে একদিনের জন্য দেখা করাটা খারাপ না।	Neutral
4605	চৌমুহনীতে ১৪ ও ঝালকাঠিতে ১২ দোকান ভস্মীভূত: চৌমুহনীতে অগি্নকাণ্ডে ১৪টি ব্যবসা প্রতিষ্ঠান পুড়ে গেছে। শনিবার স...	Negative
4606	RT @KhowaKhar: জুবিন দা মই আপোনাৰ লগত আছোঁ । জীৱ হত্যা ৰ প্ৰবল বিৰোধিতা কৰি যাম । (ফোটো ত তেওঁ ভাজি থকা মঙহ খিনি জীৱ হত্যা নোকোৰাকে যো…	Neutral
4607	জীবনটা চলমান ট্রেন হলে, দুঃখ গুলো হচ্ছে জংশন, এখনে একবার থামতেই হবে, আর সুখ হচ্ছে ছোট ছোট রেলস্টেশন, যার নাম পড়তে পড়তে চলে যায়!!	Neutral
4608	আমার মেসি এর খেলা অনেক ভালো লাগে, রোনাল্ডো অনেক জোশ একজন মানুষ তাই ভাল লাগে। এক জন কে সমর্থন করলে তার বিরোধী কে অস… https://t.co/khytM7Z9L8	Positive
4609	B N P আর আওয়ামী লীগ তাই নীয়া আমাদের রাজনীতি ধসন আর নিরযাতন তাই নীয়া ভাবনা সকালের নিউজ লাশ কাটা ঘর সন্ধা নিউজ… https://t.co/2sNUb3dnnl	Neutral
4610	আমরা মানুষরাই কি শুধু মহান আল্লাহর ইবাদত করি ? না ! প্রকৃতিও তার নিয়মে মহান আল্লাহর ইবাদত করে , তার একত্ববাদ ও শ্রেষ্ঠত্ব ঘোষণা করে ❣️	Neutral
4611	যে কথা লিখে একে #খন্দকার বিতর্কিত হচ্ছেন একই কথা নাকি #অর্থমন্ত্রী আবুল মাল আবদুল #মুহিত তার একটি বইয়েও...	Neutral
4612	যতো দিন আমি আছি ততো দিন ভালোবাসা আছে, আর অবহেলা টাও ততোদিন আছে যতো দিন আমি আছি.... সমস্যা নাই..! যখন আমি আর থাকব না… https://t.co/XpM9TmsYLS	Neutral
4613	@Im_Hassi ও! জানতাম না তো... জিম্বাবুয়ে সিরিজের স্কোয়াড কি ঘোষিত হয়ে গিয়েছে?	Neutral
4614	RT @mkabdullah39: বাংলাদেশ আছি এদেশে আর থাকব না আমাদের পাশের দেশ নোয়াখালী চলে যাব কেহ কি বলতে পার বিমানে কত টাকা খরচ হবে ✈ https://t.c…	Neutral
4615	আমাকে অনেকে নির্ণয় করতে কষ্ট হচ্ছে জানিয়ে বলে ; ভাই আপনি কোন দলের লোক? আমি বলি; ভাই, রাজনীতি আজ যেখানে, তাই কোন এ… https://t.co/ML9Nzm0WyY	Neutral
4616	সংসদেও ঘুমালেন সমাজকল্যাণ মন্ত্রী, আমরা বাঙ্গালিরা বরাবরই গোরবিত	Negative
4617	বউ ভুল করে চায়ে চিনির বদলে নুন দিয়ে দিছে আর সেই চা টুকু খুব তৃপ্তি সহকারে খেয়ে নিয়ে গাল ভরে বউয়ের চায়ের প্রশং… https://t.co/X0F2kRZn2q	Neutral
4618	RT @saariyankhan761: তোর কথা মনে হল! আমি নিজেকে কন্ট্রোল করতে পারি না! তোকে অনেক বেশি ভালোবেসে ভেলেছিম।।। তোর স্রিতি টা এখুনো আগলে রাখি বু…	Neutral
4619	@ProthomAlo আমার একটা 100 জন এর টিম লাগবে । তাদের প্রথম মাসে বেতন হবে 2400+ , পরের মাসে 5000+ ।এরকম করে বেতন বারতে… https://t.co/rEp4vqmr4H	Neutral
4620	সবাই যে যার মত করে উইশ করে যায় | উপহারের সমাবেশ | সবার ভিড়ে কেমন যেন চাপা পড়ে আমার মন খারাপ | তবুও এত কিছুর পরে… https://t.co/h7YNkXxchN	Negative
4621	὚4὚4὚4 ৫ মাস পর ছোটভাই গুলোর সাথে দেখা Thanks 4 comeing ছাকিন আর সিহাব !!!! ὚4὚4὚4 মজার কথা সিহাব আজ কট খাইছে আমার কাছে… https://t.co/MlYNXPfT6c	Neutral
4622	একটা কার্যকরী সংসদ গঠন হবে বলে এখন পর্যন্ত আশা করছি। বিএনপি যদি বিরোধী দল গঠন করতে পারে তবুও তাদের উচিৎ হবে সেই সু… https://t.co/C3Sl8MVjjr	Neutral
4623	এই যে নদী নাম না জানা বুকের কাছে নাইবা গেলাম দুঃখ পেলাম কিবা আছে? এই যে পাহাড় অনন্ত সুখ জমছে যেথা চল না ভুলি মান... https://t.co/3dNB6BmF89	Neutral
4624	এতিমের টাকা চুরি তার উপর আবার সিনা জুরি, সেই বিএনপি আর না আর না আর না রাস্তায় রাস্তায় মানুষ খুন, অাবার অাছে দূর্… https://t.co/yJQgAFg7HQ	Negative
4625	মোদী রে ও মোদী রে তুই অপরাধী রে। মোর ঠইকা লওয়া ভোট খানি তুই দে ফিরাইয়া দে। ও মোদী রে তুই অপরাধী, তোর ক্ষমা নাই… https://t.co/EZbuyOvvm3	Negative
4626	বাঁধাল দিলেও বাঁধ মানেনা অবুঝ তাহার মন গলেনা ভুল গুলো যার শুদ্ধ মনে হয়। ও সে মনের সাথে কঠিন ছলনায় আপন কক্ষপথ টাকে… https://t.co/B0BwUAflAp	Neutral
4627	কোনো মানুষ সব দিক থেকেই ভালো হতে পারে না তার কোনো না কোনো এক দিক খারাপ থাকবেই কিন্তু আপনি যদি ওই দোষ মেনে নিতে... https://t.co/MTJTbbrQYG	Neutral
4628	খারাপ কন আর ভালো কন! আমার ফুটবল খেলা পছন্দ নয়। তাই ফুটবল খেলা দেখিও না, বুঝিও না। আর সাপোর্ট করব কীভাবে? কোন কোন… https://t.co/ckWsOTtrq5	Neutral
4629	RT @sumonakash11: কপালে না থাকলে জোর করে বা কসম করিয়ে কিছু পাওয়া যায় না। জোর করে কিছু নিতে নেই তাতে সুখ পাওয়া যায় না ***❤☜ https://t…	Neutral
4630	RT @ayman_sadiq: বাংলা শব্দ ব্যবহারে আমরা প্রতিনিয়তই এরকম ছোটখাটো কিছু না কিছু ভুল করে থাকি। কি/ কী এবং কি না/ কিনা এর ব্যবহারের নিয়ম শে…	Neutral
4631	বাংলা ভাষার অন্যতম জনপ্রিয় কবি ও কথাসাহিত্যিক সুনীল গঙ্গোপাধ্যায়ের ৮১ তম জন্মবার্ষিকীতে রেডিও ফুর্তি জানায় গভীর... http://t.co/NYcLJ3JHGW	Positive
4632	কয়েকটি ক্ষেত্রে অগ্রগতি হলেও #জাতিসংঘের বেঁধে দেয়া #উন্নয়ন #লক্ষ্যমাত্রা পূরণে #বাংলাদেশ দাতাদের কাছ থেকে... http://t.co/1skvojT2jc	Negative
4633	একের পর এক ভুল করেছি: লোপেজ: একের পর এক বিয়ে, বাগদান ও প্রেম ভেঙে যাওয়ায় স্বভাবতই মর্মাহত মার্কিন গায়িকা ও… http://t.co/buDdUyzhxp	Negative
4634	RT @MDebbrata: এই পাঁচ জনের ওপর ভর করে বাংলাদেশ গত কয়েক বছরে একটা প্রতিদ্বন্ধীতাপূর্ন দল হয়ে উঠেছে। সেই ৫ তারকা আজ এক সাথে মাঠে নামছেন শত…	Neutral
4635	➡ ইম্রুল কায়েস আউট ক্যাচ হোপ বোল্ড থমাস ➡ ০ (৬)* ⏬ বাংলাদেশ ➡ ১৪/১; ওভার ➡৩.২/৫০ ⏬ আপডেট পেতে পেজে লাইক দিয়ে সা… https://t.co/sgr4TdKigs	Neutral
4636	কয়েকদিন মনটা খুব বেশি খারাপ ছিল । আজকের এই সময়টা খুব বেশি দরকার ছিল । নয়ত আরও পাগল হয়ে যেতাম । এতটা সময় একসাথে… https://t.co/KlZ1nsErdA	Neutral
4637	মহান আল্লাহ তা আলা বলেন,,, আমি যখন কোন কিছু করার ইচ্ছা করি; তখন তাকে কেবল এতটুকুই বলি যে, হয়ে যাও,। সুতরাং তা হয়ে যায়। ---(সুরা নাহল-৪০)	Neutral
4638	সেভেন আপ এর দাগ তুলার সর্বাত্বক চেষ্টাও তাদের ব্যার্থ হয়ে যাচ্ছে । যাহোক, নিজের টীম এর স্ট্যাটেজি ভুল ছিলো আজ, তাই হার টা প্রাপ্য ।	Neutral
4639	৪৫ ইঞ্চি দীর্ঘ বিশ্বের সবচেয়ে বড় পেনিশের অধিকারী যিনি , দেখুন ভিডিও সহ http://t.co/puWP0pLqgJ via @sharethis	Negative
4640	©কাজী ফাতেমা ছবি রোজা আজ যাবে চলে, ঊনত্রিশে শেষ? কম হলে মনে রয়, বেদনার রেশ! একদিন কম বলে, মনে কষ্ট লাগে ঈদ হবে কাল… https://t.co/SpFscJipGp	Neutral
4641	আগে একটা বদ অভ্যাস ছিল আমার, ছোট বড় সবারই ভুল ধরতাম । আর এখন আরেকটা বদ অভ্যাস যোগ হল, জেনে শুনে নিজেই প্রচুর ভুল করি ।	Neutral
4642	দুষ্টু ছেলে একটা ছিলো দুষ্টু ছেলে একটা ছিল শান্ত ছোট্ট পাপ্পিকে সে আদর করতো কখনো বা কান ধরে টানত | Full poem link… https://t.co/h6CB460PGn	Neutral
4643	বিএনপির মত দল কোনদিন এ মাথা উচু করে দাড়াতে পারবে না যতদিন ওই চোর, লোভী, ডাকাত তারেক রহমান জীবিত থাকবে ।যার শুধু টা… https://t.co/q6STsWbJnC	Negative
4644	আল্লাহর নামে তাঁরই উপর নির্ভর করে (ঘর) বের হচ্ছি। তাঁর মাহায্য ছাড়া কনো সৎ কাজই সমাধা হয় না এবং অসৎ কাজ হতে ও বেঁছে থাকা যায় না।	Neutral
4645	Muslim ummah of north amerika(MUNA) এর উদ্যোগে New Yourk এ শিশুমেলা ও সাংস্কৃতিক পরিবেনা	Neutral
4646	@Manik________ @SinhaKeya @MdAreef13 না, থাক এগুলো কার মনে কি কথা বলা মুশকিল কেউ মজার ছলে বলে আবার কেউ সন্দেহ করে বলে এখন কোনটা মনে করবো?	Neutral
4647	পোশাকের অর্থের মধ্যে যদি সামান্যতম অসৎ অর্থ থাকে আর সেই পোশাক পরে করা ইবাদত যদি কবুল না হয় তাহলে বাকী ফুটুং ফাটাং এর কি হবে!	Neutral
4648	ব্যাটিং বিপর্যয়ে বাংলােদশ - শুরুতেই বাংলাদেশের দুই ওপেনার ব্যাটসম্যান তামিম ইকবাল ও ইমরুল কায়েস আউট। ...	Negative
4649	রমজানের রহমতের দশ দিন সমাপ্ত হয়ে মাগফেরাতের দিন শুরু হল আগামি দশ দিন পর্যন্ত  আল্লাহ্ যেন আমাদের ভুল ত্রুটি মাফ করে দেন &lt;3 &lt;3 #আমিন	Positive
4650	শিরক!!! সবচেয়ে বড় পাপ। ভয়ংকর এক গুনাহের নাম। এবং মহান রবের নিকট চরম ঘৃণিত একটি কাজ। এমন এক গুনাহ যা মরণের পরে আর… https://t.co/0Ge08EDQ73	Neutral
4651	** বরিশালের মেঘ **পাখির ছবি তুলতেও জালাইছে, সূর্যের ছবি তুলতে গেলাম তাও আইসা গিল্লা ফালাইল !!! -_- :v	Neutral
4652	মানুষ সুধ সুধুু কপাল কে দোষ দেয় ?? ওটা তো শরীরের একটা অংশ মাত্র । ভাল হলে কপালে ছিল... খারাপ হলেও কপালে ছিল....... https://t.co/8wKmO1SdtQ	Neutral
4653	এই প্রথম বার মতো দেশে এসে শুধু মজার মজার খাওয়া , খেলা দেখা আর ঘুম চলছে ~~ ব্রাজিল এর জন্য শুভ কামনা !! — feeling thankful	Neutral
4654	RT @MyselfMahmud: আমরা এখন শপিং এ ব্যস্ত ὠD আগামীকাল ইফতার মাহফিলে ৩৫ জন এতিম শিশুর পায়ে ঈদের নতুন জুতা তুলে দিয়ে একসাথে ইফতার করবো ὠA জুতা…	Positive
4655	বিচারকদের স্বাধীনতা একবিন্দুও ক্ষুণ্ন হবে না: আইনমন্ত্রী | Daily Janatar News http://t.co/qCBq88x6eh	Positive
4656	শুধুমাত্র রেডিও ভূমি ৯২.৮ এফ এম এঅনলাইনে শুনতে কান পাতুন http:/t.co/fvVaLXhwzU http:/t.co/Ux2q0iMizg	Neutral
4657	১ লাখ ৪২ হাজার টন কয়লা মজুদ থাকার কথা ছিল। অথচ সেখানে এখন এক টন কয়লাও নেই। প্রতি টন কয়লার বর্তমান বাজার মূল্য ১৬… https://t.co/UuE7EOWc4y	Neutral
4658	RT @Tutul07327631: সমাধান চাও যদি জীবনে মরনে, ফিরে যাও খুজে নাও চোখ রাখ কোরআনে॥ আইনুদ্দীন আল আজাদ(রহ:) কে নিশ্চয় মনে আছে? এটা তারই রচিত এ…	Neutral
4659	 বেশ্যা  শব্দটা মাত্র ২ টা অক্ষরের আর তা উচ্চারণ করতে সময় লাগে মাত্র ২/৩ সেকেন্ড। আর এই ছোট একটা শব্দ আমাদের উ… https://t.co/EhbMLEsbDB	Neutral
4660	হার জিত খেলার ই অংশ !! হেরেছে বলে প্রিয় দল ἞6἟7 কে তাগ করব এমন সাপোর্টার আমি না! ভালোবাসা রইল ἞6἟7 আর্জেন্টিনা জন্য। আ… https://t.co/PCtIaFX4Oz	Positive
4661	- দিয়া একটা কথা বলব? (আমি) - হুম বলো? (দিয়া) - আচ্ছা তোমার মন খারাপ কেন? - কই নাতো, আমি ত অনেক খুশি! - আমি... https://t.co/cgzbKeDlOS	Neutral
4662	এতো সুন্দর অভিনয় করে গেলেন তার জন্য একটা অ্যাওয়ার্ড ও দিল না । আচ্ছা ফিফা বোর্ড এতো খারাপ কেন । :p তার নাম বললে… https://t.co/eMNjpdefAy	Neutral
4663	RT @NabilaBinty: পৃথীবির প্রতিটি মানুষই এক একটা মূখুস এর আবরণ এ নিজেকে ঢেকে রাখে। তাই করো সাজ পোশাক দেখে তাকে বিচার করা ভুল #True	Neutral
4664	@arif_rony2 মাথার মগজে ঢুকাও পেচ গুলো ব্রাদার	Neutral
4665	আসুন আমরা সবাই এগিয়ে আসি বাঁধনকে বাঁচাতে... আগেও আমরা পেরেছি, এবারো পারবো ইনশাল্লাহ! http://t.co/2r1gCfgG49	Positive
4666	RT @JasikaParvin: আমি যখন খুব কষ্টে থাকি তখন আমার চারপাশ অন্ধকার মনে হয়, একটি মানুষও আর কাছে থাকে না। এমন একজন মানুষ পাই না যার সাথে কষ্ট…	Negative
4667	সিডি নিউজ২৪.কম, ঝিনাইদহ ০৭ সেপ্টেম্বর : ঝিনাইদহ শহর ও শহরতলির বিভিন্ন স্থানে গড়ে ওঠা অধিকাংশ আবাসিক হোটেলে নারী...	Neutral
4668	আমার অনেক কথা ছিল এ জন্মে তা যায়না বলা বুকে অনেক শব্দ ছিল__ সাজিয়ে গুছিয়ে তবুও ঠিক কাব্য করে বলা গেল না! এ জন্ম… https://t.co/nBqHlyRIfo	Neutral
4669	 . . . . আমি আহবান করবো যে আজকের সন্ধ্যার আগে আপনারা ঢাকা শহর ত্যাগ করুন। যদি না ত্যাগ করেন, সরকার তার ব্যবস্থা গ্… https://t.co/NVn6E3z3yF	Negative
4670	সুখী হতে যুদি চাও মানুষ। সুখের জন্য বসে না থেকে কষ্ট কে দূরকর। ভবে মানুষ গুরু নিষ্ঠা যার সর্ব সাধন সিদ্ধ হয় তার। — feeling empty	Positive
4671	পকেটে শখানেক টাকা ... আর এই মুহুর্তে দিনব্যাপী চিরুনি অভিযানেও ATM কার্ড ও চেক বইয়ের কোন সন্ধান করতে পারছি না ! — feeling hopeless	Negative
4672	 সৌদিতে ডিভোর্স ঠেকাতে ড্রাইভিং ও বিবাহপূর্ব প্রশিক্ষণের পরিকল্পনা।দেশটির বিচার মন্ত্রণালয়ের পরিকল্পনা... http:/t.co/wfacYel3gB	Positive
4673	 বাংলাদেশ পুলিশ  With due respect ছাত্রদের গায়ে হাত তোলার আগে খেয়াল কইরেন I আপনার সন্তান যেন কোনোদিন ছাত্র না হয় — feeling annoyed	Negative
4674	নিজের কাছে কেমন জানি ছোট ছোট মনে হয় যখন আজ থেকে আরও ৯-১০ বছর আগের কথা মনে পড়ে! আবার একটি সুযোগ যদি পেতাম তাহলে ও… https://t.co/g3blO41GzT	Neutral
4675	ছোটন-দের ভালোবাসা অনেক মধুর R ভাগ্নে তোর এই দাঁত যেন সারা জীবন বের হয়ে থাকে দোয়া করি সব্বাই অনেক দূরে যাবি #Love you — feeling happy	Neutral
4676	উপকার করার ইচ্ছাটা আমাদের মহৎ প্রবৃত্তির অংশ বিশেষ, তার জন্য একটা খাঁটি মন থাকা চাই। তা যেন কখনই পুরষ্কার কিংবা বাহবা পাওয়ার জন্য না হয়।	Positive
4677	মানুষ কাছে থাকলে যতো টা আপন মনে হয়...!ὤ2ὡ1 তার চেয়ে শত গুন বেশি খারাপ লাগে যখন সে অনেকটা দূরে একা একা নিজেকে গুছিয়ে নেয়...!!ὡ4ὡ4	Neutral
4678	গাড়ী তে সিএনজি নিষিদ্ধ করা উচিত, রান্নার গ্যাস থাকে না বেশিরভাগ সময় এবং দিন দিন আরো খারাপ হচ্ছে। একসময় আর রান্নার গ্যাস পাওয়া যাবেনা আর।	Neutral
4679	RT @Shahadat_H_T: বিনোদন এর জন্য হাজার হাজার টাকা নষ্ট করি। শত শত টাকা অকারনেই খরচ করি। পেট ভরা থাকার পরেও মজা করে ফ্রাস্টফুড এ যেয়ে খাই।…	Neutral
4680	যা যাবলুন নিজের ভাইকে দিয়ে চোদানো আলাদা মজা রিকস নাই মা ছারা কেউই জানে না তাই মাও শুজুক বূজে ভাইয়ার ধোন পেটে নি… https://t.co/okoXalYHGk	Neutral
4681	@imo_bd এই খানকি মাগিরা তোরা অন লাইন নামক ভাল জিনিস টা তোদের কারনে আজ এমন খারাপ হয়ে গেছে কেউ এটাকে আর চায় না তাই… https://t.co/OQhhPi3d3o	Negative
4682	@lovemymessi বাব্বাহ ইন্টারেস্টিং তো! আমিও ওই মাঝে মাঝে :-P	Positive
4683	এইজন্য দেশে হাঁসের ডিমের বড়ো অভাব দেখা দিয়েছে, কারন সব হাঁসের ডিম তহ এই মহান মনীষী গুলার কাছে :\ :\ — looking for হাসের ডিম	Negative
4684	‘৩০ টার বেশি আসন পাবে না আওয়ামী লীগ’ একাদশ সংসদ নির্বাচন সুষ্ঠু হলে আওয়ামী লীগ ৩০ টার বেশি আসন পাবে না বলে মন্ত… https://t.co/yqM9MDbTf5	Neutral
4685	RT @RahulSinhaBJP: 2/2.. এখন দেখছে ধর্ম নিয়ে রাজনীতি করে তরী পার করতে পারবে না। তাই জাতি ভাষা নিয়ে রাজনীতি শুরু করেছে। বাংলাকে অশান্ত করে…	Neutral
4686	আচ্ছা এই ছবিগুলি দেখে আপনাদের কি মনে হয় হাইওয়েতে বাইক রাইড করার সময় কি এইসব করা ঠিক? আপনার কি মনে হয় ভুল টা কি… https://t.co/0Dq5EzfkgM	Neutral
4687	প্রেম মানে হৃদয়ের টান, প্রেম মানে একটু অভিমান ,দুটি পাখির একটি নীড় , একটি নদীর দুটি তির , দুটি মনের একটি আশা তার নাম ভালোবাসা	Neutral
4688	সুয়ারেজ নাকি ‘শান্ত’ ও ‘ভদ্র’.....#খেলাধূলা.....................  http://t.co/NwXFY8nVOo	Neutral
4689	নো টু নিউ ওয়ার বিক্ষোভকারীদের র‌্যালী ও সমাবেশ অনুষ্ঠিত | Shadindesh http:/t.co/hH3DZ6W6rI	Negative
4690	যা ভয় ছিল তাই হলো, মাঠ পাই নাই, অন্য মাঠে খেলছি ঠিক ই কিন্তু মজা পাইনি :3 যাই হোক গোল দিছি অনেক ὠ6 ৭-২ এ জিতছি ὉC	Neutral
4691	মা হচ্ছে আল্লাহর দেয়া সেরাউপহার! নিশ্চই আপনিওআপনার মা কে খুবভালোবাসেন?অভাগা সেইযে তার মা কে কাছে পায়নি।,	Positive
4692	জানুয়ারীতে আমিও ISSB তে পরীক্ষা দিব। যা থাকে কপালে!	Negative
4693	RT @InnoCent_Sinn3r: কি ভয়াবহ সুন্দর তুমি! ভালবাসতে ইচ্ছে হয় কিন্তু বাসিনা, আমার তো আবার ভালোবাসা সয় না! তেল আর জল নাকি এক সাথে হয় না।…	Neutral
4694	কাল কেন এলি নাὢCὄA আমার সবাই কত মজা করলাম ὢ0 r তোমার নাটক ὄFশেষ নেই ὣ2কি নাটক আমার ফোনে ὏2 চার্জ নেইὡ2, 24 ঘণ্টা ta তো হ… https://t.co/bWCkYUtdvd	Neutral
4695	কাল থেকে ডায়েট কন্ট্রোল শুরু করবো তাই আজ পুরান ঢাকা শেষ বারের মত ঘুরে আসলাম। এক সপ্তাহের মধ্যে আর যাব না। — at হা… https://t.co/t4CDfvle2Y	Neutral
4696	কাউকে ভালোবাসার জন্য বাহ্যিক রূপ দেখা টা জরুরী নয় । জরুরী হলো ভেতরের সুন্দর মন বুঝা। কারন, সত্যিকারের ভালোবাসা টা আসে সুন্দর মন থেকেই ।	Positive
4697	ভাল খেলা -------কবি হাফিজ গত কাল, ভাল খেলল ; দুূ দল। ছিলনা কোন্দল। কেউ বা হল সফল। কেউ বা হল বিফল। যাই হোক ফলাফল।… https://t.co/SUVyh6iv3Y	Neutral
4698	সৎ পথে করো ভ্রমন,যদিও হয় দেরি, অসৎ নারী করো না বিয়ে,যদিও হয় সে পরী :o যদিও বয়োজৈষ্ঠদের বাণী ,তবে বাণী ব্যপক যুক্তি আছে। :)	Positive
4699	প্রতিদিন এর মত আজও ফোনের অপেক্ষায় ছিলাম, জানি হয়তো ও আর কোন দিনও ফোন করবে না। তাতে কি হইছে মন তো ওর কাছেই পইরা থা… https://t.co/k1sTrQKVmN	Neutral
4700	আমি ১ লা মে ২০১৮ থেকে ঢাকায় থাকি । ঢাকার কিছুই চিনিনা । মাঝে মাঝে খুবই অস্থির লাগে আর চট্টগ্রামের জন্য মন খারাপ হ… https://t.co/F4rHJbkH6h	Neutral
4701	অসাধারণ কিছু টিপস দেরী না করে দেখে নিন.. : অসাধারণ কিছু টিপস দেরী না করে দেখে নিন..... . ১. কনুইতে কালো ছোপ দূর কর… https://t.co/9X6wqrUREH	Neutral
4702	বিষয় টা পুরোপুরি না পরে আমাকে ভুল বুঝবেন না, হাতের পাঁচটি আঙুল যেমন সমান না, তেমন সকল পিসি ও সমান না, তবে এই পি,… https://t.co/NyVpcwAcqO	Neutral
4703	আমার জন্য তারা পরিচিত, আজ তাদের মিষ্টির বন্ধন শুধু আমি পর ফেসবুক টা যদি অন না করতাম ভালো হত মন টা আবার খারাপ হত না। — feeling cool	Neutral
4704	RT @SH_Helal13: - বুঝলি হারাধন, এমন অভিযানে দু একটা ভুল হতেই পারে। - জ্বী হুজুর, এমন ভুল তো ঠিক না, এর সুরাহা হওয়া উচিৎ। - ঠিক বলেছিস,…	Neutral
4705	#IABDআল্লাহ তাআলা পবিত্র কুরআনের চার চারটি স্থানে উল্লেখ করেছেন যে, তাঁর নিদর্শনাবলি থেকে ধৈর্যশীল ও শুকরগুযার... http:/t.co/tfTLuiyqO3	Positive
4706	ও টুইটার রে তুই অপরাধী রে ὢ1ὢ1 ὢ0 তোর কারণে কিছু আবাল টুইটারে আইছে, একটা ইস‍্যু পাইলেই সেটার নাড়ি ভুঁড়ি বের করে নিকৃষ্ট করেরে, ὠ2ὠ2	Negative
4707	তুমি চায়ে চুমুক দিতেই, পুরো গল্পটা শেষ করে দিলে।আর আমার কাপে ধোয়া শেষ না হতেই, হুইসেল পড়লো ! #jarnov — reading  সমান্তরাল ভালোবাসা 	Neutral
4708	আর মাত্র আট দিন বাকি। প্রকাশিত হচ্ছে আমার প্রথম বই ভালোবাসা কারে কয়। আমার সমস্ত বন্ধুদের ভালোবাসা চাই এই বইকে সফল প্রয়াস করে তুলতে।	Neutral
4709	মাঘেও মেঘ হয়, তবে তা আষাঢ়ের মতো নয়; ঘনঘটা।শষ্যপূর্ণ বসুন্ধরা যদিও হয় কিন্তু অনাবশ্যক অনেকটা।	Neutral
4710	*** If a man lives with sword &amp; hatred, he must die with them. (যে মানুষ সংঘাত এবং ঘৃণা নিয়ে বসবাস করে, সংঘাত এ… https://t.co/O4jJmQ5g62	Neutral
4711	@ArghaDalal আস্থা ভোট পর্যন্ত সময় দেয়নি। তার আগে সরে এসেছে। Cong &amp; JDS আসল মজা এর পর বুঝবে। এটা কাচা চাল না, সু… https://t.co/NH0ppbwmvZ	Neutral
4712	একটা পোস্ট রিপোর্ট মেরে ডাউন করছস তাও সেটা রাজনীতি রিলেটেড না ফান পোস্ট ছিল... মনে রাখিস ছাগুরা আইডি যাক আর থাক তোদের চোদা বন্ধ হবেনাὊAὙ5	Negative
4713	@karimbenezema ও আচ্ছা করিম আলি ভাই কেনো	Neutral
4714	সুখ এমন একটা Apps যা সবার Life এ সাপোর্ট করেনা। আর কষ্ট এমন একটা Apps যা সাপোর্ট করুক আর না করুক Always জীবনের ডিসপ্লেতে Active হয়ে থাকবে।	Neutral
4715	বাংলাদেশ আজ ভালো খেলবে আসা করছি তোমরা ৭১ এ যেই ভাবে পাকিস্তান কে হারিরে দেশকে এক বড় জয় এনে দিয়েছো আজও তোমরা পা… https://t.co/k8pOXZ5eyv	Neutral
4716	ও #নানী ও নানী, তুই বড় অপরাধীরে! আমার বিড়ি কিনা টাকা দিয়ে, পান #সুপারি কিনে দিতাম সেই টাকা দে ফিরায় এ দে ὠ2 না… https://t.co/tNvHyXUbP5	Negative
4717	আজকে ১২ জন খেলছে। ওরা ১১ জন সাথে আমি ১ জন। খুব কষ্ট হইলো জিততে।যার জন্য আনন্দ বেশি লাগতাছে।কষ্ট কইরা কিছু পাইলে আন… https://t.co/awbGngzSg4	Neutral
4718	RT @devid_chiran: ৮ আগস্ট ২০১৬ , বাংলাদেশ গারো ছাত্র সংগঠন ( বাগাছাস ) ঢাকা মহানগর শাখার অনুষ্ঠিত  আদিবাসী সাংস্কৃতিক সমাবেশ  - https:/…	Neutral
4719	সিডি নিউজ২৪.কম, ঢাকা ০৭ সেপ্টেম্বর : পুলিশের কর্তব্যকাজে বাধা ও আইনশৃঙ্খলা বিঘ্নিত করার অপরাধে যুবদলের সভাপতি... http://t.co/MNW5OKKwxM	Negative
4720	Ha Ha Ha ὠ1ὠ1 আমি ভুল ছিলাম। ὠ1 Im srY ভুল ভাবার জন্য আর Tnx আমার ভুলটা ✌ সংশোধন করে দেওয়ার জন্য ὠA মাঠে ✋… https://t.co/bAGaHyuyFU	Positive
4721	সুখ যদি এতে তুমি পাও বা অগাধ আমি কেন সাধি তাতে মিছেমিছি বাধ যার যার মত করে ভালো থাকা যদি সত্যের মত করে আঁকি দুই... https://t.co/RDOz3WSn8w	Neutral
4722	কিছু আগে আমার স্বদেশের একটা ভিডিও দেখে ঘৃণা আর ক্ষোভে চোখে পানি আসছিল - মনে হচ্ছিল মরে যাই আর এই ভিডিও দেখে মনে হচ্… https://t.co/TElp1GlGAI	Negative
4723	◘ আমরা তোমাদের ভুলবো না ◘ মহান বিজয় দিবসে সকল জাতীয় বীরদের শ্রদ্ধাভরে স্মরণ করছি ◘ - চিরতার রস এর বাংলা ব্লগ । ba… https://t.co/QnD5JzjFMm	Positive
4724	স্মার্ট ব্রা !(ভিডিও): তন ক্যানসারের হদিস দিতে সম্প্রতি এক মার্কিন কোম্পানি হাইটেক ব্রা তৈরি করেছে৷কোম্পানির দ... http://t.co/Za8lEK3wJw	Neutral
4725	আমি জানি সুখী মানুষের ঘুম বেশি হয় কিন্তু আমি কেমন সুখি বুঝলাম না যেখানে বসি সেখানেই ঘুম আসে ঘুম যদি বিক্রি করা যে… https://t.co/RQAyzEqgSf	Neutral
4726	RT @Alleyen_: লেখালেখি করো + কোপ খাও = বাংলাদেশ ! লাখ লাখ হুমায়ূন আহমেদ না হয়ে কবে যে আরো একজন হুমায়ূন আজাদ জন্ম নেবে সেই অপেক্ষাতে আছি.…	Negative
4727	আমি সবচেয়ে ভয় পাই সেই  সময়টাকে যখন কাউকে স্বান্তনা  ছাড়া আর কিছু দিতে পারিনা। নিজেকে তার থেকেও বেশি অসহায় মনে হয় তখন।	Negative
4728	RT @dipaksarker13: এই গ্রহে সবচেয়ে খারাপ চরিত্রের মানুষ সে, যে রাগ হলে সব অবদান অস্বীকার করে। গোপন কথা ফাঁস করে দেয়। এবং তোমার ব্যাপারে এ…	Neutral
4729	এটা দেখে যা বুঝার বুঝে নিন, চোখ নাকি মনের কথা বলে, কিন্ত এই দর্শকের হাত,নাক,মুখ ও চোখ সবই বলে দিচ্ছে কি করল বাংলাদেশ আজὤ4ὤ4ὤ4	Neutral
4730	একটা বিষয় নিয়ে খুব গর্ব হত সেটা হল ক্রিকেট। কিন্তু রাজনীতি হান্দা করাইয়া সেটাকেও দু**চে দিলে। কি বাকি রাখলে আর ? — feeling sad	Negative
4731	RT @Rainbow_DH_A: আচ্ছা বৈধ আর অবৈধ তাতে নাকি কিছু যায় আসেনা,,, তাহলেত মানুষ পতিতাদের এতো ঘৃণা করে কেন,,,? একটা কথা মনে রাখা উচিত পতিতা…	Neutral
4732	একটা জিনিস বুঝি নাহ , সরকার আমাদের দিয়ে এত কষ্ট করে ফিঙ্গার প্রিন্ট নিয়ে সিম রেজি করাল যাতে অপরাধী ধরতে সহজ হয় ।… https://t.co/rswmyISGD0	Neutral
4733	অভিনন্দন টিম টাইগার্স won by 48 runs ὠD মাশরাফি গুরু ৪ উইকেটὉ9Ὁ9 তামিম ভাই ১৩০* ὠEὉ9 সাকিব ভাই ৯৭ ὡEὉA সাথে মুশি ভাইর দু… https://t.co/KtEpkt8q75	Positive
4734	@Mr_Saif1981 কে কি করে না করে অামি সবই দেখি ৷ বলা লাগবে না ভাই ৷ অামরা সবাই ভালো ৷ খারাপ অামাদের ভেতরের ঘুমিয়ে থাকা অাত্বা গুলো	Neutral
4735	#বাস্তবতা এতই কঠিন যে কখনও কখনও বুকের ভিতর গড়ে তোলা বিন্দু বিন্দু ভালবাসাও অসহায় হয়ে পড়ে। ὡ1 ὡ1 ὠ9 ☺ ὡ0 ὡ1 ὣ6 কেউ হ… https://t.co/LYBzlYReu3	Neutral
4736	এক সময় মন খারাপ হচ্ছিল , ঢাকায় থাকার সুবাদে জীবনের প্রথম ভোট টা মিস করেতে যাচ্ছি। পরে দেখলাম ভাল ই হইছে এতো বড়… https://t.co/p2eOUSQMl2	Neutral
4737	@Im_Hassi @sajid_nazmus সত্যি কথা বলতে কি, ওর-ও নিশ্চয় অনেক মন খারাপ। ওরা তো আর ইচ্ছা করে আউট হচ্ছে না... :	Negative
4738	এইতো! আসতেছে তো, কে বলছে যে সময় খারাপ ὇9 এরকম আসবে, সময় ভালো হবে ὠD আহা! দাদা, খেয়ে আসছেন নাকি গিয়ে খাবেন? ὠ6 #ProfessionalLyf #GoodTyms	Neutral
4739	১৯৯০ থেকে বলি ,আমরা ভোট দিলাম বিএনপি কে। (৯৬)৫ বছর পর ওদের গালি দিয়া ভোট দিলাম আওয়ামীলীগ কে। (০১) ৫ বছর পর ওদের… https://t.co/IqmhkVcngX	Neutral
4740	ভালো একজন বন্ধু যতই ভুল করুকতাকে কখনও ভুলে যেও না।কারণ পানি যতই ময়লা হউক,আগুন নিভাতে সেই পানিইসবচেয়ে বেশি কাজে লাগে।.....	Positive
4741	আমি তোমার বন্ধু হব নেবো দুখের ভাগ।মজার মজার গল্প বলে ভৃলিয়ে দেব রাগ তবু চোখে জল এলে মুছিয়ে দেবো আখি বন্ধু হতে চাই আমি তুমি হবে না কী?	Neutral
4742	হঠাৎ করেই আমায় তোমার ভাল্লাগবেনা আর মোহ কেটে গেলেই আমি হবো তোমার ভার প্রথম প্রথম অবাক লাগা ছোট ছোট সুখ সময় যত কাট… https://t.co/gTdj55FylT	Neutral
4743	যে নীল শাড়িটা একদিন আমার পরার কথা ছিল তা অন্য কেউ টুক করে ঠিক পরে নিল, সাথে নীল টিপ। আর আমার অযথাই বয়স বাড়লো, ভুল প্রেমে!	Negative
4744	এইতো CM মুখ খুলেছে । কি বলছে ? ধিক্কার , ছাত্রদের জীবন নিয়ে রাজনীতি করছেন । তাহলে গুলির ফরেন্সিক পরীক্ষা হোক , গু… https://t.co/jaM7Pph0YV	Neutral
4745	সাংস্কৃতিক সফরে সিঙ্গাপুর ও মালয়েশিয়ায় গেলেন সাংবাদিক সৌরভ | newsnarayanganj http://t.co/2Trw530U0Y	Neutral
4746	ডাক্তার হয়ে মন হয় মহা ভুল করছি,বিবাহিত পুরুষ রোগীর কথা শুনে আমার শুধু হাসি পায় তারা কি প্রশ্ন করে আমার উওর দিতে চিন্তা করতে হয়	Neutral
4747	এক জন আসবে একজন যাবে এটাইত নিয়ম, তবে লিও ও CR7 তোমারা কখোনো মন থেকে যাবে না। কারন তোমরা ফুটবল কি তা অামাদের শিখি… https://t.co/MeXLMhSq47	Neutral
4748	RT @allahonlyone1: আগামী কাল এই সময়ে সেহরী খাব ὠD এর চেয়ে বড় খুশির খবর আর কি হতে পারে ὉC সবাইকে, মহান আল্লাহ তায়ালা সব গুলো রোজা আর ৫ ও…	Positive
4749	বলে ফেলুন আপনার টা আপনার নামের First word কি???. ￼ A = অনেক ভালো মনের মানুষ, ￼ B = দুষ্টু , ￼ C = খুব সুখী , ￼ D =… https://t.co/T8iQqLzNzu	Neutral
4750	RT @Long__Beauty: চলো কিছু একটা করি, আমরা ভুল করবো, এমন কিছু করবো এই জীবনের অন্য কোনও গল্প কখনো আমাদের তুলনায় সক্ষম হবে না। ভালোবাসা বাসি।	Neutral
4751	বার্মিজ বুঝি না বল্লেই চলে, তার পরও এদের FM শুনি। সারা দিনে RJ গুলোর ভুল করেও ইংরেজি বলতে শুনি না। আর আমাদের RJ... https://t.co/Lky4w2uxOz	Neutral
4752	ফেসবুক এই পেইজটি ২ বছর ১ মাস ২৩ দিন আগে ভুল করে ডিলিট দিয়েছিলো। . ফেসবুক পেইজটি এতদিন পরে ফেরত দিল৷ ফেসবুক ভুলের প্রায়শ্চিত্ত করলো।	Neutral
4753	সকল ধরনের উস্কানি মুলক এবং অপমানজনক ও আপত্তি জনক ট্রোল এর জন্য দুঃখিত ।। আসলে কেউ কাও কে ছেড়ে কথা বলে নিতো তাই এমন হয়ে যায়।।	Positive
4754	গল্প নং ০৮ ======= এই পুকুর পাড়টা আমার খুব প্রিয় । জাদু ঘরের পিছনের এই পাড়ে আমি প্রায়ই আসি । বিশেষ করে যখন আমা… https://t.co/wXZTNM6pLj	Neutral
4755	RT @mattar49555312: ★★মৃতদেহের আজাব ও যন্ত্রণা ★★ মোর্দায় মিনতি করে বলেগো তখন হে মোর ইয়ার বন্দু আত্বীয় স্বজন। কি কর কি কর বড় লজ্জা হয়…	Neutral
4756	এই ফালতু এপ গুলো জাতীর পিতাকে নিয়ে ও ব্যাংগ করা শুরু করছে। এ রকম মহান নায়কদের ফানি টপিকে না আনাই ভালো। তার জায়গা… https://t.co/240Ox32wvU	Neutral
4757	নাটক : এক ব্যাগ ভালোবাসা পরিচালক : দিপু হাজরা অভিনয়ে : হাসান মাসুদ, আ খ ম হাসান, ফারজানা চুমকি, পুতুল রচনা : ফজলুল… https://t.co/P9B4kG6e5D	Neutral
4758	@touch_mh ব্যাপার টা তেমন মজার না বে, কাজ করতেছি আর ইয়ারফোনে গান শুনতেছি ব্যাপারটা এমন। মজা জিনিষ টা কেমন এখন উদাহরণ খুইজ্জা পাইনে আর ὢB	Neutral
4759	দুঃখিত জীবন আমার ভুল হয়ে গেছে আজ মানুষ মানুষের ভীড়ে তোকে চিন্তে পাই নি যত দিন তুই এই দুনিয়ায় ভব ঘুরে হয়ে ঘুর… https://t.co/s6c0krWGKn	Neutral
4760	ধূপগুড়িতে সালিশি সভার জেরে দশম শ্রেণির ছাত্রীকে গণধর্ষণ ও খুনের অভিযোগ ঢাকতে তৃণমূলের চাপ  http:/t.co/L3i5Sgherl	Negative
4761	আমি যেদিন চলে যাব শান্ত মাটির নিচে| পাবে না আর খুঁজে আমায় হাজার লোকের ভিড়ে| কাদবে শুধু একা একা বুঝবে না তো কেউ|… https://t.co/jmXxZPT1R8	Neutral
4762	@sumpaii এত হাইসেন না তাহলে আপনারটাও চলে যেতে পারে	Negative
4763	আচ্ছা রাতের রঙ কি ধূসর? হতাশার রঙ কি ধূসর? রাতটা দেখলেই এমন হতাশ লাগে কেন? যেন ধূসর বর্ণ গুলো হতাশা দিয়ে আমার আগা… https://t.co/7Pts51j18k	Negative
4764	কেউ কেউ কেঁদে যায় জীবনের বেশিটাই কারো কারো সুঁখ বড় অল্প এত আর কারো নয় এ আমার জীবনের গল্প এ আমার কান্না হাসির গল্… https://t.co/th3voee3WX	Neutral
4765	আমি কখনও ডিমান দেখাই না যে ই আমার আই ডি তে আসবে(ফলো) তাকে অবশ্যয় ১০০% গ্যারান্টি ব্যাক দেই যদি তার আই ডি তে খারাপ… https://t.co/A6iyQVOhAj	Neutral
4766	বন্ধু -দোস্ত ভালোবাসা কি ? আমি - খুশি , জীবনে -মনে উভয় জায়গায় খুশি । বন্ধু - তোর মতে খুশি কি ? আমি- ওয়েল ,... https://t.co/KIxQxi7eaV	Neutral
4767	এবি ঝড়ে উড়ে গেলো উরন্ত ঢাকা । হারলো ঢাকা দেখলো দেশ ... আমরা বলি বাহ বাহ বেশ । পোষ্টটা তাদের জন্য যারা বেশি লাফাইতেছিলেন ।	Negative
4768	হারানোর ভয় নাই |||| মু হা ম্ম দ ই উ সু ফ সময়ের ঘুড়ি উড়ে অসীম আকাশ জুড়ে হাতে নাই লাটাই ! সব… https://t.co/xKlHJocJ7b	Neutral
4769	পুরা সিরিজে আজ শেষ দশ বল টিভির সামনে ছিলাম এই জন্য যে, যদি কোন কারনে আজকে জিতে তাহলে টিম বাংলাদেশ মাঠে কিভাবে তা সে… https://t.co/pjmgkUEQ8l	Neutral
4770	অন্যের ভাত বসে খাওয়া খুব মজার হয়, যখন নিজের ভাত অন্য জন বসে খাবে, তখন যে খাবে সে মজা পাবে, আর আপনি কষ্ট পাবেন,... https://t.co/hMUKxJ6TD1	Neutral
4771	নো টু ন্যাটো – নো টু নিউ ওয়ার বিক্ষোভকারীদের র‌্যালী ও সমাবেশ অনুষ্ঠিত http:/t.co/2Tm0dpDBCL	Negative
4772	ওই - কী? - তুমি রবীন্দ্রনাথ বুঝ নাহ? - না - কবিতা বুঝ না? - না - অংক বুঝ নাহ? - না - তাহলে কী বুঝ? - ভালোবাসা &lt;3 -… https://t.co/ZVNZMui4OP	Neutral
4773	কোথাই আছে হলে জানতে চাইলে এক জন খবর দেন ঢাকা মেডিকেল এ। মা ছূটে যান সেখানে। ছেলের পাশে মা এর কান্না হল এর বড় ভাই… https://t.co/WE4o7PMFNO	Neutral
4774	এই প্রথম ড. মাহফুজুর এর গান শুনতে গেলাম । গানের টাইটেল ছিলো,  সুখ পাখি  । গানটি শোনার পরে আমি যে কতো সুখ পেলাম তা আর বললাম না :)	Negative
4775	RT @Juiana0000: জীবনটা আজ বড়ই অদ্ভুত লাগছে। দুই বস্তা টেনশন, চার বস্তা কষ্ট আর ছয় বস্তা ভয় লাগছে আজ। এত দিন একা ছিলাম এত খারাপ লাগেনি কি…	Negative
4776	আজ কি ভালবাসা দিবস ২ নাকি?...টাইমলাইন এ তো দেখি ভালবাসা লেখা অনেক বেশি!!!!ওপস!!!.. আমিও তো লিখে দিলাম :))	Positive
4777	হ্যাঁ,এটাই আমাদের সোনার বাংলাদেশ ὢ1ὢ1 যে দেশে ৫ বছরের একটি শিশু বাচ্চাকে ধর্ষণ শেষে হত্যার পর লাশ বাঁশের সাথে ঝুলিয়ে রাখা হয়। Govt Silent	Negative
4778	বন্ধু তো তারাই, যে ভুল করার পর সেই ভুলের জন্য বন্ধুর কাছে অনুতপ্ত হয় ।আর যে তার বন্ধুর ভুল জেনেও তার ভুলের দিকে... https://t.co/MnGwebkZfg	Neutral
4779	আমি আমার ছেলেকে অন্যায় এর প্রতিবাদ করতে শিখাবো না । বলা যাবে না ছেলে যদি পুলিশ এর চাকরি পায় তো বলবে বাবা ভুল শিক্ষা দিয়েছে	Negative
4780	বীর মুক্তিযোদ্ধা নামিয় আই ডি যখন দেখি জামাত শিবির আই ডি কে ফ্রেন্ড বানায় রাখে আর আমার সাথে মিউচুয়াল দেখায় তখন মন টা খারাপ হয়ে যায়।	Negative
4781	RT @SubhrajitNath7: শুভ রাত্রি বনিদা ও কৌশানীদি। ὠC এই অসাধারণ ও মিষ্টি ছবিটি দেখে পারবো না আমি ছাড়তে তোকে সিনেমার অপু এবং শিবুর কথা…	Neutral
4782	দেয়ালে মেঘ এঁকে ঘরে উড়াও ফানুস, আমি বিস্ময়সহকারে ফানুসকীর্তির ফটো তুলি  http://t.co/OtxgliLrRO	Positive
4783	@kmmbd ওর কথায় আমি বাংলায় ফেসবুকে নাম লিখিনি । সেই ৬ বছর ধরে আমার নাম বাংলায় করা আছে ফেসবুকে । অভ্রর প্রতি যে… https://t.co/aqKNgshB3B	Neutral
4784	স্কুল লাইফের ১ম ভালো লাগা ὠD ১ম একটা মেয়ে ফ্রেন্ড ὠD বন্ধুরা খেপাতো, সে নাকি আমার ভালোবাসা ὡC তবে এটা ঠিক ছোট থাকা অ… https://t.co/gBK14DTbUD	Neutral
4785	আমি নেতা বা কবি হতে পৃথিবীতে আসিনি।এসেছিলাম প্রেম দিতে ও নিতে।কিন্তু আজ আমায় নিঃস্ব হাতে চলে যেতে হচ্ছে।----- কাজী নজরুল ইসলাম	Negative
4786	RT @wyeasynzz: একদিন ইচ্ছে মত লাল পানি খাব মাতাল হব যে আমি সচলতায় ভালোবাসি বলতে পারি না সে আমি মাতাল হয়ে বলে দিব ভালোবাসি!	Neutral
4787	এত বড় অভিযানে দুয়েকটা ভুল হতেই পারে… ! যে এই কথা বলছে তারে ক্রসফায়ার করে না কেন ? আমি লিখে দিচ্ছি যে এমন ক… https://t.co/R4lZQP10I6	Negative
4788	ভয় তো সেই পাই যে কা পুরুষ, প্রতিবাদ তো সেই করে যে বীর পুরুষ, আর সেই বীর পুরুষ আর কেউ নই, সৈইরাচার সরকারের অন্যায়ে… https://t.co/DFqC06imYn	Negative
4789	কোটা তুলে দেয়া হবে সামনে” এখন কোটা মারানি রাজনীতি শেষ হবে আশা করি ὠ9 সামনে যেনো কোটা চাই বলে আন্দোলন না হয় ᾒ8”।। আ… https://t.co/gv1EnnwS5F	Negative
4790	এক বন্ধু জানতে চাইছে আমি প্রচন্ড মন খারাপ থাকলে কি করি... ১/ রুমের দরজা বন্ধ করে হাই ভলিউমে হেডফোনে গান শুনি। ২/ কা… https://t.co/E5ymcripYt	Neutral
4791	৯৯% রাই ভুল করে এবার আপনাদের পালা!!! #আইকিউ_টেস্ট ! পারলে উত্তর দিন ২ + ২ = ৪ ৩ + ৩ = ১০ ৪ + ৪ = ১৮ ৫ + ৫ = ২৮ ৬ + ৬ = ৪০ ৯ + ৯ = ??	Negative
4792	@nusratjahanjeni হুম ঠিক অধিকাংশ মানুষই চিনতে ভুল করে ।। যেমন ধরুন আমি ।। আমিও তো ভুল ই করলাম জীবনে ভুল মনুষকে ভালবেসে ।। তাই না ।।	Neutral
4793	উড়ে যাবে সুখ চেয়ে রবো হয় তো না পাবো হয় তো পাবো ভাঙ্গা কিছু স্বপ্ন নিয়ে বেছে রবো কখনো বা প্রতিবাদ কখনো চুপসে র… https://t.co/joLmVbVAzU	Neutral
4794	তিন দিন তিন রাত 3 teen patti gold গেম খেলতে খেলতে মাথা আর মাথা রাখি নাই কল্লা হয়ে গেছে ব্যাথাই আর পারছি না শেষ ফ… https://t.co/TpmJOzYNnA	Neutral
4795	জনগণের নির্বাচিত প্রতিনিধিগণও বর্তমান সরকারের জুলুম-নির্যাতন ও রাজনৈতিক হয়রানী থেকে রেহাই পাচ্ছেন না...	Negative
4796	@zapalak ভাই... বরিশাল থেকে ঢাকা আসতেই তো ২ দিন লেগে যায়...!! ২ দিন পর এসে অফিস করবে কেমনে..?? ὠFὠF না এইরকম কোনো নিয়ম চালু করতেছেন..??ὣ3ὣ3	Neutral
4797	এই দেশ বাংলাদেশ আমার দেশ আমাদের দেশ স্বাধীন দেশ সবাই মুখোস ধারী । এই পৃথিবীতে এক এক জন মুখোস এর ভিতরে থাকা হিংস্র… https://t.co/eiw0VmCWCB	Neutral
4798	তিন লক্ষাধিক ব্যাটারি ও ৮০ হাজার মোটরের গন্তব্য কোথায় - http:/t.co/2NZAVjcZwk @ http:/t.co/T0q6cdtRPC	Neutral
4799	কারো হাসি মুখের ছবি দেইখ্যা ঘুম আর ভাঙ্গে না মাইয়া রে তুই অপরাধী রেὠC . . সিংগেল মানুষের আবার হাসি মুখὡ2ὡ2 বাপ মা লাথি মাইরা ঘুম থেকে উঠায়ὃ8ὒA	Neutral
4800	লালমনিরহাটে মুক্তিযোদ্ধা বিদ্রোহী গ্রুপের প্রতিবাদ সভা ও সাংবাদিক সম্মেলন: আসাদুজ্জামান সাজু… http://t.co/xGmwv7kIRI	Negative
4801	থাইল্যান্ড মিশনে শাকিব-অপু: কথা ছিল গত বৃহস্পতিবার থাইল্যান্ড যাবেন ঢাকাই ছবির জনপ্রিয় জুটি শাকিব খান ও অপু বিশ্বাস… http://t.co/PGf8uYH2VJ	Neutral
4802	ক্রোম ও ফায়ারফক্সে বাংলা দেখতে সমস্যা? | Techartisans http://t.co/SqqydFSwVX	Negative
4803	সাড়ে সাত ঘন্টা লেগেছে ঢাকা থেকে ফেনী আসতে। ভোর ৫:৩০ থেকে সকাল ১০টা বাজছে শুধু মেঘনা ব্রিজ আসতে। কি হিংসে হয়? ὣ2 —… https://t.co/YgzYnjKwnv	Neutral
4804	স্টুলিশের প্রেম বিষয়ক মেসেজ দেখে আমার যে গান গাইতে ইচ্ছা করে, সে যে কেন এলো না (ইনবক্সে) কিছু ভাল লাগে না এবার আ… https://t.co/SDZddulbsS	Neutral
4805	চোখ মারা একটি আর একটি কলা যা সহজে কেউ মারতে পারে না। দলিত মুসলমান মহিলা মারা খুবই সহজ তবে চোখ মারতে হলে নানান পদ্ধ… https://t.co/wngHxujnBK	Negative
4806	@TouchCrazy হা হা হা খারাপ না, মাঝে মাঝে এমন একটু দরকার হয়। অতীত মনে করে একটু মাজও পাওয়া যায়। গুতান সমস্যা নেই। আমার অবস্থাতো জানেনই,	Neutral
4807	দেশ আর কত ডিজিটাল হবে। যেখানে সধারণ জনগনের ভোগান্তি থাকবেনা। ডিজিটাল এর তরিতে ভাসতে ভাসতে ১২ ঘন্টায় ঢাকা থেকে কুমিল্লা আসলাম। — feeling sad	Negative
4808	মন কে কি কখনো প্রশ্ন করেছো? যে মনরে কেন এত অহংকার করো ? এক বার না হলেও গুরে আসুন না ঐ অন্ধ কার কবর থেকে । আমি তু… https://t.co/5OSBUs4ZvG	Neutral
4809	#newbd বার্তাবাংলা ডেস্ক :: ২০১৪-এর বার্ষিক সাধারণ সভায় ফিনল্যান্ডের সামাজিক ও সাংস্কৃতিক সংগঠন রূপসী বাংলা সম... http:/t.co/jMF54pjyPR	Neutral
4810	কেউ হাজারটা সঠিক কাজ করলে সেটা আমরা মনে রাখি না, অথচ যদি একটি ভুল কাজ করে তাহলে আমরাই হাজারটা সমালোচনা করি :-( .... https://t.co/KbZhXttxZW	Negative
4811	- হুজুর! “বউ হারালে শ টা বউ পাওয়া যাবে, কিন্তু মা হারালে আর পাওয়া যাবে না” - কথাটি কতটুকু সঠিক ? - বৎস! কথাটি বা… https://t.co/p7Oo2zhSef	Neutral
4812	বল্টুর মন খারাপ বল্টু স্কুলে এসে মন খারাপ করে বসে আছে। . . . তা দেখে তার বন্ধু পল্টু বলল----- . . পল্টু :- কিরে... https://t.co/mXqzzZM5CL	Neutral
4813	যে টিম খেলার আগে হেরে যায় তাদের কাছে থেকে কি আর আশা করা যায় । টি২০ আর টেস্ট খেলা কি বাংলাদেশ কোন দিন শিখবো না? আ… https://t.co/aTTKhZNuYa	Negative
4814	@ProthomAlo আপনি ও আপনার সরকার দেশের জন্মের পর যত বছর ক্ষমতায় আছেন, সে সময়ে কি এই অনিয়ম এর কিছু রোধ করেছেন? জনগন সেটাই জানতে চায়।	Negative
4815	বাইশারী শাহ্ নুরুদ্দীন দাখিল মাদ্রাসাটি দীর্ঘ ২ যুগেও এমপিও ভুক্তি হয়নি http://t.co/ZGMUzFuyL6	Negative
4816	এক সময় কলার কুড়ি বিক্রি করেছি সাত টাকা দরে আর আজ প্রতি পিছ কলা সাত টাকা দামে রেখে দোকানদার বেডা শোক দিবসে শোক দি… https://t.co/Q6VqGQw3zB	Neutral
4817	শত রাত জাগা হবে, থালে ভাত জমা রবে, খাওয়া দাওয়া কিছু মজা হবে না। হুট করে ফিরে এসে, লুট করে নিয়ে যাবে, এই মন… https://t.co/5BAwgBiVwW	Neutral
4818	গুণে পড়ে সারলি দফা করলি রফা গোলেমালে। ভাবলিনে মন কোথা সে ধন ভাজলি বেগুন পরের তেলে।। আর কি হবে এমন জনম লুটবি মজা ম… https://t.co/WxWO3FU2nA	Neutral
4819	ফুটবল খেলার প্রকৃত মজা নিতে চান? ὠE তবে কোন দলকেই সাপোর্ট না করে সব দলকে নিয়ে সমান হারে ট্রল করুন, আর মজা নিতে থাকেন :V ὡB #টুকটুকি ✌ὠ2	Neutral
4820	RT @MRSalim86: শহীদ মীর কাসেম আলী (রহ) : যে জীবন প্রেরণার! মীর কাসেম আলী একটি জীবন, একটি ইতিহাস। তিনি আমাদের প্রিয় সংগঠন, পথহারা লাখো তরুণ…	Positive
4821	আজ সকাল ১০ টা থেকে একটা কথাই বার বার মনে আসছিল তা হলো -- জীবনে সব সুখ পেতে নেই, সব কিছু পেয়ে গেলে অতৃপ্তি আর থাক… https://t.co/GKMmC6kO3t	Neutral
4822	থ্যাংক ইউ সো ভেরি মাছ বেহেন ফর দিস ওয়ান্ডারফুল গিফট !!এততো এততো চুম্মা ও <3 তোমাকে ।আল্লাহ্‌ ! আমাদের সবার...	Positive
4823	সবাই এটা ভাবে যে আমি খারাপ আর এরকম।তবে কেউ এটা ভাবে না যে আমি কেন খারাপ আর এরকম। এটাই দুনিয়ার নিয়ম।কেন সবাই স্বার্থপর? — feeling empty	Negative
4824	অতীত জীবনের অংশ... সেটা কে চাইলেও মুছে ফেলা যায় না কিন্তু যে বর্তমানকে অসুখী করতে অতীত কে টেনে আনে সে সুখ এর মর্ম বোঝে না #অভিমানী	Neutral
4825	দুঃখ ও কান্না করতে ভুলে গেছি ভাবছি তাহলে , সুখ আর হাসি নিয়ে আছি । তোমরাই বলো , সুখ আর দুখ নিয়ে তোমরাইতো খেলো... https://t.co/vd58c2GgQu	Neutral
4826	@touch_mh আর সরকারের সব বিএনপি জামাতের কাজ আসলে এই সব শোনতে শোনতে কানটা ঝালাপালা কবে যে আমাদের দেশে নতুন কিছু হবে আল্লাহ্‌ই ভালো জানেন।	Negative
4827	পল্লী চিকিৎসক ও SACMO সমাচার :অঘটনটি ঘটেছে পুরান ঢাকার এক ক্লিনিকে। রাত তিনটা, আমার কলিগ তখন নাইট ডিউটির কাজ... http:/t.co/ZrbYI4oKX3	Negative
4828	জীবন একটি মুদ্রার মতো, সুখ ও দু:খ এই মুদ্রার দুই দিক, এক সময়ে শুধুমাত্র একটা দিকই দেখা যায়, অন্য দিকটিও দেখা দেয় সঠিক সময় হলে ।	Neutral
4829	কে বলে ঢাকা শহরে শীত নায়, কুয়াশা নায়? ওকে আমার কাছে পাঠিয়ে দাও। বেশি করে *দ খাওয়াতে হবে ὠ1ὠ1ὠ1ὠ1 #goodmorning #bangladeah Md Abu Saleh	Neutral
4830	ছোট ছোট ভুল গুলো কোন এক সময় জীবনে একটি বড় Fact হয়ে দাড়ায়। যা মেনে নেওয়া হয় মনের বিরুদ্ধে। যার ফল নিরবে চোখের জল হয়ে ঝরে!	Negative
4831	আমার গর্ব আমার বাংলাদেশ https://t.co/ryhR13Lf2A	Negative
4832	আজ আমার মন খারাপ মেয়ে , আমি আনমনে বসে আছি আকাশ পানে , দৃষ্টি উদাস তুমি আমার জন্য এনে দেবে মেঘ থেকে , বৃষ্টির ঝিরি… https://t.co/cAlc7EooUg	Neutral
4833	নগ্ন সত্য কে ইতিহাস উম্মোচন করে । আজকের সাম্প্রতিক , আগামীর ইতিহাস । এই প্রতিপাদ্য সামনে রেখে আমাদের পথ চলা । কত অ… https://t.co/HOE6ykqJrq	Neutral
4834	মনে আছে বদু কাকার সেই দৌড়ের কথা? যারা সে সময় দেখেন নি বা ভুলে গেছেন তারা আবার একটু দেখে নিন। বিএনপি বদু কাকাকে… https://t.co/YIxp4gxVAu	Neutral
4835	ডি মারিয়া ও আলোনসোকে ছেড়ে দুর্বল হয়নি রিয়াল	Positive
4836	শুভ জন্মদিন দাদা । খুব খুব ভালো থেকো । আজ নতুন করে তোমার জন্য ভগবানের কাছে কিছু কিনতে চাইনা।আমি তো তোমার জন্য রোজ… https://t.co/3kBXU3XurK	Positive
4837	দিনশেষে বলতেই হল ভাল ছিল না দিন টাὢDὢD কে জানে হয় তো খারাপ সময় টা ও এখান থেকেই শুরু ὢDὢDὢD #শেষ — in Dhaka https://t.co/b0bLsTePWJ	Neutral
4838	RT @white_pori: বুকের মাঝে ভালোবাসা থাকবে জীবন ভরἻ6 হৃদয় কাদা মাটির কোনো মূর্তি নয় আঘাত দিলে ভেঙে যাবে মন উড়োন্ত কোনো বেলুন নয় হুল ফোটা…	Neutral
4839	RT @r_linkon: দেখেন ছাত্রলীগদের মন্তব্য। তোরা যখন এত পারিস তো দলবেধে পুলিশ নিয়ে যাস ক্যার। পুলিশ ছাড়া যা, দেকবি ভুল করে বাপকে খালু বলে ডা…	Negative
4840	RT @TwitBangla: “ সুখ কি এমন রোগে অনাহারে পিষ্ট পচন সভ্য পশুর হীন শীৎকার, শুধু চিৎকার শুধু প্রতারনা মিথ্যে মুখোশ, শুধু অপচয়ে আত্মবিনাশ আর…	Negative
4841	RT @HotSonai: #চোদাচুদি হোক আনন্দে ভরা । #সিরিয়াস হবার কোন দরকার নেই । একজন অপর জন কে আনন্দ মজা হাঁসি মুখে আদরে ভরিয়ে দাও । দেখবে অপরজন ও…	Neutral
4842	RT @Eroskwt: মানুষ ১দিনের জন্যে আসবে আর দু দিনের সুখ ভাগ করে নিবে, ৩দিনের দিনের মাথায় চলেও যাবে, আর দিয়ে যাবে সারাজীবনের কষ্ট ὡE - #তুনি	Neutral
4843	RT @BjpBiplab: সারা রাজ্য মানুষ ব্যাপক হারে সিপিএম ও অন্যান্য দল ছেড়ে বিজেপি দলে যোগদান করছে আর সেই ধারায় আজ নিজ ইচ্ছায় ভারতীয় জনতা পা…	Neutral
4844	ছোট্ট একটি ব্যাঙ। সে খুব ভাল বলে সবাই ওকে সোনা ব্যাঙ বলে ডাকে। আজ সকাল থেকে সে হস্টেলে মন খারাপ করে বসেছিল। মা বা… https://t.co/4Y69idPU8K	Neutral
4845	আগামী ৮ তারিখে দেশে কি হতে যাচ্ছে মহান আল্লাহ পাক ভাল জানেন। দূর দশ থেকে দেশের মানুষের জন্য দোয়া করি তারা যেন ভাল… https://t.co/df7ZaBCHsY	Neutral
4846	@Im_Hassi এটাও ঠিক। ওরা অল-আউট না হলে মনে হয় ৫৫০ এর আগে ডিক্লেয়ার-ও দিবে না।	Neutral
4847	মানুষ বড় আজব ! বাঘের বাচ্চা বললে খুশি হয় আর ... পশুর বাচ্চা বললে মন খারাপ করে । বাঘ কি পশুর মধ্যে পড়ে না? — feeling angry	Neutral
4848	ওয়েস্ট বেঙ্গল এর রাজনীতি খুবই খারাপ পর্যায়ে চলে গেছে এটা মনে হয় না যে আর ঠিক হবে। আজ আমি আর proud feel করছিনা যে… https://t.co/A8QbR2jHl2	Negative
4849	একটু আধটু লিখতাম | কবিতা হয়ত হত না | তবেআমি নিজে খুশি হতাম | দরিদ্রের সুখ আর কি | কিন্তু যেদিন থেকে ওনার কথাঞ্জলী… https://t.co/lpzeULgxFU	Neutral
4850	আমারে ফোনে হুমকি দুমকি দিয়া লাভ নাই সাহস থাকলে সামনে আয় খেলা হবে। তোদের ওই দুই পয়সার রাজনীতি আমি করি না। আমি কে বা কি সবাই তা জানে	Neutral
4851	RT @SubhrajitNath7: তোমাকে চাই Superhit ছবির এক বছর পূর্ণ হওয়ার জন্য বনিদা ও কৌশানীদিকে অনেক অনেক অভিনন্দন । ὤFὤF জয় ও দিয়ার ভালোবাসা কে ক…	Positive
4852	RT @bepari_jahid: @ProthomAlo শাজাহান কোনো দোশ নেই,,কত মানুষ কত ফিলে মারা যায় তাতে কোনো দোশ নাই,, আর মাত্র কয়জন মারা গেছে তাতে কত কিছু,,…	Neutral
4853	শুনলাম bf নাকি ভাড়া নিচ্ছে মেয়েরা Valentine’s Day এর জন্য । ὃ8ὃ8 আমাকে কি কেউ ভাড়া নিবেন ?? ὃ8 দেখতে এতটাও খারাপ না আমি ὃ8	Neutral
4854	অন্ধকার , কিছু দূরে কুকুর গুলো , ঘেউ ঘেউ করছে । বিছমিল্লাহ বলে বের হলাম । আসে পাশে কোন মানুষ নাই , ফজরের নামাযের... https://t.co/U1bvK8Kn4F	Neutral
4855	RT @kokosamrat: আমার ভয় হয় কোন দিন জানি আমাদের এই সোনার বাংলাদেশ টা কে তামার বাংলাদেশ বানিয়ে ফেলে !! ὡ4ὠC ἞7἞9἞7἞9ἼFἼF #Bangladesh #বাংলাদেশ htt…	Negative
4856	১৬৩ বছর পরে এমন জয়। ὠ1ὠ1 বলছিলাম বাংলাদেশ ২৫০ করলে হামিদ হলে ৫ টা সোনাপাতা সদকা করি দিবো। যা হলো, ভালোর জন্যই হলো।… https://t.co/GtINudIJPW	Neutral
4857	সব সময় হাসি মুখে ভালো থাকার অভিনয় করলেও মাঝে মাঝে আর সেই অভিনয় করা যায় না। তখন মনটা এমনিতেই খারাপ হয়ে যায়। — feeling alone	Neutral
4858	RT @mezweetie: আপনি প্রেম করুন! মজার ব্যাপার! জীবন এক্টাই,একটা জটিল অংক বলা যায়! অংক করতে গেলে আমাদের ভুল হয় সূত্র দেখে ঠিক করিয়ে নেন।	Neutral
4859	RT @eeazim: বি এন পি এর ফেসবুকের অফিসিয়াল পেইজ ভেরিফাই না হয়ে অন্য একটি পেইজ হয়েছে যা কিনা একই নামে রয়েছে! এই বিষয়ে সতর্ক থাকার অনুরোধ…	Neutral
4860	ক্ষমা মহৎ এর লক্ষণ ὠD I know that. but ইদানীং এখন আর ক্ষমা জিনিষটা আমার মধ্যে আসেনা/ আসতে চায় নাহ ὡEὡEὣ0 এর মানে ২… https://t.co/8c6K3cBeie	Neutral
4861	@NurMmad ফারজানা েকমন আ েছা সবাই ভাল এখন তমার ভা িবর পা েশ আ েনক িদনপর এ েস িছ আ েনক মজার িদন কট েছ আলহামিলললাহ	Positive
4862	মানুষ এর দূর্বলতা নিয়ে মজা কইরেন না ভাই। সবার ই কোননা কোন দূর্বল দিক আছে। কে যানে কবে আপনার টা ধইরা অন্য কেউ টান দিব।	Neutral
4863	তুমি ছুঁয়ে দিলেই আকাশ হবে। তুমি হবে নি:সীম দিগন্ত। আর আমি হবো দিগন্তরেখা। কিন্তু সে তো অন্ধকার হলেই মিলিয়ে যাবে। আমি চিরন্তন হতে চাই।	Neutral
4864	আল্লাহ আমােদর সবার লালন কাির,সে আমােদরকে সুেখ রাখলে তাঁকে সরণকরবো,এবং দুেখ রাখলেও তাঁকে সরণকরবো। http://t.co/yqpZahgYZR	Positive
4865	#Bangladesh #News পৃথিবীখ্যাত শিল্পীদের আদর-সোহাগের পোষ্য - বিড়াল, কুকুর, বানর, শিম্পাঞ্জি, ম্যাকাও, হরিণ, গাধা, ময়ূর, ইগল, হাঁস,...	Positive
4866	@arifzamzam552 @AlMithu সারা জীবন মানুষের সম্পর্কে ভুল ধারনা করে এসেছো আজ ও করলে,যাই হই আমি কিং তো জীবনেও হবো না তবে কুইন হবো এইটা সিউর	Neutral
4867	দ্বিতীয় ছবিতেও দর্শকদের হতাশ করবেননা পুনম!গত বছর ‘নেশা’ ছবিতে অভিনয়ের মধ্য দিয়ে হিন্দি সিনেমায় অভিষেক হলেও...	Positive
4868	RT @MyselfMahmud: এই রুপালি গিটার ফেলে একদিন চলে যাব দুরে, বহুদূরে সেদিন চোখে অশ্রু তুমি রেখো গোপন করে :( মনে রেখো তুমি কত রাত কত দিন শু…	Neutral
4869	শিক্ষকরা এরকম রাজনীতি করুক যেন তার নিজের দল যদি ভুল করে এবং তার বিরোধী দল যদি সঠিক একটি যুক্তি উপস্থাপন করে তখন নি… https://t.co/xmFYzgZHfQ	Neutral
4870	RT @Payelmc: উমা হৃদয় ছুঁয়ে যায়.আমার কোলকাতা কে নতুন করে খুঁজে পেয়ে মন ভোরে যায়. হল থেকে বেরিয়ে কলকাতাতে বাবা কে ফোন করি বলতে মন খা…	Positive
4871	বিশ্বম্ভরপুরে কোনাজাল ব্যবহারকারীদের বিরুদ্ধে বিক্ষোভ ও স্মারক লিপি প্রদান - Abnews http://t.co/dj8KJ8L5jn	Negative
4872	কিছুই সহজ নহে, বেদনা সহজ নহে, বিরহ সহজ নহে, মিলন সহজ নহে। কী তবে সহজ? কিছুই সহজ নহে যদি, নদী কি সহজ? নাকি সহজ কঠিন?… https://t.co/4UueGtW1DC	Neutral
4873	আশা ছিল ভালোবাসা ছিল আজ আশা নেই, ভালোবাসা নেই।। এই সেই কৃষ্ণচূড়া যার তলে দাঁড়িয়ে চোখে চোখ হাতে হাত কথা যেত হারিয়ে। আজ এখানে..	Neutral
4874	মজার ইশকুলঃ ঈদ উৎসব ২০১৮ । সিজন - ৬ এ স্বেচ্ছাসেবী হিসেবে যুক্ত থাকার আজকেই শেষ দিন, মিস করছেন করছেন না তো ? স্বে… https://t.co/U5CLudhtsA	Neutral
4875	এ মাসের রহমতে আমার লেখা...রক্তাক্ত মধ্যপ্রাচ্য ও ঘরের ইঁদুরমধ্যপ্রাচ্যে বর্তমানের অশান্তি ও অস্থিরতার একটি...	Negative
4876	@itz_sojib ব্রাজিল কি কাপ জিতবে না নাকি !! জিতবে বললে সমস্যা কোথায় !!?? ব্রাজিল বললেই মাথা খারাপ নাকি !! মনে হয়েছে তাই বলেছি , সমস্যা ??	Neutral
4877	যা এখন সঠিক বলে ভাবছ বা কোন একদিন যা সঠিক ভেবেছিলে তাঁকে এখন ভুল মনে হচ্ছে বা হবে অথবা এখন যে চিন্তাকে ভুল মনে... https://t.co/ag448jzrNq	Neutral
4878	আজকে এক #দারোয়ান কে আমি #স্যার বলছি, ওনি এত খুশি হইছে আমি অবাক?? আমি দুষ্টামির বশে স্যার বলছি ওনাকে। বেঁচে থাকুক ভালোবাসা সবার জন্য।	Neutral
4879	মাঝে মাঝে ভাবি কিসের এত নির্ঘুম রাত কার জন্য আর্তনাদ, কার আশায় পথ চেয়ে থাকা ? কার জন্য এত অপেক্ষা ? কার জন্য চোখে… https://t.co/Dkj8HCcduB	Neutral
4880	প্রশ্ন ;- বাংলাদেশের কোন জেলায় শিশু শ্রমিকের সংখ্যা বেশী ?উত্তর ;- নাটোর(সর্বনিম্ন পাবনা ও জয়পুরহাট)প্রশ্ন ;-...	Neutral
4881	ধীরে ধীরে করা… কিছু আশার সঞ্চারণ, এক মূহুর্তে হয়… বাস্তবতার গলাধঃকরণ ! তবু আশা বাঁধি… তবুও আশায় বাঁধি, বিকিয়ে দিয়ে তা যদিও হই অপরাধী !	Neutral
4882	একবার এক নক্ষত্রকে বলেছি, তুমি কি সুখী? সে বললো তোমরা সবাই এমন প্রশ্ন করো কেন? বললাম, আমি কে ? সে বললো, এই অনন্তের… https://t.co/14QWzLhvLp	Neutral
4883	আমার এখনো মনে আছে ...দেড় বছর আগেও আমি Twitter এ একদম নিয়মিত ছিলাম... ὤ2 Twitter এ তখন অনেক মজা হত (হয়তবা এখনো হয়… https://t.co/3tPt8MSn3G	Neutral
4884	স্তন ক্যানসার রুখবে স্মার্ট ব্রা !(ভিডিও সহ): তন ক্যানসারের হদিস দিতে সম্প্রতি এক মার্কিন কোম্পানি হাইটেক ব্রা... http://t.co/9LPfaUebIL	Neutral
4885	বেশিরভাগ বাবা-মা হরহামেশা বাচ্চাদের সঙ্গে মিথ্যা বলেন!ঢাকা : যুক্তরাষ্ট্র ও চীনে এক পারিবারিক জরিপে দেখা গেছে,...	Neutral
4886	RT @_bdLevis: জীবন নদীতে খরা নেমেছে শুকিয়ে গেছে জল আলোর পিছে ঘুরতে ঘুরতে অন্ধকারেই তল, পথের মাঝে পথ হারিয়ে করে গেছি ভুল একূল ওকূল সব হারি…	Neutral
4887	RT @bub8g: এক পৃথিবীতে চেয়েছি তোমাকে, এক সাগর ভালোবাসা রয়েছে এ বুকে , যদি কাছে আসতে দাও, যদি ভালোবাসতে দাও, এক জনম নয় লক্ষ জনম ভালোবাসব…	Neutral
4888	সব সাংবিধানিক পদে সংসদীয় অভিশংসন: আইনজীবী ও নাগরিক সমাজের উদ্যোগের মধ্যেই বিচারপতিদের অভিশংসনের ক্ষমতা সংসদের ... http://t.co/rtpUNwfzwR	Positive
4889	@msaif3109 খারাপ নই তো যৌন চাহিদা টাই মূল। বাইরে গিয়ে সময় নষ্ট করার থেকে এক হলে থেকে মোয মাস্তি করা ভাল। সময়ের মূল্য অনেক	Neutral
4890	নিঃস্বার্থ , ত্যাগী ও পরোপকারী  মানুষকে আমি খুব পছন্দ এবং স্রদ্ধা করি এবং ভালবাসি। তাই আমাকে ধোকা দেয়ার জন্য... http://t.co/VnzFxNzsU1	Positive
4891	কাকা ২লিটার ৭আপ দেন ὠ2 নাই ὡ1 ভাবলাম ঠান্ডা নাই, কাকা গরম তাই দেনὠE নাইὡ0 কাকা ওই যে ὠ2 বেচুম না আজকে ὠ2ὠ2ὠ2 #বাকিটা_ইতিহাস… https://t.co/Fz3RLSlM6H	Neutral
4892	৬ ডিজিটের সেলারি জীবনে আপনাকে সুখ দিতে পারবে না যা ৫ ডিজিটের সেলারি দিবে। ১৩ বছর আগে ৩ টা ৫০০ টাকা নোট সেলারি... https://t.co/IeKNOLvzUT	Neutral
4893	 মা  ইদানীং আমার অনিয়মতান্ত্রিক চলাফেরার জন্য রাগ করেই বলেন আমার আগেই তোরে মাটি দিতে হবে :( :( :( আজ এমন এক পরি… https://t.co/75TBYYyM84	Neutral
4894	সকালে উঠি যখন ক্লাস এর জন্য রেডি হব উঠে দেখি অনেক জ্বর শরীর বেথা,অবস্থা খুব খারাপ ক্লাস গুলা মিস করতে একদম মন চাচ্চে নাὢDὢDὢD — feeling sick	Neutral
4895	ভারতী ও ঘনিষ্ঠ ৬ পুলিসের বাড়িতে সিআইডি হানা উদ্ধার দেড় কোটি টাকা, ২ কেজি সোনা! ভারতী ঘোষ এবার কি ? জানা গেল ! সার… https://t.co/ezfLdTcD8J	Neutral
4896	আমাকে আমার মতো থাকতে দাও,আমি নিজেকে নিজের মতো গুছিয়ে নিয়েছ। — feeling free	Positive
4897	RT @MonjuAlom1: বাংলাদেশ ব্যাংকেই ছিল সোনা, হয়ে গেছে মাটি। জমা রাখা হয়েছিল ৩ কেজি ৩০০ গ্রাম ওজনের সোনার চাকতি ও আংটি, তা হয়ে আছে মিশ্র…	Neutral
4898	এক সময় কনসার্টের অন্ধ ভক্ত ছিলাম । গুরু জেমসের কনসার্ট দেখতে দুর দুরান্তে চলে যেতাম । এখন আর তত ভালো লাগে না । … https://t.co/AFb2WaaDKD	Neutral
4899	❒ আসন সংখ্যা সীমিত। আর মাত্র ০৪ টি বুকিং বাকি আছে। ট্যুর ফী দিয়ে আজই আপনার ভ্রমণ নিশ্চিত করুন। ❒ এই শীতে ঘুরে আসুন… https://t.co/I3IIf53v9p	Neutral
4900	ღ_ღ_ নতুন আলো নতুন ভোর, আসলো বছর কাটলো প্রহর। অতিতের হলো মরণ, নতুন কে করো বরন!! পুরনো সব স্মৃতি করে ফেল ইতি, তোমাকে… https://t.co/WkdMOPOiGI	Neutral
4901	খেলার কি দোষ বাংলাদেশে সব থেকে বেশী টাকা কামানোর একমাত্র পন্থা রাজনীতি ὄ3 আসেন খেলা ছেডে রাজনীতি তে যোগ দিয়ে দেশের সেবা করি ᾒD #rip #BDTeam	Negative
4902	জীবনে দুঃখ হল , আকাশের তারার মতো,, যা কোন দিন গুনে শেষ করা যায়না... আর সুখ হল চাঁদের মতো,,, যা রাতে আসে , আবার দিন হলেই চলে যায়...	Neutral
4903	Ive just posted a new blog:  পিতা স্বর্গ, পিতা ধর্ম, পিতা পরম দেবতা  এই বিষয়টি অনেকের অজানা আবার অনেকের জানা আ… https://t.co/L7PtMw2CAQ	Neutral
4904	RT @Tania0678: কি যে যন্ত্রণা শুরু হইলো বুজি না ὢB দুইদিন আগে প্রচন্ড মাথা ব্যাথা ὣ0 এখন আবার ঠান্ডা জ্বর আর ভাল্ললাগে নাὡ6ὡ6 নাক চোখὢDὢDὢD	Neutral
4905	RT @MdNazrul25: তোমাদের মধ্যে এমন একটি দল থাকা উচিত, যারা (লোককে) কল্যাণের দিকে আহবান করবে এবং সৎকার্যের নির্দেশ দেবে ও অসৎ কার্য থেকে নি…	Neutral
4906	RT @munnimeta: যখন কেউ কাঁদে, সেটা হলোঃ আবেগ । যখন কেউ কাঁদায়, সেটা হলোঃ প্রতারণা । আর যখন কেউ অন্য কে কাঁদিয়ে নিজেও কেঁদে ফেলে,…	Neutral
4907	হে মহান সৃষ্টিকর্তা আমাকে এমন এক দেশে পাঠিয়েছো যেখানে গড় আয়ু মাত্র ৬৫ থেকে ৭০ বছর কপাল ভাল থাকলে ১০০ বছর ও বেচে… https://t.co/VlGUFfE9mA	Neutral
4908	আপনারা একটু ভুল করছেন দুই ম্যাচে ৭ টা গোল খাওয়ার থেকে এক ম্যাচে ৭ টা খাওয়া অনেক ভালো । কারন টা ভেবে দেখলেই বুঝতে… https://t.co/BteI14e5Qu	Neutral
4909	কুমিল্লায় হজ্জ ও কাবা ঘর নিয়ে কটুক্তি করায় গনধোলাইয়ের পর যুবকে পুলিশে সোপর্দ । বিস্তারিত. . ....	Negative
4910	তামিম নাই তাই দলের এই অবস্থা, যখন সিনিয়ার রা যখন পঞ্চ মানব অবসর নিবে তখন যে west indesh এবং srilonka এমন ভালো দল… https://t.co/jyarpubNHQ	Neutral
4911	আজকের আবহাওয়া আর কয়েকদিন দিনের তাপমাত্রা অস্বাভাবিক তাপমাত্রা। ঈদের দিন ৩৯ আর ঈদের পরের দিন ৪০। তাই যদি হয় তাহলে Feels Like কত হবে? ὣ2ὣ2ὣ2ὣ2	Neutral
4912	মহান আল্লাহ বলেন ** আমি তার প্রতি ক্ষমাশীল যে তওবা করে ঈমান আনে , সৎ কর্ম করে এবং সৎ পথে অটল থাকে । ——- সূরা ত্বোয়হা —৮২ ।	Neutral
4913	পটিয়া সাত গাছিয়া দরবারে বার্ষিক ওরশ ও মিলাদ সর্ম্পন্ন - Abnews http://t.co/nGphMpqUjq	Neutral
4914	আমার কলেজ ছিল ওমর গনি এম ই এস কলেজ ὠA রাজনীতি ছিল সেখানে ছাত্রলীগ এর শক্তিবল ছিল, অনেক দিন পর কলেজ গেলাম আগের চেয়ে… https://t.co/sOntAigKFr	Neutral
4915	আমি এমন একটা বন্ধু চাই। যার সাথে সব কিছু শেয়ার করা যায়। আমার যখন মন খারাপ থাকবে, সে বন্ধু টি আমার মন ভালো করে .. https://t.co/JvrE57Z3AA	Neutral
4916	RT @ayonahmed: তোমরা তো কেউ পাত্তা দাও নাই, আমি তো আগেই বলছি, যার কোন নাই নীতি সে করে রাজনীতি। টের পাইছে কিছু। সততার রাজনীতি বঙ্গবন্ধুর…	Neutral
4917	তুমি যদি ভাবো আমি সেই সুতো হবো, যে তোমায় আলোকিত করে আমি নিজেই জ্বলে যাবো ৺ তাহলে তোমার ভুল হবে ,আমি সেই নোকৌ... https://t.co/o7z3jSWUus	Neutral
4918	“লাগবো না তোর ভালোবাসা আমার I love you ফেরত দে” এর মত বলতে ইচ্ছে করে “লাগবো না তোর 3G আমার 2G ফেরত দে” আর এখন... https://t.co/ChSbZKX2C4	Neutral
4919	মন খরাফ থাকলে যা করবেন স্বদেশবার্তা ডেস্কঃ নানা কারণে আমাদের মন খারাপ হতে পারে , আসতে পারে হতাশা । তবে এই মন খ... https://t.co/Dh3jm9U38H	Neutral
4920	কাক ডাকছে না কুকুর ডাকছে তা বুঝতে যেমন বাসার বাইরে যেয়ে দেখা লাগে না, ঠিক তেমনই, কেমন আছো বা কেমন আছি, তা বোঝাতে অ… https://t.co/UW9EWrl2bC	Neutral
4921	আয় হায় হ্যাপি বার্থডে হাফিজ ভাই পর্ব-১ Ἰ2 . এত এত উইশ পাইলাম তাই একটু কাউন্টার এর কাজ ও করছিলাম ὡ8 186 + ছেলের... https://t.co/uAKMnT9ytd	Neutral
4922	বিদায় সব সময় মনের গহীনে কান্নার রোলের মতন বাজে। গাইনী ওয়ার্ড এ প্লেসমেন্ট আজ সমাপ্ত হল। সবার ভালোবাসা টা মিস করব। #GU_1 — feeling sad	Neutral
4923	 অহংকার করার মত অলংকার হয়তো আমার নেই কিন্তু ঘৃণা করার মত শিবের বিষ শরীরে বয়ে বেড়াই তোমার জন্য ὣ7ὢ1  © নাহ্ইয়ান আল জামান (রাফিন) ὠE	Neutral
4924	অপরাধ না করেও অপরাধীঢাকা, ৭ সেপ্টেম্বর : রাজধানীর সন্নিকটে আশুলিয়া থানা এলাকায় অপরাধ না করেও এক মামলায় ৫ জনকে... http://t.co/dhEHx5DXpn	Negative
4925	@BCBtigers এভাবে আসলে আর গেলে কেমনে কী ? এমন নজির অবস্থা কেন তাও অবার নিজ দেশের মধ্যে ... ?? এটা মানা যায় ভাই ὡ1 ὠE	Negative
4926	ড. কামাল মুখে যাই বলুন তিনি তার দলের ২ জনকে শপথ নিতে পাঠাবেন। আর যদি তাই হয় তাহলে এটা বাস্তবতা যে, বিএনপি আরো কোণ… https://t.co/TsWk2acKzC	Neutral
4927	চিন্তা করছিলাম যে আজকে সকাল বেলা পল্টনে যাবো। উত্তরার বাইরে বের হইনা বল্লেই চলে, বছরে হয়তো ৮/১০ বার হলেও হবে :p।... http:/t.co/IC7o7X9HaV	Neutral
4928	ছোট মুখে একটা কথা বলছি বাংলা দেশে যত ইংরেজী গ্রামার আছে সব ভুল কারন তারা জানেনা কোথায় S/ O বসবে কোথায় C/O বসবে আ… https://t.co/IsG8JXQQ5W	Negative
4929	শরীর খারাপ হলে কত মানুষ পাশে থাকে। কত জন আদর যত্ন করে। ভালো ভালো খাবার খাওয়াই। কপাল দোষে এই তা আর সম্ভব হবে না।... https://t.co/XsHEA8CDtX	Neutral
4930	RT @QuranerAlo: এক ব্যাক্তি মসজিদে আমাকে বলছিলেন তাঁর স্ত্রীর অবদান যদি জীবনে না থাকতো তবে তিনি আজ ধবংস হয়ে যেতেন । তিনি (স্ত্রী) তাঁকে সা…	Neutral
4931	@sohanur40912919 সুখ এবং দুখ এই দুই নিয়ে মানুষের জীনব, যকন কষ্টের ছোয়া আসে তকন অথিতের পেল আসা ভাল দিন গুলো একটু সরণ করেন দেখবেন ভাল লাগবে	Positive
4932	আমার পাশে যে একটা কিশোরগইঞ্জা চলে সেইটা বুঝতে আমার আড়াই বছর লাগলো আর তাতে তোমরা মজা লইলা। ৪৭ বছর পরেও তোমরা যে সব.… https://t.co/gwv6u6trdS	Neutral
4933	কথিত ভালো ছাত্র বলতে যা বোঝায় তা ছিলাম না বটে, তবু স্কুল জীবনের কথা খুব মনে পড়ে। ভালো খারাপ কি করেছি জানি না, তবে… https://t.co/At3qxrRzEH	Neutral
4934	মেয়েটি অসতী। ( পর্ব--৭) । --- সে ভাই, যা তোর জন্য আমি আজ থেকে সিগারেট খাওয়া ছেড়ে দিলাম , কিন্তু তুই ভুল করে ও... https://t.co/kUBQn0uMcG	Neutral
4935	Ὅ6 আজ বিশ্ব বই ὍA দিবস। অথচ আজকের এই দিনেই ঢাকা থেকে আমার সব বই বাড়িতে নিয়ে যাচ্ছি তৃতীয় কিস্তিতে। আমার কেনা দুই… https://t.co/nZgqZqYoWd	Neutral
4936	RT @JasikaParvin: তোমাকে শুধু তোমাকে চাই, পাবো? পাই বা না পাই এক জীবনে তোমার কাছেই যাবো। ইচ্ছে হলে দেখতে দিও, দেখো হাত বাড়িয়ে হাত চেয়ে…	Neutral
4937	কিং লিও ও ডন ইনিয়েস্তা............কভার পিকে দেওয়ার জন্য একদম পারফেক্ট একটা পিকমেসি ও ইনিয়েস্তা তথা বার্সা... http:/t.co/F7AqlbLNTU	Neutral
4938	পৃথিবীর বুকের সবচেয়ে ধীর গতির জিনিসটার নাম কি? উত্তর: অাইন — feeling delighted at দূর্… https://t.co/JUeTzTPa38	Neutral
4939	বাঘ হবার আগে কাক হতে শিখা উচিৎ । কাককে নিয়ে সবাই অনেক খারাপ কথা বলে, কুটুক্তি করে । তাই বলে কি কাক ডাকা বন্ধ করেছে… https://t.co/y37yKUJUCp	Positive
4940	তুমি যদি অন্য কারো সাথে ভালো থাকো তাহলে তাই হবে। আমি আর তোমার পথে বাধা হতে আসবো নাহ। তাই বলেই তো সব কিছুর থেকে নি… https://t.co/SMqWRCAH9t	Neutral
4941	এখন মাঝরাত,দুঃখী বালক কাঁদে।তবুও হাঁটছে দ্যাখো শীতার্ত পথে.	Negative
4942	ওজিল ফিট থাকা সত্ত্বেও কেন ওকে খেলাচ্ছে না জোয়াকিম লো ? তুরস্কের ব্যাপার টা নিয়ে এখন রাজনীতি না করলেই নয় ? মন খারাপ হয়ে গেল ভাই ..	Negative
4943	ছুটির দিন ভেবেছিলাম আরাম করে বেলা করে ঘুম দিব আজ । যা ভাবি তা আসলে সবসময় হয়ে উঠে না । ঘুমটা ভাঙ্গল পাশের পাড়ার র… https://t.co/GX9TRGpigq	Neutral
4944	✋ὠE দেখ ভাই যদি তোমার মন বেশি ভালো থাকে কাউকে বলতে নাই! কারন যার মন খারাপ সে তোমার মনের উপর নজর দারিতে পারে! — feeling cold	Neutral
4945	এখন থেকে এই চ্যানেল এ আমার সকল বাংলা ভিডিও আপলোড করা হবে । আর Robi Show তে সব ইংলিশ ভিডিও আপলোড করা হবে । নতুন চ্যা… https://t.co/s6ORE5nNSy	Neutral
4946	যদি তোমাদের প্রতি আল্লাহর অনুগ্রহ ও দয়া না থাকত এবং আল্লাহ দয়ালু, মেহেরবান না হতেন, তবে কত কিছুই হয়ে যেত [আন নূর-২০] — মহান আল্লাহ্ বলেন-	Positive
4947	এইরে, এবার আর কিছু করার নেই 10,000 নিতেই হবে , আজ থেকে লিখা শুরু আমার , ও দিদি দিদিগো আপনি মহান 1, আপনি ভালো , না… https://t.co/MWwnn62b6b	Neutral
4948	RT @urumurum: ডাউন দা উইকেটে এসে জাহানারা আলমের শট। বল মিড উইকেটে। পড়িমরি করে দ্রুত দুটি রান। নিজেকে বাঁচাতে ঝাঁপিয়ে পড়া। রান পুরো করে য…	Neutral
4949	 এই প্রজন্ম বলে - বাধা আসবে যেখানে, শান্তি আনবো সেখানে। এই প্রজন্ম আর লড়াই করার রাজনীতি চাই না! চাই না! চাই না! https://t.co/rPeZra35hJ	Neutral
4950	@MrNobab কেন ভাই কিছু হইছে নাকি? হটাৎ এই কথা বলছেন যে, তাও খারাপ বলেন নাই এখন অনেকেই যে সমস্ত পিকচার লাগায় অস্বাভাবিক অবস্থা ὢ0	Neutral
4951	আমি এসেছি পাখিদের মধুর গান নিয়ে আমি এসেছি নাম না জানা ফুলের গন্ধ নিয়ে আমি এসেছি অনেক ভালোবাসা নিয়ে এসো ধরো আমার হাত আমি যে (সুপ্রভাত)	Positive
4952	ভালো কিছু উপহার দিতে চাইলে ভালো কিছু শেখাতে পারেন, তা সম্ভব না হলে মন্দ কিছু নিয়ে মজা করে অন্যদের মনমানসিকতা নষ্ট করার অধিকার নেই!	Neutral
4953	বিলাস-০১.......সুশান্ত পোদ্দারবিলাসবহুল জীবন সবার কাছেই ঈর্ষণীয়কিন্তু এর রসদ যোগাদাতার শ্রম ও মেধাথেকে যায়... http:/t.co/1xoSBM9YFc	Neutral
4954	@TheNurHossain দূরও দাদু ৷ মুখ খারাপ করা ভালো না ৷ এই বধ অভ্যাস ছাড়েন ৷ অারো সম্মান পাবেন ৷ অারে এমন কিছূতো অামি… https://t.co/13McS9jzso	Neutral
4955	বালিকা, চলো বাজি হয়ে যাক- রংপুর জিতলে আমি তোমার, আর ঢাকা জিতলে তুমি আমার । * কিন্তু বিপিএল নিয়ে এই বাজি কী ওলা… https://t.co/kNXvQ1Zxh9	Neutral
4956	RT @fokroul_hasan: ক্ষেত্র বিশেষে আপনি যখন কাউকে ছাড় দেন, তখন উল্টো আপনাকেই দুর্বল অথবা অপরাধী ভাবতে থাকে, এদের ছোট মনে আপনার ত্যাগ বুঝে আ…	Neutral
4957	Part-304. || সবার জীবনে ঠিক সময় অনেক ভুল মানুষ চলে আসে ও ভুল সময় অনেক ঠিক মানুষ চলে আসে ¦| |¦ আবেগের স্রোতে না ভে… https://t.co/FTiJkrTXXG	Neutral
4958	হৃদয় নিভৃতে বেঁধে রাখা শক্ত পাথরটি আজ বিদীর্ণ হয়ে গেছে। আমি তাকে আর আটকায়নি, আটকাতে পারিনিও। জল ছলছল চোখ ফোটা... http:/t.co/JdY2IVD5bT	Negative
4959	অনেক ক্ষণ তর্কের পর নিজেকে ভুল প্রমাণিত করাটা , কিছুটা রান আউট হওয়ার মতো .. আউট-ই যখন হবি হুদাই কেরে দৌড়ালি ... — feeling defeated	Neutral
4960	বালক ভুল ক’রে পড়েছে ভুল বই, পড়ে নি ব্যাকরণ, পড়ে নি মূল বই! বালক জানে না তো সময় প্রতিকূল, সাঁতার না শিখে সে সাগ… https://t.co/lWYRoFjaBD	Neutral
4961	RT @AlMiznur: আপনার বাপে কবল চোর। আপনী কয়লা ময়লা সোনা রিজাব চোর। কমিশন ১০% ঘোষের করনে আপনার নামে ১৪ মামলা হয়েছিলো ।ভবিষৎ হবে ১১৪ মাম…	Negative
4962	রিয়াল মাদ্রিদ রোনালদো থেকে বড় এইটা আমিও বলি।। বাট এর মানে এইটা না যে এখন তারে ট্রল করে পোস্ট দিব বা তারে পচাব বা… https://t.co/IHtOwSTSLT	Neutral
4963	RT @sumonakash11: কিছু কষ্টের কোন সমাধান থাকে না, সময়ের সাথে সাথে অভ্যাসে পরিণত হয়ে যায় ὠC জয়ী হয়ে যায় শুধু কিছু অসৎ মানুষের মনে…	Negative
4964	হয়তো সে আমার জন্য নয় বা আমি তার জন্যে নয়, আমি শুধু ওর কাছে টাইমপাস ই ছিলাম হয়তো। তবুও কেন আমি কুকুরের মতো ওর কা… https://t.co/XVLYN4XxKP	Negative
4965	আহ ভালোবাসা সেটা তো একটা স্বপ্নের নাম :) :) যে স্বপ্ন দেখতে গেলে আগে কষ্ট পেতে হয় :( :( তাইতো স্বপ্ন দেখাটা ভুলে গেছি &gt;:o	Negative
4966	RT @Shahadat_H_T: সূর্য আর কোন দিক থেকে উঠছে? ভুল করে কি মনে পরছে? মানুষ বড়লোক হলে এভাবেই ভুলে যায়, একেবারেই ভুলে গেছো। এই থাক গুলো শু…	Neutral
4967	@Morichikk @Smita_719 যে জেমন তেমনটা আশা করা কিন্তু ভুল না,আমি যেমন ঠিক বেশি না হোক কাছাকাছি আশা করতেই পারি!তাই বলে নিজ থেকে খারাপ তা কি হয়	Neutral
4968	যে বেশি হাসে, সে আসলে গোপনে কাঁদে! যে বেশি নিজেকে সুখী দেখায়, সে নীরবে একা থাকে! যে বলে সুখের কোন অভাব নাই, তা… https://t.co/jf23YCkzpd	Neutral
4969	আজকে ভারত ও বাংলাদেশের ০ পয়েন্টে । যা মজা হইছে বলে শেষ করা যাবে না। আজকে সবাই বিড়ি খেয়েছি। পাতা বিড়ি .... —... https://t.co/jKMSn3peMI	Neutral
4970	. “ ভুল ভেঙে গেলে ডাক দিও, আমি মৃত্যুর আলিঙ্গন ফেলে আত্মমগ্ন আগুন ললাটের সৌমতায় তোমার লিখে দেবো একখানা প্রিয় নাম - - ভালোবাসা ”	Neutral
4971	কেউ দাওয়াত দেয় না, কেউ বলে না আয়/ আসো /আসেন আম খেয়ে যা/ যাও/ যান। ὡEὡE তাই বাধ্য হয়েই আম কিনে খাই,,, ὡ2ὡ2 আজ আমার… https://t.co/3Z0GsoMcdh	Neutral
4972	সুখ বল দুঃখ রে তুই ...! ... কাঁদিস কেন বল ? “কার কারণে তোর ...! ... চোখেতে আসে শুধু জল ?”দুঃখ বলে যাদের ...! ...… https://t.co/YJKG1WJ3Rf	Neutral
4973	আজ থেকে তিরিশ বছর পর কোনো এক বিষন্ন দুপুরের হলদে পাখি হবা? তোমার ডাকে ফিরে পাবো এক নিমিষে স্মৃতির ধুলায় ঢাকা এই যান্ত্রিক শহর...	Neutral
4974	RT @KhondkerBepul: হৃদয়ের মাঝে তুমি আছো তবু ৷ এ বুকের মাঝে কেনো পাই না ৷ ও আমার ভালোবাসা এসো ফিরে ৷ তুমি ছারা আর কিছু চাই না ৷ https://t.c…	Positive
4975	বাজার থেকে শাক-সবজি কেনার সময় সবাই মনে করি আমারটায় বিষ নেই । জানার উপায় নেই । দেখারও কেও নেই । সুখ গিলে খাচ্ছে অসুখ ।	Negative
4976	জ্বরের কারণে সারা শরীরের ব্যথা। এটা-ওটা-সেটা-তেও ব্যথা :(	Negative
4977	Like এবং Comment পাওয়ার জন্য আমি কোন পোষ্ট করি না.. আমি পোষ্ট গুলো করি এই জন্যই যে, হতে পারে আমার কথা শুনে কেউ তা… https://t.co/9YIEwJc5fX	Neutral
4978	অনেক সময় ছবি তোলার পর আমরা বুঝতেই পারি না যে একটি অসাধারণ একটি তুলে ফেলেছি যার একটি অর্থ আছে। এখানে এই রকম কিছু... https://t.co/t4r2t9oL7H	Neutral
4979	বাস্তব জীবনের গল্পটা আর ὄ8 ἳA ὄ9 উপন্যাসের গল্পটা কখনই এক নয় । ὄ9 উপন্যাসের শেষের পাতাটিতে কি লিখা আছে তা আগে পড়া যা… https://t.co/7mn9GVBqZa	Neutral
4980	RT @mkabir73: যে মানুষটি অন্ধ বিশ্বাসের মধ্যে দিয়ে বড় হয় সে নিজেই সমাজের মধ্যে ভাইরাস হয়ে যায়। আর এদের সংখ্যা এখন পৃথিবীতে সবচেয়ে বে…	Negative
4981	Tomar Jonno… (69)বিদায় নিওনা ভোরের সূর্য…আমার থেকে তুমি…একটুকু উষ্ণতা ছড়িয়ে দাও… এ সবুজ অরণ্যে…ভরিয়ে দাও এ... http://t.co/kbhH3bnKfv	Neutral
4982	RT @SajulBhuiya: আরে চাষা পাশা, মুচি মেথরের দল!!! তোরা ম্যাশ ভাইকে নিয়ে বাজে মন্তব্য করিস না। ম্যাশ ভাই কি এখন শুধু খেলা নিয়ে বসে থাকলে…	Negative
4983	সড়কের কাজ শেষ হয়নি, বিল পাওয়া সারা: একটি সড়কের মেরামত কাজ শেষ না হলেও ঠিকদারের বিল অনুমোদন... http://t.co/tIpG0QWbrU #BreakingBangladesh	Negative
4984	ব্যান্ড বলতে গেলে যেমন সোলস বাদ দেওয়া যাবে না, সোলস বলতে গেলে  মন শুধু মন ছুয়েছে বাদ দেওয়া যাবে না, হয়ত শত বছর… https://t.co/6c18WuaTaj	Neutral
4985	বিচারকদের স্বাধীনতা একবিন্দুও ক্ষুণ্ন হবে না: আইনমন্ত্রী http://t.co/iYk4YRviqW	Positive
4986	RT @AsaduliSK: #টাকা Ὃ2 এই টাকার জন্যই তো সব! একজন সৎ মানুষও এই টাকার দ্বারা ঘায়েল হতে পারে ... এমন খারাপ লোভ জন্মায় এটা থেকে, আল্লাহ আমা…	Negative
4987	RT @Osman___R______: অাজ কয়েকদিন টুইটারে খরা যাইতেছেὠ2ὠ2 . . মনে হয় এখানে তিস্তা চুক্তি করা লাগবেὤAὤA না হলে তো টুইটার চালিয়ে মজা পাবো নাὣ1ὡCὠB…	Neutral
4988	আজকাল এক trend হয়েছে , কাজের ফাঁকে খই না ভেজে , FB চসে পেয়েছি শেষে , পুরানো office ভুল করেছে । Design হোক কি spe… https://t.co/xb3Eqxzpib	Neutral
4989	ইহকাল &amp; পরোকাল এই দুই জায়গাতেই ৩ টি জিনিস খুবই দরকার।।। (১) নামাজ (২) নামাজ এবং (৩) নামাজ কারন ইহকালে এই নামাজ আমা… https://t.co/zrq57JPA70	Neutral
4990	কবি– আবু হাসান শাহরিয়ার । কাব্য গ্রন্থ — আড়াই অক্ষর । প্রকাশক — সাহিত্য বিকাশ । ৩৮ / ৪ বাংলা বাজার , ঢাকা — ১১০০… https://t.co/5UX5dipEi2	Neutral
4991	RT @mithila_ria: এক বছর পর দেখলাম, তারপর ধরলাম, ভালো লাগল একটু টিপলাম, নরম লাগল তারপর একটু  চুষে দিলাম মজা লাগল।  তাইতো বলি বছরের প্রথম  পা…	Neutral
4992	এই টাইপ একটা কথা প্রচলিত আছে মেবি Money Makes sex ! কথাটা শুনতে খারাপ লাগলেও এটা চরম সত্যি । আর আপনি যদি বিশ্বাস… https://t.co/wTuZDgHPw4	Neutral
4993	মিথ্যে বলে মন ভোলানো নয় সত্যি বলে সাহস জোগানোর নাম বন্ধুত্ব । ভুল দেখে দূরে যাওয়া নয় , ভুল শুধরে দিয়ে ভালোবাসার নাম বন্ধুত্ব।	Neutral
4994	যদি তুমি কাউকে পাওয়ার জন্যআল্লাহরকাছে দোয়া করে না পাও,তবে মনে করবে অন্যকেউতোমাকে পাওয়ার জন্যদোয়া করছে...	Neutral
4995	স্বজনরা বলছেন, পরিবারের সবাইকে হত্যার সঙ্গে জড়িত অপরাধীদের বিরুদ্ধে মামলার প্রস্তুতি নিচ্ছিলেন বলে ইয়াসিনকেও...	Negative
4996	কত জন ভুল বুঝেছে অকারণে কত জন দূরে চলে গেছে অভিমানে সে হিসেব যদি কখনো করতে বসি কেটে যাবে কত ক্ষণ, কত দিবানিশি জানি… https://t.co/JOSZuDNMax	Neutral
4997	বাসা থেকে বলা হয়েছে যাতে রাজনীতি নিয়া কোন কিছু না বলি তাই এখন থেকে শুধু সাহিত্য চর্চা করব ঠিক করলাম ;) । পাগলে… https://t.co/xMndbnC3ry	Neutral
4998	যখন কারও আচরণ এ তুমি খুব ব্যথিত হও কিংবা তার প্রতি খুব রাগান্বিত হও তখন একবার চিন্তা কর যে সে মানুষ। ভুল করা মানুষ… https://t.co/zBR2EnCp2g	Positive
4999	আমি ধর্ম নিয়ে লিখি না। রাজনীতি নিয়ে লিখতে গেলে সবার ফেটে যায়, ধর্ম নিয়ে এক লাইন লিখলে তো পরমাণু বোমা বিস্ফোরণ হয়ে যাবে .....	Neutral
5000	তুমি কি জীবনে কোনদিন একা একা জীবন যুদ্ধ করতে পারবে না। কেন সব সময় তোমাকে কারো না কারো উপর নির্ভর করতে হবে? একা এ… https://t.co/xuMa0w3qck	Negative
5001	এক শুভাকাঙ্ক্ষীর মাধ্যমে জানতে পারলাম, আজ চন্দ্রগ্রহণ ঢাকা বিভাগে শুরু হবে আজ রাত ১১ টা ১৩ মিনিটে এবং শেষ হবে ভোর ৫ টা ৩০ মিনিটে।।।।	Neutral
5002	 কোনও কিছু গড়ে তোলা কঠিন.. কিন্তু, ভেঙে ফেলা সহজ | ভালোবাসা নিয়ে যারা অভিনয় করে, তাদের ক্ষমা আমি কোনো দিনই করতে পারবো না | ᾑ4	Neutral
5003	কক্সবাজার সমুদ্র সৈকতে প্রকাশ্যে অশ্লীল ভিডিও ধারণ !http:/t.co/k4jguDbFtb http:/t.co/0aeEaZPvm1	Negative
5004	Tomar Jonno… (68)এ আমার সহজ মৃত্যুর কোনো খবর নয়… যে তুমি পড়ে নেবে… এ আমার সহজ বেঁচে থাকার কথাও নয় কোনো….. যে... http://t.co/eIOz2Vkz15	Negative
5005	RT @Imiranaabedin: কষ্টের সাথে প্রেম করব ভাবছি! হয়ত পরে আর সে কষ্ট দিবে না, কষ্ট কে ভালোবাসব, তাহলে কষ্ট দাওয়ার কেউ থাকবে না, সুখ আর সুখ।ὠ1	Neutral
5006	RT @mimichakraborty: একদিন সব ঠিক হবে আর ভুল হবে তোর এ শহর। মেঘ , বৃষ্টি , আলোর থেকে কুড়িয়ে নিবি মনের জোর। #CrissCross @SVFMusic @SVFsoci…	Neutral
5007	এমন ১টা পৃথিবী বানাতে পারতাম। যার ২টা উপগ্রহ থাকবে। ১টা সুখ আর অপরটা দুঃখ। ১৫ দিন সুখ থাকবে আর ১৫ দিন দুঃখ। যেখানে… https://t.co/NTaFcBN4ni	Neutral
5008	আপনার স্পর্শকাতর স্থানগুলো (বগল ও গোপনাঙ্গের চারিপাশ) চামড়ার কালো রঙ করে ফেলুন শরীরের অন্যান্য অংশের চামড়ার রঙের... http://t.co/80pCdhFbmI	Neutral
5009	ঘৃনা করি, ভালোবাসি অনেক , তোমার থেকে সবসময় ভালো কিছু আশা করি এমন কিছু করোনা যেটায় মানুষ খারাপ বলবে। আর সেটায় আমি বেশি কষ্ট পাবো। — galtus	Neutral
5010	আজ টের পাচ্ছি বাংলাদেশ কি জিনিস।। একটু সাহস আর প্রেরণা দিলে কী না করতে পারে। হার আর জিতের বিষয় না। খেলাটা দেখলাম অ… https://t.co/pOGSac4gMa	Neutral
5011	টার্মিনালে শ্রমিক জমায়েত, সমাবেশ ও লাঠি মিছিল অনুষ্ঠিত http://t.co/EXfe4qq9CV	Neutral
5012	ও মাইয়া রে! মাইয়া রে.... :* :/ তুই অপরাধী রে আমার কষ্টে পাওয়া টাকা গুলা দে ফিরাইয়া দে :p :v আমার মানিব্যাক ফাকা… https://t.co/U8THd2l88f	Neutral
5013	আওয়ামীলীগ নয় , বি এন পি ও নয় ,, ছাত্র দল কে । ৭ দিনের জন্য দেশের নেত্রীত্ব দেওয়া হোক । বাংলাদেশ ডিজিটাল হয়ে যাবে	Positive
5014	যে কারণে আপনার সন্তান আপনাকে ভাল নাও বাসতে পারে!	Negative
5015	অশুভ অন্ধকার দূর করে সকালে সুখের সূর্য উঠে৷ চলো আর একবার পা ভেঁজায় শিশির ভেজা সবুজ ঘাসে৷ যেখানে সেই সোনালী রোদ বিবাদ ভুলে আবার হাসে৷	Positive
5016	শুভ জন্মদিন সবচেয়ে কাছের এবং প্রিয় ছোট ভাই আমার।। তোর জন্য সারাজীবন ভালোবাসা ও শুভ কামনা থাকবে। অনেক বড় হও তুই এই দোয়া করি ভাই আমার।	Positive
5017	সামনে নির্বাচন তাই মনে করিয়ে দিতে চায়। এটা জামত বি এন পি এর তান্ডব। আপনারা কি রাজনীতি করে ছিলেন? না কি ৭১ এর অসমা… https://t.co/6VzA65Pv43	Neutral
5018	বিগত ৫/৭ বছরে ভাই এবং লিডার শব্দ টা পুরোপুরি কলুষিত হয়ে গেছে।।। ঘৃণা আর একদলা থু কতিপয় প্রিয় ভাই আর লিডার নামধারীর মুখে :(	Negative
5019	এবার ইদে ঢাকায় থাকার ইচ্ছা ছিল, কিন্তু তা আর হল না... ঢাকা সি এম এইচ থেকে বড় কাকার কফিন সংগে নিয়ে এখন বাড়ির পথে...	Neutral
5020	অপরাধী গান টা এতো মানুষ শোনার কারন কি?? এতে বুঝা যায় যে পৃথিবী তে প্রায় ৬০% লোক ভালবাসা লিপ্তὠD. আর এর মধ্যে মেয়েরা অপরাধী বেশি ὤ8	Neutral
5021	সংসদেও ঘুমালেন সমাজকল্যাণ মন্ত্রী  http://t.co/329u08BKLA	Negative
5022	একটা বিষয়ে মনে হয় আমরা সবাই ভুল মেসেজ দিচ্ছি ভুল পথে যাচ্ছি আর তা হলো টিটু রায় ধর্ম অবমাননা করেছে কি করেনি সেটা.… https://t.co/afSE32pvUr	Neutral
5023	ঢাকা এখন ফাকা ☺ যদিও এমন ঢাকা দেখতে আর ঘুরতে অনেক ভাললাগে কিন্তু নিরাপত্তার ব্যাপার আছে ☺ আর এমন গেলে আমার ব্যাবসার মায়রে বাপ হয়ে যাবে ὡ1	Neutral
5024	@sajeetshah ভাই গাছ গুলার জন্য মায়া হয় গতকাল নিউজ দেকলাম গাছ গুলানাকি কাটা হবে ১৫০ বছরের গাছ মাত্র কয়েক দিনে কাটা এই কথা সুনে খারাপ লাগছে	Negative
5025	যে কটা দিন তুমি ছিলে পাশে কেটেছিল নৌকার পালে চোখ রেখে আমার চোখে ঠোঁটে গালে তুমি লেগে আছ যেটুকু রোদ ছিল লুকোনো মেঘ… https://t.co/ZmEZQa1wr7	Neutral
5026	সুখ তো নিজের কাছে । দুঃখ সেওতো নিজের কাছে । আমরা সবাই সুখের সন্ধানে থাকি । দুঃখের সন্ধানে বোধ হয় আমরা কেউ থাকি না… https://t.co/BrB6Qv9X79	Neutral
5027	সকাল ৮টা বাজে বোন বসুন্ধরা থেকে চিটাগাং এর উদ্দেশ্যে গাড়িতে উঠেছে, এখন ১১:১০ বাজে, তাকে কল দিলাম, সে বলে সে এখনও কাচপুর। বাহ ঢাকা বাহ ὄFὄE	Negative
5028	মেধতালিকায় আই সি এস ই ও আই এস সি পরীক্ষাতে উত্তীর্ণ হওয়া সকল ভাই ও বোনদেরকে জানাই আমার বুকভরা ভালোবাসা ও সহস্র শুভেচ্ছা ।	Positive
5029	তোমাদের নেতাদের আর কত সাজা হলে বুঝবা বিএনপি একটি অপরাধী দল? এসব বাদ দিয়ে দেশের জন্য ভালো কিছু করো। পারলে নতুন দল বানাও ভালো নেতাদের নিয়ে।	Neutral
5030	নতুন আইপিও পদ্ধতির ইনস্ট্রাকশন ফরমে যা আছে	Neutral
5031	খাওয়া গুলো দেখতে যত সুন্দর খেতে ততই বাজে কেহ ভুল করে ও যাবেন না খালি খালি টাকা নষ্ট। মজার বেপার ছিল অনেক দিন পর ক… https://t.co/udbabvXhKe	Negative
5032	সৌদি গমন ইচ্ছুক ভাই দের বলছি, আপনাদের সৌদি দিতে আশার ভুত মাথা থেকে ঝেরে ফেলুন।। এত টাকা খরছ করে এখানে আসার কোন দরকা… https://t.co/Q39PPdKCJn	Neutral
5033	যে যাই বলুক না কেন আমি রাজনৈতিক কোনো উত্তর দেবো না এখানে । শুধু মজা করার জন্য এই aap install করেছি । তাই রাজনৈতিক… https://t.co/9ID1syFh3n	Neutral
5034	জীবনে কেউ হয়ত কখন ও সুখী হয় না এদের মধ্যে কেউ ভাগ্যকে বরণ করে চুপসে যায়, কেউ নিরবে নিভৃতে কাদে,কেউ বা হতাশায় ভোগে অার অন্য বলে বেড়ায়।	Negative
5035	মজার পাত্র না নি, ভাই ভালা না লাগলে মাতিও না। সবকিছুর একটা লিমিট থাকা দরকার। মাফ চাইলাম রে বা তোমরার তাইন থেকে। — feeling angry	Neutral
5036	পশ্চিমা বিশ্বের অনুকরণে আমাদের দেশেও শুরুহয়েছে তথাকথিত সুন্দরী প্রতিযোগীতা। এইপ্রতিযোগীতা গুলো দেখলে আমার মনে.../ http://t.co/4ss2uDtKwf	Positive
5037	আপনি একজন ফেমাস ব্যক্তি তাই বলে অন্যকে ছোট করে কথা বলা ঠিক নয়. কারণ মানুষ মাএই ভুল করে ভুল করা ছাড়া কেউ কিছু শিখ… https://t.co/g7aXcg4J3v	Neutral
5038	RT @mshamiim: প্রশ্ন জাগতে পারে, এ ক্ষমতার দৈত্তের কি পতন হবে না? কোন সুযোগ নাই?. অবশ্যই, অবশ্যই, একটা সুযোগ আছে, একটাই সুত্রআছে, তবে খুব…	Neutral
5039	ὉDতোদের উপর অনেক দোয়া আছে বড়ো আপার !! আজ বেঁচে থাকলে আরো ১০০ গুন্ মজা হতো, অনেক দোয়া ও ভালোবাসা - নতুন জীবন এ পা… https://t.co/onmPPfF28q	Neutral
5040	 - শপিং করছো? - জুতা কেনা বাকি আছে। - কালকে তো ইদ।কিনবা কখন? - আব্বু আসলে। - তোমার আব্বু তো আমার আব্বুর সাথে গ্রা… https://t.co/vp7t1sF6gu	Neutral
5041	যে বই পড়ে তাকে ভালবেসো না, বই কিন্তু তার প্রেমিকা হতে পারে [বনলতা সেন] বা [ বিপাশা ] কে তার প্রেমিকা ভেবে ভুল করতে পার।	Neutral
5042	১৯৭১ভিতরে ও বাইরে এ কে খন্দকার http:/t.co/Ou9Il66n1B	Neutral
5043	একটা কথা জানি যে, হতাসাকে কখনো ঠাই দিতে হয় না জীবনে, কিন্তু মাঝে মাঝে জানার পর ও কেন আসে বুঝি না, জানি ভুল তারপরও… https://t.co/JIT40cfutn	Neutral
5044	ভালোবাসার মানুষ কখনও কাছে থাকে আবার কখন ও দূরে চলে যায়, . তবু, ভালোবাসা কখন ও ভোলা যায় না। . &lt;3 ব্যর্থ কবি &lt;3	Neutral
5045	আলহামদুলিল্লাহ আল্লাহ আমাকে এখনো বাচিয়ে রাখছেন জানিনা এই ভাবে আর কত দিন টিকে থাকবো শুকরি মহান আল্লাহ পাকের কাছে যার দয়াতে এখনো ভাল আছি	Positive
5046	স্থানীও খবরঃ ক্ষেতলালের মাদক মামলার সাজাপ্রাপ্ত মা ও মেয়ে দুপচাঁচিয়ায় আটক http://t.co/1C1kg2S7O0	Positive
5047	এই খেলা এত তারাতারি শেষ হয়ে যাবে কেন এই মর্মে কি হাইকোর্টে রিট করা যাবে ? গেলে আমি করতাম, এত রিলাক্স মুডে খেলা দেখ… https://t.co/D9iUZ6SVfG	Neutral
5048	পাবনায় মোটর সাইকেল ও ইঞ্জিনচালিত ভটভটির মুখোমুখি সংঘর্ষে নিহত এক আহত পাঁচ জন http://t.co/cABn58e20s	Negative
5049	@boozy_me @hatem4067 @SH_Helal13 @Pagolmon_ আরে না বেয়াই তার মন খারাপ আছিলো একটু আমি কইলাম এই মেন্সন গুলো একটু পর। পোলাই শেষ নাকরে দিবেই না	Neutral
5050	@NzShumon আমি যখনি ভাবী বাংলাদেশ যাওয়ার কথা তখনি , কোনো না কোনো বাধা আমার সামনে চলে আসে , আর যেতে পারি না , আল্লা… https://t.co/ej12ZXSqWw	Neutral
5051	#জীবন আর কত ঈদ কাটাতে হবে মা বাবা ভাই বোন ছাড়া ὡ4ὡ4 ঈদের দিন চলে যাচ্ছে কিন্তু সেই আনন্দ গুলো কোথায় যেন বিলীন হয়ে… https://t.co/cA7JT8wfo4	Negative
5052	আমরা অপরাধ করলে আদালত তার বিচার করে । কিন্তু যিনি বিচার করেন তার রায় যদি ভুল হয় তবে তারও কি বিচার হওয়া উচিত নয়… https://t.co/Oa0nhqX4eh	Neutral
5053	একটা ছিল সোনার কন্যা মেঘ বরণ কেশ ভাটি অঞ্চলে ছিল সেই কন্যার দেশ দুই চোখে তার আহারে কি মায়া নদীর জলে পড়ল কন্যার ছা… https://t.co/NHBFyKT21H	Neutral
5054	বিশ্বম্ভরপুরে কোনাজাল ব্যবহারকারীদের বিরুদ্ধে বিক্ষোভ ও স্মারক লিপি প্রদান - Abnews: http://t.co/KFbzzvx0rn	Negative
5055	এইটা তো আমাদের জীবন না দাদা। মন খারাপ করে ঘরে কোনে পরে থাকার জন্য তো আমরা এখানে আসিনি। ✌ আমরা তো আনন্দ দেবার জন্য এ… https://t.co/JrmDWCCLnB	Positive
5056	কোরআন পাকে একে হাজার মাস হতে উত্তম বলা হয়েছে। হাজার মাসে ৮৩ বছর ৪ মাস হয়। ভাগ্যবান ওই ব্যক্তি, যার এই রাতের ইবাদত নছিব হয়।	Positive
5057	প্রতিদিন ই কোন না কোন খারাপ খবর শুনি, কিন্তু আজকের টা একটু বেশি খারাপ ছিল ঃ :\ আমরা আরও বেশি প্যারা নেওয়ার জন্য.… https://t.co/vyFxfpweSV	Neutral
5058	সতর্ক সাবধান । আমি রাজনীতি *দি না । জ্ঞান দিতে আসবি না । পারলে দেশের সেবা কর, জনগনের দোয়া পাবি । রাজনিতির নামে ভাউতাবাজি চো*বি না ।	Neutral
5059	পৃথিবীতে সবাই সমান না কেউ গরিব - কেউ ধনী কেউ ভালো- কেউ খারাপ কেউ ভালোবাসে -কেউ ভালোবাসেনা তাই সবার কাছ থেকে সব কিছু আসা করাও ঠিক না....	Positive
5060	নদী কেন যায় সাগরের ডাকে চাতক কেন ব্ষ্টির আসায় থাকে যদি বুঝতে চাও আমি তোমার ঐ চোখে চোখ রেখে তুমি আমার এই চোখে চোখ… https://t.co/eJau63xFqs	Neutral
5061	নিজের ভুল শিকার করাটা একটা মহৎ গুন, আর আমি নিজের মহৎ ও মনে করি না, এবং আমি সব যথেষ্ট চেষ্টা করি সেই ভুল সব সংশধন ক… https://t.co/Helc0mJelM	Positive
5062	@ProthomAlo কিন্তু মাঝারি মানের এক কেজি চালের দাম ৬০ টাকা। তার মানে ৩০ কেজি চালের দাম ১৮০০টাকা। তাহলে এক কেজি মাংস=৩০ ধান হয় কি ভাবে?	Neutral
5063	RT @sarkar_ilias: 31 ডিচেম্বৰ তাৰিখে NRC ৰ যি খচৰা ওলাব তাত মোৰ নাম নাথাকিব। মোৰ নাম পিছত ওলাব। কাৰণ মোৰ নথিৰ ভুল আছিল।... https://t.co/Wi…	Neutral
5064	***চলুন, মজার কিছু ফুলের নাম পড়ে নী **** → সুন্দর যে ফুল = বিউটিফুল → রঙিন যে ফুল = কালারফুল → ঘর-ভর্তি ফুল = হাউজফুল	Neutral
5065	পবিত্র কোরআনের ওপর চায়ের কাপ রেখেতাসলিমা নাসরিন ও ব্লগার আসিফের আড্ডা !	Negative
5066	কাউকে বঞ্চিত করা কি এতোই সহজ !!! মাথার উপর ছাতা ধরলেই কি ঘূর্ণিঝড় থেকে রক্ষ্যা হয় ? !! অন্যকে দুর্বল ভাবা বীরের কাজ নয়।	Negative
5067	আমি চিন্তা করলাম। আমি তো না খেয়ে থাকি। চিন্তা করতে ছি সব রোজা দিবো। আজকে রোজা দিলাম কিছু মনে হইলো না। কারন মন… https://t.co/ynVuuTB3Hi	Neutral
5068	পথ শিশুর ঈদ সবু হোসেন পথ শিশুর মনটা বেজায় খারাপ কেউ তো তাদের এখনও দিল না পোশাক ঈদ এসেছে দরজার ধারে কারো মনকে কি… https://t.co/CFKPsuSqbw	Neutral
5069	বলিউডে বুকে কাঁপন ধরানো পাক সুন্দরীরা: মুম্বাই: সীমান্তে পাক সেনাদের প্রবেশ নিষেধ হলেও বলিউডে অবাধ সে দেশের লা... http:/t.co/1GlKBr5ZT1	Neutral
5070	ধমকে চমকে রাজনীতি করার দিন শেষ । ডিজিটাল যুগে সভ্যতার অগ্রগতির ফলে মানুষ বুঝতে শিখেছে কে ভালো ? আর কে মন্দ ? তবে অ… https://t.co/aa1XNb2to8	Neutral
5071	অনেক মানুষ মনে করে শিয়া / সুন্নি আলাদা জিনিস । আসলে তারা জানে না যে মুহাম্মাদ (সঃ) এর পরে খিলাফাত এর ক্ষমতার জন্য… https://t.co/yFQOhgAKCQ	Neutral
5072	আমরা নাকি গর্বিত বাংঙালী জাতি এ গুলো জন্য কি আমরা ৩০ লাখ শহিদ হয়েছিলাম ? ধর্ষন , ঘুম , খুন , একক গোষ্ঠীর অবৈধ শাসন… https://t.co/0xNud0ubmg	Negative
5073	পুলিশ হব , অনেক ঘুস খাব আর প্রতি বছর বিদেশ ঘুরব । টাকা জমানোর ইচ্ছা নাই , ছিলও না কোনকালে। কষ্ট করব আমি আর সুখ ভোগ… https://t.co/h8vbZWe6UC	Neutral
5074	মন মেজাজ খারাপ থাকলে তখন ঠিক আছে, তোমার যত রাগ আমার উপর ঝাড়ো, তবুও তুমি শান্ত হও ! এমন করে বলার মতো মানুষ... https://t.co/ja2LA5NEiq	Neutral
5075	@SuPriyoBabul বাবুলের ভাল গুনগুলো কোন আবর্জনায় ঢেকে গেল বুঝলাম না | হয়তো বা চলিত প্রবচন ই সঠিক- সৎ সঙ্গে স্বর্গবাস অসৎ সঙ্গে সর্বনাশ |	Negative
5076	ফেসবুক লাইভ | দুপুর ঠিক ১২টায় | কথা বলবো চলমান রাজ্য রাজনীতি এবং নতুন পুরনোর দ্বন্দ্ব নিয়ে | আপনারা পছন্দ না করলে অবশ্য আসবোনা |	Neutral
5077	ঘুম আসছে, চোখ বন্ধ করলাম। দেখি যে, বাংলাদেশ হেরে গেছে। ὡF চোখ খুললাম, এইবার স্বপ্ন বাস্তবে রুপ নিলো। ὡD — at Jamuna S… https://t.co/wFkW69wswt	Neutral
5078	আমার স্বপনে একটাই নাম ἞7἞9 বাংলাদেশ ❤ আমি আমার মায়ের জন্য সবসময় নিষ্ঠাবান। আমার মা ভাল থাকুক ᾑ7 কিন্তু জুলুম আর না ।… https://t.co/vWQebsXmH8	Positive
5079	আমি একটা জিনিস বিশ্বাস করি তা হল কথা শিখতে লাগে ২ থেকে ৩ বছর কিন্তু কোথায় কিভাবে কথা বলতে হয় তা শিখতে কিছু মানুষে… https://t.co/gX5HJjy6ob	Neutral
5080	RT @bodmasc: বেদনার নীড়ে আবৃত হতে যাচ্ছি থাকিতো আমি বেদনার নীড়ে। তাইতো অশুভ হাতছানিতে, সুখ মেলে আমার অনীহাতে। ঐ সুধা পান করে আবার ফিরে আ…	Neutral
5081	RT @Mdsarwar01767: চোঁখেতে অনেক ছবি ভালো লাগে, আপন করে পেতে স্বাদ যে জাগে তবু ভালোবাসা ভালো লাগা এক নয়! রংধনু রং শুধু প্রাণেতে ঝড়ে উদাসী…	Neutral
5082	পতিতা দের নয় ὡE ঘৃণা করোন পতিতা ভোগী দের ὢB . তবেই এই সমাজ থেকে পতিতা নামক শব্দ টি বিলুপ্ত হতে পারে ὣ0 আর আমরাও পেতে পারি একটা শুশীল সমাজ ὠAὠA	Positive
5083	কল্পনা বলতে যদি কিছু না থাকতো তো আজ আমি দম বন্ধ হয়ে মারা যেতাম। শুধু আমি না আমার মত এমন অসংখ্য রোগী আছে, যারা হয়… https://t.co/ozDnQsT5PD	Neutral
5084	চাকুরীর বয়স ৩৫ নয় বরং সবার সমান ৩২ হোক আর অনৈতিক বৈষম্যপূর্ণ কোটা ব্যবস্থা নিপাত যাক। আর তা না হলে বয়স ৩০ই থাক,.… https://t.co/sAPloejJXa	Neutral
5085	আচ্ছা, ধরি, ঢাকা থেকে দিল্লি যদি ৩০ মিনিটে পৌছানো যায়। তাহলে কেউ যদি ৭ টায় রওনা দেয় তাহলে তো দিল্লিতে ৭ টায় গি… https://t.co/jVSZBUvEUi	Neutral
5086	কষ্ট তো একটু হবেই , মাঝে মাঝে ভুল করে হলেও তো একটু মনে পরবেই, মানুষ তো অনুভূতি হীন রোবট তো আর নয় ? — at BUET https://t.co/xn6APOwITs	Neutral
5087	RT @bangla_boobs: আমি সাথী, ওপেন সেক্স করতে ভালোবাসি। যোগাযোগ :- করতে এস এম এস দিন। প্রতি ঘন্টা :- ৭৫০ টাকা মাত্র। ঠিকানা :- পূর্বাচল…	Neutral
5088	সব কথা বলেনা হৃদয়, কিছু কথা বুঝে নিতে হয় । তেমনি মুখে I Love You- কথাটি বার বার বলতে হয়না, ভালোবাসা হয় দুটি মনে… https://t.co/J03Ln6x2cQ	Neutral
5089	পটিয়া সাত গাছিয়া দরবারে বার্ষিক ওরশ ও মিলাদ সর্ম্পন্ন - Abnews: http://t.co/bue4Yr5E0L	Neutral
5090	RT @Seneha_: ভুল তোমারও ছিলো কিন্তু বুঝতে পারেনি। রাগ তারও ছিলো, সে রাগ দেখায়নি। ভুলে যেতে সেও পারতো কিন্তু সে চেষ্টা সে করেনি। কারণ, ভুলে…	Neutral
5091	বাংলাদেশ আর ভারতকে ভাগ করলে চলবে? ভাগ করতে হবে খারাপ লোক আর ভালো লোক। ভারতের সকলে যেমন ভালো নয়, বাংলাদেশের সকলেও তেমন ভালো নয়।	Neutral
5092	RT @rtvonline: ৯ বলে ১০ রান করে বল নয়, দলকে শূন্যে ভাসিয়ে প্যাভিলিয়নের পথ ধরলেন সাকিব। ৩৭ বলে ৪৬ রানের ঝড়ো ইনিংস খেলার পর হঠাৎ বল শূন্…	Neutral
5093	আমি মেয়েদের সম্মান করি কিন্তু সেসব মেয়েদের সম্মান করি না যারা শালীন পোশাল পড়ে চলাফেরা করে না,, তাদের সম্মান নয় বরং তাদের ঘৃণা করা উচিত	Neutral
5094	RT @KeyaSultana3: আমার মাথায় একটা জিনিস ঢুকলো না যে দেখলাম কয়েকটা আসনে বিএনপি (০০) ভোট, কিন্তু কথা হলো সেই আসনের বিএনপি প্রার্থী কি তার…	Neutral
5095	মজার বেপার হলὠ2 শরীল মধ্যে ফুটা করতে করতে ডাক্তার আন্টি কইলো বাজান তুর কোন জায়গাটা খালি আঁছে আমি লজ্জা পাইছি কিছু কইতে পারি নাইὤ8 _পাগলὡC	Neutral
5096	একটা গফ এর পেছনে যেই ভালোবাসা খরচ করেন, সেই পরিমান ভালো ১০ টা ভাগ করে ১০ জন বন্ধুকে বাসুন। ১০ জনের মধ্যে অন্তত ২ জন… https://t.co/TU9L6tyyxC	Neutral
5097	@Delowarhafiz @Ruhul_Amin_01 এটা ভুল বললেন। কে কি করলো বা কি করা উচিত কি করা উচিত না এটা না ভেবে আপনি চললে অবশ্যই স… https://t.co/vgAajNKhEK	Neutral
5098	কুককে স্বার্থপর বললেন পিটারসেনসদ্য ভারতের কাছে ৩-১ ব্যবধানে ওয়ানডে সিরিজ হেরেছে ইংল্যান্ড। দলের পারফরমেন্স ও...	Neutral
5099	যদিও, আজ মজার ইশকুল: আনন্দ উৎসব ২০১৭ । সিজন - ০৪ মূল প্রোগ্রাম শুরু হবে ঠিক ১২:০০ টা থেকে। আমাদের শুরু হবে সকাল... https://t.co/dbzrbqR2cY	Neutral
5100	তুই ফেলে এসেছিস কারে মন মনরে আমার তাই জনম গেলো শান্তি পেলি না রে মন মনরে আমার। আমার খুব প্রিয় গানের একটি। ঢাকা বে… https://t.co/FpbENVFLh4	Neutral
5101	✿ কষ্ট যদি দিতে হয় নিজেকে দাও মা বাবা কে নয় । . ✿ ভালো যদি বাসতে হয় স্ত্রীকে বাস পরস্ত্রী কে নয় । . ✿ ঘৃণা যদি… https://t.co/56ggLCazNc	Positive
5102	RT @sumonakash11: টাকা এবং ভালোবাসা দুইটাই খুব দামি জিনিস। টাকার জন্য খুব ভালো মানুষ নষ্ট হয়ে যায়, আর ভালোবাসার জন্য খুব খারাপ মানুষও ভা…	Neutral
5103	RT @SritamaNandi: লজ্জা নাই বিজেপির । যতবার কোর্টে যাবি বিজেপি ততবার হারবি। বারেবারে কোর্টে গিয়ে হেরে ও শিক্ষা হলো না। যতই ধর্ম নিয়ে রাজ…	Negative
5104	সময় কারও জন্য থেমে থাকে না। ঠিক তেমনি কারও সব-সময়ই খারাপ যায় না। আজ হয়ত আমি একটা খারাপ সময় পার করছি কিন্তু এটা… https://t.co/8jEgcXaIYe	Neutral
5105	আজ থেকে আর কেউ বলবে না আমাকে বেশি রাত জেগো না শরীর খারাপ করবে।আরো বলবে না অন্যদিকে নজর দিলে মেরে ফেলব। — feeling alone	Neutral
5106	@daffodils_15 ভুল করেছি আমি!ὤ4ὤF শত ঘাটের পানি খেয়ে এসে এটাই বুঝলাম, বৌ ছাড়া আমার কূল নেয়! তাই বৌ এর কূলেই, মানে বৌ এর কোলেই ফিরতে চায়!ὤ8ὡC	Neutral
5107	#Bangladesh #News বৃষ্টি বাধা হলো না ওয়েস্ট ইন্ডিজের - পরশু রাত থেকে প্রচণ্ড বৃষ্টি। ঝিরিঝিরি বৃষ্টি হলো কাল সকালেও। সেন্ট ভিনসেন্ট...	Neutral
5108	তখন খুব খারাপ লাগে.....ὢ3ὢ7 যে একদিন হাতে হাত রেখে কথা দিয়েছিল যে তুমি ছাড়া আর কিছুই চাই না, অথচ সেই একদিন বলে ওঠে… https://t.co/XLqnEgy7Nn	Negative
5109	হিন্দি সিরিয়াল ও হিন্দি সিনেমায় নেশাগ্রস্তকোন মেয়েকে বিবাহের জন্য পছন্দ করবেন না।কুটনামী, নোংরামী আর জাকজমক... http://t.co/gm2y3Xta8y	Negative
5110	সেক্সভিডিও প্রকাশের মতো ভুলের পুনরাবৃত্তি চান না কিম কার্দাসিয়ান http://t.co/gIudSd9gXN	Negative
5111	কিসের রাজনীতি করে বি এন পি সেটাই বুজলাম না । হুদা সাহেব যখন বলে নির্বাচনের পরিবেশ ঠিক আছে । আমি নেতা হলে তাকে বলতাম… https://t.co/6cUQJC8fg8	Neutral
5112	মাঝে মাঝে দুঃখিত বলে সব অনুতাপ প্রকাশ করা সম্ভব হয় না । প্রতিপক্ষ যত অপরাধ করুক নিজের ভুল সবসময় নিজের জন্যই হয় ,… https://t.co/XUiQTsebl8	Neutral
5113	কিছু মানুষ সারা জীবন অন্যের ভুল ধরেই কাটিয়ে দেয়ὡ2 নিজের ভুলগুলো দেখেও দেখে না কি আজব মানুষὢ1!! নাম বলতে চাইনা নাম বললে চাকরি থাকবে নানাὤA✌ὄD	Negative
5114	>>>>>>>>><<< ব্রেকিং নিউজ >>><<<<<<<<< রাজধানীতে নামছে আরো ১০০ শীতাতপ নিয়ন্ত্রিত বাস।সড়ক পরিবহন ও...	Neutral
5115	পরিশেষএই আইন সম্পর্কিত কোন প্রশ্ন থাকলে ম্যাসেজ করুন১ উপান্তটীকা তথ্য ও যোগাযোগপ্রযুক্তি (সংশোধন) আইন, ২০০৯... http://t.co/0pguaICbNJ	Neutral
5116	ফ্যামিলি থেকে বারন ফেসবুকে যাতে রাজনীতি নিয়ে কোনো পোস্ট না দেইὡ2 বলা তো যায় না সেই গুজব ছড়ানো ৩৩ জন এর নামের সা… https://t.co/N8YPjOsLP9	Neutral
5117	বঙ্গবন্ধু কে পরিবার সহ কেন হত্যা করা হইছে এর শঠিক তথ্য আজ পর্যন্ত পাইনি বা আমার কাছে মনে হয়নি এই তথ্য টা শঠিক(!)।… https://t.co/0LEmYGJtUg	Neutral
5118	RT @JasikaParvin: আমি বুঝতে পারিনি তারও বোঝার ভুল ছিলো, আমি কখনো ওই ভাবে ভাবিনি যে অর্থে আজ এই পরিস্থিতি। আমি কখনো কাউকে কষ্ট দেই না আমার…	Negative
5119	আমি হয়তো পারবো না তোমাকে , পৃথিবীর সব সুখ এনে দিতে কিন্তু একটাই পারবো !! তোমাকে সারা জীবন ভালবাসতে .. যা তুমি সা… https://t.co/dtEsYnF79o	Neutral
5120	@wyeasynzz তারা কি মজা পায় জানিনা ὡ1 আমি তো কারন ছাড়া ঢুকি ই না। কম বেশিপ্ল্যান করে সিন করে রিপ্লাই না কেনু ὤ4 টুইটার এই দিকে আলাদা ὠE	Neutral
5121	বেশিরভাগ মানুষ এক জায়গায় ভুল করে ফেলে - যে বয়সে প্রেমে পড়া দরকার সেই বয়সে বই পড়ে, আর যে বয়সে বই পড়ার দরকার… https://t.co/Tm45OvvQdV	Neutral
5122	ভারতীয়দের বাংলাদেশ সহ্য হয় না :) জ্বলে প্রচুর জ্বলে ওদের, যা হোক আমরাও জ্বালাতে পারি :) সাকিবের প্রাপ্য ছিল, দিল না :( ☹️ὡ4ὡ4 -Next...	Negative
5123	যে কাজ গুলি করলে মানুষের কল্যাণ হয়, আর এ কাজে যদি মন তৃপ্ত হয় তবে সারা জীবন তাই করা উচিত। অন্য কিছুতে সুখ নেই! #উপলব্ধি	Positive
5124	@Rajibpalanoy1 কোন ও ভূল না! যেটা সত্য সেটা প্রকাশ করা ই ভাল! এতে ছোট হবার কিছু নাই! আর প্যারা দি বলে, ভালোবাসা একদিন বুঝবেন।	Neutral
5125	দেশের জনগণ দু ভাগে ভাগ হয়ে গেছে l আওয়ামী লীগ ও বিএনপি না বলে, বলা উচিত গরু কাঁটা দল ও কেক কাঁটা দল l	Neutral
5126	@BeingPrabir সাহস বলতে লং পথ চলতে এবং স্থায়ীয় ভাবে সংসারে সুখী হতে একটা ভালো প্রস্তুতি লাগে, সেটা এখনো আমার হয়নি ὠA ত তুমি বিয়ে করছো কবে?	Neutral
5127	আমাদের কেউ ই সম্পূর্ণ রূপে খারাপ না । ভেতরে একটা ভাল সত্তা আছে যেটা সারা বছর শয়তানের ধোঁকায় পড়ে থাকে। যেই না রম… https://t.co/2Rn1dPzWhf	Positive
5128	RT @AlMiznur: প্রতিরোধ গড়তে হবে । প্রতিটি হামলা জবাব দিতে হবে ।ভয় কে জয় করতে হবে ।তবেই তুমি বাংলাদেশ ! বিজয় আমাদের (ἳE)হবেই ইনশাআল্লাহ ।	Positive
5129	তুমি কি ভয় পাও ? তবে তুমি শেষ ! আর গুরে দাড়ালেই গুরে দাড়াবে বাংলাদেশ I আমার ভোট আমিই দেব... যাকে মনে চায় তাকে দেব !	Positive
5130	কাজ না করেও মজুরি নেন অধিকাংশ অস্থায়ী কর্মচারী http:/t.co/gbWDmKKBuX	Negative
5131	আমি লিখলাম, দস্যি মেয়েটা এসব খায় নাকি? পড়ে দেখলাম লেখা হয়েছে, দস্যি মেয়েটা এসব খায় বাকি?কেউ রেগে গেলে ভুল বুঝলে কি জবাব দেবো তার?	Neutral
5132	ভালবাসা সংক্রান্ত কোন কিছু দেখলেই যেন নিজের ওপর নিজেরই ঘৃণা হয়। এখন আর ভালোবাসা ভালো লাগেনা, সব সময় একাকিত্ব কে ভালো লাগে। I Hate ❤	Negative
5133	ভালোবাসা এমন একটা জিনিস যা জোর করে কখনো পাওয়া সম্ভব হয় না ।। কিন্তু মনে ভালো লাগা থাকলে কোনো কিছুই অসম্ভব হয় না । https://t.co/7EpyyGpL4P	Positive
5134	সিলেট যাই ট্রেন এ করে। সুন্দর সকাল এর ছবি তুলবো। নোংরা ময়লা গ্লাস ভেদ করে এই ছবি উঠলো। মন টা খারাপ হয়ে গেলো এত্ত.… https://t.co/8EWJmhlhE9	Neutral
5135	তারেক রহমান বোমাবাজ, ও দেশে ফিরলে বোমাবাজি বাড়বে: এরশাদ	Negative
5136	ঝিনাইদহে আবাসিক হোটেলে মাদক ও দেহ ব্যবসা !  http://t.co/wymtx1hAUF	Negative
5137	ὉAকার বেশী ভুল ছিল যানিনা ὉA ὉAহয়তো আমার , নয়তো তোমার ὉA ὉBএকাচীত্ব আর নিরবতাকে সাক্ষী রেখে ὉA ὉAএইটুকু বলতে পারি ὉAὉB ὉBআ… https://t.co/qmXPLYd6w8	Neutral
5138	দাঁত হলুদ মানে সে দাঁত মাজে না । এটা ভুল ধারণা ! এমনও হতে পারে সে ব্রাজিলের সমর্থক...!!! বানীতে- নাম বললে চাকরি থাকবে না... . #F_plus	Negative
5139	- মন খারাপ? - আমার মন খারাপ হলে তোমার কি? - তোমার মন খারাপ হলে আমার কি এই কথাটা বলতে পারলা? শুনো তাহলে, তোমার মন… https://t.co/gqS4c0DfK0	Neutral
5140	কেউ খারাপ ভাববেন না! চরম সত্য কথা ! ভেবে দেখুন তুমি যা চাও তা পাও না (ভালবাসা) আবার যা পাও তা উপভোগ করো না (বিয়ে… https://t.co/mr0ky3x4Xy	Neutral
5141	RT @Osman___R___: পোড়া চোখের জল পুড়ায়না কেমন করে আসবে ঘুম ? এসে পড়ে শুধু তোমার পাতাল গভীর মাতাল চুম।  কেমন করে আসবে ঘুম? Ὁ8Ὁ8…	Neutral
5142	RT @amitava_in: কংগ্রেস মুক্ত বিজেপি যুক্ত পশ্চিমবঙ্গ । এ তো কেবল শুরু আগে কী হয় দেখতে যাও । সমস্ত কার্যকর্তাকে শুভেচ্ছা ও অভিনন্দন .	Positive
5143	সব ঘটনারই একটা ভালো আর খারাপ লাগার দিক (angle) থাকে। জাস্ট একজন কষ্ট করে কিছু একটা করছে বলে তার খুঁত ধরা যাবে না -… https://t.co/XZ9WXQxuqq	Neutral
5144	মনটা খুব খারাপ মানুষ খালি নিজের টাই বোঝে অন্যর সাথে কথার বরখেলাফে তার যে কি ক্ষতিসাধন ও সে কত হেনস্হা হয় তা খেয়ালই করেনা	Negative
5145	একটা ভুল নাম্বার থেকে এসএমএস আসছে Why Do You Hate Me. আমি কিছু সময় পরে উওর এ লেখি Are You Love At This Moments. কি… https://t.co/gL4dfuyVJv	Neutral
5146	গাজীপুরের শ্রীপুরে ১০০ পিছ ইয়াবা ও গাঁজাসহ ৩ জন গ্রেপ্তার: http://t.co/CMZUlh1WgV	Negative
5147	খেল্লা হব্বে মজা হব্বে ডান্স হব্বে কান্না হব্বে মারামারি হব্বে কাটাকাটি হব্বে সবাই কাহার দিকে তাকাই আছে? G O A L (7-3) — feeling excited	Neutral
5148	#বাংলাদেশ - ১৩৪/৩ (২৭.০) তামিম ইকবাল ৫০ লিটন দাস আহত অবসর ৬ ইমরুল কায়েস ০ মুশফিকুর রহিম ৬২ সাকিব আল হাসান ২* মাহমুদুল্লাহ রিয়াদ ১*	Neutral
5149	@sumonhasan_ নো প্রব্লেম ভাতিজা মজা করছি, তোর ফলো দিয়ে কি হবে টুইট করি না, logout থাকে প্রাই সময়, এক সময় মজা ছিল এখন আর নেই, তাই আসি না,	Neutral
5150	@ShakowatRahman না আগে যা টুইট করছেন সব গানের অংশ হতো, বা দেশ, জাতি, রাজনীতি এই সব নিয়ে। কিন্তু এটা আপনার মনের কথা। তাই এমন মনে হলো ὠ7	Neutral
5151	জীবন নামক অংকটা কেমন জানি । কেন যে সুখ টাকে বিয়োগ করে দু:খকে যোগ করে নিল বুঝলাম না। আজ আমি ব্যর্থ সেই অংকের কাছে।	Negative
5152	পৃথিবীর বিভিন্ন দেশের টেলিফোনের ISD কোড গুলো --- - 1⃣ বাংলাদেশ → +880 2⃣ ভারত → +91 3⃣ মালয়েশিয়া → +60 4⃣ বাহরাইন… https://t.co/FIZE9rlYH8	Neutral
5153	তুমি আর আমি আর কেয়ো নই, এমন একটা যদি পৃথিবী হয় মিলনের সুখে ভরে যায় বুক যেখানে আছে শুধু সুখ আর সুখ সেই সুখ আমা… https://t.co/d57hVzKp9U	Neutral
5154	আজ একটা ভাইবা দিয়ে আসলাম । আমাকে প্রশ্ন করা হয়েছে ভুল ... আমি উত্তর সঠিক দিবো না কি ভুল দিবো ..ᾒ3 সরকারি প্রোজেক্ট বলে কথা ὠ3	Neutral
5155	মজা করা এক জিনিস গালাগালি ঝগড়া এক জিনিস। মজা করেন যত পারেন, কিন্তু গালিগালাজ কিংবা ঝগড়া করার কি দরকার ভাই। এতো টুকু মাচিউর না হলে কেমনে?	Neutral
5156	আজও মাঠে নামবেন আইভী, থাকতে পারেন শামীম ওসমানও ὄCὄC খেলা শুরু, জামা’ত বিএনপি আপাতত অফ যান ὡCὡC বন্ধু পোষ্ট। (সাধারন সম্পাদক ৩ নং ওয়ার্ড)	Neutral
5157	যদি কারো মন খারাপ থাকে তাহলে এক কাজ করবেন Model Arif Khan এর পেইজ থেকে ঘুরে আসবেন মন ভালো হয়ে যাবে। ὣ9ὣ9ὒBὒB — feeling funny	Positive
5158	@bodmasc হুমমম খুব খারাপ লাগছে আবার পরে কথা বলবো তবে এক্টিব নেট থাকেতো তাই নটিফিকেশন গুলো দেখডে পাই সরি সঠিক সময়ে রিপ্লে দিতে পারছি না বলে	Neutral
5159	RT @rhrupokofficial: হে আমারতো কিছু করার ক্ষমতা দেওনি , তোমারতো আছে তুমিই এর বিচার কইরো , আল্লাহ বিচার কইরো দয়া করে তুমি অন্তত এই বিচার দু…	Negative
5160	যার ফাটে সেই বোঝে সেই শুধু বোঝে না যে বলে ছোট্ট ডিম হাঁস বোঝে আর বোঝে এক কবি ফেটে যখন বের হয় তার যন্ত্রণা অসীম ।	Neutral
5161	ভুল টা আমার করছি শিকার তবু দূরে রাখছ... আমায় ছেরে রবে না ভালো তবু একা থাকছ.... — listening to কেন এমন করছ at My Ho… https://t.co/6oW6NgwAJc	Neutral
5162	- আমরা ছোট-খাটো বিষয়ে মাথা ঘামায় কিন্তু এতো বড় একটি বিষয় নিয়ে কেউ কথা বলছি না । বাংলাদেশ শেষ হয়ে যাচ্ছে । আম… https://t.co/4VTahYagJn	Negative
5163	কি সৌভাগ্যবান তারা ছিলেন আল্লাহ আমাদেরকেও তাদের মত হওয়ার তৌফিক দান করুন...আমিন। http://t.co/D8cyhULKUM	Positive
5164	কেউ একজন আমার ফেসবুক আইডি প্রায় হ্যাক করে ফেলেই ছিলো, সে কি ভাবে যেন আমার আইডি তে তার ইমেইল সেট করে, তার পর সে অই… https://t.co/8q9aTb2ww3	Neutral
5165	RT @touch_mh: আঙুল গুলো আজও তোমার স্পর্শ ভুলেনি, স্পর্শ! সে কি ভুলা যায় কভু? এইতো ধীরে ধীরে- আঙুল বেয়ে উপরে উঠে যাচ্ছে স্পর্শের আবেশ। ক্…	Neutral
5166	গরমে যে সবার মাথা খারাপ অবস্থা তা আর কোথাও না যেয়ে শুধু আমার বাড়িতে এলেই বোঝা যাবে ... যেমন, আমার মা আজ আমাকে বল… https://t.co/7nDXTtjy8t	Neutral
5167	Today Entertainment : Bangla Crime Program - যারা স্ত্রী কে রেখে বিদেশ যান তাদের জন্য একটি ভিডিও... http://t.co/PfBK4qSLzy	Negative
5168	১১ ঘন্টা জার্নির পর এসে নামলাম সকাল এ । এসে ১১ টায় বের হলাম অফিস এর জন্য করলাম এক্সিডেন্ট । এখন হাটতে পারতেছিনা :… https://t.co/CdYcdlG9Y9	Neutral
5169	এভাবে বুক চিৎ করে দাঁড়ানোর জন্য বুকে দম লাগে, দম .... ছাত্র আন্দোলনের নতুন নাম বিশ্ববাসী ঘুম ভাঙান রক্তচক্ষুর দিন শেষ পাশে আছি বাংলাদেশ	Positive
5170	@tusharness_ আমার ফুল ফেমিলি ভাই গ্রামেই থাকে আমি মাজ খান দিয়ে ২ বছর ঢাকা ছিলাম। আসলে সব বন্ধুরা ভাইরা আসবে অন্যান্য দিন পাইনা এক এক জনকে	Neutral
5171	৬ষ্ঠ পর্ব এই তাজকিয়া সিরিজ এর সব পর্ব ইমাম গাজ্জালি র: বই আর হাফেজ মাওলানা ইউসুফ ইবনে ইসহাক পেশ ইমাম বাংলাদেশ চা গ… https://t.co/YmvR5c3SyX	Neutral
5172	জানিনা তো কী করে তোকে বুঝাই.! ভালোবাসা বলে কী আর বুঝানো যায়.! এতো কাছে আছিস তবু মানে না হৃদয়.! যত ভালোবাসি তোকে ক… https://t.co/voI2ynuPk5	Neutral
5173	RT @raktobd: বিএনপি মা ও ছেলের সমিতি, ধর্মকে ব্যবহার করে তারা বার বার ক্ষমতায় এসেছে বিএনপিকে আর ক্ষমতায় আসতে দেওয়া হবে না। - চরমনাই পী…	Negative
5174	একটি কথার মাঝে কখনো সম্পর্কো টিকে থাকে না,যদি সেখানে বিশ্বাস না থাকে,যুক্তি দিয়ে কখনো ভালোবাসা হয় না যদি মনের ভেতর সত্যি ভালোবাসা না থাকে,	Neutral
5175	৪ টা খাইয়া আর ৩ টা দিয়াও মন টা কত খারাপ লাগছে আর ৭ টা খাইয়া কেমন লাগছিল বুঝেন। এই লাইন টা সেই সকল আবা* দের জন্… https://t.co/au7jXz0e69	Neutral
5176	বিএনপি করা কি অপরাধ ? করুক না যে যার দল,কেন করতে হবে মারামারি? দুঃখ জনক হলেও সত্যি যে আমার একজন প্রিয় মানুষ কে এ… https://t.co/TeDkk6XRCG	Neutral
5177	RT @niluarif: জীবনটা নির্মম কঠিন। কেউ আনন্দ উল্লাসে হাসে কেউ দুঃখের সাগরে ভাসে। কখনো দুঃখ এসে সুখ কেড়ে নেয়। কখনো বা সুখ এসে দুঃখে ভুলি…	Neutral
5178	তোমাকে ভালবাসি-- এ কথা বলা সোজা; কঠিন, যদি ভাবো কখনো তাকে বোঝা! জীবনে প্রেম আসে, মানুষ বাঁধে ঘর; অনেকে সুখী হয়, সামলে বহু ঝড়!	Neutral
5179	ছয়টি ভিন্ন ভিন্ন ঘটনা একসাথে চলছে। পান থেকে চুন খসলেই সব শেষ। হেরে যাবেন আপনি ও আপনার বাহিনী।#game #play http://t.co/uqs5IC2IGL	Negative
5180	RT @Protikhasan121: জীবনে যদি সত্যি সুখী হতে চাও , তবে এমন একজন মানুষের হাত ধরো , যার হাতে তুমি আঘাত করার পর ও উল্টা সে তোমায় বলবে , তুমি…	Positive
5181	সোনালী ও প্রাইম ব্যাংকের কর্মকর্তার বিরুদ্ধে মামলা করবে দুদক | News69bd  http://t.co/09MuQBdL3k	Negative
5182	০৮ তারিখে ঘরে বসে থাকলে চলবে না, এই জালেম, অবৈধ সরকারের পতন ঘটাতে হবে। তাই আমাদের রাস্তায় নামতে হবে। মো: আশরাফুল আলম খান,সাভার, পৌর যুবদল।	Neutral
5183	ভালো বাসা পৃথিবীতে কত যে সুখ আমি জানি না কিন্তু এইটা জানি ভালো বাসা সুখের চেয়ে দুঃখটা অনেক বেশি শুধু বার বার কাদায় — feeling emotional	Neutral
5184	বাইক নিয়ে বের হলে কলিজা টা হাতে নিয়ে বের হই। আর ভাবি আজ হইত বাসাই ফিরতেও পারি। ঢাকা যেন এক মৃত্যপুরি এখন। ১ মাসে… https://t.co/6qaXQf4rei	Negative
5185	বালিকা..Ὀ3Ὀ3 মুখে পর্দা পড়ে লাভ কি.. ὡ2ὡ2ὢ1 যদি বিয়ের আগে নিচের পর্দা ফাটিয়ে ফেলো.. ὢ1ὢ1 সরি সবার কাছে একটু খারাপ ভাবে পোষ্ট করার জন্য.. ὢBὢB	Neutral
5186	@ProthomAlo জাতিগত ইস্যুতে ভারত কখনোই বাংলাদেশকে বন্ধু হিসাবে নিবে না ।বানিজ্যিক দিকে ত আছে । বন্ধত্বের হাত ৯০%আছে । ১০০% আশা করা অণুচিত ।	Neutral
5187	RT @Seneha_: সবাইকে নতুন বছরের শুভেচ্ছা। নতুন বছরকে সামনে রেখে সবার জীবন ভরে উঠুক অনাবিল সুখ ও শান্তি। চলার নামই তো জীবন জীবনের নামই তো চলা…	Positive
5188	RT @Jononetri: অথচ ইসলাম শান্তির ধর্ম। এর আগে এতো বাস্তুহারা জনগোষ্ঠী দেখা যায়নি। এভাবে আর চলতে পারে না। গুটি কয়েক লোকের জন্য ইসলাম ধর্মে…	Neutral
5189	ট্রাই টু বি ইউনিক,ট্রাই টু বি স্ট্রং,ট্রাই টু বি এন আইডেল...নট লাইক আদার্জ হুজ এইম ইজ জাস্ট টু শো অফ হাউ হ্যাপি দে আর ὤ2	Positive
5190	বৃষ্টিভেজা বলিউড সুন্দরী ডিভা রবিনা (ভিডিও) http://t.co/X07xXHYOOV via @shadhinbangla24	Neutral
5191	ভালবাসা কি অভিশপ্ত বস্তু হে ঈশ্বর তুমি সৃষ্টি করেছ ! অন্যায় না করেও সর্বদা অপরাধী সেজে বসে থাকতে হয় । সত্যি ভাবলে আশ্চর্য হতে হয় !	Negative
5192	সবরের গুরুত্ব ও প্রয়োজনীয়তা http://t.co/k7xW1JqVLz	Neutral
5193	শয়তানে লাড়ে চাড়ে?? প্রশ্ন ফাঁস ঠেকাইতে পারেন না বলে নেট অফ রাখতে হবে, এ কেমন ভালোবাসা? এমুন ভালোবাসা চাই না, আমার গিফট ফেরত দে। ὡ1ὡ1ὡ1	Neutral
5194	এটা ভুল তোর সাথে আমার ৮ বছর ধরে বন্ধুত্ব὆C তোর সাথে সব থেকে বেশি চলাফেরা করছি। ২০১০ সালের আগে তোকে আমি দেখছি কিনা ম… https://t.co/13lbxiWbMv	Neutral
5195	@Nisu__3 ভয় পান না ? পাবেন যখন অন্ধকার রাতে জানালার পাশে আমার ছায়া দেখতে পাবেন তখন ভয়ে চিৎকার করবেন বাঁচাও বাঁচাও কেউ আসবে না ।	Neutral
5196	ঢাকাকে যানজটমুক্ত করতে সহায়তার আশ্বাস দিয়েছে ইউএনডিপিঢাকা শহরকে যানজটমুক্ত করতে আর্থিক ও কারিগরি সহায়তার... http://t.co/sddExsvIDV	Positive
5197	দু একটা ভুল কথায় ঘুমায় যায় না রাত স্বপ্ন ভোর সকালে মেঘ আসেনা রোদ হাসে না ওদের যা অভ্যাস না,কারো কেনা দাস ও না	Neutral
5198	@KeyaSultana3 আপন ভাবি না সেটা ভাবা ভুল হবে। আসলে এমন অভিযোগ এখন অনেকই পাই যে, কোন খোজ খবর নেই না। কোন ম্যাসেজ দেই… https://t.co/frSzpClQvW	Neutral
5199	কি এমন মায়ায় জরালে আমায় কেন তোকে এত ভাল বাসি। বার বার ফিরে আশি তোর দেখা পাবো বলে, পৃথিবীর সব সুখ যেন ফিরে পাই… https://t.co/RePfcWGyDM	Neutral
5200	@r_amin01 @iDon_joy সেটা অাপনার ব্যক্তিগত ধারনা ৷ অার অামি তেমন নই ৷ অাগেই বলেছি বিএনপি ধোয়া তুলসি পাতা নয় ৷ তাই জ্বলারও কারন নাই ৷	Neutral
5201	পৃথিবীতে ভালো মানুষ হওয়াটাই সব থেকে বড় ভুল ! কারন আমরা দর্শক এর জায়গায় বসেও ওদের চোখে ভিলেন হয়ে যাই আর ওরা একটা মুভি বানিয়ে দেয়....	Negative
5202	না কংগ্রেস না বিজেপি না udf না তৃণমূল না আপ আমি তো কোনো দলেরই ভক্ত নয় আমি একজন নাগরিক যা রাজনীতি অপছন্দ করি। সকল ধর্ম ভালোবাসি	Neutral
5203	RT @i_am_Taher: ২০০৯-২০১৮ঃ বাংলাদেশ পরিণত হয়েছে গুমরাজ্যে ᾑ0 ০৯ সালে ৩, ১০ সালে ১৮, ১১ সালে ৩১, ১২ সালে ২৬, ১৩ সালে ৫৪, ১৪ সালে ৮৮, …	Negative
5204	নিজের শরীর যতই খারাপ খাকুক না কেন, মনের ওপর তেমন প্রভাব পরে না। কিন্তু বাবায় যদি বলে শরীর ভাল না তাহলে কেন জানি... https://t.co/BULkM4JkGg	Neutral
5205	জীবনে চাই Damon (উক্ত ছবির পোলাটার নাম) এর মতো একটা পোলা, কিন্তু কপাল এতই খারাপ যে আসে পাশে শুধু ঘোরে DEMON ὇Fὠ2ὠ2 এ… https://t.co/35UM1xb1qX	Neutral
5206	আমার সোনার বাংলা। এই শব্দ টা বুঝতে আমার অনেক দিন লেগেছে। এখন আমি আমার এই সুন্দর ভাষার মূল‍্য টা বুঝতে পারি। বাংলাদেশ জিন্দাবাদ! ἞7἞9❤️	Neutral
5207	গল্প নং ০৭ ======= এভাবে বাচ্চা মেয়ে মত মন খারাপ করলে চলে ? আমি খানিকটা চমকালাম । সত্যি আমার মন খারাপ । সকাল বে… https://t.co/vk8htBLah5	Neutral
5208	সত্যি আমি বড্ড বোকা। একবার যে ভুল করি ২য় বার একই ভুলে মুখ লুকাই। ৩য় বার আর এই ভুল করব না কথা দিলাম। ὡE☺ #মুক্তমনা… https://t.co/iVN6MiyN9P	Positive
5209	কোন মেয়ে অবৈধ সম্পর্ক করলো না পরকীয়া করলো, তা আপনার দেখার বিষয় না | পারলে নিজেকে নিয়ে ব্যস্ত হোন, নিজের উন্নতি নিয়ে লাফান ✌ἿBὠE	Neutral
5210	কপালের যেখানটায় বসন্তের দাগ ছিল; সবাই চোখ ফিরিয়ে নিত ঘেন্নায় ! সেখানটায় চুমো খেয়ে বুঝিয়ে দিতে হয় – ভালোবাসা জিনিসটা সবার জন্য আসে নি	Neutral
5211	আমিও মানুষ ভালা না, মনে মনে শুয়োরের বাচ্চা বলে, মুখে বলি আহারে কাঁচা সোনা।	Negative
5212	RT @eemran393: @Delowarhafiz আফসোস এর বিষয় যতই দিন যাচ্ছে বিকৃত হচ্ছে ইতিহাস। ইতিহাস কে ধলীয়করন এর মহা উৎসব চলছে। সেই সাথে এটা নিয়ে রম…	Negative
5213	@KhaledaZia চুরের মায়ের বড় গলা! সে যদি নির্দোষ হয় তাইলে দেশে এসে সব মামলা ফেইস করেনা কেন? হারিস চৌ: তারেক ছিল ২১ আগস্ট বোমা হামলার হোতা	Negative
5214	¤ কষ্টে থাকার মাঝেও কিন্তু সুখ আছে । হাসির মঞ্চে আপনি হাসবেন না । কিন্তু তারপরেও হাসতে হচ্ছে । এ হাসি হেসে আপনি শান্তি পাবেন না ।	Neutral
5215	শাসন করা তারই সাজে সোহাগ করে যে - বঙ্গবন্ধু আহা ! এই যে সবাই রাজনীতি করে, কি পড়ে কি শুনে কি শিখে রাজনীতি করে ? অ… https://t.co/TjgNzfrNj2	Negative
5216	কস্ট হয় নস্ট হয় ভ্রষ্ট হয় গরম হয় ঠান্ডা হয় ভাল হয় খারাপ হয় ভেজাল হয় খাটি হয় গরিব হয় ধনী হয় সুন্দর হয় কালো হয় ভয় হয় ক্ষয় হয়	Neutral
5217	যে তোমাকে মনে করতে চায় না তাকে জোর করে মনে করাতে যেও না এতে সে তোমার প্রতি আরো বিরক্ত হবে আরো ঘৃণা করবে, মাঝে মা… https://t.co/SDCD0cbwcz	Neutral
5218	আমি তো পরী নই আমার তো নেই ডানা এ মাটি ছেড়ে তো, আকাশে উড়ছি না। তবু ও কালো, বলে যখন ডাকো আমাকে অন্য চোখ দিয়ে যখন… https://t.co/D6TmBjmnKJ	Neutral
5219	কোনো মেয়ের পেছনে ঘুরে মাথা নষ্ট করার চেয়ে হিমু পড়ে মাথা নষ্ট করা ভালো!ὠ2 বই আপনাকে না বুঝলেও অন্তত ভুল বুঝে না!ὠA — reading হিমু	Positive
5220	এক মাস পর আবার আসছি সৃজন সন্ধ্যা ফেসবুক লাইভে আজ ৮ই এপ্রিল রবিবার বাংলাদেশ সময় রাত দশটায়। এবারের বিষয় : তৃতীয় নয়ন মেলে নিজেকে দেখি।	Neutral
5221	ভালবাসা তা হল অমূল্য আশা তা হল মরিচিকা সপ্ন তা হলো ঘুমে সুখ তা হলো ভালবাসায় শান্তি তা হলো নিশ্বাসে সম্মান তা হলো... https://t.co/0L2ETavf67	Neutral
5222	আমেরিকান ফুড এন্ড ড্রাগ ইন্সটিটিউট (কস্মেটিক্স ও ড্রাগ টেস্টিং এর সবচেয়ে নির্ভরযোগ্য প্রতিষ্ঠান) ফ্লুরাইড যুক্ত... http://t.co/15xYQ2iuGQ	Negative
5223	উইকেট পড়ল না একটিও! http:/t.co/WQKfbkBvf9	Negative
5224	RT @msaif3109: জন্ম নিয়েছি এক দিন চলে যাবো। কিন্ত তার মাঝে অনেক ভালোবাসা যেহেতু পেয়েছি বাকী সারাটা জীবন এই ভালবাসার মাঝে বেঁচে থাকতে চাই।	Neutral
5225	@Careless49 জি ৷ না থাক ৷ অামি অামাকে নিয়ে সুখি ভাইয়ু ধনীদের থেকেও সুখে কারন অামার তেমন চাওয়া নাই ৷ তবে অাবার অ… https://t.co/TLeGhU4A6n	Neutral
5226	 কিছু মানুষ আছে যারা দুঃখ পেতে পেতে এক সময় এমন পাথর হয়ে যায় যে..... তখন তার কাছে দুঃখ শব্দটা সুখ বলে মনে হয় আর… https://t.co/8pl1pE4NQ2	Neutral
5227	ফুল ধুলায় ঝরে পড়ে,পাঁয়ে পিষ্ঠ হয়! তাই বলে কি ফুল এতো অনাদরের?? ভুল করে যদি সেই ফুল কারো কবরিতে খসে পড়ে এবং তি… https://t.co/KzzOWdm4Az	Neutral
5228	বাংলাদেশ এখন কি চলছে ? গুজব আর গুজব গুজবে দেশ এক্কেবারে শেষ হইয়া গেল, এই গুজব বাইরের দেশেও ছড়িয়ে পরেছে এখন কি উ… https://t.co/z0Q8xXgzEZ	Negative
5229	RT @BNP76138: ৩০ তারিখ সিলেট সিটি কর্পোরেশন নির্বাচনে আপনার একটি ভোটই ঠিক করে দিবে - আগামী পাঁচ বছরের জন্য আপনি এই নগরে কি দেখতে চান । অন্…	Neutral
5230	Part-206. ❤️ তোমার দুর্বল করা, ভালোবাসা গুলো একটু কমই ও এবার ❤️ ὉC তোমার পাগল করা, পাগলামি গুলো কমই ও এবার ὉC ὉB তোমার… https://t.co/wzaQPFU5CJ	Neutral
5231	আমার মনের বাগানে ফুটেছে ফুল, তোমার ভালোবাসা সে ফুলের মূল। যেওনা ছেড়ে কখনো হয় যদি ভুল, তুমি ছাড়া এই আমার নেই যে কূল। #RAS	Neutral
5232	ভালোবাসা গভীর হলেই কেবল নিজের অজান্তে চোখ ভিজে যায় ὡEὡE সে ভালোবাসা হোক প্রেমিকার প্রতি বা বাপ,মা,বোন কিংবা ভাইয়ের প্রতি ὡ6ὡ6 — feeling pained	Neutral
5233	যদি বলি দুবাই আছি তবে কি ভুল হবে। না ছিলাম ঈগলের দেশে, যেখানে শত বছরের পুরনো নথির অবয়াশ্রম। কাজ করে যাচ্ছি দেশের স্বার্থে, জনগণের স্বার্থে।	Neutral
5234	জানি ছুঁতেও পারবোনা, তবুও রুটির মতো দেখতে ওই চাঁদটাকে খেতে চাই!! কেন জানি হাজার ভুলের মাঝেও আরেকটা ভুল করে শুধু ভুলটার সাথেই থাকতে চাই।	Neutral
5235	আমার যেটা মন চাই আমি সেটাই শেয়ার করি, যা খুশি তাই পোষ্ট করি - তাই বলে এই নই যে আমার জীবনে ঘটছে । কিছু মানুষ এটা নিয়ে রাজনীতি করে ।ὢ6ὢ6	Negative
5236	@IstiacJack শীতকালে দেশে আসলে মজা হচ্ছে ভাই শাকসবজি পাওয়া যায় আর হাঁস খাওয়া যায় ὠ1 প্রবাসে বসে কি আর দেশের মত করে খাওয়া যায় ভাই ὠA	Neutral
5237	পোলা ও পোলা তুই অপরাধী রে... আশা করি ভাল লাগবে সবার। যদি গান টি আপনার ভাল লেগে থাকে তবে শেয়ার করতে ভুলবেন না। You… https://t.co/uAuR7xSaLk	Neutral
5238	@Shawon5U @QuanakJess710 মজা নিবো কিভাবে? আপনি হবেন দুলহা আর মজা নিবো আমরা! তা কি হয়। তবে এমন কিছু যেন না হয় যে ভ… https://t.co/gglZeFoNS2	Neutral
5239	সিডি নিউজ২৪.কম, ডেক্স ০৬ সেপ্টেম্বর : অবেশেষে কার্লেোস তেভেজের বাবার অপহরণকারীদের ধরল পুলিশ ৷ তিনজন পুরুষ ও একজন... http://t.co/aLMmyLDODC	Negative
5240	ছোট বেলাই কোন টীম এ জদি ভাগ সেসে খারাপ প্লেয়ার পরতো তাহলে জে ভাল খেলে ওরে তাদের দিএ দিতাম আজ নেইমার কে জদি আরজেন্তিনা এর দল এ দিয়া জেত ইসস	Neutral
5241	সুরা নূর , আয়াত ৪০ অথবা তার উপমা যেমন একটি গভীর সাগর বুকে অন্ধকার ৷ ওপরে ছেয়ে আছে একটি তরংগ, তার ওপরে আর একটি... https://t.co/jytXiG0DS0	Neutral
5242	RT @Ruhul_Amin_01: কারো দেখার ভুল কারো শুনার ভুল কারো বুজার ভুল কারো চাওয়া ভুল কারো পাওয়া ভুল কারো চলার ভুল.... আর এই ভুলেই মানুষ হারায়…	Neutral
5243	বাচ্চাদের সাথে এমন কোন কথা বলা বা এমন কোন আচরণ করবেন না যা ওদের মনকে খারাপ বা ব্যর্থতার দিকে ধাবিত করে। আজ আমরা জান… https://t.co/1VpD3FtuKu	Positive
5244	ভালো একটি পরিবারের স্বপ্ন সবাই দেখে । মনে হয় যেন অনেক সুখী । ভালো পরিবারের জন্য 1 জন ভালো বঁধু লাগে । আর তাই তো… https://t.co/WYJcvKp8lj	Neutral
5245	বিশ্বম্ভরপুরে কোনাজাল ব্যবহারকারীদের বিরুদ্ধে বিক্ষোভ ও স্মারক লিপি প্রদান - Abnews http://t.co/7Nmr5TCnaW	Negative
5246	তুমি যখন তোমার সামনে মুখোমুখি কাউকে ধাক্কা দিয়ে পেছনে ফেলতে চাও, তাকে প্রথমে সামনের দিকে টান দাও।এতে সে পেছনের...	Neutral
5247	RT @Sylhet_2000: ἳ4 এই জীবনে হয়তো ভুল করে সুখ চেয়েছি আমি। বুঝিনি সুখ সে তো সোনার চেয়ে ও দামি। Ὁ4ὉCὉ4ὉCὉ4ὉCὉ8 #শুভ_রাত ὤC সবাই কে ἳ4 #জৈন্তাপু…	Neutral
5248	Listening to : Issh | Imran | Koushani | Bangla new song 2018 ইশ্ কি সুন্দর যে তুই, যার তুলনা হয় না কিছুই ὠA… https://t.co/ZI0fPETzjF	Positive
5249	মিলাদ ও শিরনি http://t.co/ayS70Ipo21	Neutral
5250	নীরা, শুনেছি তোমার অনেক সুখ ছিলো সবাই তোমার চাইতো ভালো। হঠাৎ কখন কি যে হলো? বিষাদ করে গোমড়া মুখে আকাশ চেয়ে কি যে.… https://t.co/mRg6SnYFsx	Neutral
5251	RT @Serestii: ছোট্ট একটা জীবন নিয়ে পৃথিবীতে কেন বলো আশা অনন্ত কাল ভালোবেসে ফুরাবেনা আমার ভালোবাসা তুমি ওমর করে দাও আমাকে মন চায় তোমাকে এই…	Neutral
5252	গত এক সাপ্তাহ হলো মনটা কেমন যেন খারাপ লাগছে।ὢ5 কী কারণে সেটা বুঝতে পারছি না। এই কটা দিন এন কোনো কাজ নাই মন ভালো... https://t.co/XA3xrHfKOK	Neutral
5253	এই ঈদ ই মেছির সেশ ঈদ ... তারপর আর্জেন্টিনা রা যে কারে নিয়ে লাফাবে ,ভাবতেছি আর নিজের ই খারাপ লাগছে ... ওরা কি নেয়ে… https://t.co/wDaapzA4pY	Neutral
5254	বড় ভাই মানুষ,চাইছিলাম নোংরামী করুম না কিন্তু,নোংরামী না কইরা পারতেছি না।ঠেলাটা সামলাও ভাই,বেস্ট অফ লাক!---------------- আদনান রহমান।	Negative
5255	মেয়ে যতই আপনাকে ভালোবাসুক না কেন যে কেউ তেল মেরে কথা বললে গলে যাবে ~ দুনিয়া হলো স্বার্থপর ~ সব আপনার পিছনে স্বা… https://t.co/0lgG0GeYTh	Neutral
5256	মহাপ্রস্থানের পথে পাণ্ডবদের সহায় ছিল সে।HMV-র লোগোতেও তার বিশ্বস্ত উপস্থিতি। :)মনিবের শখ মেটাতে তাকেই দিতে হল...	Neutral
5257	বিশ্বম্ভরপুরে কোনাজাল ব্যবহারকারীদের বিরুদ্ধে বিক্ষোভ ও স্মারক লিপি প্রদান - Abnews http://t.co/J1ifdE4nZT	Negative
5258	নামায পড়া হারাম।কেননা আল্লাহ নামাযের ধারে কাছে যেতেও নিষেধ করেছেন ।রেফারেন্সঃ আল কুরআনের সূরা নিসার ৪৩ নম্বর... http://t.co/37VYdsWbLM	Negative
5259	একজন মুসলমানের বুনিয়াদী আকিদা -বিশ্বাস ঃ## আল্লাহ পাকই মানব জাতির একমাত্র রব,বিধানদাতা ও হুকুমকর্তা।## কুরআন ও...	Neutral
5260	বাংলাদেশ পৃথিবীর অন্যতম একটা মজার দেশ! যে দেশে একটা ইস্যু শেষ হতে না হতেই আরেকটা ইস্যু এসে হাজির হয়। এত এত খবর চা… https://t.co/j4x118huBt	Neutral
5261	একটু কষ্ট হলেও , একা চলতে শিথো ‌‌‍‌‌‌‌‌‌, কারন যাকে ছাড়া তুমি চলতে পারবে না ভাবছো । সে কিন্তু তোমাকে ছাড়া ঠিকি চ… https://t.co/STAjLPklsE	Positive
5262	@SinhaKeya এই যুগের মেয়েরা ভাবে বিয়ের পর কোন কাজ নিজে করবে না কিন্ত নিজে যখন শাশুড়ি হওয়ার কথা ভাবে তখন বলে যে আ… https://t.co/9AHn1qXJ13	Neutral
5263	যেই দেশে পুলিশ হতে হলে আমরা ১৬ লাখ থেকে ১৭ লাখ টাকা ঘুষ দেই সেই দেশে এর চাইতে আরো খারাপ কাজ হওয়া দরকার ছিলো । টাকা… https://t.co/NnBsk9s0Oa	Negative
5264	সোনালী ও প্রাইম ব্যাংকের ৭ জনের বিরুদ্ধে দুদকের মামলা	Negative
5265	যারা মাকে ভালোবাসেন তারা শুধুই পোষ্ট টা পড়েন। ★মা এক গ্লাস পানি দাও তো!★মা নাস্তা দাও!★মা খেতে দাও!★মা আজ... http:/t.co/XjbkzhW9Dg	Positive
5266	আছসালামু আলাইকুম, কেমন আছেন আপনারা সবাই । আজ আমি আপনাদের জন্যনিয়ে এসেছি YouTube থেকে ভিডিও ডাউনলোড করার সহজ একটি... http:/t.co/ajT9TodpJl	Neutral
5267	@SinhaKeya ডাকাত ডাকাতের মতো রবে।আর ডাকাতের মন আছে সব সময় সে ডাকাত থাকে না তার মাঝেও একটা মন আছে, কোন একদিন তার ভু… https://t.co/A0Md6qnzkZ	Neutral
5268	- নেইমার আমার লাভ - মেসি আমার জান - ওজিল আমার বর - কোতিনহো ভালোবাসা ----- কেউ একটু বলবেন, বিশ্বকাপ ফুটবল খেলা হচ্ছে নাকি বিশ্ব রোমান্স কাপ?	Neutral
5269	@StealthilyBoy নাতো সব ঠিক আছে 2 ঘন্টা আগে তো লাইনে ছিলে, এটা ইউজ বেশি করা দরকার, ওই দুইটা তো ফেইক কথা বলার মজা পাই না,	Neutral
5270	দৃষ্টি আকর্ষণ - উত্তর আবশ্যক।১৯৭১ সালে পাকিস্তানের কাছথেকে বাংলদেশ স্বাধীন হলেও মানুষ ৩ ভাগে বিভক্ত, অনলাইনে...	Neutral
5271	@sumonakash11 আপনি আমার কথা বুঝেন নাই ভাই। সময় দিতে চাই কিন্তু দুজনের পরিবার এর মাঝে বড় বাঁধা। সময়টা খুব খারাপ যাচ্ছে, দোয়া কইরেন ভাই!	Neutral
5272	21.&lt;3 &lt;3 চোরম জোকস &lt;3 &lt;3  বাংলা ২য় পরীক্ষায় প্রশ্নে আশার কথা ছিলো, পদ কত প্রকার ? ও কী কী ? ভুল বসতো প্রশ্ন এসে… https://t.co/oQydfEVQSX	Neutral
5273	&gt;&gt;&gt; ফেইসবুকে ৬ বছর। ὠD তবে এই যাত্রা ৭ বছরও হতে পারতো, যদি প্রথম আইডিটা গায়েব না হতো। ὡ5 অসাধারণ ভিডিওটির জন্য ধন্য… https://t.co/5Gb0otfmOX	Neutral
5274	পাশের যাত্রী মোবাইলে বলছেন-- গুড মর্নিং! জানু কি কর? আরে Matrix করতেস এইটা তো কোন ব্যাপার না row আর সারি Yo! Yo! এক… https://t.co/YG0Q06Cz8O	Neutral
5275	RT @saboormia: বি এন পি ,র যুগ্নমহাসচিব ও ঢাকা মহানগর দক্ষিণ বি এন পি ,র সংগামী সভাপতি হাবিব উন নবী খান সোহেল ভাই র নিঃর্স্বত মুক্তি চই ,এ…	Neutral
5276	দিন শেষে বুকে হাত দিয়ে যখন বলতে পারি আমি আজ সারা দিনে ইচ্ছাকৃত ভাবে কাউকে কষ্ট দেই নি তখনই আমি নিজেকে সুখী মনে করি। শুভ পৃথিবী।	Positive
5277	এক্সছিডেন্ট করে কেও মরে আর কেও দারিয়ে মজা দ্যাখে খেয়াল করলে দেখা যাবে এক জন সাদা সার্ট পরনে তিনি. সি এন জি. এর... https://t.co/jSOLhEY8CB	Neutral
5278	@BCBtigers সোম্য যতই খারাপ খেলুক তাকে দলে রাখতেই হবে নইলে যে খেলাই হবে না,,, আর আসরাফুল এর পারফ্রম যতই ভালো হোক নেওয়া যাবে না,,, ভেজাল আছে	Negative
5279	@BCBtigers এই মহা জয়ে, মহিলা টিম কি কোন বোনাস পাবে না? উনাদের বেতন ভাতা কি বাড়ানো হবে না? আর কত অবহেলা করা হবে #BANW উনাদের সাথে?	Negative
5280	সঠিক সংবাদ সবার আগে পড়তে, দেখতে ও শুনতে ভিজিট করুনhttp:/t.co/EZMPml6PPZ http:/t.co/CHsYWgRKJq	Positive
5281	RT @SalimReza6201: পথ হারা বান্দা আমি, চাই যে আলোর দিশা, মুছে দাও হে আল্লাহ সকল পাপের নিশা ক্ষমা ও ভালোবাসা তোমার অবদানতাইতো তোমার নাম…	Neutral
5282	@ropkotha07 হাডের জন্য হাঁসি খুব উপকারি জিনিসὄC আরে খারও দিন খারাপ চলক সেইটা আমি কখনো চাই না,আমি সবাই নিজ নিজ জাগায় সর্বশ্রেষ্ঠ খুশি থাকὡ2	Neutral
5283	RT @AitcProvat: রাজ্যে একের পর এক তৃণমূল কর্মীদের খুন করছে সি পি এম ও বিজেপির লোকেরা । এটা নিয়ে রাজ্য রাজনীতি তোলপাড় হয় না কেন? এই মৃত্…	Negative
5284	কতটা জঘন্য হলে এমন ঘটনা হতে পারে । আমি মনে প্রানে বিশ্বাস করি এবং সবসময় বলে আসছি , শিক্ষক নিয়োগের আগে ভাল মেধাবী… https://t.co/HmJbYfA1XP	Negative
5285	শুধু মন্ত্রী নয় , সরকারকে ও পদত্যাগ করতে হবে, বলেছেন - কোমলমতি শিশু- মির্জা ফখরুল (৪র্থ শ্রেনী)। বিএনপি ইস্কুল, রোল নং ৪২০ ___সংগ্রহ :p	Negative
5286	এক ছোট ভাই এর সাথে কথোপকথনে তাকে আমি বলি বাংলাদেশে সবাই নাকি ভালো আছে আর্থিক ভাবে সে বললো হা আছে ভাই তবে বাংলাদেশ আ… https://t.co/qhUMn54TMJ	Neutral
5287	সে তোমায় ছেড়ে চলে গেছে । তোমার খুব মন খারাপের রাতে তাকে নিয়েই ভাবছো । আরেকজন তোমার কাছে আসতে চাইছে । কিন্তু তু… https://t.co/Hk2JTBxnoh	Neutral
5288	গাজীপুরের শ্রীপুরে ১০০ পিছ ইয়াবা ও গাঁজাসহ ৩ জন গ্রেপ্তার: http://t.co/LhPdhSwYjq	Negative
5289	জানি না এখন কেমন আছে, যেমন ই থাকুক ভালো থাকুক, জানি না কেন পশু ও পাখি কে মেরে কি শান্তি পায়; আজ কবিগুরু র লেখা বলা… https://t.co/DllQNqMiAA	Neutral
5290	ভালোবাসা তো আর জোর করে পাওয়া যায় না ।তাই আর জোর করবো ভালোবাসা তো আর জোর করে পাওয়া যায় না ।তাই আর জোর করবো না।	Neutral
5291	আরজিতেনা তিন ম্যাচ খেইলা সবাই মিল্লা গোল দিছে তিন ডা আর খাইছে পাচ টা! এইডা হইল বেস্ট টিম! CR7 এক ম্যাচে ৩ গোল দি… https://t.co/qZO0hG2ZBs	Negative
5292	এটা কী বিএনপির নতুন কোন কৌশল বিএনপি শপথ নেবে না? বিএনপি যদি শপথ না নেয় তাহলে সেইসব আসনের কী হবে? কেউ যদি এই ব্… https://t.co/kj3XpKS820	Neutral
5293	@Seneha_ ঠিক। সে জন্যই তো বললাম মজা করা ভাল।সব সময় ভাল থাকা যায় মন প্রফুল্ল থাকে আপনি তো বেশ মজার মানুষ। আপনি সুখি মানুষ তাই না	Positive
5294	@shakz_samir আপ্পনাকে ও	Neutral
5295	মিথ্যা আপনাকে সাময়িক শান্তি ও দীর্ঘ অশান্তি দিবে কিন্তু সত্য আপনাকে সাময়িক অশান্তি দিলেও দীর্ঘস্থায়ী শান্তি দিবে .......হুমায়ূন আহমেদ	Positive
5296	ঢাকা শহরে এমন কোন সেক্সি আম্মু আছো যে দেহের জ্বালায় ছটফট করছো ? আমি আজ ১ বছর থেকে সে জ্বালা মিটিয়ে আসছি বিশ্বস্ত… https://t.co/JlAutfXOK6	Neutral
5297	এই ডিজাইনের উপর অন্য কালার দেখান! পিংক কালার হলে ভালো হয়। আর এই কালার এর উপর অন্য ডিজাইন দেখান! অপরাধী ডিজাইন হইলে ভালো হয়।। ὢD	Neutral
5298	@Aafsana_bd কোন ভুল মনে করে অনুতপ্ত হওয়ার নামই মনুষ্যত্ব, আর যার মধ্যে মনুষ্যত্ব বোধ আছে তার ছোট খাট ভুল গুলো অনায়েসেই ক্ষমা করা যায়	Neutral
5299	RT @MdFarukMunshi2: আল্লাহ তাআলা আমার জন্য যথেষ্ট। তিনি ছাড়া আর কোন সত্য মাবুদ নেই। আমি তাঁর উপরই ভরসা করি। আর তিনি মহান আরশের প্রভু। সূ…	Positive
5300	আমরা কাজ শিখছি ঢাকা যেখানে খালি পায়ে ফুচকার কাই তৈরী করা হয় ।শুধু আমি না, সবাই এভাবে সারাদেশে খালি পা দিযে কাই তৈ… https://t.co/3Up8XtIFpM	Neutral
5301	দোষ করলে তা স্বীকার করা কোন লজ্জ্বা কিছু নই । বরং দোষ করলে তা স্বীকার করে নেওয়া এটি একটি মহৎ গুন । — feeling thankful	Neutral
5302	ইউরিক এসিড ও ডায়েট http://t.co/VHEvjUxFZP via @sharethis	Neutral
5303	চুক্তির আনুষ্ঠানিকতাও সারলেন মামুনুল: বার্তাবাংলা ডেস্ক :: আগেই জানা গিয়েছিল ইন্ডিয়ান সুপার লিগের (আইএসএল) দল ... http:/t.co/xktFLLRrzr	Neutral
5304	Well Played Shakib Al Hasan Ὁ9ὢD এক রাশিদ খানের কাছেই বাংলাদেশ ধরা খায়।ব্যাটিং এ ও রাশিদ খান বুঝ করে দিছে আর বোলিং এ… https://t.co/XMU1z7f3ra	Neutral
5305	ট্রল করে অনেক মজা নেওয়ার ইচ্ছা ছিল কিন্ত লিওনেল মেসির বিষাদময় চেহারা দেখে আর মজা নিবনা। . আকাশ থেকে একটা তারা টুপ করে খসে গেলো ὡE	Neutral
5306	RT @nusratjahanjeni: আমি মাঝে মাঝে কিছু ভুল করে ফেলি, কিন্তু আমি জানি এগুলো নয় সব মেকি! হতে পারে এটা আমার অবহেলা- কিংবা হতে পারে আমি বড়…	Neutral
5307	RT @IqbalBablu: খোদা কি ওয়াস্তে হামে বাংলাদেশ বানা দো। পাচ নাহি কমসে কম দশ সাল মে হামে বাংলাদেশ বানা দো। উর্দু আমি বুঝি না তেমন। তবে উ…	Neutral
5308	আবেগ যার বেশি কষ্ট সে একটু বেশি পাই একটি আবেগী মন কখনো সুখ দিতে পারেনা যেটা দিতে পারে সেটা কষ্ট ছাড়া আর কিছুই না।	Neutral
5309	এক জন অপরাধী যদি সাজা না পায় তা দোষের কিছু নয়, কিন্তু এক জন নিরপরাধী মানুষ যদি মিথ্যাচার এর কারনে সাজা পায় তা দোষের 	Neutral
5310	মিথ্যা আপনাকে সাময়িক শান্তি ও দীর্ঘ অশান্তি দিবে কিন্তু সত্য আপনাকে সাময়িক অশান্তি দিলেও দীর্ঘস্থায়ী সুখ দিবে।	Positive
5311	RT @Tweet__Bangla: #খবরদার পঞ্চম ব্যাক্তি হইয়ো না । পঞ্চম ব্যাক্তি কে❓ যার পরিবারে কোন আলেম নাই এবং যে আলেমদের কে মহব্বত করে না বরং আরো…	Neutral
5312	বাচ্চাটার আজ জন্মদিন । তবু তার জন্য কিছুই করতে পারলাম না নিজে খুব অসুস্থ থাকায় । অনেক বড় হও মা, মানুষ হয়ে ওঠো প… https://t.co/t7i2E0LLmf	Neutral
5313	পুলিশ কে এইভাবে গালা গালি করা টা কি ঠিক? সবাইতো আর এক না তাদের মধ্যে ভাল ও আছে। আমরা নিজেরা আগে সচেতন হয়✌ ঢাকা বি… https://t.co/WgdawfpO3X	Positive
5314	সুখ ও খুশীর, উৎস হল হৃদয়, আর সেই হৃদয় যখন তার প্রতিপালককে নিয়ে উৎফুল্ল হয় , তখন , দুনিয়ার অন্য যে কোন সম্পদ… https://t.co/OTTpnvO4JC	Neutral
5315	নিজেকে ভাল মানুষ হিসাবে প্রতিষ্ঠিত করতে সব সময় যে সেরা কাজ গুলো করতে হবে তা কিন্তু নয়, শুধু খারাপ কাজ গুলো না কর… https://t.co/ZJ528VyKGi	Neutral
5316	শ্রীলংকা র বিপক্ষে এ পর্যন্ত বাংলাদেশ জিতেছে ৬ টি ম্যাচ, আর ৬ টি ম্যাচের ৪ টিতে দলে খেলেছেন সাকিব আল হাসান। ৪ জয়েই… https://t.co/jigIcMgOhC	Neutral
5317	নিজের সমস্যা গুলোর জন্য অন্য কে দোষারোপ করো না। এতে সম্যার সমাধান হয় না। তার চেয়ে নিজের ভুল গুলো খুজে বের করার চেষ্টা করুন।	Positive
5318	এত আনন্দের মধ্যেও কষ্ট খুব কাছের কিছু মানুষের নানা অসুবিধায় না আসা। তবে জানি তাদের আশির্বাদ বা ভালোবাসা থেকে আমার ভাই বঞ্চিত হয় নি	Neutral
5319	ঈদে বাড়ি এসে মনে মনে চলতে থাকে কখন ঢাকা ফিরবো? বাড়ি থেকে ঢাকা ফেরার দিন ঠিকই বাড়ির জন্যে জিউ লোচোচে!! :( — at… https://t.co/xv2Sm3nm60	Neutral
5320	RT @bossmursalin: আমার কাছে একটি দেশ আছে । জী মাত্র একটা দেশ । খবরদার এটা আমার শুধুই আমার দেশ । যদি তুমি আসো তাহলে তাঁকে ভালোবাসো । যদি…	Positive
5321	আল-খিলাফাহ ইসলামিক স্টেইট_এর দাওয়াত জানিয়ে পাকিস্থান ও আফগ্বানিস্থানে সম্প্রতি বিতরন করা ফাতাহ পামফ্লেটের ছবি!... http://t.co/xYGIfQaibB	Neutral
5322	রাজধানীর পরীবাগের একটি বাসা থেকে বিপুল পরিমান বিদেশী মুদ্রা, মাদক ও সংসদসদস্য স্টিকারযুক্ত একটি মার্সিডিজ গাড়ীসহ একজন আটক	Negative
5323	RT @nusratjahanjeni: চুপি চুপি কাছে এসে নিলে প্রেমে জড়িয়ে। চুরি করে নিলে এই মন, সবই গেলো হারিয়ে। এ হৃদয়ে ভালোবাসা তুমি দিলে ছড়িয়ে। ἳ9…	Neutral
5324	জীবন মানি কিছু বলা কিছু না বলা গান, জীবন মানি কষ্ট পেয়ে একটু অভিমান। জীবন মানি কিছু সুখ আর কিছু হাসি । জীবন মানি… https://t.co/F5C9bvogoI	Neutral
5325	যে আমাকে বোঝে না, আমার ডিপ্রেসন বোঝে না, আমার নীরবতা, আমার হাসি, কান্না কিছুই বোঝে না,তার জন্য আমি ভুল মানুষ, এই তিতা সত্যিটা মেনে নিতেই হবে	Neutral
5326	যে যা ই বলুক না কেন, এটাই সত্য যে, মন থেকে ভালোবাসাটা সবার জন্যে আসেনাὡ4 আর এ কারনেই আমরা মন থেকে যাদের ভালোবাসা চা… https://t.co/oTD8YIWXLh	Neutral
5327	কার মনে কি আছে সেটা আল্লাহ ছাড়া কেউ জানে না।ὤ2 গত বছরের এই দিনটা আর আজকের এই দিনটা তখন যা ভাবছি আর তার বিপরীত।অনেক… https://t.co/YiNtQ6CXMX	Neutral
5328	মা-মণি ৩ · হারিয়েছি সব সুখ হারিয়েছি ফুল ফুল বাগে নেই ফুল ফুটে আছে ভুল৷ স্বপ্নরা হলো মিছে ; মিছে কুল মান ঘটে গেল অ… https://t.co/hmTwkK25th	Neutral
5329	@abpanandatv আর এস এস মেরুদন্ড সোজা করে চলতে শেখায় যারা আর এস এস কে জানে বা জানতে চায় তারা কোনো দিন ভুল পথে চালিত… https://t.co/eRmLmIDEeM	Positive
5330	আমরা নেপাল থেকে বলছি .. ‘সাব্বাস বাংলাদেশ’ লাভ ইউ বাংলাদেশ ... । আমাদের এই ট্যুর ও ..... আমাদের ইতিহাসের পাতায় লেখা থাকবে ।। ❤️἞7἞9	Positive
5331	একটা সময় ছিল যখন শিক্ষকতা পেশাটা মহান পেশা হিসেবে পরিগণিত হতো । তাই বলে এখন যে মহান পেশা নয়; আসলে তা না। মূলত শি… https://t.co/WNA0RILnNT	Neutral
5332	রবিবার বাংলাদেশ সময় সকাল ৯ টায় আমার সাথে ওর শেষ কথা হয় কিন্তু বিকাল ৪ টায় আমার ভাই জয় মন্ডল বাহরাইন থেকে আমাকে… https://t.co/d0CNbhnNev	Neutral
5333	@BegumZiaBd মোঃ তারিকুল ইসলাম ঝন্টু ( MD. TARIQUL ISLAM JANTO) এর পরিবর্তে ভুল করে KAZL FARHAD লেখা হয়েছে । নামটি সংশোধন করে নিবেন ।	Neutral
5334	ঈদ আবারও সমাগত। এবার কোরবানী ঈদ। এই উৎসবের মূল সূর ত্যাগ। তব্ওু ঈদ তো আর পুরনো পোশাকে হয় না। তাই নতুন পোশাকে ঈদ উদ… https://t.co/ApCg5jSSyI	Neutral
5335	আপনাকেও শুভ রাত্রি	Positive
5336	সুখী যদি না হতে পারেন, অন্তত খুশি হন। দেখবেন আপনাকে কিছু দিন খুশি দেখলে সুখও হিংসে না করে থাকতে পারবে না, নিজেই কাছে চলে আসবে।	Positive
5337	পাবনার ঈশ্বরদী রেলওয়ে হাসপাতাল কর্মস্থলে অনুপস্থিত থেকেও নার্সের হাজিরা খাতায় স্বাক্ষর! http://t.co/ikGf1nEh00	Negative
5338	যারা বি এন পি মনোনয়ন না পেয়ে বিক্ষোভ বা না খোশ হন বা কেহ দল ত্যাগ করবেন তারা ভুল করবেন।আমাদের দেশের রাজনীতি ব্যা… https://t.co/NU4sI5K5L6	Neutral
5339	নিচে একটা ওয়াটার মার্ক দেয়া।  Almost idiot যে বান্দা এই meme টা কপি করছে সে Total Idiot. :) ধন্যবাদ। আর হা। এ… https://t.co/bORmUt1Zsm	Neutral
5340	@Ali4198642 দেখে বুঝা যায় রান্নাটা অনেক মজা হবে,, আছা ভাই আপনি দুবাই কোথাই থাকেন বলেন ছলে আসব ঠিক আছে,,, কিনতু আমার কাছে গাড়ী আছে	Neutral
5341	বিরলে ধর্মজৈন সিমান্তে বিএসএফের গুলি ও হাত বোমা নিক্ষেপ - Abnews: http://t.co/Iwff0KUZAM	Negative
5342	ভাল করলে দেয় তালি আর আর খারাপ করলে দেয় বাশওয়ালা গালি. এ কেমন ভলবাসারে ভাই? খারাপ সময়টাতে পাসে থাকায় হল আসল ভালবাসা. #BanvsSA ফ্যাক্ট..	Neutral
5343	অপেক্ষার প্রহর শেষ তো হবে কোন না কোন একদিন । ভালোবাসা আর ভালোলাগা থেকে লেখা কিছু গল্প শুধু তার জন্য ,অপেক্ষা যার জন্য ।	Neutral
5344	এরপর থেকে আর ভুল হবে না। তোমাকে আমি কিভাবে ভুলতে পারি? আমি আমার লাইফ এত গুরুত্বপূর্ণ জিনিস তোমাকে দিয়ে দিসি ইউ শুড বি প্রাউড!	Neutral
5345	যে অপরাধ করে. সে তো অপরাধী আর যে অপরাধ করতে দেখেও কিছু বলে নাই বা বাধা দেয় নাই সেও কিন্তু সমান অপরাধী#চলমান রাজনৈতিক এবং চলমান বিশ্ব...?	Neutral
5346	আমার বাসায় ২ জন ডাক্তার ১ জন সাইকোলজিস্ট আছে। ২ জন ডাক্তারের ২ জন ই ডি এম সি থেকে পাশ। সাইকোলজি যে পড়সে, সে ডি ইউ… https://t.co/y3LR5MGm5d	Neutral
5347	বাতিল / ফেরকা [ আহলে কবিস / সালাফী / মওদুদী / ওহাবী ] -দের বিষয়ে নুরনবী [ ﷺ ] -এর ভবিষ্যৎ বাণী, গুরুত্বপূর্ণ দালি… https://t.co/FK3GSYvqZB	Neutral
5348	আমি এখন কোন দেশে আছি ? কি বলবো ভাষা ও খুঁজে পাচ্ছি না, শুধু এটাই বলবো সুখে নেই আমি ! কেউ আমাকে একটু বুঝতে ও চায়… https://t.co/e1QQlZEr0Z	Negative
5349	এক পাশে চাঁদ এক পাশে রুটি সুখের আশে জীবন ভর ছুটি কখনো সুখ কখনো দুঃখ জুটে তবু মনোবল,আকাঙ্ক্ষা না টুঁটে । এই তো... https://t.co/x8EGYkYKJN	Neutral
5350	এক মাস সিয়াম সাধনার পর পবিত্র ইদ - উল ফিতর এর আগমন ❤ দেশের এবং দেশের বাইরে সকল কে ইদ - উল ফিতর এর শূভেচ্ছা ও অভিনন্দন ❤	Positive
5351	কিছু ভুল মানুষ আমাদের কে কিছু ভুল অভিজ্ঞতা দিয়ে যায় বলে ভালোবাসা টা কে আমরা কত টা নিচে নামিয়ে আনি । কথা বলার জন্… https://t.co/u1O1VlxTAK	Neutral
5352	এটা নতুন কিছু নয়তো এ যে সকাল বিকাল ঘটছে কতো সোনা দিয়ে বাঁধা ঝকঝকে নাম তাতেও তো জং ধরছে। এটা জগতের এক সূত্র কভু ভা… https://t.co/S0Fr4ClQJJ	Neutral
5353	বাংলাদেশর নিবাচন সু ঠু হবে কি না ???? আমি মনে করি আওয়ামী লীগ এবং বিএনপি এবং জাতীয় পাটি কে খমতা না দিয়ে সেনা… https://t.co/wVy1d97kZj	Neutral
5354	যে নিজে কিছু করতে পারে না সে অন্য কিছু করলে শয্যা হয় না, এইটা প্রমাণত সত্য কথা,আজ তা আবার প্রমাণ করলো বাংলাদেশ ক্… https://t.co/rl4CbH0TBY	Negative
5355	যখন চোখের পাতা বন্দ করি তখন তোমাকে দেখি, আর যখন চোখের পাতা খুলি তখন তোমাকে দেকতে চাই কিন্তু তোমাকে দেকতে পাই না। কা… https://t.co/12oVQ4sr3u	Neutral
5356	যাহাকে ভালোবাসি , সে যদি ভালো না বাসে, এমন কি ঘৃণাও করে , তাও বোধ করি সহ্য হয় , কিন্তু যাহার ভালোবাসা পাইয়াছি বলি… https://t.co/RDwiwo9xru	Neutral
5357	প্যারাসিটামল ২ টা খাইয়াও মাথা ঘুরানো কমবে কিনা বুঝতাসিনা ।কেঁউ মাইরালা !!!!!! =D =D =D	Negative
5358	এই বিশ্ব সুন্দর সুন্দর তোমার আছে একটা মন তুমি উজাড় করে দিও আমায় ভালোবাসা সারাক্ষণ আমি ভূলে যাবো পিছুটান মনে জমে থাকা অভিমান গ্রহণ করবে কি?	Neutral
5359	ভেড়ামারায় চাকুরী না করেও নিয়মিত বেতন উত্তোলন এক শিক্ষিকার http://t.co/VLwQIbpdKN	Negative
5360	স্মোকিং করা লোক গুলা যদি মাদক বিরোধি আন্দলোন বের করে এটা কি মজার বিষয় না? সে কি জানেনা স্মোকিং ইজ দ্যা গড অব অল কা… https://t.co/weBUxoZczp	Neutral
5361	কি সমস্যা বলুন তো এদের ? ২১শে জুলাইয়ের সভা দেখে বাম + হনু + কংস একত্রে দাবি করছে শহীদ বানান ভুল কেনো হোলো কেউ কে… https://t.co/GyR0lPQNcF	Neutral
5362	একটা খারাপ দিনের জন্য দুঃখ না করে বরং জীবনে এই একটা দিন পাবার জন্য শুকরিয়া করা উচিত । এমন অনেক মানুষ আছে যারা কোটি… https://t.co/XUOIIQnJ5w	Positive
5363	ছড়া ৩ বিদ্যা বালন আর কখন ও তোমায় আমি দেখবো না তোমার যেটা খারাপ লাগে সে কাজ আমি করবো না সিনেমার ওই পর্দা জুড়ে... https://t.co/2h7tiCFF9k	Neutral
5364	একসাথে কখনো সবাইকে সুখী করা সম্ভব না | আপনি কখনই পারবেন না | কাউকে না কাউকে অসন্তুষ্ট রাখতেই হবে | আর তাতেই মনে হয়… https://t.co/3gbOHppJeF	Neutral
5365	RT @mainuddin663: না বলা শব্দ গুলো উড়ে যাক তোমার......, স্বপ্ন গুলো ডানা মেলুক অাজ, তুমি যদি ফিরে অাসতে অাজ অাবার হৃদয় শহরে , কালো অন্ধ…	Neutral
5366	পথ ভূল করে চল নেমে পরি পথে। এক মুঠো সুখ স্বপ্ন কে নিয়ে সাথে। থাক ঢেকে আদারে জীবন তার, মাযে নেব খুঁজে নতুন জীবন।।।।।	Positive
5367	মিলাদ ও শিরনি http://t.co/aEC9qA0ZsM	Neutral
5368	RT @sunyjeet3: এডমিন পোষ্ট শুভ রাত্রি টলিউড কুইন শ্রুভসী আর পরিচালক রাজ এর বিবাহ তে উপস্থিত ছিলেন আমাদের সবার প্রিয় জিৎ দা( সুলতান ভাই)…	Neutral
5369	RT @innoc3nt_h3art: সকাল শুধু সূর্য ওঠা না এটা আল্লাহর এক সুন্দর সৃষ্টি যা অশুভের অন্ধকার দূর করে আলো ছড়ায় Ἰ6Ἰ7 ὄ9⌚ সুপ্রভাত ☕ὄ8 https://t.c…	Neutral
5370	জীবনে যত বড়ই হন না কেন। বাবা মায়ের অভিশাপ অর্জন করতে হয় এমন কোন কাজ কখনো করবেন না তাহলে দেশের সেরা ধনি হলেও সুখী হতে পারবেন না।	Positive
5371	আমরা অসভ্য জাতি অমানুষ বলেলও বেশি কিছূ বলা হবে না,মালেশিয়া,আমেরিকা,সুইজারলেন্ড তারা উন্নত কেন ?তাদের মত আমরাও...	Negative
5372	হুনে হুনে ডাকর তাল বারারাং যদি । ভুল কোরাং হুনিয়াই ছপক ধরানি । খালকর দুনিয়াৎ এ কতি ডাঙর বিদ্যা ! কুপকরে খালকর আমি… https://t.co/5XB8cVO8oa	Neutral
5373	কেন এত হারাবার বয় কেন মনে স্বংশয় ভালোবেসে তোকে দূরে হারাবো সে তো হবার নয়। — feeling head break at Kazipara । কা… https://t.co/9QR0dVsjaY	Neutral
5374	RT @bodmasc: ৪৪ বছরের রেকর্ড ভেঙে বাংলাদেশ ৪৩ রানে অলআউট। মুশফিকুর রহিম 0 সাকিব আল হাসান 0 মাহমুদুল্লাহ 0 রাব্বি 0 রান এ লজ্জা পুরো জা…	Negative
5375	শ্বেতার আগেও দেহব্যবসায় জড়িত ছিলেন সাত অভিনেত্রী http://t.co/3P9p6hSdbw	Neutral
5376	 চুমুতে চিনি নেই, মধুও মেশানো থাকে না, তবুও চুমোর মতো মধুর স্বাদ জগতে আর কিছুতে নেই ---- শীর্ষেন্দু মুখোপাধ্যায়	Positive
5377	9 তারিখ সৌদি আরব থেকে বাংলাদেশ আসলাম আমার অনেক ফ্রেন্ড কে বলে আসতে পারিনি তার জন্য আই এম সরি সবাই আমার জন্য দোয়া ক… https://t.co/nnPD5Gk2vu	Neutral
5378	কিছু আচোদা পাবলিক এর জন্ম হয় বাপের পাদ থেকে তাদের কাজ ই হচ্ছে সবার পোষ্ট এ হাহা রিয়েক্ট দেওয়া ভাল খারাপ সব জা… https://t.co/4YvyTe50kz	Negative
5379	@shahanaz_rumy সবাই ভালোবাসা বুঝে কিন্তু বুঝে ও না বুঝার ভান ধরে।	Negative
5380	RT @JasikaParvin: মেজাজটা বহুত খারাপ আজাইরা ঝগরা করতাছস তোরা, কনো ভুল ছারাই একটা মেয়ের পিছে লাগলি। আর কিছু বলার নাই যা ইচ্ছা তা কর তোরা।…	Neutral
5381	GM News - মঠবাড়িয়ায় পৌরশহরের পাকা সেতু বিধ্বস্তের দুই বছরেও নির্মিত হয়নি ॥ ভোগান্তিতে হাজারো মানুষ http://t.co/Gg7P4E7eNQ	Negative
5382	গেমস এ বেসি ভালো খেল্লে আমি হেকার :/ আর খারাপ খেল্লে আমি নুব :/ এ কেমন বিছার ὢ1 আল্লাহ তুমার কাসে বিছার কইরল :3	Neutral
5383	আল্লাহপাক যখন চাইবেন তখন ভাগ্যবদলাবে,তার আগে না। তারপরেওআমরা প্রার্থনাকরি নিজেদের মনের শান্তিরজন্যে।বাদশাহ নামদার- হুমায়ূন আহমেদ	Neutral
5384	ধোঁকা আর বোকা নিজে তা বুঝি না অন্ধের মত চাই তোরে লোকে যা বলে বলুক এমুক অমুক জবাবে বলি কাল আসবে সুখ #tanjib_is_LOVE &lt;3	Neutral
5385	নাহিদ ভাই আপনি আসলে দেশের বড় একজন বোকাচোদা দেশ নিয়া হুদাই স্টেটাস দেন , আমরা সুখী গুয়া মারা খাইতে আপনি খাননা তাই বাল ছাল লিখেন	Negative
5386	দুঃখ শেয়ার করলে মনে হয় একটু কমে । কিন্তু সুখ শেয়ার করলে আনন্দের চেয়ে মাঝে মাঝে কষ্টই বাড়ে । তাই একটু আশপাশ দে… https://t.co/OBRjWLRCWf	Neutral
5387	@brsa_boy_aminul  আমিও ভাই একা	Neutral
5388	তারা তো বলেছিল দশ টাকায় চাল খাওয়াবে । আমরা ও তাদের ফাঁদে পা দিলাম আর এখন চাল ৫০-৬০ টাকা । একটু সচেতন হোন মিথ্যা… https://t.co/fEXZgw0Kij	Negative
5389	ওদের কে দেখে ভয় পাইয়েন না ওরা কোন জ্বীন ভুত না। ওরা আমাদের মতই রক্তে মাংসে গড়া মানুষ। আজ ও দেখতে পারতেন না কিন্… https://t.co/nBpsGKzvMZ	Neutral
5390	১ বছরে দেশের অর্থনীতিতে ক্ষতি হয়েছে ৬ দশমিক ৫ বিলিয়ন ডলার বা প্রায় ৫২ হাজার কোটি টাকা। এটি ওই বছরের মোট দেশজ উৎ… https://t.co/irBc1YMjLl	Neutral
5391	→অনেক সময় মনে হয় আমার মতো খারাপ ভাগ্য আর কাউর নাই!! →আবার অনেক সময় মনে হয় আমার মতো ভালো ভাগ্য আর কাউর নাই!!!… https://t.co/xBvZVUX1v5	Neutral
5392	জীবনে অনেক ছোট খাট বিপদ আসবে । এটা ব্যাপার না । সব কিছুই একেকটা নতুন অভিজ্ঞতা । তবে সত্যি বলতে তোদের জন্য আমার খুব… https://t.co/Le8ZRLxwYZ	Positive
5393	তোমার ভাল সময়ে অনেক মানুষ কে পাশে পাবে, তোমার খারাপ সময়ে কাউকে কাছে পাবে না, এটাই দুনিয়ার নিয়ম। — thinking about a lot of things	Neutral
5394	‘এখন আমি মারা গেলেও এতটা খারাপ লাগবে না, ম্যাট। যে ভাবেই হোক না কেনো, তোমার সাথে আমার দেখা হয়েছে .. অনলি লাভ... ২০তম পর্ব, আজ...	Neutral
5395	খারাপ কাজ গুলো তে যখন নিজেদের জড়িয়ে ফেলি তখন ভাবি আর এমন খারাপ কাজ করব না কিন্তু পরক্ষোনেই আবার সে ধরনের খারাপ কাজে নিজেদের জড়িয়ে ফেলি।	Neutral
5396	অশ্লীল ভিডিও পাঠিয়ে বন্ধুত্বের প্রস্তাব http://t.co/bdo8lTcLMi via @sharethis	Negative
5397	এই ভিডিও দেখে আমরা মোটেই কান্না থামাতে পারছি না ὢA আশা করি এই ভিডিও দেখার পর থেকে দেশবাসী বাংলাদেশ বদরুললীগ ὒ8ὒ8 এর সা… https://t.co/C8MhMYtqIS	Neutral
5398	RT @JasikaParvin: বেদনা আমার খুব প্রিয় আমি মনে করি সুখ আমার জন্য অতটা জরুরি নয়, কারণ সুখ তেমন কোনো প্রেরণা দেয় বলে আমি মনে করি না। জীব…	Neutral
5399	অামি জেনে শুনে বিষ করেছি পান,প্রেমের ওঅাশা ছেড়ে স্বপেছি প্রাণ,,,,	Negative
5400	পড়শিরে এখন এত বিশ্রী দেখা যায় যে বলার মত নাহ। একসময় অন্ধ ফ্যান ছিলাম মেয়েটার। আরেফিন রুমির সাথে গান গাওয়ার পর ভালোবাসা উবে গেছে আমার।	Negative
5401	তাবলীগকে ভাঙার অপচেষ্টা॥ অার্থিক দুর্নীতি ও রাজনীতিকরণের অভিযোগ http://t.co/30LJPdOTGY	Negative
5402	লাইফের সবচেয়ে খারাপ সময়ে আব্বুর সাপোর্ট টা পেয়ে আসছি।এত কিছুর পর ও তার সাপোর্ট টা পাচ্ছি। জানি তোমার আশা পূরন করতে পারবনা।ὢD — feeling sad	Neutral
5403	সম্পর্কের মধ্যে সরি  এই শব্দ টি অনেক কিছুর অর্থ বহন করে তাই নিজের ইগো কে সাইডে রেখে আপনার ভুল হলে সরি  বলুন।... https://t.co/qfUXVSMjnr	Positive
5404	@wyeasynzz ওকে যথেষ্ট হইছে, আমি এর পরে ঢাকা আসতেছি মে মাসের ২ তারিখে তোমার সাথে দেখে করব, তোমার বউ এর সাথে দেখা করব… https://t.co/rNm6VwjQap	Neutral
5405	RT @DrMafuzur: চিৰ চেনেহী মোৰ ভাষা জননী.... জয় আই অসম ৷৷৷ অসম খন সোনাৰ বাংলা হবলৈ কেতিয়াও নিদিওঁ || শংকৰ-আজান, লাচিত-বাঘ ৰ দেশ অসম ||…	Neutral
5406	জগতে প্রত্যেক টা প্রানীর ই বোধ হয় রাগ অভিমান আছে। এর মধ্যে খুব বেশি অনুভব করে মানুষ রাগ মানুষকে খুব কম ই সুখ দিতে… https://t.co/LZ8iDb2IDq	Neutral
5407	যিনা হারাম অত্যন্ত মন্দ কাজ আল্লাহ তাআলা যিনাকে হারাম ঘোষণা করে বলেছেন তোমরা যিনার কাছেও যাবে না কেননা তা অত্যন্ত নির্লজ্জ এবং খারাপ কাজ	Neutral
5408	RT @MDJihad28130200: হাত ভরতি বকুল। হয়তো কারো জন্যে তুলেছে। নয়তো বা নিজের জন্যই মালা গাথঁবে। আমি বকুল ফুল চাইলাম; সে মাথা নেড়ে বললো দে…	Neutral
5409	কেন জানি আর কাউকেই ভালো ভাবতে পারি না ! যাকেই ভালো ভাবি সেই কিছুদিন পর নিজের খারাপ দিক দেখাতে বা অন্য কারো কাছ... https://t.co/P99D8pmsPR	Negative
5410	যিনি বলেছিলেন উনো বষায় দুনো শীত উনি অবশ্যই ভুল বলেছিলেন। কারন এইবার আমাদের উত্north parts পুরো টাই প্লাবিত হয়েছিল এবং শী ত বেশি হচ্ছে	Neutral
5411	যদি কোনও দিন তুমি দুহাত দিয়ে ঝিনুক কুড়াও নেই আমিসেই অল্প ভাঙা গল্প গুলোয় কার সাথে  বলো শব্দ ছুঁড়ে ফিরবো...	Neutral
5412	উপকার করতে গেলে পিঠের চাল ও থাকে না ৷ তবে উপকার করে মজা পাই সেই দুপুর ১ টায় রুম থেকে বের হইছি দুপুরের খাওয়া নামাজ… https://t.co/hEvTWt55yY	Neutral
5413	RT @Mr_Saif1981: জিততে হলে #আফগান দলকে মাত্র ১৩৫ রান করতে হবে । #বাংলাদেশ দল আজও ব্যার্থ ॥ এই রানে আদৌ কি আফগানদেরকে আটকানো সম্ভব !!	Neutral
5414	তুমি বললে, দেখা কোনো কাজ নয়, লেখা কোনো কাজ নয়, ভাবা কোনো কাজ নয়, ভালোবাসা কোনো কাজ নয়, বসে থাকা কোনো কাজ নয়,... https://t.co/EOT2hm03RX	Neutral
5415	বাংলাদেশের চলচ্চিত্রে কাজ করার অভিজ্ঞতা বললেন কলকাতার নায়িকা শ্রাবন্তি উপস্থাপনায় : সারা ফ্যায়রুজ যাইমা (Sara Fairuz Zaima)	Positive
5416	যে মৃত্যুকে কেন্দ্র করে আবারো উত্তাল কাশ্মীর!	Negative
5417	সুইজারল্যান্ড, জার্মানি, কানাডার মতো দেশে, যেখানে শিক্ষকদের সর্বোচ্চ বেতন দেওয়া হয়, তারা কি ভুল করে? শিক্ষকদের ঠকিয়ে শিক্ষার উন্নতি করেছে, এমন কোনো দেশ নেই পৃথিবীতে।	Negative
5418	রাজধানীর কুড়িল বিশ্বরোড এলাকায় সকালে সড়ক দুর্ঘটনায় সহপাঠীর মৃত্যুর পর রাস্তা অবরোধ করে আছে শিক্ষার্থীরা। সেখান থেকে বিবিসি বাংলার ফেসবুক লাইভ। আমাদের সাথেই থাকুন।	Negative
5419	শুক্রবার রাত ২টায় চলচ্চিত্র শিল্পী সমিতির ফলাফল ঘোষণা করেন নির্বাচন কমিশনার ইলিয়াস কাঞ্চন।	Positive
5420	যেভাবে উদ্ধার করা হচ্ছে থাই গুহায় আটকে পড়া কিশোরদের	Negative
5421	ইসরায়েল বিশ্বের একমাত্র দেশ যেখানে একটি কিশোর সামরিক আদালতের মাধ্যমে আঠার বছর হয়নি এমন শিশুদেরও বিচার করা হয়	Negative
5422	কাউকে কিছু বললে ওই ভিডিও ফেসবুকে ছড়িয়ে দেওয়ার হুমকি দেন তিনি।	Negative
5423	আজ সোমবার সচিবালয়ে সমসাময়িক বিষয়ে আলাপকালে সাংবাদিকদের প্রশ্নের উত্তরে সড়ক পরিবহন ও সেতুমন্ত্রী বলেন...	Positive
5424	সাম্প্রতিক ঘটনাপ্রবাহ কি পার্বত্য অঞ্চলে নতুন করে অস্থিরতা তৈরি হবার ইঙ্গিত দিচ্ছে?	Positive
5425	ভারতে বিটিভির সম্প্রচার শুরু হতে যাচ্ছে। ভারতের রাষ্ট্রীয় টেলিভিশন  দুরদর্শনের ডিটিএইচ প্ল্যাটফর্ম -ডিডি ফ্রি ডিশ এর মাধ্যমে এই সম্প্রচার কার্যক্রম পরিচালনা করবে বিটিভি। প্রতিবেশী দেশ ভারতে বাংলাদেশ টেলিভিশনের এই সম্প্রচার কার্যক্রম চালু হওয়ার বিষয়টিকে কীভাবে দেখছেন আপনি? ছবি: বিটিভি	Positive
5426	প্রস্তুতি ছিলো ব্যাপক। উপস্থিত ছিলেন বাংলাদেশ, চীন ও মিয়ানমারের কর্মকর্তারা	Negative
5427	আইপিএল ও বিপিএলের দুটি ম্যাচকে কেন্দ্র করে সাকিবের বিরুদ্ধে অভিযোগ নিয়ে কাজ করছে আন্তর্জাতিক ক্রিকেট কাউন্সিল (আইসিসি)। এ নিয়ে করা তদন্তের শেষ পর্যায়ে আছে তারা।...	Negative
5428	বাংলাদেশে সার্বিক শিক্ষার মান এলাকার অন্য দেশগুলোর তুলনায় খারাপ স্বীকার করলেন শিক্ষা বিশেষজ্ঞ।	Positive
5429	লাক্স ক্যাফে লাইভে আজকের অতিথি অভিনয়শিল্পী আরফান আহমেদ উপস্থাপক: মৌসুমী মৌ (Mousumi Mou)	Positive
5430	এবার নির্বাচনে বড় চমক ছিলেন চিত্রনায়িকা মৌসুমী। কিন্তু মনোনয়ন দাখিলের সময় তিনি কাউকে পাশে পাননি। সেদিন অনেকটা কাঁদতে কাঁদতেই এফডিসি ছাড়েন মৌসুমী। https://www.prothomalo.com/entertainment/article/1621191	Positive
5431	ভারতে সিংহের গর্জন বাজিয়ে বন্য হাতি জঙ্গলে ফেরানোর অভিনব পদ্ধতি	Positive
5432	আগামীকাল বৃহস্পতিবার সেগুলো কুষ্টিয়া শহরের পিটিআই সড়কের বাড়িতে পৌঁছাবে এগুলো	Negative
5433	রাঙ্গামাটিতে কথিত বন্দুকযুদ্ধে নিহতের পরিচয় দেয়া হয়েছে ইউপিডিএফ-এর সদস্য সুমন চাকমা হিসাবে।	Negative
5434	মানতেই পারছেন না মোস্তাফিজ...	Negative
5435	ইসলামি চিন্তাবিদদের মতে রমজান মাস চালুর আগে আশুরার দিন রোজা পালন করা বাধ্যতামূলক ছিল...	Positive
5436	অনন্য দৃষ্টান্তের চুয়াডাঙ্গা হাসপাতাল	Positive
5437	উটের খামারের ব্যবসা...	Positive
5438	আবদুল্লাহ আবু সায়ীদের মন্তব্য নিয়ে কেন এতো বিতর্ক?	Positive
5439	আপনি কি এসি ব্যবহার করেন অথবা কেনার কথা ভাবছেন? তাহলে এই লেখা আপনার জন্য	Positive
5440	পরিবেশ দূষণ থেকে বাঁচাতে গিয়ে সাইকেল যখন জঞ্জাল!	Positive
5441	জেড পাথর খুবই দামী এক রত্ন। মিয়ানমারেই সবচেয়ে বেশি আছে এটি। জেড পাথরের এক খনিতে প্রতিদিন শত শত মানুষ মৃত্যুর ঝুঁকি নিয়ে এই জেড পাথর খুঁজে বেড়ান।	Negative
5442	জাতীয় পার্টির শীর্ষ নেতা রওশন এরশাদ এক সংবাদ সম্মেলনে, পুরনো নেতাদের আবার দলে ফেরার আহ্বান জানিয়েছেন। তরুণ প্রজন্মকেও দলে আসার আহ্বান জানান তিনি।	Positive
5443	কাশ্মীর নিয়ে অস্থিরতার মাঝে ভারতীয় প্রধানমন্ত্রী নরেন্দ্র মোদি সংযুক্ত আরব আমিরাতে গেলে সেখানে তাকে উষ্ণ সংবর্ধনা দেওয়া হয়েছে। শুধু তাই নয়, সেদেশের সর্বোচ্চ বেসামরিক সম্মাননা 'জায়েদ মেডাল'ও দেওয়া হয়েছে তাকে। এছাড়াও আবুধাবিকে নরেন্দ্র মোদির 'দ্বিতীয় বাসস্থান' হিসেবেও ঘোষণা করা হয়েছে। আরব বিশ্বের কাছে কাশ্মীরের চেয়ে ভারতের গুরুত্ব কেন বেশি?	Negative
5444	কাশ্মীরে নিরাপত্তা বাহিনীর কাঁদানে গ্যাসে মৃত্যুর অভিযোগ করে বিচারের আর্তি পরিবারের। 	Negative
5445	বিবিসি বাংলায় আজকের প্রবাহে যা থাকছে: রাশিয়ার পররাষ্ট্রমন্ত্রী সেরগেই লাভরভ বলেছেন, মস্কোর হাতে অকাট্য প্রমাণ রয়েছে যে সিরিয়ার দুমার কথিত রাসায়নিক অস্ত্র হামলার ঘটনা বিদেশী গোয়েন্দা সংস্থার সাহায্য নিয়ে সাজানো হয়েছিল। বাংলাদেশে নির্বাচনের বছরে সরকারি চাকরির কোটা বাতিলের সিদ্ধান্ত ক্ষমতাসীন আওয়ামী লীগকে কতটা ঝূঁকিতে ফেলতে পারে? শুনবেন এ নিয়ে প্রতিবেদন আরাকান রাজসভায় একসময় বাংলা ভাষা চর্চা কত গুরুত্ব ছিল ? থাকবে প্রতিবেদন। সিনেমায় ধর্ষণের দৃশ্য কি সমাজে নেতিবাচক প্রভাব ফেলতে পারে? শুনবেন এ নিয়ে বিশেষ রিপোর্ট আজ সন্ধ্যার বিবিসি বাংলার প্রবাহ রেডিও ও অনলাইনে শোনা যাবে। তা ছাড়াও অনুষ্ঠানটি দেখতে পাবেন ফেসবুকে লাইভ স্ট্রিমিংএ।	Positive
5446	গতকাল শুক্রবার তাঁদের এ হুমকি দেওয়া হয়	Negative
5447	বুধবার, ১৪ই নভেম্বরের প্রবাহে প্রধান প্রধান খবর - -বাংলাদেশে ঢাকার নয়াপল্টন এলাকায় বিরোধী দল বিএনপির নেতাকর্মীদের সাথে পুলিশের ব্যাপক সংঘর্ষ, গাড়িতে অগ্নিসংযোগ, ভাঙচুর। -অন্যদিকে ৩০শে ডিসেম্বরের নির্বাচন আরো পেছানোর দাবি নিয়ে বিএনপি সহ ঐক্যফ্রন্টের নেতারা দেখা করেছেন নির্বাচন কমিশনের সাথে। -নিবন্ধন-বিহীন ইসলামপন্থী দল জামায়াতে ইসলামী বিএনপির অন্যতম পুরোনো মিত্র দল এবং তারা আছে ২০ দলীয় জোটে। কিভাবে নির্বাচনের জন্য তৈরি হচ্ছে তারা। শুনবেন দলটির সেক্রেটারি জেনারেলের সাক্ষাতকার। -বাংলাদেশের কয়েকজন নারী ইতিমধ্যে তাদের যৌন হয়রানির শিকার অভিজ্ঞতা প্রকাশ করতে শুরু করলেও নারী অধিকার সংগঠনগুলো কি ব্যাপারটা এড়িয়ে যাবার চেষ্টা করছে। -জাতিসংঘের বিশ্ব খাদ্য কর্মসূচি সতর্কবাণী উচ্চারণ করেছে যে যুদ্ধ-সহিংসতার কারণে ইয়েমেনে এমন দুর্ভিক্ষ হতে পারে যা গত একশ বছরেও হয় নি।	Positive
5448	এই বোতাম চেপে পথচারীদের সড়ক পার হতে হবে...	Positive
5449	সংসদ নির্বাচন ২০১৮ নিয়ে বিবিসি বাংলার ফেসবুক লাইভ। নির্বাচনকে ঘিরে আজ সারাদিন ফেসবুক এবং bbcbangla.com ওয়েবসাইটে বিবিসি বাংলা থাকবে আপনাদের সাথে। চোখ রাখুন বিবিসি বাংলায়। #bdpolls2018 with Faisal Titumir Farhana Parvin	Positive
5450	সিলিন্ডারে পাউডার জাতীয় কিছু একটা ভরছিলেন ওই বেলুন বিক্রেতা। এর পরপরই হঠাৎ...	Negative
5451	আফগানিস্তানের কাছে হার কতোটা লজ্জার? ম্যাচ শেষের সংবাদ সম্মেলনে এমন প্রশ্নের জবাবে সাকিবের উত্তর একটুও লজ্জার না বরং কষ্টদায়ক!   	Positive
5452	নির্মাতা ও অভিনেতা হুমায়ুন সাধু আর নেই	Negative
5453	বিবিসি বাংলার প্রবাহ অনুষ্ঠানে আজ যা থাকছে: নিউজিল্যান্ডের ক্রাইস্টচার্চে দুটো মসজিদে সন্দেহভাজন এক চরমপন্থীর বন্দুক হামলায় ৪৯ জন নিহত হয়েছে। আহত হয়েছেন আরো অনেকে।নিউজিল্যান্ডের প্রধানমন্ত্রী বলছেন, দেশটির ইতিহাসে এটাই ভয়াবহতম সন্ত্রাসী হামলা। এতে তিনজন বাংলাদেশীও নিহত হয়েছেন। এ নিয়ে শুনবেন প্রত্যক্ষদর্শীদের বিবরণ। এই হামলা থেকে কীভাবে অল্পের জন্যে বেঁচে গেছেন বাংলাদেশ জাতীয় দলের ক্রিকেটাররা? থাকবে এ নিয়ে প্রতিবেদন। এ ঘটনার পর কি বাংলাদেশ জাতীয় ক্রিকেট দলের নিরাপত্তা নিয়ে নতুন করে চিন্তাভাবনার সময় এসেছে?  এই সন্ত্রাসী হামলা ও বাংলাদেশ ক্রিকেট দলের নিরাপত্তা নিয়ে শুনবেন একটি আলোচনা। সাথে থাকবে খবরের সবশেষ শিরোণাম	Negative
5454	পাকিস্তান 🇵🇰 : এক বছরে ইমরান খানের সরকার তাদের ৩৪টি প্রতিশ্রুতির মধ্যে মোটে তিনটি পূরণ করতে পেরেছে	Positive
5455	গ্রীনল্যান্ড কেনার জন্য যুক্তরাষ্ট্রের প্রস্তাবটি যেভাবে ডেনমার্ক প্রত্যাখ্যান করলো, তাতে ভীষণ ক্ষুব্ধ প্রেসিডেন্ট ট্রাম্প। রেগেমেগে তিনি এখন ডেনমার্ক সফরই বাতিল করে দিয়েছেন।	Positive
5456	প্রতিবছর শ্যামাপূজার পরদিন সকাল আটটার দিকে দুই পারের লোকজন সীমান্তে চলে আসেন। প্রায় এক কিলোমিটারজুড়ে কাঁটাতারের বেড়ার দুই পাশে বসে মিলনমেলা।	Negative
5457	‘মুক্তিদাতা থেকে স্বৈরশাসক’- রবার্ট মুগাবের জীবনাবসান	Negative
5458	নির্ধারিত ফুট ওভারব্রিজে না উঠে সড়ক দিয়ে রাস্তা পার হলেই রাজধানী ঢাকার কিছু স্থানে এক ঘণ্টার জন্য কাউন্সিলিং করানোর উদ্যোগ নিয়েছে ট্রাফিক পুলিশ। কেন এই কাউন্সিলিং -এর উদ্যোগ, কী শেখানো হচ্ছে সেখানে - এসব নিয়েই বনানী এলাকা থেকে বিবিসি বাংলার ফেসবুক লাইভ।  আপনার মূল্যবান মতামত বা প্রশ্ন জানাতে পারেন কমেন্ট অংশে। বিবিসি বাংলার সাথেই থাকুন	Positive
5459	২৪শে নভেম্বর শনিবারের প্রবাহের লাইভ স্ট্রিমিং। অনুষ্ঠানে যা যা থাকছে : -বাংলাদেশের আসন্ন নির্বাচনকে প্রভাবিত করতে সরকারের বেশ কিছু উচ্চপদস্থ কর্মকর্তা ঢাকায় গোপনে বৈঠক করে ষড়যন্ত্র করছেন বলে আজ অভিযোগ তুলেছে বিএনপি। তবে যেসব কর্মকর্তার নাম উল্লেখ করে তিনি এই অভিযোগ করেছেন, তাদের একজন এটিকে তাদের ব্যাচের কর্মকর্তাদের বৈঠক বলে উল্লেখ করে বলেছেন, এর সঙ্গে রাজনীতির কোন সম্পর্ক নেই। -বাংলাদেশের নির্বাচন কমিশন আজ জানিয়েছে , এবারের নির্বাচনে ছয়টি সংসদীয় আসনের সমস্ত কেন্দ্রের ভোট গ্রহণ করা হবে ইলেকট্রনিক ভোটিং মেশিন বা ইভিএমের মাধ্যমে। আজ নির্বাচন কমিশনে এ বৈঠকের পর কমিশনের কর্মকর্তারা একথা জানান। -ভারতের অযোধ্যা শহরে রামমন্দির নির্মাণের দাবি নিয়ে দুটি হিন্দুত্ববাদী সংগঠন - শিবসেনা আর বিশ্ব হিন্দু পরিষদ রবিবার যে পৃথক সমাবেশ ডেকেছে, তাতে কয়েক লক্ষ মানুষ হাজির হতে পারেন বলে মনে করা হচ্ছে। অযোধ্যা শহরকে নিরাপত্তার চাদরে মুড়ে ফেলা হয়েছে। -ফোন-ইনের বিষয়- বাংলাদেশে আসন্ন নির্বাচনে সবার জন্যে সমান সুযোগ তৈরি করতে পুলিশ বাহিনীকে নির্দেশ দিয়েছে নির্বাচন কমিশন। এবিষয়ে আপনার কতোখানি আস্থা আছে?	Positive
5460	যেভাবে সিংহ শাবক বেড়ে উঠেছে কুকুরের ভালোবাসায়!	Positive
5461	বিশ্বকাপের উদ্বোধনী ম্যাচের আগে ওভাল থেকে বিবিসি বাংলার ফেসবুক লাইভ। সাথেই থাকুন। মীর রায়হান মাসুদ Faisal Titumir	Positive
5462	"একজন রোহিঙ্গা বলছিলেন, ""আঁরা ন যাইয়ুম। তোয়ারা আরারে মারি হালাইলে মারি হালাও।"" স্থানীয়দের বক্তব্য, ""আমরা আগে যেখানে ক্ষেত খামার করে খেতাম, ওসব জায়গায় রোহিঙ্গাদের ঘর উঠছে। আমরা গরু-ছাগলও পালতে পারতেছি না। ক্ষেত-খামারও করতে পারতেছি না।"""	Negative
5463	ভ্যালেন্টাইন্স ডে বা বিশ্ব ভালবাসা দিবস নিয়ে ঢাকা বিশ্ববিদ্যালয় ক্যাম্পাস থেকে বিবিসি নিউজ বাংলার ফেসবুক লাইভ। সাথেই থাকুন	Positive
5464	আর ১দিন পরই জাতীয় সংসদ নির্বাচন। সারা দেশের মতো অপেক্ষায় চট্টগ্রামও। এখানকার তরুণ ভোটারদের ভাবনা কি সেটা আমরা জানার চেষ্টা করবো বিবিসি বাংলার ফেসবুক লাইভে চট্টগ্রামের পতেঙ্গা বিচ থেকে। আমাদের সাথেই থাকুনkin	Positive
5465	ওয়েস্ট ইন্ডিজ-বাংলাদেশ: সমীকরণ কী?	Positive
5466	৫৯ বছর বয়সে এসেও আমির হোসেন নবতর উদ্ভাবনে মত্ত। উদ্ভাবনেই যেন তাঁর অপার আনন্দ।	Positive
5467	সাগরের তলায় এখনও হারায়নি ডুবে যাওয়া টাইটেনিক জাহাজের ইতিহাস।	Positive
5468	পুলিশের ভয় দেখিয়ে আইনটি কার্যকর করা সমীচীন হবে না...	Negative
5469	আপনার পরিবারের কনিষ্ঠ সদস্য কে? তার সাথে সেলফি তুলে পাঠিয়ে দিতে পারেন বিবিসি বাংলার ফেসবুক মেসেঞ্জারে। সাথে লিখে পাঠান নিজের নাম-ঠিকানা, ছবি তোলার স্থান, ফোন নম্বর এবং ই-মেইল অ্যাড্রেস। বাছাইকৃত কয়েকটি ছবি/ভিডিও প্রচার করা হবে বিবিসি বাংলার টেলিভিশন অনুষ্ঠান বিবিসি প্রবাহে আগামী ৫ই সেপ্টেম্বর, বৃহস্পতিবার।  ছবি: GettyImages	Positive
5470	সংখ্যার এই মজার খেলাটি খেলে দেখুন।➕➖✖️➗ বাজি ধরে বলতে পারি, আপনি বিস্মিত হবেন	Positive
5471	তখনকার পরিস্থিতি বিবেচনা করে স্বরাষ্ট্র মন্ত্রণালয় সারা দেশে 'রেড অ্যালার্ট' জারি করেছিল	Negative
5472	নীল আকাশে সাদা মেঘের ভেলা নিয়ে প্রকৃতিতে হাজির হয়েছে শরত। ফুটতে শুরু করেছে ভাদ্রা, কাশফুলের মত নানান ফুল। এই শরতে আপনার তোলা ফুলের ভিডিও বা ছবি পাঠিয়ে দিন বিবিসি বাংলার ফেসবুক মেসেঞ্জারে। সাথে লিখে পাঠান নিজের নাম-ঠিকানা, ছবি তোলার স্থান, ফোন নম্বর এবং ই-মেইল অ্যাড্রেস।   বাছাইকৃত কয়েকটি ছবি/ভিডিও প্রচার করা হবে বিবিসি বাংলার টেলিভিশন অনুষ্ঠান বিবিসি প্রবাহে আগামী ২৯ শে আগষ্ট, বৃহষ্পতিবার।  ছবি: gettyimage	Positive
5473	হেমন্তের গোধুলীলগ্নে। ছবি: আনিস মাহমুদ	Positive
5474	আন্তর্জাতিক ক্রিকেট সংস্থা (আইসিসি) আজ বাংলাদেশের অধিনায়ক সাকিব আল হাসানকে সব ধরনের ক্রিকেট থেকে দুই বছরের জন্য নিষিদ্ধ করেছে। এর মাঝে থাকছে এক বছর স্থগিত নিষেধাজ্ঞা। আইসিসির দুর্নীতিবিরোধী নীতিমালার আইন লঙ্ঘনের অপরাধে সাকিবকে এ শাস্তি দিয়েছে আইসিসি। বাংলাদেশের টেস্ট ও টি-টোয়েন্টি অধিনায়ক অবশ্য এর দায় মেনে নিয়েছেন। আইসিসির দুর্নীতি দমন ইউনিটের কাছে তথ্য না জানানোয় এ শাস্তি পেয়েছেন সাকিব। ভবিষ্যতে একই ধরনের অপরাধ করলে এই স্থগিত নিষেধাজ্ঞা কার্যকর হবে। বিস্তারিত: https://www.prothomalo.com/sports/article/1621644	Negative
5475	এই নীতিমালার বাইরে গিয়ে সরকারি স্কুল-কলেজের শিক্ষকদের কেউ শিক্ষার্থীদের পড়াতে পারবেন না।	Positive
5476	উত্তরায় অফিস চলাকালে কর্মকর্তার মৃত্যুর পর আলোচনায় এখন বাংলাদেশের অফিসগুলোর প্রাথমিক চিকিৎসা সেবা সুবিধা।	Negative
5477	শুধু মাত্র জাত-বর্ণের পার্থক্যের জন্য জীবন-মৃত্যুর সন্ধিক্ষণে এই ক্যান্সার রোগী!	Negative
5478	কিলঘুষি দিয়ে নিয়ে যায় তাঁর সঙ্গে থাকা তিন লাখ টাকা...	Negative
5479	'একটি বিশ্ববিদ্যালয়ে ছাত্রলীগের ১২টি উপগ্রুপ থাকলে ওই বিশ্ববিদ্যালয়ের অবস্থা কতটা শোচনীয় হতে পারে, তা অনুমান করা কঠিন নয়...	Negative
5480	ফেসবুক লাইভে শিরিন খানম তাঁর মালিকানাধীন শিরিন মেডিকেল হল নিয়ে বিভিন্ন সমস্যার কথা তুলে ধরেন। তিনি অভিযোগ করেন, তাঁকে (শিরিন) তাঁর দোকান থেকে উৎখাতের ষড়যন্ত্র করছেন স্থানীয় কয়েক ব্যক্তি।...	Negative
5481	ব্রিটেনে যারা পড়তে যেতে চান, তাদের জন্য এটি হতে পারে দারুণ সুখবর 🇬🇧🎓	Positive
5482	জাতিসংঘ ঘোষিত বিশ্ব সাক্ষরতা দিবস ৮ই সেপ্টেম্বর। আপনার প্রাথমিক বিদ্যালয়ের অনেক স্মৃতি নিশ্চয়ই এখনও মনে আছে? আপনি যে বিদ্যালয়ে পড়েছেন সেটির বর্তমান অবস্থা কী?  সেই বিদ্যালয়ের ছবি বা ভিডিও পাঠিয়ে দিতে পারেন বিবিসি বাংলার ফেসবুক মেসেঞ্জারে।  সাথে লিখে পাঠান নিজের নাম-ঠিকানা, ছবি তোলার স্থান, ফোন নম্বর এবং ই-মেইল অ্যাড্রেস। বাছাইকৃত কয়েকটি ছবি/ভিডিও প্রচার করা হবে বিবিসি বাংলার টেলিভিশন অনুষ্ঠান বিবিসি প্রবাহে আগামী ৯ই সেপ্টেম্বর , সোমবার।  ছবি: GettyImages	Positive
5483	আজ ১৪ই জানুয়ারি, সোমবারের প্রবাহে যা থাকছে... বাংলাদেশে মজুরি নিয়ে পোশাক শিল্প শ্রমিকদের সঙ্গে সমঝোতার পর আজও শ্রমিকরা বিক্ষোভ অব্যাহত রেখেছে। সংশোধিত মজুরি কাঠামোতে তাদের আপত্তি কোথায়? নতুন সরকার গঠিত হওয়ার পর এক সপ্তাহ ধরে এই বিক্ষোভ চলছে। পোশাক খাত বাংলাদেশের অর্থনীতির সবচেয়ে গুরুত্বপূর্ণ খাত।এই টানা অসন্তোষ নিয়ে কতটা চিন্তিত সরকার? শুনবেন প্রতিমন্ত্রী মুন্নুজান সুফিয়ানের সাক্ষাৎকার। সিরিয়া থেকে মার্কিন সৈন্য প্রত্যাহারের পর তুরস্ক যদি কুর্দীদের ওপর কোন হামলা চালায়, তাহলে তুরস্ককে অর্থনৈতিকভাবে ধ্বংস করে দেয়ার হুমকি দিয়েছিলেন প্রেসিডেন্ট ট্রাম্প। এর জবাবে ক্রুদ্ধ প্রতিক্রিয়া জানিয়েছে তুরস্ক। বাংলাদেশের যশোর জেলার একটি গ্রাম বিখ্যাত হয়ে উঠেছে ফুল চাষের কারণে। এই গ্রামের ফুল সারাদেশ তো বটেই, যাচ্ছে বিদেশেও। কিন্তু এই গ্রামটি কি করে সাধারণ ধান পাটের বদলে, ফুলের রাজ্যে পরিণত হলো? সাথে থাকবে খবরের সর্বশেষ শিরোনাম	Positive
5484	একসময় বাংলাদেশের রাজনীতিতে মূল চালিকা শক্তি হলেও, এখন সেই ভুমিকা কতটা রাখতে পারছে রাজনৈতিক ছাত্র সংগঠনগুলো? শিক্ষার্থীদের স্বার্থ নিয়েই বা কতটা কাজ করছে তারা? এবিষয়ে এখনই জানান আপনার মতামত। বাছাইকৃত কিছু মন্তব্য প্রচার করা হবে বিবিসি প্রবাহে আজ রাত ৯:৩৫ এ চ্যানেল আইতে।	Positive
5485	বিশ্ব ইতিহাসের সবচেয়ে প্রভাবশালী পাঁচ নারী, যারা বিবিসির ওয়ার্ল্ড হিস্ট্রি ম্যাগাজিনের পাঠকদের ভোটে নির্বাচিত হয়েছেন	Positive
5486	সম্প্রতি খাগড়াছড়িতে সেনাসদস্যদের সঙ্গে গোলাগুলিতে পাহাড়ি সংগঠন ইউপিডিএফের তিনজন সদস্য নিহত হয়েছে।পাহাড়ে চারটি আঞ্চলিক সংগঠন থাকলেও সহিংসতা-সংঘর্ষের ঘটনায় প্রায়ই উঠে আসে ইউপিডিএফের নাম। এ সংগঠনটির উত্থান নিয়ে প্রতিবেদন দেখতে চোখ রাখুন বিবিসি প্রবাহে, আজ রাত ৯টা ৩৫ মিনিটে চ্যানেল আই-তে। এ বিষয়ে আপনার মতামত জানান এখনই। আপনাদের পাঠানো মন্তব্যের মধ্যে বাছাইকৃত কয়েকটি মন্তব্য প্রচার করা হবে আমাদের আজকের অনুষ্ঠানে।	Negative
5487	এসব ‘রাঘব–বোয়াল’ যাতে দেশ ছেড়ে পালাতে না পারেন তাঁদের বিদেশযাত্রায় নিষেধাজ্ঞা দেওয়া হচ্ছে	Positive
5488	পুরান ঢাকার ঐতিহ্যবাহী সাকরাইন উৎসব! আর সেখান থেকেই নানান রংয়ের ঘুড়ির সাথে বিবিসি বাংলার ফেসবুক লাইভ	Positive
5489	অনেকেই ইলিশ কেনা নিয়ে খানিকটা দ্বিধা দ্বন্দ্বে থাকেন, সঠিক ইলিশ কিনছি তো?	Positive
5490	নাসা'র নতুন একটা কর্মসূচি 'আর্টেমিস'- যেটার উদ্দেশ্য প্রথমবারের মতো কোন নারীক চাঁদের বুকে পাঠানো #NASA #Artemis	Positive
5491	হার্ভার্ড বিশ্ববিদ্যালয়ে পড়ার স্কলারশিপ পেলেও বন্ধুর সোশাল মিডিয়া পোস্টের জন্য মার্কিন ভিসা বাতিল হয়েছে এক ফিলিস্তিনী তরুণের....	Negative
5492	লাক্স ক্যাফে লাইভে আজকের অতিথি নিপুণ উপস্থাপক: উপস্থাপক: সারা ফ্যায়রুজ যাইমা (Sara Fairuz Zaima)	Positive
5493	আওয়ামী লীগের তৃণমূল থেকেও বাদ পড়ছেন বিতর্কিতরা	Positive
5494	রাজধানীতে পৃথক ঘটনায় দুজনের ঝুলন্ত লাশ উদ্ধার করা হয়েছে। আজ সোমবার সবুজবাগ ও যাত্রাবাড়ীতে এ ঘটনা ঘটে। সবুজবাগ থেকে উদ্ধার হওয়া লাশ রেহেনা খাতুন (২৩) নামের এক তরুণীর। তিনি সাতক্ষীরা সদর উপজেলার শিয়ালডাঙ্গা গ্রামের মৃত রফিকুল ইসলামের মেয়ে।	Negative
5495	ভারত-শাসীত কাশ্মীরে সরকারি অবরোধের মুখে সুযোগ পেলেই বিক্ষোভ দেখাচ্ছেন মানুষজন...	Positive
5496	বিবিসি বাংলায় আজকের প্রধান খবর চীনা টেলিকম জায়ান্ট হুয়াওয়ে যুক্তরাষ্ট্রের বিরুদ্ধে যে মামলা করেছে, তাকে সমর্থন করেছে চীনা সরকার। সারা বিশ্বে আজ উদযাপন করা হচ্ছে বিশ্ব নারী দিবস। বাংলাদেশে নারী-পুরুষের সমতা প্রতিষ্ঠার ক্ষেত্রে মূল বাধা কোথায়? শুনবেন এ নিয়ে প্রতিবেদন, আর বিশেষ রিপোর্ট। পাকিস্তানে উগ্রপন্থী জঙ্গি সংগঠনগুলোর বিরুদ্ধে গত ক’দিনের অভিযানে বহু মাদ্রাসা-স্কুল-প্রতিষ্ঠান বন্ধ করে দেয়া হয়েছে, বেশ কয়েকটির নিয়ন্ত্রণ নিয়ে নিয়েছে সরকার। শত শত লোককে গ্রেফতার করা হয়েছে। কি ঘটছে সেখানে, শুনবেন করাচি থেকে। সাথে থাকবে খবরের সবশেষ শিরোনাম। এসব নিয়েই বিবিসি বাংলার আজকের প্রবাহ। শোনা যাবে রেডিও আর অনলাইনে, আর ফেসবুকে বিবিসি বাংলার পাতায় দেখতে পাবেন অনুষ্ঠানের লাইভ স্ট্রিমিং।	Positive
5497	শনিবার রাতে ঢাকায় একটি পুলিশ বক্সের সামনে ওই বোমা হামলায় অন্তত দুইজন পুলিশ সদস্য আহত হয়েছেন, যাদের একজন স্থানীয় সরকারমন্ত্রীর প্রটোকলের সদস্য।	Positive
5498	মৃত ভেবে  নাসিমা ফেরদৌসিকে লাশের ট্রাকেও তোলা হয়েছিল। সেখান থেকে বেঁচে ফিরেছেন তিনি	Negative
5499	আপনার অফিসে কি ফার্স্ট এইড বক্স আছে? আপনি কি 'সিপিআর' সম্পর্কে জানেন? 🚑🚑	Negative
5500	বিবিসি বাংলার প্রবাহ অনুষ্ঠানে আজকের প্রধান খবর পুরোনো ঢাকার চকবাজারে ভয়াবহ অগ্নিকান্ডের তিনদিন পর ঐ এলাকায় গিয়ে প্রধানমন্ত্রী শেখ হাসিনা বলেছেন, ওই এলাকা থেকে বিপ্জ্জনক রাসায়নিক গুদাম স্থানান্তরের পরিকল্পনা বাস্তবায়ন করা যায়নি ব্যবসায়ীদের আপত্তির কারণেই। ঘিঞ্জি রাস্তাঘাট, গায়ে-গায়ে লাগানো বহু পুরনো বাড়ি এবং অস্বাভাবিক ঘনবসতি না বদলালে পুরোনো ঢাকার বাসিন্দাদের নিরাপদ রাখা কি সম্ভব? থাকবে এ নিয়ে বিশ্লেষণ। ভারতের উত্তরপূর্বাঞ্চলীয় রাজ্য আসামে বিষাক্ত মদ পান করে অন্তত ৭০ জন মারা গেছে। হাসপাতালে ভর্তি রয়েছেন আরও অন্তত শ’দুয়েক নারী-পুরুষ। বাংলাদেশে হঠাৎ কোরিয়ান ভাষা শেখার এত ধুম পড়েছে কেন? শুনবেন এ নিয়ে প্রতিবেদন। সাথে থাকবে খবরের সর্বশেষ শিরোনাম।  এসব নিয়ে বিবিসি বাংলার আজকের প্রবাহ। শুনবেন রেডিও আর অনলাইনে, আর ফেসবুকে বিবিসি বাংলার পাতায় দেখা যাবে সরাসরি লাইভ স্ট্রিমিং।	Positive
5501	পরপর কয়েকটি দু:খজনক ঘটনা অ্যান্ডি পাডিকোম্বের জীবন সম্পূর্ণভাবে বদলে দেয়	Positive
5502	বিবিসি বাংলার রেডিও অনুষ্ঠানের লাইভ স্ট্রিমিং-এ আজ যা থাকছে: * ব্রেক্সিটকে কেন্দ্র করে ব্রিটিশ প্রধানমন্ত্রী টেরিজা মে’কে পদত্যাগ করার জন্য তীব্র চাপ সৃষ্টি করছেন তারই মন্ত্রিসভার কিছু সদস্য। * বাস থেকে ধাক্কা মেরে ফেলে দেয়ায় এক বিশ্ববিদ্যালয় ছাত্রের মৃত্যুকে কেন্দ্র করে সিলেটে মানববন্ধন। * গণপরিবহন যারা চালান, লাইসেন্স পাওয়ার ক্ষেত্রে তাদের আচরণও কি একটি বিচার্য বিষয় হতে পারে? শুনবেন এ নিয়ে বিশেষজ্ঞের সাক্ষাৎকার। * স্বর্ণ আমদানির জন্য লাইসেন্স পাওয়ার আবেদনপত্র বিতরণ শুরু করেছে বাংলাদেশ ব্যাংক। * বাংলাদেশের সুপরিচিত গায়িকা শাহনাজ রহমতুল্লাহ মারা গেছেন, শুনবেন তাকে নিয়েও প্রতিবেদন। * আরো থাকবে খবরের সবশেষ শিরোনাম ধন্যবাদ।	Positive
5503	রোহিঙ্গাদের প্রতি আন্তর্জাতিক সম্প্রদায়ের মনোযোগ কমছে...	Positive
5504	কিশোর জামিরের লক্ষ্য হচ্ছে দক্ষিণ আফ্রিকার সেরা গাড়ি 'স্পিনার' হওয়া।	Positive
5505	ক্যারিয়ারের শেষ ম্যাচে ৪ রানের আক্ষেপ কি কখনো যাবে?  ১৯০৮ সালের এই দিনেই জন্মেছিলেন তিনি। শুভ জন্মদিন ক্রিকেট ইতিহাসের সর্বকালের সেরা ব্যাটসম্যান ডোনাল্ড জর্জ ব্রাডম্যান।	Positive
5506	বিবিসি বাংলায় আজকের প্রধান খবর ব্রিটিশ প্রধানমন্ত্রী টেরিজা মে’র করা ব্রেক্সিট চুক্তি দ্বিতীয়বারের মতো সংসদে প্রত্যাখাত হওয়ার পর, ব্রেক্সিট আদৌ হবে কিনা তা নিয়েই অনিশ্চয়তা তৈরি হয়েছে। বাংলাদেশে দীর্ঘ ২৮ বছর পরে ঢাকা বিশ্ববিদ্যালয ছাত্র সংসদ বা ডাকসুর নির্বাচন হলেও, সেই নির্বাচন টিকবে কিনা - তা নিয়ে অনিশ্চয়তা তৈরি হয়েছে। এবারের ডাকসু নির্বাচনে অরাজনৈতিক প্রার্থীদের সাফল্য অনেকেকেই বিস্মিত করেছে। অরাজনৈতিক এবং স্বতন্ত্র প্রার্থীদের নজিরবিহীন এই সাফল্যের কারণ কি ? শুনবেন বিশ্লেষণ। সাথে থাকবে খবরের সবশেষ শিরোনাম। এসব নিয়েই বিবিসি বাংলার প্রবাহ। শুনতে পাবেন রেডিও আর অনলাইনে, আর ফেসবুকে বিবিসি বাংলার পাতায় দেখা যাবে লাইভ স্ট্রিমিং।	Positive
5507	আপনার পরিবারের সবচেয়ে ছোট সদস্য কে? তার সাথে কোন ছবি বা সেলফি তুলে পাঠিয়ে দিতে পারেন বিবিসি বাংলার ফেসবুক মেসেঞ্জারে। সাথে লিখে পাঠান নিজের নাম-ঠিকানা, ছবি তোলার স্থান, ফোন নম্বর এবং ই-মেইল অ্যাড্রেস। বাছাইকৃত কয়েকটি ছবি/ভিডিও প্রচার করা হবে বিবিসি বাংলার টেলিভিশন অনুষ্ঠান বিবিসি প্রবাহে আগামী ৫ই সেপ্টেম্বর, বৃহস্পতিবার।  ছবি: GettyImages	Positive
5508	গ্যাং সদস্যদের মধ্যে অনেক নামীদামী স্কুলের শিক্ষার্থী, ধনী ও শিক্ষিত পরিবারের সন্তানরাও জড়িয়ে পড়েছে। অথচ সন্তানদের এসব কর্মকাণ্ডের ব্যাপারে অভিভাবকদের কোন ধারণাই নেই	Negative
5509	ছয় বছর আগে পাঁচ পরাশক্তির সঙ্গে পরমাণু  চুক্তির পরে আশা করা হয়েছিল যে, বাংলাদেশের সঙ্গে ইরানের সম্পর্ক আরো বাড়বে।	Positive
5510	ভারত-পাকিস্তান ম্যাচ: ম্যানচেস্টার থেকে সরাসরি	Positive
5511	লাক্স ক্যাফে লাইভে আজকের অতিথি বিপ্লব সাহা এবং নুজহাত খান  উপস্থাপক: সারা ফ্যায়রুজ যাইমা (Sara Fairuz Zaima)	Positive
5512	আজ শনিবার সকাল ৯টার দিকে আগুন লাগে	Negative
5513	এক সামরিক গবেষণায় দেখানো হয় কীভাবে মার্কিন সেনারা বেশিরভাগই ভয়ে ঐ যুদ্ধে গুলি ছোঁড়েনি।	Positive
5514	নিজেদের ন্যায্য দাবিতে এই প্রথম এক ছাতার নিচে বাংলাদেশের এত ক্রিকেটার। যা দেশের ক্রিকেটে থাকবে ঐতিহাসিক এক ঘটনা হয়ে।	Positive
5515	আজ ২রা ফেব্রুয়ারি, শনিবারের প্রবাহে যা থাকছে... যুক্তরাষ্ট্রের পর রাশিয়াও এখন নিজেদেরকে পরমাণু অস্ত্র রোধের এক চুক্তি থেকে নিজেদেরকে প্রত্যাহার করে নিয়েছে। এর ফলে কি নতুন করে অস্ত্র প্রতিযোগিতা শুরু হয়ে যেতে পারে? বাংলাদেশে গলায় চিরকুট ঝোলানো অবস্থায় ধর্ষণের মামলায় অভিযুক্ত ব্যক্তিদের মরদেহ পাওয়ার ঘটনায় উদ্বেগ প্রকাশ করছেন মানবাধিকার কর্মীরা। কী বলছে পুলিশ? ভারতের মোট জনসংখ্যার ১৪ শতাংশেরও বেশি মুসলমান। কিন্তু চাকরি পাওয়ার ক্ষেত্রে তাদের সংখ্যা একেবারেই নগণ্য। এর পেছনে কারণ কী? শুনবেন ফোন ইন। বিষয়: ৩০ ডিসেম্বরের নির্বাচনে নির্বাচিত বিরোধী দুই রাজনীতিক সংসদে যেতে চাইছেন, কিন্তু তাদের দল গণফোরাম নিষেধ করছে। তাদের কি সংসদে যাওয়া উচিৎ? আপনারা কী মনে করেন? সাথে থাকবে খবরের সর্বশেষ শিরোনাম	Positive
5516	আগামিকাল সন্ধ্যায় বিবিসি বাংলার রেডিও অনুষ্ঠানে ফোন-ইনের বিষয়: বাংলাদেশে জেলা প্রশাসকসহ মাঠ পর্যায়ের কর্মকর্তাদের পদে দায়িত্ব পালন করতে হলে স্ত্রী বা স্বামী এবং সন্তানসহ কর্মস্থলে বসবাস বাধ্যতাতামূলক করা হচ্ছে। সরকার বলছে, মাঠ পর্যায়ের প্রশাসনকে আরও গতিশীল করতে তারা এমন সিদ্ধান্ত নিয়েছেন। এ বিষয়ে আপনার কি মত? এই ফোন-ইনে অংশ নিতে চাইলে এসএমএস পাঠাতে হবে ০১৭১৪ ১১৫৫৭৮ এই নম্বরে। অনুষ্ঠানের আগে আমরাই আপনাদের সঙ্গে যোগাযোগ করবো।	Positive
5517	'বিনা দোষে তাঁকে তিন বছর জেল খাটতে হয়েছে। এর জন্য কোনো ক্ষতিপূরণ তিনি পাননি...	Negative
5518	রাজবাড়ীর গোয়ালন্দ উপজেলার দৌলতদিয়ার ৩ নম্বর ফেরিঘাট গতকাল রোববার বিকেল পর্যন্ত চালু হয়নি। বর্তমানে ...	Negative
5519	বুধবার ১৩ই ফেব্রুয়ারির প্রবাহে যা যা থাকছে - -বাংলাদেশের পঞ্চগড়ে আহমদীয়া মুসলিম জামাতের বার্ষিক জলসা বন্ধ করার দাবিকে কেন্দ্র করে ধর্মভিত্তিক কয়েকটি সংগঠন তাদের বাড়ি-ঘরে যে হামলা চালিয়েছে, সে ব্যাপারে স্থানীয় প্রশাসন একটি তদন্ত কমিটি গঠন করেছে। আহমদিয়া মুসলিম জামাতের ২২শে ফেব্রুয়ারি থেকে জলসার অনুমতিও বাতিল করা হয়েছে। -পরিবেশ অধিদপ্তর ঢাকার আশেপাশে গড়ে ওঠা এক শ্রেণির ইটের ভাটা বন্ধ করে দিতে শুরু করেছে। কর্মকর্তারা বলছেন, ঢাকা বা অন্যান্য বড় শহরগুলোর তীব্র বায়ু দূষণের শতকরা ৫৮ ভাগ দূষণ ঘটে থাকে এসব ইটের ভাটার কারণে। -বাংলাদেশে বেসরকারি এফএম রেডিও স্টেশনের বাণিজ্যিক সম্প্রচারের প্রায় এক যুগ পেরিয়ে গেছে। এই দীর্ঘ যাত্রায় তারা বিনোদনমূলক অনুষ্ঠানে যতটা গ্রহণযোগ্যতা সৃষ্টি করতে পেরেছে। সংবাদের ক্ষেত্রে তা পারেনি কেন? -থাইল্যান্ডের রাজপরিবারের এক সদস্য দেশের প্রধানমন্ত্রী পদে নির্বাচন করার আকাঙ্ক্ষা প্রকাশ করার পর নির্বাচন কমিশন তার দলটিকেই বাতিল করে দেয়ার সুপারিশ করেছে। -সাথে থাকবে খবরের সর্বশেষ শিরোনাম ।	Positive
5520	১৬ই ফেব্রুয়ারি শনিবারের প্রবাহেে যা যা থাকছে- -নাইজেরিয়ার প্রেসিডেন্ট নির্বাচনে ভোট গ্রহণের মাত্র কয়েক ঘণ্টা আগে নির্বাচন কমিশন এক সপ্তাহের জন্য নির্বাচন স্থগিত করেছে। -বাংলাদেশের কক্সবাজারের মিয়ানমার সীমান্তবর্তী শহর টেকনাফে আজ সরকারের স্বরাষ্ট্রমন্ত্রী এবং পুলিশের আইজির সামনে আত্মসমর্পণ করেছেন শতাধিক কথিত মাদক ব্যবসায়ী। -বাংলাদেশে জামায়াতে ইসলামীর একজন গুরুত্বপূর্ণ নেতা ব্যারিস্টার আব্দুর রাজ্জাক দল থেকে পদত্যাগের পর বিবিসিকে দেয়া সাক্ষাৎকারে বলেছেন, ১৯৭১ এর স্বাধীনতা যুদ্ধের সময়কার ভূমিকার জন্য দলের ক্ষমা চাওয়া উচিৎ। সঙ্কট থেকে জামায়াতের বেরিয়ে আসার পথ কি এটাই? বিশ্লেষণ শুনবেন -ভারত শাসিত কাশ্মীরের পুলওয়ামায় জঙ্গি হামলায় ৪০ জনেরও বেশী কেন্দ্রীয় নিরাপত্তা রক্ষী নিহত হওয়ার পরে পাকিস্তানকে কূটনৈতিক, সামরিক বা অর্থনৈতিকভাবে প্রত্যাঘাতের কথা উঠছে। কিন্তু ভারত আসলে কী করতে পারে? -জামায়াতে ইসলামির অন্যতম সহকারী সেক্রেটারি জেনারেল ব্যারিস্টার আব্দুর রাজ্জাক দল থেকে পদত্যাগ করেছেন। তিনি বলছেন, ১৯৭১ এর মুক্তিযুদ্ধের সময়কার ভূমিকার জন্য জামায়াতের ক্ষমা চাওয়া উচিৎ, এবং বর্তমান দলটিকে বিলুপ্ত করে ইসলামী মূল্যবোধের ভিত্তিতে একটি নতুন গণতান্ত্রিক দল গঠন এখন সময়ের দাবি। এ ব্যাপারে আপনার মতামত কি?এ নিয়েই হবে শনিবারের ফোন-ইন। সাথে থাকবে খবরের সর্বশেষ শিরোনাম।	Positive
5521	আসামে নাগরিকত্বের তালিকায় পুরো পরিবারের মধ্যে একমাত্র বাদ পড়েছেন গৌহাটির গৃহবধূ জমিরন পারভিন।  জানার পর থেকে গভীর অনিশ্চয়তায় চোখে অন্ধকার দেখছেন বরপেটায় জন্ম নেওয়া এই নারী।	Negative
5522	আমরা প্রথমে একে অপরকে লেখা শুরু করলাম শুধু বন্ধু হিসেবে। তারপর এটা বন্ধুর চেয়ে বেশি কিছু হয়ে গেল।	Positive
5523	‘বাংলাদেশে ছেলে শিশুর ওপর যৌন নির্যাতনের ঘটনা বেশ পুরানো হলেও, নারী ও শিশু নির্যাতনের ঘটনা যতটা গুরুত্ব পায়, ছেলেশিশু ধর্ষণের ঘটনা ততটা গুরুত্ব পায় না। এ ধরণের ঘটনায় কতটা আইনি সুরক্ষা পাচ্ছে ছেলেশিশুরা?  এ নিয়ে প্রতিবেদন দেখতে চোখ রাখুন বিবিসি প্রবাহে, আজ রাত ৯টা ৩৫ মিনিটে চ্যানেল আই-তে। এ বিষয়ে আপনার মতামত জানান এখনই। বাছাইকৃত কয়েকটি মন্তব্য প্রচার করা হবে আমাদের আজকের অনুষ্ঠানে। বিবিসি বাংলার সাথেই থাকুন। #bbcbangla	Negative
5524	লাক্স ক্যাফে লাইভে আজকের অতিথি সংগীতশিল্পী সুস্মিতা আনিস উপস্থাপক: মৌসুমী মৌ	Positive
5525	আবিরন বিদেশ গিয়েছিলেন বোনদের পড়াশোনা ও পরিবারের খরচ জোগাতে। আবিরনের চোখে ছিল অনেক স্বপ্ন। বিদেশ থেকে তাঁর পাঠানো টাকায় পরিবারের সদস্যদের মুখে হাসি ফোটাতে চেয়েছিলেন।...	Negative
5526	'মামলা করার এক মাসের মাথায় সম্প্রতি ঢাকার মুখ্য মহানগর হাকিম আদালতে অভিযোগপত্র জমা দেওয়া হয়। আদালত সূত্র বলছে...	Positive
5527	ভিডিও:  ভারতের  নোবেল পুরষ্কার বিজয়ীর স্থাপিত স্কুল কীভাবে বদলে দিচ্ছে দরিদ্র শিশুদের জীবন?	Positive
5528	তবে কিছু একটা যে ঘটেছে, তার ইঙ্গিত প্রেসিডেন্ট ডোনাল্ড ট্রাম্পের একটি টুইটে পাওয়া গেছে...	Positive
5529	স্ট্রোকের লক্ষণ কীভাবে বুঝবেন....	Positive
5530	সম্প্রতি দুই ব্যবসায়ীর কাছে মুঠোফোনে তাঁরা চাঁদা দাবি করেন। টাকা না পেয়ে একজনের বাসায় আগুন লাগিয়ে দেন।...	Negative
5531	বাদুড়ের মতো দেখতে একটি রোবট যেটা বিপজ্জনক জায়গায় যেতে পারে	Positive
5532	টেলিফোনে যোগাযোগের মাধ্যমে বাংলাদেশের অন্তত ৪০জন শিল্পীর সঙ্গে প্রতারণা করেছেন এক ব্যক্তি, কীভাবে ঘটলো এটি?	Positive
5533	আহত তিনজনকে ফরিদপুর মেডিকেল কলেজ হাসপাতালে স্থানান্তর...	Negative
5534	বাংলাদেশের শিশু ও নারী নির্যাতন দমন আইন থেকে ধর্ষিত ছেলেরা কেন বঞ্চিত?	Negative
5535	মূলত অ্যানথ্রাক্স আক্রান্ত পশুর মাংস কাটার সময় মানুষের মধ্যে অ্যানথ্রাক্স ছড়ানোর সম্ভাবনা সবচেয়ে বেশি থাকে।	Negative
5536	ঔষধ শিল্পের সাথে সংশ্লিষ্ট কয়েকজন বলেছেন, বাংলাদেশে যৌন উত্তেজক ঔষধের চাহিদা ক্রমাগত বৃদ্ধি পাচ্ছে	Positive
5537	আগে পশ্চিমবঙ্গের বাসিন্দা ছিলেন, অথচ এখন আসামে থাকেন কিন্তু সেখানকার এনআরসি-তে নাম ওঠে নি - এরকম বহু মানুষ রোজ ভীড় করছেন কলকাতার রাজ্য লেখ্যাগার বা স্টেট আর্কাইভসে 👇👇👇	Negative
5538	'হাটু গেড়ে বসে প্রেম নিবেদন করার ভঙ্গিতে সাকিব আল হাসানকে ফুল দিতে চান তরুণ'	Positive
5539	ইউএস ওপেনে ক্যারিয়ারের শততম ম্যাচ জিতেছেন সেরেনা উইলিয়ামস। মহিলাদের এককের কোয়ার্টার ফাইনালে চীনের ওয়াং কিয়াংকে হারিয়ে সেমিফাইনাল নিশ্চিত করেছেন তিনি।  অন্যদিকে ইউএস ওপেনের কোয়ার্টার ফাইনাল থেকেই ছিটকে গেছেন রজার ফেদেরার। তাকে হারিয়ে গ্রিগর দিমিত্রিভ উঠেছেন সেমিফাইনালে।    ছবি: GettyImages	Positive
5540	এই বছরের মে মাস পর্যন্ত প্রায় ২৩৩টি শিশু ধর্ষণের শিকার হয়েছে, যার মধ্যে ৬টি ছেলে শিশু।	Negative
5541	শেষ ম্যাচে ব্যাটিং ব্যর্থতায় বাজে হার দেখতে হয়েছে সালমা খাতুনের দলকে...	Positive
5542	লাক্স ক্যাফে লাইভে আজকের অতিথি সন্দীপন ( Sandipan Sandy)  উপস্থাপক: সারা ফ্যায়রুজ যাইমা (Sara Fairuz Zaima)	Positive
5543	যখন ছেলেটা বাড়িতে আইলো তখন কেমন জানি করতেছিলো। চুপচাপ ছিলো। কিন্তু ওর প্যান্টের পিছনে রক্ত দেখে সন্দেহ হয়	Negative
5544	তার অভিনীত প্রথম সিনেমা 'কেয়ামত থেকে কেয়ামত' সিনেমার শেষ দৃশ্যের মতো তার জীবনের রথও থেমে গিয়েছিল সেই শুক্রবারে..	Negative
5545	৪ নভেম্বর প্রথম আলোর ২১তম প্রতিষ্ঠাবার্ষিকী উপলক্ষে অধুনার মনের বাক্স নিয়ে বিশেষ আয়োজন করার ঘোষণায় বিপুলসংখ্যক পাঠক সাড়া দিয়েছেন। পাঠকের চিঠিতে ভরে গেছে আমাদের লেটার বক্স, ই–মেইল আর ফেসবুকের ইনবক্স। সেখান থেকে বাছাই করা কিছু চিঠি থাকল আজ অধুনার বিশেষ আয়োজনে...	Positive
5546	অনেকেই মনে করেন আপনার ফোনের কথাবার্তা প্রযুক্তি সংস্থাগুলো শুনতে পারে। ব্যাপারটা কি তাই?	Positive
5547	চুল পড়ে যাচ্ছে? বিশেষজ্ঞরা বলছেন, এর পেছনে বৈজ্ঞানিক কারণ রয়েছে, তবে অতিরিক্ত চুল পড়া ঠেকানোর উপায়ও আছে ...	Positive
5548	ভিডিওটি যদি না দেখে থাকেন: ক্লোনের মাধ্যমে 'পুনর্জন্ম' হলো পোষা বিড়ালের	Positive
5549	বাংলাদেশ রোহিঙ্গাদের এখনো পর্যন্ত অনেক ভালোভাবে দেখাশুনা করেছে। কিন্তু তাদেরকে ভবিষ্যতে এভাবে রাখা সম্ভব হবে না, বিবিসিকে পররাষ্ট্র মন্ত্রী এ কে আব্দুল মোমেন	Positive
5550	বাংলাদেশে আশ্রয় নেয়া রোহিঙ্গারা কি শরণার্থী? কতটা অধিকার আছে তাদের?	Positive
5551	 রাফায়েল নাদালের সামনে এখন কেবল রজার ফেদেরার। তিনি কি পারবেন ফেদেরারকে টপকে টেনিস ইতিহাসে সবচেয়ে বেশিবার পুরুষ এককে গ্র্যান্ডস্লাম জিততে?  	Positive
5552	ডেঙ্গুর লার্ভা থাকায় যেমন সিটি কর্পোরেশন জরিমানা করছে তেমনি ডেঙ্গু জ্বরে আক্রান্ত হলে ক্ষতিপূরণের সুযোগ আছে কি?	Positive
5553	ডেঙ্গু নিয়ন্ত্রণে ব্যর্থতার অভিযোগ কতটা মানছে সিটি কর্পোরেশন সহ স্থানীয় সরকার প্রতিষ্ঠানগুলো	Negative
5554	বিশেষ সংবাদSpecial news	Positive
5555	ঢাকায় পুলিশের ওপর একাধিক হামলা, কাশ্মীরে ভয়াবহ নির্যাতনের অভিযোগ, আসাম পরিস্থিতি সহ সাম্প্রতিক ইস্যু নিয়ে বিবিসি বাংলার টেলিভিশন অনুষ্ঠান - বিবিসি প্রবাহ (২৪৯ পর্ব) দেখুন  👇 👇 👇	Positive
5556	এলাকাবাসীরা দুর্গন্ধের অভিযোগ করার পর এসব মরদেহ পাওয়া যায়। বেশিরভাগই কেটে টুকরো টুকরো  করে ১১৯টি কালো ব্যাগে লুকিয়ে রাখা হয়েছিল।	Negative
5557	বিবিসি প্রবাহে আজ থাকছে, নেপাল বিমান দুর্ঘটনার দুই সপ্তাহ পর নিরাপত্তা বিধানের ক্ষেত্রে বাংলাদেশের বিমান চলাচল সংস্থাগুলো কি কোনও পরিবর্তন এনেছে?	Positive
5558	শিল্পী নিকোলা  বিশ্বাস করেন- শিল্প ধ্বংস হয় না, বরং আকার বদলায় মাত্র	Positive
5559	লাক্স ক্যাফে লাইভে আজকের অতিথি সংগীতশিল্পী লিলি ইসলাম উপস্থাপক: শেখ সাইফুর রহমান	Positive
5560	ইউপিডিএফ নামের এই সংগঠনটি কিভাবে পার্বত্য এলাকায় এতো শক্তিশালী হয়ে উঠলো? সংগঠনটি নিয়ে বিতর্ক কেন?	Negative
5561	নতুন আমি বিভাগে ছবি ছাপা হওয়ার পর জীবনে অনেকখানি পরিবর্তন চলে আসে কানিজ ফাতেমার। ‘আমার বিয়েটা তো বলতে গেলে নকশাই দিয়ে দিয়েছে’, হাসতে হাসতে বললেন তিনি। কীভাবে? গল্পটা তাহলে আরেকটু আগে থেকে শুরু করতে হয়।...	Positive
5562	উনিশশো অষ্টাশি সালে তৈমুরকে তার মা, বোন এবং আরও অনেকের সাথে একটি গর্তে ফেলে গুলি করেছিল সাদ্দাম হোসেনের বাহিনী। কিন্তু তিনি বেঁচে গিয়েছিলেন...	Negative
5563	'যানবাহনের খরচ বাড়লে ভাড়াও বাড়বে'	Negative
5564	আপনি জানেন কি - কতগুলো সরকারি সংস্থা ও মন্ত্রণালয়ের অ্যাপ এখন গুগল অ্যাপ স্টোরে আছে? 🤔 🤔	Positive
5565	হোলি আর্টজানের ৩ হামলাকারী সরবরাহ করেছিলেন জাহাঙ্গীর... হোলি আর্টিজানে হামলার মামলার সাক্ষ্য গ্রহণ শুরু হয়েছে। এই মামলায় আজ সোমবার রাষ্ট্রপক্ষের সাক্ষী পুলিশের উপপরিদর্শক (এসআই ) রিপন কুমার দাস সাক্ষ্য দেন। রাষ্ট্রপক্ষ যে ১১১ জন সাক্ষীর কথা উল্লেখ করেছে, রিপন এর মধ্যে প্রথম। বিস্তারিত: https://www.prothomalo.com/bangladesh/article/1568114	Negative
5566	বাংলাদেশে পালিয়ে আসা হিন্দু রোহিঙ্গাদের প্রত্যাবাসন প্রক্রিয়া এগিয়ে নিতে উদ্যোগ নিচ্ছে বলে জানা যাচ্ছে 👇 👇 👇	Negative
5567	বিভিন্ন গবেষণালব্ধ পর্যালোচনায় প্রমাণিত যে, ঘনিষ্ঠ সঙ্গীর দ্বারা যৌন সহিংসতা, ভাইরাস সংক্রমণ এবং পরোক্ষভাবে ঝুঁকিপূর্ণ যৌন আচরণের প্রবণতা বাড়িয়ে দেয়	Negative
5568	পুরুষদের চেয়ে নারীরা বেশি ঠাণ্ডা অনুভব করে থাকেন।কারণ...	Positive
5569	এবার কি বিপিএল নিয়ে সঙ্কট কাটবে?	Positive
5570	আপনার ফোনের কথাবার্তা প্রযুক্তি সংস্থাগুলো কি শুনতে পারে? বিজ্ঞাপনদাতারা কীভাবে জানে আপনি কি চান?	Positive
5571	সংসদ ও সংসদের বাইরে কতটা ভূমিকা রাখতে পারছে বিএনপি?  👇	Positive
5572	ব্রেক্সিট: যা যা করতে পারেন বরিস জনসন 🇬🇧	Positive
5573	আজ বিশ্বজুড়ে পালিত হচ্ছে ইন্টারন্যাশনাল ডে অফ উইমেন অ্যান্ড গার্লস ইন সায়েন্স। বিজ্ঞান ও প্রযুক্তি ক্ষেত্রে মেয়েদের এগিয়ে নিয়ে যেতে জাতিসংঘ এই দিনটি পালন করে থাকে। বাংলাদেশে এই সেক্টরে কেমন করছে মেয়েরা। তাদের সমস্যা ও সম্ভবনা জানতে বিবিসি বাংলার ফেসবুক লাইভ। আপনার যে কোন প্রশ্ন বা মতামত জানাতে পারেন নিচে মন্তব্য করে। বিবিসি বাংলার সাথেই থাকুন।	Positive
5574	একে একে বেরিয়ে আসছে আশ্চর্য সব তথ্য	Negative
5575	সৌদি যুবরাজের সঙ্গে লিন্ডসের সম্পর্ক যা	Positive
5576	যানজটকে ঢাকার অন্যতম বড় সমস্যা বলে মনে করা হয়	Positive
5577	এ পর্যন্ত কম খেলোয়াড়কে তো নিষেধাজ্ঞা দেওয়া হলো না। জুয়াড়িদের দৌরাত্ম্য তাতে কমছে না। এরপর কার নাম যুক্ত হবে জুয়াড়িদের ফাঁদের তালিকায়?	Negative
5578	আজ বিশ্বের অনেক দেশেই পালিত হচ্ছে কুকুর দিবস। 🐕 🐶  #DogDay	Positive
5579	খবরটি যদি না দেখে থাকেন....	Negative
5580	''আপনারা অনেকে ভাবছেন শেষ হয়ে গেছে, আমি বিশ্বাস করি না''-আফগান বিপর্যয়ের পর নাজমুল হাসান।	Positive
5581	অ্যাপলের নতুন আইফোনে কী থাকছে? আইফোন ১১ আর ১১ প্রো নিয়ে যে অভিযোগ উঠছে-	Positive
5582	সাম্প্রতিক দশকগুলোতে বিশ্বব্যাপী মানুষ মশার কামড় ঠেকানোর বিভিন্ন উপায় বের করেছে 🦟🦟	Positive
5583	আসামের জাতীয় নাগরিক পঞ্জীতে ১৯ লক্ষ মানুষের নাম বাদ পড়ার পর পশ্চিমবঙ্গের আর্কাইভসে মানুষের ভিড়...	Negative
5584	ফ্রাঁন্সের সেই শক্তী-ধর রাজা লুই-কেত্রোজ ( রাজা - ১৪ ), যিনি দাবী করতেন সূর্যের সাথে কথা বলেন সেই সূর্য-রাজার-ও কোন বংশধরের সংবাদ ? নাই !	Negative
5585	৯৯% রাই ভুল করে এবার আপনাদের পালা!!! #আইকিউ_টেস্ট ! পারলে উত্তর দিন ২ + ২ = ৪ ৩ + ৩ = ১০ ৪ + ৪ = ১৮ ৫ + ৫ = ২৮ ৬ + ৬ = ৪০ ৯ + ৯ = ??	Neutral
5586	ঢাকা শহরের হাফ ভাগ মানুষ বাকি আড়াই ভাগ অমানুষ, চোর, বাটপার, জোচ্চোর আর নোংরা খাচ্চর ! . পৃথিবীর আর অন্য কোন দেশে এ… https://t.co/6FXb4Uvtyk	Negative
5587	ছোট বেলায় দেখেছি চোর কে গলায় জুতার মালা পড়িয়ে গ্রাম গুরাইতে, আর এখন দেখতছি চোরকে ফুলের মালা দিয়ে সংবর্ধনা দিতে ! ফেক্ট: বিডি রাজনীতি	Negative
5588	..ভাব যদি কোথায় সে ঘাসের আশ্রয়ে চলে গেল - ভালোবেসে, ঘৃণা পেয়ে; এই ব্যথা ভয়ে জেগে থাক যদি তুমি অন্ধকারে- সেজো নাকো ব্যথার রেবেকা;	Neutral
5589	Ὁ4সুখে থাকার অভিনয় টা সবার সাথে করা গেলও নিজের সাথে করা যায় না, আমরা মুখে বলি সুখে আছি কিন্তু সুখ নামক পাখিটা যে,… https://t.co/pfMlN1cOVF	Neutral
5590	রাজশাহীর বাঘায় ছাত্র ও যুবকদের স্টাইলিশ চুল কাটাসহ দাঁড়ি-গোফ রঙ না করার বিষয়ে সেলুন মালিকদের সতর্ক করে দিয়েছে পুলিশ। এছাড়াও আরো কয়েকটি জেলায় প্রশাসনের এমন নির্দেশনা সম্প্রতি দেখা গিয়েছে। এ ধরনের বিষয়ে রাষ্ট্রের কি কোন হস্তক্ষেপ থাকা উচিত বলে আপনি মনে করেন?   ছবি: GettyImages	Positive
5591	RT @Masudkh93061284: ★ এক বুক দুঃখ কষ্ট নিয়ে বুঝি পৃথিবী থেকে বিদায় নিতে হবে ? ভালো কোন কিছুই করতে পারিনাই ? না পেরেছি মহান স্রষ্টার হুকু…	Neutral
5592	আজ আমরা নন্দন ফিল্ম ফেস্টিভ্যাল এ 4 pm থেকে 8 pm অবধি থাকবো সব্বাই এসো।call করে নিও 8336006006 8013008008 8013040506 — feeling ব্যাপক মজা	Neutral
5593	এক জন বাবা মা কে খুশি করার মত কিছু স্বপ্ন ,,আজ হাসিল করলাম, , যে খানে বাবা খুশিতে আত্মহারা ? যে খানে Chiromix ভিতরে… https://t.co/TQcLb5JGBF	Neutral
5594	রাসূল ﷺ ইরশাদ করেছেন, যদি তোমাদের কেউ কোন মন্দ কাজ হতে দেখে, তখন সে তা হাত দিয়ে বাঁধা দিবে, যদি সে এতে সক্ষম না হ… https://t.co/5xalpdC7Rj	Neutral
5595	তুলমু। ২। সকালের রান্না খারাপ হইলে মুখের উপরে ছুইড়া মারমু ৩। অফিসে যাওয়ার আগে সব কিছু ঠিক ঠাক না পেলে থাব্বর একটি কষে দিমু ৪। আমাকে না	Negative
5596	like মানুষ না বোঝে যদি আরেক মানুষ আমি আহত হবো না, আহত হবো না। কবিতার কসম খেলাম আমি শোধ নেবো সুদে ও আসলে, এবার নিহত… https://t.co/1aU9dq6Dsy	Negative
5597	@Omarn25 @forhadmessi এ বাজে কথা বলেন কেন, আমি দুস্টুমি করি তাই মজা করছি, আপনারা যদি ভির্তক বোদ করেন ওকে আমি চলে যাবো মেন্সন থেকে	Neutral
5598	আমি জেগে রই একা.. সাথে জাগে রাত.. জাগে কুহেলিকা.. আমি হাঁটি, হাঁটে মোর ছায়া.. আমি চেয়ে দেখি ভুল সব মায়া ... . . (somewhereinblog)	Neutral
5599	ভুল করো না, চিনির জায়গায় লবণ ভেবে। সে যদি আসলেই তোমায় চায়, তোমার সাথেই সে থাকবে, সহজ হিসাব। ( Milk and Honey Book প্রি-অর্ডার চলছে! )	Positive
5600	RT @sanjida_iqbal: আজ রাত সারা রাত জেগে থাকব দু’চোখের ইশারাতে কাছে ডাকব লাজ যদি ভেঙে যায় দুষ্টুমিতে ভালবাসা তারে আমি বলব।। আজ রাত সারা রা…	Neutral
5601	জয় বাংলা। &lt;3 আজ আমি কোন দলের হয়ে বলবনা যে আওয়ামী লিগে ভোট দিন, বা বিএনপিকে ভোট দিন। আমি বলব আজ আপনাদের দিন, আপ… https://t.co/sgu3xRCOAB	Neutral
5602	RT @Mr_Saif1981: এই সেই স্বপ্নের ট্রফি । গতবার এর কাছে গিয়েও অল্পের জন্য ট্রফি থেকে বঞ্চিত হতে হলো আমাদের প্রিয় দলকে । অংশগ্রহণকারী ৩২ টি…	Neutral
5603	সুবোধ অার না অার না ঘুরে দাঁড়া এইবার মার খেয়ে চোখে মুখে কেনো তোর লজ্জা? ভয় ভীতি ভুল সব হত্যা শৃঙ্খল ঐ কাঁপে থর… https://t.co/PEApXFJC1p	Positive
5604	'১৯৭১ সালের প্রশাসনিক দলিল থেকেই রাজাকারদের তালিকা তৈরি হচ্ছে'	Positive
5605	কোন ধরণের পেশায় মানুষ সবচেয়ে বেশি কর্মক্ষম থাকে?	Positive
5606	RT @subhra_babu: বহুদিন পরে এলে সেই , নিলে হাত দুটো কাছে। শহর মেতেছে উচ্ছাসে আর আলো ফোটে গাছে গাছে। ঠোঁটে ঠোঁট রেখে বলো প্লিজ , ভালোবাসা…	Neutral
5607	@nusratjahanjeni আপনি খুব ভাল লেখেন অসাধারণ লেখেন আর এখন তো বই মেলা চলে একটা বই বের করার ইচ্ছা আছে থাকলে বের করে দেন ভাল চলবে	Neutral
5608	কেন? এর উত্তর পাওয়ার জন্য ধৈর্য্য ধরতে হয় ... কারো কিছু বলতে হয় না ... সময় সব বলে দেয় ... সময় সব বলে দিবে !… https://t.co/Y9KkvEhHxo	Neutral
5609	বাংলাদেশে থাকা রোহিঙ্গাদের প্রতি আন্তর্জাতিক সম্প্রদায়ের মনোযোগ কমছে...	Positive
5610	Your account is block !!!!ὣ1 টুইটার আমাকে কি জিজ্ঞাস করে গো? আমি নাকি রোবট ? ὣ1ὡC ওর হতা শুনি আইও হইদ্দে, নাম্বার ভেরি… https://t.co/rRp5rAIthG	Neutral
5611	যখন অনেক অনেক ভালোবাসা আর আস্থা জমা করার পর বুঝতে পারেন যে পাত্রটা ছিলো ভুল তখন নিজের উপর খুব ঘেন্না হয়। এই ঘেন্নাটাই ভয়ানক আত্মঘাতী ।	Negative
5612	RT @Hema579: মানুষ ক্ষন খারাপ হয় না মানুষের অভ্যাস খারাপ হয়, চেষ্টা করবেন সব সময় নিজের অভ্যাস টিক রাখতে, আমরা সব সময় ভালো কাজ করি কিন্…	Positive
5613	ব্রাহ্মণ্যবাদী সমাজ ভারত কে মা বলে ভারত ভেঙে ভাগ করল, নদী কে মা বলে নদী কে নালার থেকেও নোংরা করলো এখন নারীকে মা বলে… https://t.co/EHacEWvKCv	Negative
5614	১. ২০৩০ সালে বাংলাদেশ হবে বিশ্ব অর্থনীতির – ২৬ তম দেশে ( HSBC) ২. বাংলাদেশ বিশ্বের ২৩ তম অর্থনীতির দেশ হবে – ২০৫০ সালে ( সিপিডি)	Positive
5615	সংগীত শিল্পি এবং গীতিকার  সাব্বির হোসেন  এর( ভুল ভেবে ) গানটিতে । কন্ঠ দিলেন । এ সময়ের তরুণী  রাইসা  !!! https://t.co/O1TykvVlPz	Neutral
5616	RT @MiaziArif: খালেদা জিয়ার মুক্তি ও শেখ হাসিনার পতন একসঙ্গে হবে: বিএনপি মন্তব্য: বিশ্বাস হয় না কিন্তু আশা করতেই হচ্ছে কারন এ ছাড়া বিক…	Neutral
5617	@MdKochirChy ঐইইই এইখানে দজ্জাল এর কি হলোὢ0ὢ0ὢ0ὢ0ὢ0ὢ0ὢ0ὢ0 আমি কষ্ট করে তার জন্য রান্না করবো সে খারাপ হোক বা ভালো হোক খেয়ে প্রশংসা করা উচিত ὠD	Neutral
5618	এই অ্যাপগুলো আপনি ব্যবহার করেছেন কখনো?	Positive
5619	কারো কেন কিছু দেখলে তার পেছনে হামলে পড়ে, অথচ নিজে কি করে এই বয়েসে অনৈতিক সম্পরকে, অবৈধ কাজ করে যাচছে, অন্যের দিকে তো তাকানোই উচিত নয়।	Negative
5620	বাংলাদেশ নারী ক্রিকেট টিমের ব্যাটিং লাইন আপ প্রথম ম্যাচের প্রথম দিনে ভালো লাগে নি।আশা রাখি ২য় ম্যাচে সঠিক লাইন আপ পাব, সেই সাথে ভালো ফলাফল।	Neutral
5621	দলের আধিপত্য নিশ্চিত করলেন গুন্দোয়ান...	Positive
5622	✔ অবহেলা! লেখকঃ- মেজর আশ্রাফুল | - আজ আমি অন্ধ বলে আমাকে তোর সাথে নিতে খারাপ লাগতেছে তাইনা আপু ? - জায়া প্লিজ... https://t.co/f4BhgD9x4K	Neutral
5623	বিবিসি বাংলায় এখনকার প্রধান খবর গাজার ওপর ইসরায়েলি বিমান হামলা এবং ইসরায়েলের বিরুদ্ধে ফিলিস্তিনিদের রকেট হামলা অব্যাহত রয়েছে, যদিও এর আগে দু’পক্ষের মধ্যে যুদ্ধবিরতির খবর পাওয়া যাচ্ছিল। বাংলাদেশে আজ পালিত হচ্ছে স্বাধীনতা দিবস। এবার স্বাধীনতার ৪৮ তম বার্ষিকী উদযাপন করা হচ্ছে এমন এক সময়ে, যখন দেশটিতে গণতন্ত্র, মানবাধিকার, এবং বাকস্বাধীনতার অবস্থা নিয়ে গুরুতর সব প্রশ্ন উঠছে। শুনবেন এ নিয়ে প্রতিবেদন। বাংলাদেশে ব্যাংকের ঋণ খেলাপিদের জন্যে সরকার বেশ কিছু নতুন সুবিধার ঘোষণা দিয়েছে গতকাল। থাকবে এ প্রসঙ্গও। সাথে থাকবে খবরের সবশেষ শিরোনাম। এসব নিয়েই বিবিসি বাংলার আজকের প্রবাহ। শোনা যাবে রেডিও আর অনলাইনে, আর ফেসবুকে বিবিসি বাংলার পাতায় দেখা যাবে লাইভ স্ট্রিমিং	Positive
5624	শরৎ এর রুপ যে এত সুন্দর তা আগে জানতাম না । আপনারা সময় পাইলে ঘুরেযেতে পারেন । শরৎ এর রুপ ἳEἳ4 ব্রহ্মপুত্র চিলমারী Br… https://t.co/iDZaiad7js	Neutral
5625	মন খারাপ করা চিঠি . কবরের পাশে লিখে দিও, আমি মেধাবী ছিলাম না। আমি মেধাবী নই আবার কোটাধারী ও নই। তবে কি আমি? এ প্র… https://t.co/3K0fQiQvMd	Negative
5626	জীবনটা অনেক কঠিন ὡE যখন দেখি মানুষ ডাষ্টবিন থেকে খাবার খুজে তখন নিজের কাছে খুব খারাপ লাগে , মন চায় তাকে কিছুটা যদি… https://t.co/4FeUFm5ZLz	Neutral
5627	সঠিক কথা , ভুল কে ভুল বলা , চোখে আঙ্গুল দিয়ে দেখানো ভুল আজকের দিনে উচিত কথা বলা যাবেনা , তালে ডিমোশন, এটাই রাজনী… https://t.co/kKKghhxRGz	Negative
5628	আরে এইগুলার কোনো মানে হয়? সকাল সকাল মেজাজ টাই খারাপ করে দিছেὢ1 কি স্পিড... ১০-১২ কেবিপিএস ὢ4 চোর পালানোর রাস্তা না আটকায়ে চোর আটকাও ὡ0	Neutral
5629	ঢাকা পৌঁছানোর আগে জ্যাম না থাকলে কি আর ঢাকা হয়⁉ আরও যদি হয় শুক্রবারের ভোর/সকাল তাহলে তো আবশ্যিক.. হ্যালো জাতীয় হিমু উৎসব- ২০১৮ ὤC	Negative
5630	তোমরা বলছো অবাধ্য জীবনের আট আনা ই ফাঁকি!! ষোল আনা থেকে যদি আট আনা যায়, হিসেব দাঁড়ায় সেই আট আনা তেই। এই আট আনা দিয়েই আমরা খুশী।	Positive
5631	বিবিসি বাংলার রেডিও অনুষ্ঠানের ফেসবুক লাইভে আজ যা থাকছে: * নাসা সূর্যের রহস্য ভেদের লক্ষ্য নিয়ে পার্কার সোলার প্রোব নামে একটি কৃত্রিম উপগ্রহ সফলভাবে উৎক্ষেপণ করেছে। কী কাজ করবে এই প্রোব?  * ঢাকায় সম্প্রতি বাস চাপায় দুজন শিক্ষার্থী যেখানে নিহত হয়েছে সেখানে আজ একটি আন্ডারপাসের ভিত্তিপ্রস্তর স্থাপন করেছেন প্রধানমন্ত্রী শেখ হাসিনা। কিন্তু অনেক বিশেষজ্ঞ বলছেন, অধিকাংশ ফুটওভার ব্রীজই যথাযথ স্থানে হয়নি বলে পথচারীদের মধ্যে এগুলো ব্যবহারে অনীহা রয়েছে। আছে নিরাপত্তার সমস্যাও। এনিয়ে থাকবে বিস্তারিত।  * ভারতের এক এমপি সম্প্রতি হিটলারের পোশাক সংসদে গিয়েছিলেন। অন্য যে কোন দেশে হলে এ নিয়ে শোরগোল পড়ে যেত। ভারতে হিটলার কেন এত প্রিয়? থাকবে সেই ব্যাখ্যা। * খেলার খবরসহ থাকছে অন্যান্য প্রসঙ্গ।	Positive
5632	চলছে ইলিশের মৌসুম। বাজারে এখন প্রচুর ইলিশ মাছ। অনেকের বাড়িতেই রান্না হচ্ছে ইলিশের নানা পদ। ইলিশ মাছের কোন পদটি আপনার সবচেয়ে পছন্দের?  ভিডিও পাঠিয়ে দিন বিবিসি বাংলার ফেসবুক মেসেঞ্জারে।সাথে লিখে পাঠান নিজের নাম-ঠিকানা, ছবি তোলার স্থান, ফোন নম্বর এবং ই-মেইল অ্যাড্রেস। বাছাইকৃত কয়েকটি ছবি/ভিডিও প্রচার করা হবে বিবিসি বাংলার টেলিভিশন অনুষ্ঠান বিবিসি প্রবাহে।	Positive
5633	কীভাবে নথি যোগাড় করবেন তা নিয়ে উদ্বেগ প্রকাশ করেছেন কলকাতার লেখক, শিল্পীরা	Negative
5634	RT @KeyaSultana3: এই হার টা মেনে নিতে একটু কষ্ট হচ্ছে তবে ব্যাপার না খেলায় তো হার জিত থাকবেইὡ2 আগামীর জন্য শুভ কামনা #BRAὠA আর অভিনন্দন #B…	Positive
5635	RT @Brishtiputro: ১ম চিঠি ১ম চুম্বন ১ম হাত ধরা ১ম আলিঙ্গন ১ম কান্না ১ম আনন্দ ১ম দীর্ঘশ্বাস ১ম উল্লাস ১ম বুঝতে পারা জীবনের মানে ১ম চিনতে…	Neutral
5636	আগে সব যায়গায় মজার কোন পোষ্ট পেলে ফটো কমেন্ট করতাম । এখন মনে হয় সব যায়গায় নিজের সিভি টা আপ্লোড করে দেই । কেউ য… https://t.co/N1ySE0hXqr	Neutral
5637	ওলামায়ে কেরামের কাজ শুধু ওয়াজ করা নয় ; শাসন করা , উপদেশ নয় ; আদেশ করা , নিন্দা নয়; প্রতিহত করা ৷ এসব করতে রাজ… https://t.co/xc4cMloldY	Positive
5638	কোটা সংস্কার করতে হবে, তা না হলে হাজার হাজার বেকার বাংলাদেশ এ বৃদ্ধি পাচ্ছে, আর এই বেকার নিয়ে আ দেশের সরকার কি কর… https://t.co/gteBopgDb5	Neutral
5639	RT @HotSonai: #কন্ডম যখন কিনবে তখন কিপ্টেমি করা ছাড় অবশ্যই থিন আর ডট ওয়ালা কন্ডম কিনতে হবে। ডিটের জন্য আমার মজা লাগবে । কনডমের গায়ে থা…	Neutral
5640	কাউকে যদি সঠিক পথ দেখানোর পরও সে, সেই সঠিক পথ এর তোয়াক্কা না করে তাকে তার ভুল পথের দিকে একদাপ এগিয়ে দেওয়াই হলো উত্তম।	Neutral
5641	মামা হইসি চাচা ও হইসি এখন শুধু বাকি বাপ হওয়া ;)	Neutral
5642	আমরা এমন এক কম্পিউটার প্রযুক্তির চূড়ায় পৌঁছে গেছি, যা যুক্তি অমান্য করে, কল্পনাকেও হার মানায়	Positive
5643	এখন ই সময় বাংলাদেশ গর্জে ওঠো, আর হটাও সালাউদ্দিনকে। মেক ইট ভাইরাল । আর কিছু কর আর না করো এটাকে ভাইরাল করো, দেশের জন্যে গর্জে ওঠো আরেকবার।	Positive
5644	ভারতের নামী কোম্পানি আইটিসির লাক্সারি চকলেট ফ্যাবেল ব্র্যান্ড নতুন এই চকলেট নিয়ে এসেছে	Positive
5645	কি জমানায় আইলাম মেয়েদের কাপড় খারাপ থাকে মাসে 5/6 দিন ছেলেদের কাপড় খারাপ থাকে মাসের 30 দিন ই নামাজ এর কথা বললেই কাপড় এ সমস্যা।	Negative
5646	দু-ইঞ্চি রোদ তোমার ঠোঁটের কাছে, ভুলেছি মোহ, ভুল হয়েছে পাছে..! আমার বৃষ্টিরা কী তোমায় ছাড়া বাঁচে? ফিরতে চাই... ফেরার কী আর কোনও পথ আছে?	Neutral
5647	কিছু কিছু মানুষ আছে , তারা মনে করে খারাপ কাজ গুলো করলেই হয়তো মানুষের মন জয় কারা যায় । ভালো কাজ , ভালো গুনাবলী… https://t.co/6CUANFvTgn	Neutral
5648	তুমি কাঁদলেই ফুল ঝরে যায় ঝরে যায় সব সুখ তুমি হাঁসলেই নদী বয়ে যায় ভুলে যাই সব দুঃখ তুমি আসলে পৃথিবী আমার ভরে যা… https://t.co/D8aq3CWUBM	Neutral
5649	****** হিজাবের নামে ভন্ডামী ****** থ্রি কোয়াটার বোরখা, সাথে স্কিন টাইট চিপা প্যান্ট তাও আবার টাখনুর অনেকটা...	Negative
5650	@bbcbangla লাভ নাই ভাই এটা বাংলাদেশ এখানে তেলের দামে ঘি বিক্রি হয়। শেখ হাসিনা যা বলবে তাই মানতে হবে সে যেই হোক না কেন।	Negative
5651	★জোর করে কাউকে আটকে রাখা যায় না তবে আজ আর সুখী হতে চাই না, →দুঃখকে আকড়ে ধরতে শিখেছি দুঃখকে আকড়ে ধরে না হয় বাকি… https://t.co/3veOKP4F2T	Negative
5652	৩ বছর পর বন্ধু Neloy সাথে দেখা হয়ে যে মজা নিচি আগামী ৩ বছর দেখা না হলেও হপ্পে ὠ7ὠ7 ! অস্থির কিছু সময়, মস্তিষ্কের.… https://t.co/en1urYqQAY	Neutral
5653	RT @daffodils_15: আপনার সময় কি খুব খারাপ যাচ্ছে ? উত্তাল উদ্ধত পথে নিজেকে একা মনে করছেন? ভাববেন না। রাজ পাখি ঈগল আকাশে একাই উড়ে। দ…	Positive
5654	বিবিসি বাংলায় এখনকার প্রধান খবর: সিরিয়ায় আইএসের পাঁচ বছর ব্যাপী খিলাফতের পতন ঘটেছে। কুর্দি বাহিনী এসডিএফ আইএসের শেষ ঘাঁটিতে নিজেদের পতাকা উড়িয়েছে। বাংলাদেশে সড়কে নৈরাজ্য বন্ধে আরও এক সরকারি কমিটি ১১১ দফা সুপারিশ দিয়েছে। কিন্ত এসব সুপারিশের বাস্তবায়ন কত বড় চ্যালেঞ্জ? ভারতের দুর্নীতি তদন্তের লোকপাল হিসেবে দায়িত্ব নিয়েছেন একজন বাঙালী- যার নাম পিনাকীচন্দ্র ঘোষ। থাকছে লাইভ ফোন-ইন, আপনাদের মতামতের অনুষ্ঠান। এসব নিয়েই বিবিসি বাংলায় আজকের প্রবাহ। শোনা যাবে রেডিও আর অনলাইনে, আর বিবিসি বাংলার ফেসবুকে পাতায় দেখতে পাবেন লাইভ স্ট্রিমিং	Positive
5655	শিক্ষক দের নিরপেক্ষ থাকা উচিত । পরের কাছে বুদ্ধি বন্দক রেখে দালালি বা চামচা গিরি করা উচিত নয় । এতে ছাত্র দের কাছে… https://t.co/2ebPMhzWnC	Neutral
5656	ঘুম রঙের উপহার অপেক্ষা কত আর জোনাকিদের পোশাকে কথা গুলো আজ আবার দিয়ে যাও না আজ আবার দিয়ে যাও না আজ আবার.. গানটি অ… https://t.co/Yu7BZkSlXx	Neutral
5657	ধরেন আপনি জানেন, আপনিই অন্য একজন মানুষের খারাপ থাকার একমাত্র কারন, আপনার তখন কি করা … — আমি ছোট মানুষ এসব বুঝি নাὡ2 https://t.co/eLk6plNb3N	Neutral
5658	ভিডিও: ক্লোনের মাধ্যমে জন্ম হলো পোষা বিড়ালের... 🐈 🐱	Positive
5659	কয়েক দিন ধরে দেখছি আমার সাথে গুলুগুলু করার জন্য অনেকে উঠে পড়েছ । আমি কখন না বললাম আমি করব না । আগেই তো বলেছি মা… https://t.co/GQ0csesVCI	Neutral
5660	৪ বছরের শিশুটির সুস্থতার ব্যাপারে কোনও আশাই দিতে পারছেন না চিকিৎসকেরা 😨 😨 😨	Negative
5661	@SarwarCm অতিরিক্ত খাওয়া ভালো না! আমারও পছন্দ তবে রেগুলার না। বিশেষ করে বৃষ্টির সময় খুব মজা করে খাইতাম ভুনা খিচুরি ὄC যখন দেশে ছিলাম	Neutral
5662	অ্যামাজনের বনকে বলা হয় বিশ্বের ফুসফুস। এর কাজ কার্বন শুষে নিয়ে অক্সিজেন ছাড়া। তাই এই অরণ্যে আগুন লাগলে মারাত্মক ক্ষতির আশঙ্কা রয়েছে...	Negative
5663	আওয়ামী লীগার বন্ধুদের সাথে আমিও একমত। শেখ মুজিবর রহমান ৭ই মার্চের ভাষণে কখনই জয় পাকিস্তান বলেন নাই। উনার... http:/t.co/TvBwGAFfuV	Positive
5664	রবিবারের বিকেলের মুড়ি, চানাচুর ,চপের দিন ও বোধহয় শেষ হয়ে এলো। সবার শুধু খাই খাই বাতিক!	Negative
5665	টাকা পেয়ে সন্তোষ প্রকাশ করেছেন ওই মাদ্রাসা শিক্ষক	Positive
5666	জানি একদিন দূর থেকে দেখব সবারএই ভুলে যাওয়াও--জানি একদিন চোখ থেকে পড়বে সুধুঅস্রু-রি ধারা . feelings_more gele sobar nam e las hoye jay	Negative
5667	জাতিসংঘের মানবাধিকার অনুচ্ছেদসমূহ√√১-৫ অনুচ্ছেদΠ অনুচ্ছেদ-১ Πবন্ধনহীন অবস্থায় এবং সম-মর্যাদা ওঅধিকারাদি...	Neutral
5668	ধর্ষক দেশ থেকে নির্মুল করতে কিছুই লাগবে না, ধর্ষক যে বয়সেরই হোক না কেন ধরা মাত্রই সোনা কর্তন, এমন ৫,৭টা করলে ধর্ষক নির্মুল বাংলাদেশ হবে।	Positive
5669	ধর্ম আর রাজনীতি এক‌ই জিনিস এইজন বলে আমি ভালো আরজন বলে আমি ভালো! N:B- যে যেই দলে থাকে সে সেই দলকেই সাপোর্ট করবে, এটাই স্বাভাবিক	Neutral
5670	বফ: চোনা ময়না কখনো আমায় ছেড়ে যাবে না তো? গফ : কখনো না বাবু তা ὠ3ὠ3 বফ : খুব ভালবাসো আমায় তাইনা!? গফ : হুম বাবু বফ… https://t.co/v2EYqkOTYC	Neutral
5671	ইবরাহীম বিন আদহাম বলেন , আমরা আল্লাহর ইবাদাত করে যে , কত মজার জীবন লাভ করেছি , পরম শান্তি ও সুখের মধ্যে বাস করি… https://t.co/fQCZIJLrer	Neutral
5672	টাঙ্গাইলের যৌন পল্লী দেশের অভ্যন্তরে নারী ও শিশু বিক্রির আদর্শ স্থান ছিল http://t.co/Ix4uYjXwPO http://t.co/1c9rCzSYTK	Negative
5673	টিফিনের টাকাও আত্মসাৎ করেছে বোর্ড-বিশ্ববিদ্যালয়গুলো! - http://t.co/2vVJdgHoyN @ http://t.co/T0q6cdtRPC	Positive
5674	রাজধানীর মোহাম্মদপুরে এক শিশু গৃহকর্মীর অস্বাভাবিক মৃত্যু হয়েছে।	Negative
5675	RT @ZR_Shuvo: মহান নেতার সম্মানের সেকাল একাল - জে আর শুভ এর বাংলা ব্লগ । bangla blog | সামহোয়্যার ইন ব্লগ - বাঁধ ভাঙ্গার আওয়াজ http://t.c…	Neutral
5676	রাখনী আজ ও না। দুঃখে হাসতে ইচ্ছে করে যে, একটা মেয়ের জন্য আমি সবটা নিজেকে বদলে ফেলি আর তার বিনিময় মেয়েটা আমার দু… https://t.co/E846Sx1qsq	Neutral
5677	রমজান মাসে ছোট এই দোয়া এক বার পড়লে ১ হাজার দিন পর্যন্ত নেকী লেখা হয় মহান আল্লাহ তাআলা আমাদেরকে অনেক যত্ন করে সৃ… https://t.co/zylGPuvfSW	Positive
5678	বাজারে প্রকাশ্যে এবং স্ত্রী ও দুই সন্তানের সামনে জসিমউদ্দিনকে নগ্ন করে হাত-পা বেঁধে লাঠি দিয়ে মারধর করেন হাসান।	Negative
5679	ক্রিকেটারদের জন্য অজস্র ফাঁদ পেতে রেখেছে জুয়াড়িরা...	Negative
5680	সাকিব, মাশরাফি এর কোন নির্দিষ্ট রাজনৈতিক দলে যোগ দেয়াকে আমি খারাপ কিছু দেখি না। যেই দল ই হোক না কেন, আমি এত টুকু ব… https://t.co/ZU7SaP3vps	Neutral
5681	@ropkotha07 একথাগুলো শুনলে মনে হবে সব ভুল আমার কিন্তু সে যে এর ভিতরে কথা কথা বলেছে সে ঐগুলো কথা ভুলে গেছে। থাকুক সে তার মত করে।	Neutral
5682	RT @tirthar_kak: প্রিয় মা জন্ম হইতে আজ অব্দি আমার দেয়া অসহ্য যন্ত্রণা গুলো তুমি যেভাবে হাসি মুখে সহ্য করেছ,হাজার বছর মা দিবসের সমস্ত শ্র…	Positive
5683	পৃথিবীতে সুখ বলে যদি কছু রয়ে থাকে তার নাম ভালবাসা তার নাম প্রেমἻ6Ἳ6Ἳ6Ἳ6 এ জীবন সংসার বড় মধুময় যদি গো সেই খানে ভালবা… https://t.co/RmC2BkC1Lr	Neutral
5684	- ভালোবাসা কী? . : একটা অসুখ। . - কেমন অসুখ? . : কর্কট টাইপ অসুখ। . - কেন এই অসুখ হয়? . : অজানা। . - লক্ষণ? . : আ… https://t.co/chYzJMXJN5	Negative
5685	আল্লাহ মানুষকে চোখ দিয়েছেন ভালো কাজ করার জন্য । কিন্ত সে চোখ দিয়ে যদি খারাপ কাজ করে তা /চোখ থাকার চেয়ে না থাকাই ভাল ।	Neutral
5686	২০১৬ সালের প্রেসিডেন্ট নির্বাচনে রুশ হস্তক্ষেপ নিয়ে করা বিশেষ কৌঁসুলি রবার্ট ম্যুলারের তদন্ত প্রতিবেদনের হুবহু কপি জমা দিতে ট্রাম্প প্রশাসনকে নির্দেশ...	Positive
5687	RT @HotSonai: অনেকের ধারণা বেশি মোটা #বাঁড়া হলে মেয়েদের গুদে ঢোকে না ভুল ধারণা বাঁড়া যতই মোটা হোক না কেন তা গুদে ঢুকবেই কারন মেয়েদের…	Neutral
5688	&gt;&gt;&gt; ব্রেকিং নিউজ &lt;&lt;&lt; . আয়ারল্যান্ড এ দলকে ৩ উইকেটে হারিয়েছে বাংলাদেশ এ দল ★ অভিনন্দন বাংলাদেশ ★ . পরবর্তী আপডেট পেতে সাথে থাকুন।	Neutral
5689	তুমি আমাকে প্রেমিক হতে বলো... আমি হতে চাই । অথচ আমার মন আদি জন্মহতে বিরহীর খোলসে ঢাকা । আর শরীর তার প্রয়োজনে মাঝে… https://t.co/iEAUZgA4Pz	Neutral
5690	কারো উপরে যদি কোন কারনে একটু রাগ হয় বা কোন ঝামেলা হয় তাহলে মোবাইলে থাকা তার সব স্মৃতি মুছে দেই। এমনকি কোন ম্যাসেজ… https://t.co/72gdh4OYp9	Neutral
5691	ফোনটির পিছনের অংশে তিনটি ক্যামেরা অনেকেই সহ্য করতে পারছেন না। কিন্তু কেন?	Positive
5692	এখনকার ক্লাস নাইন এর ছেলে মেয়েরা ৯ যে এত গরধপ হয় তা আজ খাতা দেখে বুঝলাম, একটু পর দেখেন হাসতে দাত খুলে যাবে, ধিক… https://t.co/nyTEHZPh9I	Negative
5693	RT @im_somnathgupta: ছি TMC, ছি!! এই জঘন্য রাজনীতি কোনদিন আপনাদের কেই উল্টো বিপদে না ফেলে দেয়। বাংলার মানুষ সব দেখছে এবং শুনছে। নীল সাদা…	Negative
5694	নিজেকে আর কি ভাবে সাজাব. অনেক সাজিয়েছি, আজ ২৮শে পা রেখে ও তার পরেও বলো নিজেকে সাজাতে ? সব ভুল ধারনা তোমার। হয়তো... https://t.co/KH1SxkwJ6h	Neutral
5695	সমাধান চাও যদি জীবনে মরণে... ফিরে যাও খুঁজে নাও চোখ রাখো কোরআনে তবেই পাবে সুখ শান্তির ঠিকানা যদি মেনে নাও তুমি মনে প্রাণে |	Neutral
5696	আজ আমার নচিব এমন ভাবে খারাপ হলো যে নিজের হাতে তিল তিল করে গড়া দোখানে আজ নিজে দাড়াতে পারছি না। এই হলো আমাদের প্রবা… https://t.co/VXfJKB7MWI	Negative
5697	অন্যরকম ব্যাপার টা , কি যে মধুর সুখ আহ এ যেন কি সুধা পান করালে ওগো । বিঃ দঃ মাথায় কিছুই ঢুকছে না (চিন্তা , লজিক, ভাল কিছু )	Positive
5698	যখন তুমি কোন ভুল করে ফেল, তখন এর পিছনে বেশি সময় ব্যায় করো না। ভুলের পিছনের কারণগুলোকে মনের মধ্যে গেঁথে নাও এবং সা… https://t.co/sl0pDHWEB9	Positive
5699	Best Of Luck Brasil আমি চাই আজকে ব্রাজিল জিতুক না হয়। এক এক করে সব ভালো টিম গুলো বাদ হয়ে যাচ্ছে এখন ব্রাজিল ও হে… https://t.co/FcT9OVZzVE	Positive
5700	িপঠা খাও http://t.co/NHxiR38uqh	Positive
5701	#Bitch বললে ঠিক আছে ὠE #মাগি বললেই দোষ ὢ1 Note ὣ6 ক্ষমা করবেন যাদের খারাপ লাগছে ὤF — feeling আজিব Trend অসামাজিক আমি ὣ6	Neutral
5702	রাস্তায় পড়ে থাকা সোনা কে দেখে মানুষ ভাবে আসল না নকল কিন্তু তামা কে দেখে কখনো ভাবে না, তাই নিজেকে সোনা মনে করুন কি… https://t.co/NA5X7THoGb	Neutral
5703	উচিৎ কথাগুলা নিকৃষ্ট ভাষার হলেও মর্ম অনেকেই মনে মনে ঠাই দেয়। কেউ লোক দেখানো খারাপ হতে চায়না, কিন্তু লোক দেখানো ভালো সবাই হতে চাই ὠA	Neutral
5704	নিদ্রার সুখ আমি যখন নিদ্রা যাই তখন কি নিদ্রার সুখ অনুভব করি ? না কি নিদ্রার শেষে জেগে উঠে নিদ্রার সুখ বুঝতে পারি !	Neutral
5705	আলেম সমাজের মাথায় যতকিছুই ঢালা হোক না কেন সবই দই এর মত : কারণ আমরা তাদের সাথে ঐক্য করেছি, তিনি বড়ই ঈমানদার, আমা… https://t.co/N9RfZFkXSv	Negative
5706	আমি গুনে নয় রূপে বিশ্বাসী. যে দেখতে সুন্দর তার সব কিছুই ভালো লাগে..যারে দেখতে ভালো লাগে না, তার সব কিছুই খারাপ লাগে, এমন কি তার ভালোবাসাও..	Neutral
5707	বর্ণ মালা অ -অন্ন উনি আমাদের অন্নদাতা উনি আমাদের মা | অন্ন মানে ভাত ,যত্ন করে খাবে নষ্ট করবে না | Full poem lin… https://t.co/Uoxi3irvmH	Neutral
5708	১টা জমির সুন্দর ফসল নষ্ট করার জন্য যেমন ১টা ছোট ইদুর যথেষ্ট, তেমনি ১টা ছেলের সুন্দর জীবন নষ্ট করার জন্য ১টা খারাপ মেয়েই যথেষ্ট..... !	Negative
5709	আপনি যাকে ভালোবাসেনসে হয়তো দুনিয়ার সবচেয়ে সুন্দরী নাওহতে পারে, কিন্তু আপনি তাকে ভালোবাসার পরআপনার কাছে... http://t.co/1yRD2L9icc	Neutral
5710	তাদের ভয়াল থাবাই হয়ত আমাদের এই পিছিয়ে থাকাৱ কাৱণ। তিনি থাকলে এই দিন দেখতে হতো না। তবে আমৱা দমে যাব না । শোনো… https://t.co/lsrFwhsLUL	Neutral
5711	প্রাইভেট কার একটা খারাপ জিনিস। এতে আজকে এর কানের দুল, কালকে ওর জামার পুতি ইত্যাদি পাওয়া যায়। গরীব ও বুদ্ধিমানেরা তাই এই জিনিস কিনে না।	Neutral
5712	@HotSonai কার নম্বর দিস,, ফোন তো পুরুষ লোকে ধরে,, তোমাকে চিনে না,, মজা কর কেন,, তোমার নম্বর দাও,, মেসেজ করে দিও কেউ যেন দেখবে না??	Neutral
5713	৫০০ দোকান উচ্ছেদ, ভাঙা হয়নি আওয়ামী লীগের সাইনবোর্ড লাগানো ঘর: তেজগাঁও শিল্প এলাকার ফুটপাথ থেকে প্রায় ৫০০ দোকান... http://t.co/8tVyWkGbqZ	Negative
5714	সেক্সভিডিও প্রকাশের মতো ভুলের পুনরাবৃত্তি চান না কিম কার্দাসিয়ান http://t.co/RfMBAzlpFc via @sharethis	Negative
5715	কার্তিক মাস এসেছে এক সপ্তাহের বেশি। আকাশ থাকবে ঝকঝকে নীল। সূর্য ছড়াবে মিষ্টি আলো। সঙ্গে হালকা হিম বাতাস। কিন্তু প্রকৃতির মাঝে এখন কোনো কিছুরই দেখা নেই। বরং আকাশ মেঘাচ্ছন্ন। ঝরছে ঝিরিঝিরি বা ভারী বৃষ্টি। সূর্যের দেখা তো নেই বললেই চলে।	Positive
5716	পৃথিবীর ৩ জন সৎ ব্যাক্তির মধ্যে শেখ হাছিনা ১ জন । - কাউয়া কাদের আর প্রথম জন হচ্ছে বদি ( ইয়াবা বদি ) এবং দ্বিতীয়… https://t.co/hNLgabVp3q	Negative
5717	RT @iRedwanHossen: কি অদ্ভুত আমাদের ধরণীর নিয়ম, নিজের খারাপ সময়ে দুঃখ গুলো বলার মত লোক থাকে না। আর সুখ বা সফলতার সময় উইস করা লোকের অভাব…	Negative
5718	আলহাম্দুলিল্লাহ আমার একজন ছাত্রের কোরআন তিলাওয়াতের মাধুর্যতা ও আগ্রহ দেখে আমি অভিভূত।সূবহানাল্লহি... http://t.co/guY4rxeOuB	Positive
5719	এই সময় টা তো আর আসবে না,,,, অনেক অনেক মিস করবো,,,, সবাই কে,,,, মন খারাপ এর মধ্যে ও অনেক ভালো লাগলো আপনাদের জন্য আপ… https://t.co/DQ7oOKVY8B	Neutral
5720	যদি কান্না দিয়ে তোর জীবনের কষ্ট দূর করে সুখ কিনে আনতে পারতাম,, তাহলে আমি কোনো অভিযোগ ছাড়াই সারাজীবন কেঁদে যেতাম,, তোর মুখের ঐ হাসিটা দেখার	Neutral
5721	RT @Rezwanulbsl: আমার নামে আপাতত কোন ফেইসবুক একাউন্ট নাই। যেই গুলো আছে সেইগুলো সব ফেইক একাউন্ট। আপনারা যারা ফেইক একাউন্ট গুলোর সাথে এড আছেন…	Neutral
5722	©কাজী ফাতেমা ছবি হেসে খেলে চলে যায়, নানা রঙ দিন কত সুখে যায় ক্ষণ, মনে সুখ বীণ, দিন যায় মাস যায়, বছরের শেষে আয়… https://t.co/X3biVrdZqZ	Neutral
5723	এক বিয়ের অনুষ্ঠানের ভিডিওতে গান গাইতে ও হাততালি দিতে দেখা যাওয়ার জের ধরে হত্যা কর হয় তাদের	Negative
5724	হটাৎ করে রবির যে কি হল! বিগত ৪-৫ দিন ধরে ফোনে কোন নেটওয়ার্ক নাই, দিনের বেলায় নেটওয়ার্ক আসে যায় বাট রাত হলে কোন… https://t.co/VHuckct36o	Neutral
5725	মনটা আজ খুব খারাপ : বাবা ,মা সহ সবাইকে বলে ঢাকা থেকে বাড়ি পাঠিয়ে দিলাম বল্লাম তোমরা যাও আমি দশ দিন ছুটির আবেদন দি… https://t.co/pr3wPskMPC	Negative
5726	RT @QuranAlHadith: পৃথিবীতে এমন একটি সময় আসবে যখন মানুষ অনাচার ও অপকর্মে লিপ্ত হতে দ্বিধা করবে না বরং পাপাচারের জন্য বীরত্ব প্রকাশ ও... ht…	Neutral
5727	ὄ9ὄ9এমন টা কেনো করলে। ὢD তুমি জান আজ কতটা খারাপ লাগছে। ὡ6 আমি ভাবি নাই কখনো এমনটা হবে। ὢ9 কারন আমি সব সময় ভাবছি ভালো ক… https://t.co/3Q72Q9wnDn	Negative
5728	RT @JasikaParvin: এখন ভালো আছি, একটু পরেই খারাপ থাকি। তবু মন জানি কারে খোঁজে মন জানি কার টানে কিসের খোঁজে দিবারাতি হন্যে হয়ে ছুঁটে।	Neutral
5729	God তোমার কাছে এই প্রর্থনা যে ,আমি যেন আছ থেকে এই পৃথীবির কোন সুখ বলতে কিছু আছে দেখতে না পাই । জীবনে অনেক সুখ... https://t.co/ZsO5AcYdL0	Negative
5730	=&gt; আচ্ছা বাবু আমি যদি কিছু ভুল করি , তোমারে কষ্ট দেই , তোমাকে ধোঁকা দেই ? তুমি কি করবা ? =&gt; sudo rm -rf /... https://t.co/Wv62IuSowb	Neutral
5731	➊ ৭মার্চ ভাষণে বঙ্গবন্ধু কতটি দাবী তুলে ধরেন? = ৪টি . ➋ বাংলাদেশ স্বাধীন হয় কত দিনে? = ২৬৬ দিনে . ➌ ডট থ্রী নট থ্… https://t.co/QE117nvJHn	Neutral
5732	@BCBtigers মাশরাফি ভুলশর্ট না খেললে দলীয় ২০০ রান পেরিয়ে যেতো, বাংলাদেশ দল সারাজীবন শুধু ভুলই করে গেলো, ভুল থেকে আর শিক্ষা নিতে পারলো না ।	Negative
5733	সাকিব আল হাসানকে চুক্তিভঙ্গের কারণ দর্শাতে বলেছে ক্রিকেট বোর্ড	Positive
5734	কোনো রাজনীতি নয়। একটা সত্যি কথা বলেন তো!! অন্য কিছু না করে শুধু ব্রিজ সারাই করলে মানুষ কি ভোট দেবে?? কারণ একটা ব্… https://t.co/2T9GEjRKBU	Neutral
5735	হংকং এ আইন পরিষদে ঢুকে পড়া প্রতিবাদকারী এক নারীর কাহিনি	Positive
5736	বক্সার হমু মোহাম্মদ আলী, ভুলেও এইটা রিয়েল লাইফে কইরো না, তাইলে কিন্তু আর বিয়া হুপে না...! :P — watching Mary Kom... http://t.co/0dCaw2RBLv	Negative
5737	৭ম বারের মত আল হাজ্ব দবিরুল ইসলাম এম পি চাচা নৌকার মাঝি। যত দিন রবে শেখ হাসিনার হাতে দেশ, পথ হারাবে না বাংলাদেশ ।… https://t.co/17oHJQiiRw	Positive
5738	RT @mdfarooq446: হাসাতে না পারলে, কাঁদাবে না। আনন্দ দিতে না পারলে, কষ্ট দিবে না। ভালবাসতে না পারলে, ঘৃণা করবে না। আর বন্ধু হতে না পারলে, শ…	Positive
5739	বহরমপুরে অনুষ্ঠিত জেলাস্তরের বিজ্ঞান মেলা ও সেমিনার সায়েন্স মডেল কম্পিটিশনে রঘুনাথগঞ্জ উচ্চ বিদ্যালয়ের ছাত্ররা... http://t.co/0rn1DcgcDK	Positive
5740	আমার আগের পোস্ট তা নিয়ে এত ট্রলিং হল কেন কে জানে আমি তো বললাম আমি আজ আর্জেন্টিনা supporter . France এর পতন চাই। লোকে ভুল বুঝল	Neutral
5741	অপরিচিত নাম্বার থেকে কল । ঃআপনি কি , মাছুম রানা ?ᾑ4 ঃযে নাম্বার টা দিসে ভুল দেয় নাই।ὠE কন্ঠ টা আহা !ὠD MTB থেকে বলছি।… https://t.co/i0f7VTy35A	Neutral
5742	 অভিমান বড্ড খারাপ একটা জিনিস, কিছু বলাও যায় না, সহ্যও করা যায় না। কিন্তু ভিতরটা মোমবাতির সুতার মতো জ্বালায়, আর শুধুই নিরবে কাদায়। 	Negative
5743	ভালো নেই তবু ভালো থাকার চেষ্টা করি সুখ নেই তবু সুখের অভিনয় করি জানিনা কেন এই বিষণ্ণতা হাহাকার তবু বলি ভালো আছি ভা… https://t.co/ouTCoilN4L	Negative
5744	বর্তমান ছাত্র রাজনীতি: ছাত্রদের স্বার্থ না দলের স্বার্থ মুখ্য? 🤔 🤔 🤔	Negative
5745	সেলিম প্রধানের আয়কর নথি ও গোয়েন্দা সূত্রে জানা গেছে, তিনি অনলাইনভিত্তিক ক্যাসিনোর মূল গডফাদার। থাইল্যান্ড থেকে বাংলাদেশে অনলাইন ক্যাসিনো ব্যবসা চালিয়ে মানি লন্ডারিংয়ের মাধ্যমে শত শত কোটি টাকা...	Positive
5746	"রিন ও প্রথম আলোর উদ্যোগে ""তোমার আলোয় উজ্জ্বল বাংলাদেশ"" এবার তুলে এনেছে উদ্ভাবক আমির হোসেন: মেইড ইন বাংলাদেশের আলো ছড়ানো গল্প। #RinBangladesh #ProthomAlo #UjjolBangladesh"	Positive
5747	@Ali4198642 উনি আল্লাহ্ কে খুশি করার জন্য রাজনীতি করেন আবার উনার বিরদ্ধে কিছু বলে গুম করে দেন, এইটা ওদের বাপের তা যা ইচ্ছা তাই করে	Negative
5748	*অ্যাডোবির নতুন সফটওয়্যার *বাক প্রতিবন্ধী শিশুদের অ্যাপ  *ডেঙ্গু, চিকুনগুনিয়াসহ মশাবাহিত রোগগুলো রোধে প্রযুক্তি কীভাবে সহায়তা করতে পারে- এসব নিয়ে ছিল এ সপ্তাহের ক্লিক। বিবিসির প্রযুক্তি বিষয়ক এই অনুষ্ঠানটি দেখতে পাবেন আমাদের ইউটিউব চ্যানেলে 👇👇	Positive
5749	RT @Lizon10: আমি সিগারেট খাই, জানি এটা খারাপ জেনেও খাই, লুকানোর কিছু নাই। কিন্তু গ্রামে এই ব্যাপার টা কেমন জানি প্রচন্ড খারাপ চোখে দেখে। যত…	Neutral
5750	RT @mdnasimmiajoy: কেউ যদি আমার প্রশংসা করে তাহলে আমি খুশি হয়না ., আর কি যদি আমাকে খারাপ বলে তাহলেও আমি কষ্ট পাইনা। কারন আমিই একমাত্র জা…	Neutral
5751	খেলার মাঠে যাওয়ার সুযোগ সবার হয়তো হয়ে ওঠে না। ভাদ্র মাসের এই তালপাকা গরমে অনেকে ঘরে বসেই লুডু কিংবা দাবার মতন নানারকম ইনডোর গেইম খেলে থাকেন। আপনার তোলা এমন ইনডোর গেইমের ছবি বা ভিডিও পাঠিয়ে দিতে বিবিসি বাংলার ফেসবুক মেসেঞ্জারে। সাথে লিখে পাঠান নিজের নাম-ঠিকানা, ছবি তোলার স্থান, ফোন নম্বর এবং ই-মেইল অ্যাড্রেস। বাছাইকৃত কয়েকটি ছবি/ভিডিও প্রচার করা হবে বিবিসি বাংলার টেলিভিশন অনুষ্ঠান বিবিসি প্রবাহে আজ রাত ৯টা ৩৫ মিনিটে। ছবি: GettyImages	Positive
5752	RT @JahangirBics: টাকা হ্যাক হয়ে যায় সোনা মাটি হয়ে যায়ὢ1ὒB ধর্ষক ও বাপ হয়ে যায় কলম হাতুরি হইয়া যায়ὢ1ὒB এমন বাংলাদেশ তো চাই না আমরা἞7἞9ὒB	Negative
5753	আমি যখন ঘরে ঢুকি ওকে কে করা শুরু করে মেও মেও ‌। আমি যখন খেতে বসি তখন তখন ও বিড়ালটি আমার পাশে থাকে। এমনকি আমার প্লে… https://t.co/Imv6v3PDvh	Neutral
5754	৩০ জানুয়ারি বুধবারের প্রবাহে যা যা থাকছে - -ভেনেজুয়েলার প্রেসিডেন্ট নিকোলাস মাদুরো বলেছেন, বর্তমান রাজনৈতিক সঙ্কট সমাধানের লক্ষ্যে বিরোধীদের সাথে আলোচনা করতে তিনি রাজি আছেন। তবে নতুন নির্বাচনের দাবি নাকচ করে দিয়েছেন। - বাংলাদেশে একাদশ সংসদের অধিবেশন শুরু হয়েছে আজ। ক্ষমতাসীনদের শরিকরা বিরোধীদলের আসনে বসে এই সরকারের জবাবদিহিতা কতটা নিশ্চিত করতে পারবে ? -বাংলাদেশে কোন মানুষের শরীরের রং বা গড়ন নিয়ে আড়ালে অথবা প্রকাশ্যে নেতিবাচক মন্তব্য করে তাকে অসম্মান করার প্রবণতা আছে সমাজের অনেকের মধ্যেই। আপনজনের মুখে এ ধরনের মন্তব্যের সামাজিক ও মানসিক প্রভাব কি হয়? - দক্ষিণ ভারতের কর্নাটক রাজ্যে মদ পুরোপুরি নিষিদ্ধ করার দাবিতে প্রায় দুহাজার নারী গত ১২ দিন ধরে দুশো কিলোমিটার পদযাত্রা করার পর সেই মিছিল আজ ব্যাঙ্গালোরে এসে শেষ হয়েছে। সাথে থাকবে খবরের সর্বশেষ শিরোনাম।	Positive
5755	বিজয় আমাকে পথ দেখিয়েছে , দিয়েছে বাচাঁর আশ্বাস । আমি বিজয়ের গান গাই , আমি স্বাধীনতা কে চাই । আমি বিজয়ের পতাকা ধ… https://t.co/5NxF0KVWLU	Positive
5756	ঢাকা মেগা সিটি তে এক নীলক্ষেত ছাড়া আর কোথাও বই পাওয়া যায় না?! মানুষকে সাত সমুদ্র পার করে একটা বই কিনতে যাইতে হ… https://t.co/b2yB0dodM3	Neutral
5757	❑ এই শীতে ঘুরে আসুন বান্দরবান, নীলগিরি, নীলাচঁল ও সাঙ্গু নদী ❑ ঢাকা - বান্দরবান - ঢাকা ৫ দিন / ৪ রাত ট্যুর প্যাকেজ।… https://t.co/Mf7ls0Gl4t	Neutral
5758	ঢাকা কিআনন্দের তারিখ পরিবর্তন	Positive
5759	ভালবাসা এমন একটা বন্ধন ... যা কখন-ও ছিন্ন হয় না.....দুই জন যদি ঠিক থাকে .. তাহলে এ বন্ধন কখন-ও ছিন্ন হবার নয়,,,,	Neutral
5760	RT @rubel_arab: আমার জানা নেই ফ্রান্স এ বাঁশ আছে কি না,তবে আজকে আর্জেন্টাইকে কি বাঁশটাই না দিবো তাও বাঁশটা ধার করে নেয়া বাংলাদেশ থেকে,,হা…	Neutral
5761	আশাশুনির বলাবাড়িয়ায় ওয়ার্ল্ড ফিসের পুষ্টি বিষয়ক আলোচনা ও বই বিতরণ - Abnews	Neutral
5762	পলায়ন করো না এবং ফিরে এস, যেখানে তোমরা বিলাসিতায় মত্ত ছিলে ও তোমাদের আবাসগৃহে; সম্ভবত; কেউ তোমাদের জিজ্ঞেস করবে।[Quran 21:13]	Neutral
5763	জুলুম মানেশুধু আরেক জনেরগাড়ে লাত্তি মারা না,অন্যের অবস্থানা বুঝাটাওএকটা জুলুম।R না বুঝার ভান ধরামানে তোগাদ্দারি কারা।	Negative
5764	🔥 আগুনে পুড়ছে বিশ্বের ফুসফুস 🌲 🌳🌲🌎 😨 😨🔥 the world's lungs are burning in fire 🌲 🌳🌲🌎 😨 😨	Negative
5765	সম্প্রতি অফিসে কর্মরত অবস্থায় এক নারীর আকস্মিক মৃত্যু নিয়ে আলোচনা এখন সামাজিক যোগাযোগ মাধ্যমে। আপনার অফিস কি জরুরী প্রাথমিক চিকিৎসা সেবার ব্যবস্থা আছে? কিংবা এরকম পরিস্থিতিতে কী করতে হবে - তার কোন প্রশিক্ষণ কি দেয়া হয়? আপনার অভিজ্ঞতা শেয়ার করতে পারেন বিবিসি বাংলার সাথে।	Negative
5766	ভুল করে হায়, ভুল গুলি গায় ভুলতে বসা গানের গুণ গুণ তোমার নেশায় দিন গুলি হায় আলো হারিয়ে রাতের গুণ গুণ ... ... তু… https://t.co/6Hk3H3eqKo	Neutral
5767	অনেক সময়ই দেখা যায় ট্রেনের ভেতরে জায়গা থাকলেও মানুষ ছাদে উঠে বসে আছে। মানুষের অভ্যাসের পরিবর্তনের চেষ্টা করাটাই আমাদের মূল লক্ষ্য  - বিবিসির সঙ্গে আলাপকালে এ কথা বলেন  ঢাকা জেলার রেল পুলিশের পরিদর্শক সাইফুল্লাহ আল মামুন। সম্প্রতি রেল বিভাগের এক বিজ্ঞপ্তিতে জানানো হয় ১ লা সেপ্টেম্বর রোববার থেকে ট্রেনের ছাদে উঠলে কঠোরভাবে আইন প্রয়োগ করা হবে।	Positive
5768	গরে থাকতে পারি নাহ আজ ব্যাপসা করতে পারি নাহ এ কন দেশে বাশ করি আমরা কি অপরাধ করছি আমরা যে এতো খারাপ হয়ে গেছি... https://t.co/Ezx4tNzmsD	Negative
5769	ঢাকা বা এর আশেপাশে যারা আছেন, আগামীকাল ফোন করে চলে আসুন আমার খামারে । CPF-3 ও নিউ এডাল্ট টার্কি রয়েছে। লোকেশন ঃ আ… https://t.co/rXtwEz32Ro	Neutral
5770	RT @mdabdullahramu1: জীবনে দুঃখ আছে বলেই আছে সুখ। অন্ধকার আছে বলেই আছে আলো। ব্যথা ও বেদনা আছে বলেই আছে আনন্দের তৃপ্তি। --মাওলানা আবু তাহের…	Positive
5771	@TouchCrazy @mithila__ না কেউ ই মানছি না,এই জন্যই তো আমি সঠিক তুমি ভুল এই কথাটাও বলা ঠিক না।যে যাই করছি ভালো কিছু ক… https://t.co/svq5xXbOLF	Neutral
5772	সকাল 8 টা থেকে রাত 8 টা পর্যন্ত ল্যাব এ কাজ করে বাসায় ফিরে এক প্লেট গরম গরম ভাত সাথে আলু আর মাছ ভর্তা যে কত খানি ম… https://t.co/LafMrMb6ls	Positive
5773	মহান সৃষ্টিকর্তা যদি ইচ্ছে মৃত্যু দিত , তবে আমি সেটাই বরণ করে নিতাম । যন্ত্রণা পাওয়ার চেয়ে , ইচ্ছে মৃত্যু অনেক ভালো হতো ।	Negative
5774	@Lizon10 এভাবেই বাংলাদেশ থেকে ধর্ষন কারিদের সাজা দেয়া হোক কোর্ড তো বিচার করবে না তাই নিজের বিচার নিজেরাই করো ধন্যবাদ যে ওকে গুলি করে মেরেছে	Positive
5775	RT @Nill_Cirkut: তুমি ভালো না খারাপ সেটা কেবলমাত্র তোমার পক্ষেই উপলব্ধি করা সম্ভব।। সুতরাং তোমার সম্পর্কে মানুষ কি ধারনা করছে বা কে কি বলছে…	Neutral
5776	যদি কোনু মানুষের ইচ্ছে থাকে যে সে শুধু মানুষের ভুল ধরবে তাহলে ১০০% ভুল ধরতে পারবে হক সংগঠন হক মানুষ। কেউ ই ভুলের... https://t.co/XHOrwv6TKe	Neutral
5777	RT @Tweet__Bangla: তুমি যদি পারো একজন আলেম হও। যদি তা না পারো,তবে দ্বীনের বাগানের একজন ছাত্র হও। যদি তা না পারো,তাহলে তাদের প্রতি ভালোবা…	Neutral
5778	আমাদেরকে নজর ঠিক করতে আর নামাজ পড়ার কথা বলা হয়, নিজেকে খারাপ কাজ থেকে বিরত রাখার জন্য বলা হয় ; আমরা করি একটা মাস… https://t.co/MxK4y2TTBg	Positive
5779	২২শে অগাস্ট বুধবারের প্রবাহে যা যা থাকছে: -মিয়ানমার নেত্রী অং সান সূ চী রোহিঙ্গা প্রত্যাবাসন আটকে থাকার জন্য বাংলাদেশকে দায়ী করার পর বাংলাদেশের কর্মকর্তারা বলেছেন, নভেম্বরে সই হওয়া প্রত্যাবাসন চুক্তির প্রধান কোনো শর্তই মিয়ানমার বাস্তাবায়ন করেনি। -বিধ্বংসী বন্যায় বিপর্যস্ত দক্ষিণ ভারতের কেরালার জন্য সংযুক্ত আরব আমিরাত যে ৭০০ কোটি রুপি আর্থিক সহায়তা করতে চেয়েছিল, ভারত সরকার তা প্রত্যাখানের সিদ্ধান্ত নিয়েছে। -বিবাহিতা মেয়েদের জন্য ঈদের আনন্দ কি কোনভাবে ভিন্ন? শুনবেন প্রতিবেদন। -আর আবা শিল্পীগোষ্ঠীর উত্থান নিয়ে থাকছে ইতিহাসের সাক্ষী।	Positive
5780	-এই শুনো একটা ছোট্ট সংসার দেবে আমায় ? - হুম দেবো । - ὠD শুনো আমাদের ঘর টা কিন্তু মাটির বানানো হবে মাটির বানানো উনু… https://t.co/on6UfAnSwf	Neutral
5781	সকাল বেলা ঘুমানোর মাঝে কারেন্ট হলে গেলে আর তখন মশার গুনগুনানি শুরু হলে যা মেজাজ খারাপ হয় তা বলে বুঝানো সম্ভব না! ὇F὇F὇F . #ছাড়পোকা	Neutral
5782	ভারত তিব্বত সহযোগ মঞ্চের তরফে আজ ভারত বাংলাদেশ সীমান্তে ভাইফোঁটা র আয়োজন করা হয় । ভাই ও বোনের এই মিলন উৎসবে খুব খুশি সকলেই ।	Positive
5783	জানো ভালোবাসা কি ]] . আমি হয়তো তা সঠিক ভাবে জানি না! . তবে আমার কাছে,,, ভালবাসা মানে,হাতে হাত রেখে বসে থাকা না! .… https://t.co/xhhSre8k8f	Neutral
5784	আপনার আগামীর দিন গুলো হোক সুখ শান্তি এবং সমৃদ্ধির শুভকামনা রইলো। ἳ9শু ἳ9 ἳ9 ভ ἳ9 ἳ9 ἳ9 জ ἳ9 ἳ9 ἳ9ন্ম ἳ9ἳ9দি ἳ9 ন… https://t.co/xaMMyzfrDT	Positive
5785	মজা পেলুম কি আর বলবো দাদা , ইন্টারনেট এত সস্তা যে আমরা দাদদেরকে জলের দামে দিয়ে দেই । যদিও দাদারা আমদের কে ফ্রী... https://t.co/i18X50a6hF	Negative
5786	মনুর মন ভেংগে ময়ুরী চলে যাবার পর থেকে মনু সব কিছুই ভুলে যায় । তাই মনুর সব চেয়ে বেশি ভুল হয় ডাইলে লবন দিতে ।	Neutral
5787	RT @gray_earth: এক পথচারী বলছিলো! জীবনে যে কি ভুল কাজটাই না করেছি রে___ὡ6ὢ9 মেয়েদের পিছে মোবাইলে যে টাকা খরচ করেছি,তা জমা করলে দিব্বি এখন…	Neutral
5788	অনেকেই বলেন আমি রাজনীতি করি না , আরে বন্ধু তুমি তলে তলে যে মুনাফেকি করছো তার কি খবর রাখো ?? হুজুরের বক্তব্য শুনলে আ… https://t.co/76yCivXiYo	Negative
5789	পেশায় সিভিল ইঞ্জিনিয়ার নোমান সৈকত। চাকরি ছেড়ে দিয়ে ২০১৪ সালে শুরু করেন নিজের সাইকেল তৈরির কারখানা।	Positive
5790	ঘুষের আরেক নাম ‘স্পিড মানি’, এটি দেয়া নেয়া অবৈধ নয় । মাল মুহিত বলেন, যেটা কোনো কাজের গতি আনে, আমি মনে করি সেটা… https://t.co/GRlmlZ27tz	Neutral
5791	এক বন্ধু ছবি দিছে যার হাত পা সব যায়গায় রক্ত মাখা। আর আরেক বন্ধু রাজনীতি নিয়ে স্ট্যাটাস দিসে । যার মতে যারা আন্দো… https://t.co/yYMf4PnAlo	Neutral
5792	@mariya_919 সাধনা করার জন্য একটা গুরো ধরতে হবে। না হয় কি করে বলে দিবে,কোনটা করলে ভালো হবে কোনটা করলে খারাপ হবে। বাঁশের কুঞ্চি গাছেই ধরে।	Neutral
5793	আমি কখনো কারো প্রতি দুর্বল হই নি, যা তোমার প্রতি হয়েছি,তাই তোমার মাঝেই আমার সুখ খুজে নিয়েছিলাম, জানি না তুমি কোন মোহে অবহেলা করছো,	Neutral
5794	এবার সংসদেও ঘুমালেন মন্ত্রী	Neutral
5795	মন খারাপ করো না, দু:খ পেয়োনা সব ঠিক হয়ে যাবে; দেখো যেন আবার চোখে জল না আসে, কারণ জমা জলে ডেঙ্গুর মশা ডিম পাড়ে। Be aware	Neutral
5796	সহিংসতা শুধু সহিংসতার জন্ম দেয় না, সুস্থ চিন্তাকেও দূষিত করে এবং ঐ দলন-দমন অনিবার্য বিদ্রোহের জন্ম দেয়।- ড....	Neutral
5797	RT @Hema579: অনেক রকম মানুষ এই দুনিয়াতে বসবাস করে অনেক আছে অনেক ভালো আবার অনেক আছে এত ভালো না, মোল কথা হল আপনি কতটোকু ভালো নিজে ভালো হলেই…	Neutral
5798	RT @SinhaKeya: সব চেয়ে মজা তখনি লাগে- যখন কেউ আমার সামনে বানিয়ে বানিয়ে কত রকম কাহিনি করে মিথ্যা কথা বলে কিন্তু যখন সত্যি টা আমি আগে থে…	Neutral
5799	@LaskarFarhad হা হা ৷ মজা পাইছি ভাই ৷ এখানে এয়ার পোর্ট নাই ঠিক অাছে ৷ তবে এখানে হেলিকপ্টার সার্ভিস চালু অাছে ৷ চাইলেই অাসতে পারবেন	Neutral
5800	এ জাতির আবেগের সীমা ,পরিসীমা নাই। এক সময় সব কাজ ফেলে দিয়ে টিভিতে খেলা দেখতাম। এখন আর সেই সুযোগ হয় না। সময় এবং ম… https://t.co/ag3ecb1B4V	Neutral
5801	সোনারগাঁও উপজেলার ইউএনও’র প্রত্যাহার দাবি মুক্তিযোদ্ধাদের | newsnarayanganj http://t.co/uDu1Tp9xrW	Neutral
5802	ডিয়ার ইউন্ডোজ, ভুল কইরা তোর প্রশংসা করছিলাম । ভুল হইয়া গেছে ভাই ... মাফ কইরা দিস । জীবনে ভুলেও তোর প্রশংসা করতে যামু না । কানে ধরছি :/	Negative
5803	ঢাকা To রাজশাহী ১৯ তারিখ, বিকাল ২.৪০ এর ট্রেন (নন এসি ) ৩ টা টিকেট আছে কারো লাগলে ( ০১৯১৪২৭২১২৬ ) এই নাম্বারে যোগাযোগ করুন। ধন্যবাদ...	Neutral
5804	RT @ahmealauddin: ..... মেয়েরা এতো নিখুত ও কোমল করে হিট করতে পারে তাআগে জানতাম-না তো ! http://t.co/yO6UzoGGxm	Positive
5805	RT @JaNNaTOK420: “যখন একজন খুব সম্মানিত মানুষের সাথে আপনি কোথাও বসেন, তখন আপনি খুব সতর্ক থাকেন যাতে আপনি কোন ভুল কথা বলে না ফেলেন। অ…	Neutral
5806	আমার লাইফ টা একটা ভাঙা কাচের মতὤ2 যা কখনো জোড়া লাগার মত না। আল্লাহ বাচিয়ে রেখে হয়তো ভুল করছে আমাকে। না পারছি বাবা… https://t.co/QT4cLDJqk3	Negative
5807	নাহ! রোনালদো যদি চলে যায় আসলেই মনটা একটু খারাপ হবে। ট্রল করা কমে যাবে এ জন্য না, বরং বাঘ সিংহের লড়াই মিস করব বলে।… https://t.co/s0bfaEFtZ4	Neutral
5808	লেখক ও ব্লগার অভিজিৎ রায়কে কুপিয়ে হত্যা মামলায় আদালতে সাক্ষ্য দিতে আসেন মামলার বাদী ও অভিজিৎ রায়ের বাবা শিক্ষাবিদ অজয় রায়। আজ ছিল মামলার প্রথম সাক্ষ্যগ্রহণের দিন। দ্রুত বিচার ট্রাইবুনাল-৪, মহানগর দায়রা জজ আদালত, ঢাকা, ২৮ অক্টোবর। ছবি: দীপু মালাকার	Negative
5809	RT @tathagata2: নিজের পায়ে - থুড়ি, নিজের রাজ্যবাসীর পায়ে - কুড়ুল মারা আর কাকে বলে? সংকীর্ণ দলীয় রাজনীতি আমাদের জনজীবনে এত বড় জায়গা ক…	Negative
5810	আপনার হাসি যেন শুধু আপনার ঠোঁট থেকে নয়, মন থেকেও যেন আসে। একটি প্রাণোচ্ছল হাসি আপনার সম্পর্ককেও অনেক গভীর করে দিতে পারে।	Positive
5811	বৃষ্টিভেজা বলিউড সুন্দরী ক্যাটরিনা (ভিডিও) http://t.co/dsxePMhE6p via @shadhinbangla24	Neutral
5812	আমি বোকা হতে পারি - অনেক খারাপ হতে পারি - দেখতে অনেক কালো হতে পারি - কিন্তু আমার মায়ের কাছে আমিই শ্রেষ্ঠ সন্তান-… https://t.co/87QR29VTSq	Positive
5813	সব সময় বলে এসেছি হারলেও বাংলাদেশ জিতলেও বাংলাদেশ। তাই বলে এই নই যে ৪৩ রানে লজ্জা জনক ভাবে সবাই আউট হবে। খেলে হারলে মেনে নেয়া যায়।	Negative
5814	আছলতে ফেচবুক মোৰ কাৰণে কি ? এটা ফাৰ্ম হাউচ য’ত আমনি লগা বা আজৰি সময়ত সময় কটাইছো৷ যি মন তাকেই কৰিছো অবশ্যে আনক অ… https://t.co/lLbnVl58e5	Neutral
5815	@sajid_nazmus আচ্ছা ও সৌরভের নামে কিছু বলেছে নাকি পরে আর?	Neutral
5816	RT @Manik________: ভালোভাসায় যে কতো টা জ্বালা তা অনেকেই যেনেও প্রেম করে আসলে কিছু করার থাকে না, কারন ভালোবাসা করা যায় না হয়ে যায়,, http…	Neutral
5817	অন্যের জন্য গর্ত করলে সে গর্তে নিজেই পরে ! আমি যদি আমার বাচ্ছা কে খারাপ ব্যবহার শিখাই তো , সে বাচ্ছা অন্যকে নয়... https://t.co/tqLhH3lztt	Neutral
5818	একবার যদি পারো তবে বলে দিও - আমাদের দ্বারা কিছুই হবে, এসেছি খাবো বলে ! খাওয়া শেষ - এবার যাবার পালা । #ঢাকা… https://t.co/3xxCY6VJqL	Neutral
5819	কোচিং ক্লাস ছিলো ২ টা আর আমি আর পাশের এ মহান ব্যাক্তি ১:০০ টায় ঘুরতে বের হই তবে এই না যে কোচিং ক্লাস করি নাই ১... https://t.co/EGmiUiR8Jt	Neutral
5820	আজ বিকেলে আমি ও আকিল	Neutral
5821	কিছু বাপ বেটা একে অপরের সামনেই ভাই ডাকে। বার বার আদর করে একজনকে জোরে চাচা, অারেক জনকে ভাইয়া বলে ডাকার পরও তারা সে ভুল শোধরায় না।	Neutral
5822	কতো যে মহান আমার প্রভু ! • আমার প্রয়োজনীয় সবকিছুই তিনিই আমাকে দান করেন • আমি যা কিছু চাই তার কাছেই চাই, তিনি আ… https://t.co/4ynPVpkh1Y	Positive
5823	স্বপ্নে আমার শরীরে কেউ ছড়ায় না শিউলি ফুল ! ! ! আলোর আকাশ নুয়ে এসে ছোঁয় না কপাল ! ! ! যদি কোনোদিন ঝরেঝরে যায়… https://t.co/cuK76mNEDL	Neutral
5824	বিশ্বম্ভরপুরে কোনাজাল ব্যবহারকারীদের বিরুদ্ধে বিক্ষোভ ও স্মারক লিপি প্রদান - Abnews http://t.co/geVDvX4mme	Negative
5825	'পুসিপিডিয়া' এটি একটি ফ্রি অনলাইন এনসাইক্লোপিডিয়া- যেখানে নারী দেহের বিভিন্ন বিষয় সম্পর্কে নির্ভরযোগ্য তথ্য মিলবে।	Positive
5826	পীরের রাজ হক্কানী পীর -মুরিদী যদিও মহৎ কাজ ! এর নামে যেন পীর পূঁজা শুরু হয়েছে আজ ! দ্বীনি ঐক্যের চেতনাকে রেখে প… https://t.co/yDSWngpNjn	Neutral
5827	RT @HotSonai: পৃথিবীতে যতই সুখ পাও না কেন সব বৃথা । আসল সুখ আর তৃপ্তি আছে একটা মেয়ের আলিঙ্গনে । আর এটাই ধ্রুব সত্য আগে ছিল আর পরে ও থাকবে…	Positive
5828	RT @zoy_pal: বাংলাদেশ মানেই রেকর্ড। ২৪ ঘণ্টার মধ্যে back to back দুটো ম্যাচ হারার রেকর্ড ও করল। আজকে আমরা বাঘ মেরেছি... রাতে বাঘের চামড়া…	Neutral
5829	ফুল চাইলে বাগান এনে দেবো সুখ চাইলে পৃথিবীর সব সুখ তোমার পায়ের কাছে এনে দেব, কিন্তু ভুলে যেতে চাইলে গুলি করে বুক ঝাঝরা করে দেবো।	Neutral
5830	আত্মহত্যার জন্য নদীতে ঝাঁপ, প্রেমিক মারা গেলেও সাঁতরে জীবন বাঁচালো প্রেমিকা http://t.co/WPMJPWOytk	Negative
5831	সে দিন ও আকাশে ছিল কত তারা, আজ ও মনে আছে তোমারই কথা....... স্মৃতি নয় এত ঝড়া ফুল ও তারা, ভালোবাসা ভরা তোমারও মমতা.… https://t.co/cSnzr4dfoa	Neutral
5832	শ্বেতার আগেও দেহব্যবসায় জড়িত ছিলেন সাত অভিনেত্রী  http://t.co/0kwXDUM0Ag	Neutral
5833	@Rayhan________ হলে খারাপ হতো না চেহারা ঠিক অাছে ৷ তবে বয়স সেম হবে ++ এমন পর্দাশীল অামি চাই না ৷ যে এমনটা করতে পারে	Neutral
5834	শুভ 2nd বিবাহ বার্ষিকী র অনেক অনেক শুভেচ্ছা রইলো ।। ভগবান সব রকম সুখ র শান্তি দিক তোদের ঝুলি তে ।। সমস্ত wish... https://t.co/kV8TBdR24E	Positive
5835	সাংস্কৃতিক সফরে সিঙ্গাপুর ও মালয়েশিয়ায় গেলেন সাংবাদিক সৌরভ | newsnarayanganj http://t.co/sYXWK1SY5r	Neutral
5836	একা পথ চলতে চলতে অভ্যাস হয়ে গেছে,তাই হয়ত আজ আর আমি পথ ভুল করি না …তোমাকে না দেখে থাকাও অভ্যাস হয়ে গেছে,এজন্যে হ… https://t.co/gz4QnwGjmA	Neutral
5837	@Im_Hassi @sajid_nazmus এখন-ও ২০টা বল-ও খেলে নাই।আগেই কিছু বলো না... আর কিছুক্ষন দেখি...	Neutral
5838	ভুল কিংবা সঠিক বলতে আদতে কিছু নাই। যা আমার কাছে ভুল তা তোমার কাছে সঠিক, যা তোমার কাছে ভুল তা আমার কাছে সঠিক। আবার... https://t.co/4miAXODUv7	Neutral
5839	ভালো পথ ... খারাপ পথ.. দুইটা পথ আপনার জন্য সহজ.. এখন আপনি কোন পথে যাবেন সেটার উপর নির্ভর করবে আপনি কতটুকু ভালো আর কতটুকু খারাপ...!	Neutral
5840	@jannat1819 ও তো বলদ! মাথায় কিছু নেই! মাঠের ভিতর মজা করা লোক ১ নম্বরে কিরন পোলার্ড!! মনে হবে সিরিয়াস কিন্তু ওকে যারা চিনে তারাও মজা নেই	Neutral
5841	ঝিনাইদহে আবাসিক হোটেলে মাদক ও দেহ ব্যবসা জমজমাট: বসির আহাম্মেদ, ঝিনাইদহ : ঝিনাইদহ শহর ও শহরতলির বিভিন্ন স্থানে...http://t.co/ypdGdm4fEi	Negative
5842	@bbcbangla এটা কোন নির্বাচন নয়। আমার এক পরিচিত বারো বছরের বালক আমার ভোট সহ ১২ টা সিল নৌকায় মেরেছে। আরেক জন ১৬ বছ… https://t.co/LhdMAjr2Ty	Negative
5843	প্রাইমারি স্কুলে পড়াশোনা করছে দুই কোটি ১৯ লাখ শিক্ষার্থী। এই বিপুল সংখ্যক শিক্ষার্থীর কাছে ইউনিফর্মের অর্থ পৌঁছানো হবে কীভাবে?	Positive
5844	নুংরা খেলা কখনো রাজনীতি হতে পারে না নতুন প্রজন্ম এর থেকে ভাল কিছু শিক্ষা নিচ্ছে বলে মনে হয় না আমরা তরুন আমরা আমাদে… https://t.co/wBeTax2CgC	Negative
5845	RT @Tapassinha15: @prosenjitbumba সত্যি অসাধারণ মুভি , আজ আবার ও দেখলাম । যতবার দেখি মন মানে না আরো দেখতে ইচ্ছে করে । আর মুভি এর গান গুলো…	Positive
5846	RT @iMashyad: ফুল টাইম পাকিস্তান ৩-০ ভুটান . সেমি ফাইনালে যেতে হলে হারা যাবে না বাংলাদেশের, হারলেই গোল পার্থক্যতে বাদ পড়বে বাংলাদেশ . *…	Neutral
5847	RT @nsohelahmed: আমরা জানি যে কোন জিনিসের যত্ন নিলে তা টেকে বেশি। ভালোবাসা কোন জিনিস না হলেও এটারও যত্ন নেবার প্রয়োজন আছে। তা না... https:…	Positive
5848	বাবুলের বাম বনধের সমর্থন, দিলু বাবুর বাম বনধের কারন কে সমর্থন, মিলে গেলে রাম বাম ফুটকি থাকে পড়ে, ধর্ম নিয়ে রাজনীতি গড়ের মাঠে ঘোরে।।	Neutral
5849	ঢাকা থেকে বাড়ি আসলে প্রতি ১০ মিনিট পর পর আম্মু আর দাদি বলে এটা খাও ওটা খাও। খাওয়ার উপরই রাখে বাড়ি থেকে বের হও… https://t.co/I8SI5yOUVW	Neutral
5850	দীর্ঘ ১৪ বছর পর আওয়ামী লীগের সমাবেশে গ্রেনেড হামলা মামলার রায় হয়েছে ২০১৮ সালের অক্টোবরে। এ মামলায় যাদের সাজা হয়েছে তারা কে কোথায় অবস্থান করছে?	Positive
5851	RT @artis_amir: দিয়েছি তোমায় আমি শুধুই জ্বালা সে জ্বালা হয়েছে মোর গলার মালা কোথাও সীমানা নেই, যে ভালোবাসার, সে প্রেমে আমায় তুমি ভরে যে…	Neutral
5852	@mdreyazhosain80 @S_Alam1999 ঠিক ভাই ৷ তবে বলতে হয় ভাই ৷ কারন বাংলাদেশ নাকি সিংঙাপুর,, দেশে নাকি গরিব/ভিক্ষুক নাই ,, অারো কতো কী ভাই ৷	Negative
5853	RT @_Ovi___: ✨ সাঁতার না জানা লোকটি পানিতে পরার পর বুঝতে পারে সাঁতারের কি মূল্য । . ✨ মায়ের মৃত্যুর পর অবাধ্য সন্তানটি বুঝতে পারে মায়ের…	Neutral
5854	ভারতীয় ও পাশ্চাত্য সংস্কৃতি ডুবিয়ে দিচ্ছে প্রিয় বাংলাদেশকেভারতীয় সংস্কৃতির আগ্রাসনে বিপর্যস্ত বাংলাদেশ। এ... http:/t.co/BKt2qcmi0f	Negative
5855	সবকিছু ঠিক থাকলে আগামীকাল এই সময় ঢাকা - টেকনাফ বাসে থাকবো ইন শা আল্লহ। ফিরে পুরোদমে কাজ আর পড়াশোনা করার মত মাথা ফাঁকা হয়ে যাবে আশা করি...	Neutral
5856	গত বৃহস্পতিবার ছিল সাবিলা নূরের গায়েহলুদ অনুষ্ঠান আর শুক্রবার বিয়ে।	Positive
5857	মেসি সব সময় এলিয়েন অন্য গ্রহে তো মানুষ বসবাস শুরু করে নায় এখন অব্দি! সো ভুল হলে মানুষ বলে ক্ষমা করা সাজে না ভাই… https://t.co/ZqYXcgyiNE	Neutral
5858	“জীবন এত সুন্দর কেনো.... ? সুখ আর সুখ” কেউ যখন কাউরে হাতে বাটি-লাঠি ও বগোলে ঝোলা ধরিয়ে দেয় তাতে যেমন সুখ বোধ করে.… https://t.co/7iYTTcvuXc	Neutral
5859	তোমরা কি দেখ না সিংহ কেমন নিশ্চুপ হয়ে থাকে তবু সবাই তাকে ভয় করে, কুকুর তো সবসময় ঘেউ ঘেউ করে এবং সবাই তাকে ঘৃণা করে।	Neutral
5860	RT @HotSonai: যতই নিজের ঘরে ফেলে আয়েশ করে চোদ না কেন আসল চোদানোর সুখ হোটেলের বিছানায় । হোটেলের বিছানায় চোদানোর আলাদা সুখ আলাদা মজা আছে…	Neutral
5861	যুক্তরাষ্ট্রের একটি গবেষণা বলছে, আশাবাদী ব্যক্তিরা হতাশাবাদীদের চেয়ে অনেক বেশি দিন বাঁচেন	Positive
5862	👥 শুধু শারিরীক নয়, সামাজিক বাধাও ছিল তাঁদের সামনে। তারপরও হুইলচেয়ারে করেই ভালোবাসা দিয়ে তাঁরা জয় করেছেন সব প্রতিবন্ধকতা। ❤️ এ এক অসাধারণ প্রেমের গল্প! 🥰	Positive
5863	সপ্তম অধ্যায়আইনের বিধান লঙ্ঘন, প্রতিবিধান ওজরিমানা আরোপ, ইত্যাদিনির্দেশ প্রদানে নিয়ন্ত্রকেরক্ষমতা৪৫৷ এই আইন...	Neutral
5864	RT @MdShafkat: একেই বলে ছাত্র সমাজ ❤ যেটা কেউ পারলো না, সেটা তোমরা করে দেখালে✌ রাস্তায় কোন জ্যাম নাই, সব সারিবদ্ধভাবে যাচ্ছে, বাহ। অবিশাস্…	Positive
5865	আর লাল রঙের তুলিতে রাঙিও না তুমিআমার জীবনআমার আঁকা স্বপ্নগুলো ছিড়ে ফেলেদুঃস্বপ্ন তুমি আর এঁকো না। — feeling helpless	Negative
5866	মেয়েরা নাটক পরে দেখে,আগে দেখে মডেল দের ড্রেস ^_^ . বাই দা রাস্তা অপরাধী ড্রেস টা মাকেটে এসেছে নাকি ইয়ে মানে এক্স কে গিফট দিতাম আর কি :D	Neutral
5867	মামলায় গ্যাস বেলুনবিক্রেতা আবু সায়ীদকে আসামি করা হয়েছে।	Negative
5868	আজ ফেইসবুক টা দেখতে ভালো লাগছে কত তা নীরব। আর আমার চ্যাট এ বাংলাদেশ এর একজন ও নেই আর যারা আছে তারা একটু স্পেশাল।ὠA cz,,They are without bdὠ0	Neutral
5869	ব্রাজিলে আমাজন জঙ্গলে যে আগুন জ্বলছে সেই পরিস্থিতি আসলেই কতটা খারাপ?	Negative
5870	RT @ImShafiyanCR7: যখন আশরাফুল কে নিষেধ করা হল তখন বাংলাদেশ ক্রিকেট মানেই আশরাফুল যে নিজের দোষ শিকার করেও ৫ বছরের জন্য নিষেধ হয়। ICC না (…	Neutral
5871	টুডে ব্লগঃ এ কে খন্দকারের ‘১৯৭১: ভেতরে বাইরে’ পড়তে ও ডাউন লোড করতে ক্লিক করুন http:/t.co/kXVBwn2YeV via @QuaziSakib	Neutral
5872	কেও যদি কোন খারাপ কাজ করে পেলে তুমি সেটা দেখে থাকো বা জেনে থাকো তাহলে তা প্রকাশ করতে না বলেছেন। তবে হ্যাঁ যদি সে… https://t.co/Gq4SEsHynm	Neutral
5873	রূপ দেখে ভুল করো না রূপটা তো নয় মনের আয়না। সাধু আর শয়তানে যে ভাই দুনিয়ায় চলেছে লড়াই। কে সাধু কে শয়তান তা তো… https://t.co/gx4T7WwzWd	Neutral
5874	জোট হলে ভালো, আর না হলে খারাপ । বক্তব্যে খারাপ উদাহরণ যদি জোট হতে এত দৌড়ঝাপ কেন? সুযোগসন্ধানীর যোগ্য জবাব দিতে প্রস্তুত সাধারণ মানুষ	Neutral
5875	২০০৮ সালের অর্থনৈতিক সঙ্কটের সময় ডাচ শহর অ্যামস্টারডামের কর্তৃপক্ষ মানুষকে নিজের ঘরবাড়ি নিজেই তৈরির করতে উৎসাহ দিতে শুরু করে। সেই উদ্যোগ কতখানি সফল হয়েছে?	Positive
5876	লাক্স ক্যাফে লাইভে আজকের অতিথি মিশা সওদাগর উপস্থাপক: মনজুর কাদের	Positive
5877	RT @NaimeJeet: @jeet30 বস আজ আমার জন্ম দিন প্লিজ আজ আমাই উইস করে আমায় হ্যাপি কর বস প্লিজ সেই সকাল থেকে তোমার উওর এর আসায় আছি কত আসা করে…	Positive
5878	@duiduari ছোট বেলা থেকেই অনেক হ্যাপি ছিলাম হঠাৎ একটা দূগঠনা তারপর চুপচাপ তারপর আবার সব কিছু আগের মত কখন যে কস্ট পাই নিজেও বুঝি নাὠ2	Neutral
5879	কোন এক দিবদের মাধ্যমেই কি একটি #ভালোবাসা প্রকাশ করা সম্ভব ? সম্ভব না ... তাহলে কেনো ?? ভালোবাসা Ὁ9 এক দিনের জন্য নয়… https://t.co/CoprmDTskA	Neutral
5880	মাঝে মাঝে বই টা কে খুব আপন করে নিতে মন চায়। কিন্তু বই শালা এত খারাপ যে আমার আপন ই হইতে চায় না ὡEὡE — feeling funny	Neutral
5881	#newbd ডিএসই ও সিএসইতে লেনদেনের পরিমাণ কমে গেছে http://t.co/SGJPA7vI9u	Neutral
5882	RT @jannatbd24: একাকি খুব খারাপ একটা ছেলে আমি । রিকুয়েস্ট দেবার আগে একবার ভেবে নিবেন এই খারাপ ছেলেটিকে কি ফ্রেন্ড রিকুয়েস্ট দেওয়া ঠিক হ…	Neutral
5883	আহা! কি মজার আইন আইন রে পাগলা! ঘুষ খাওয়া বা কোন বেআইনি কাজের ঘটনা ভিডিও করছেন ত ১৪ বছর জেল। নতুন আইনের ৩২... https://t.co/2gZqWNKb6z	Neutral
5884	খুবই অসাধারণ রান্না করেছὠDὠD ১০ এ ৯.২ দিলাম ; লেট আর ভাগে কম হইছে তাই ০.৮ মাইনাস ὠ1ὠ1 ফাস্ট টাইমেই সেই রান্না করেছὠD!... https://t.co/4yH3HAbWPW	Neutral
5885	ক্যারিয়ার বাছাইয়ে বাবা-মা নাকি সন্তান- কার ইচ্ছা বেশি গুরুত্ব পায় বলে মনে করেন?	Positive
5886	সুপার সাপোর্ট ও ৯৯.৯৯৯\% সার্ভার আপ টাইম নিয়ে গ্রীন হোস্টিং আপনাকে দিচ্ছে হোস্ট গেটর এর মত হাই স্পীড সার্ভারে... http:/t.co/sCxsuVJ6vS	Positive
5887	@tushar9989 এমন করি না ৷ তবে অাজ করেছি ৷ মেয়েটা অামার অনেক টুইটে লাইক দেয় ৷ তাই অামি ওর টূইটে একটা রিপ্লে দিয়েছি… https://t.co/wmDzOxIEyg	Neutral
5888	মনে চাই আজ ওতোমাকে নিয়ে হারিয়ে যাই এইচাদঁনী রাতের নীল আকাশেরমেঘে........ I miss u......	Positive
5889	পাচ টেস্ট আর চারটি ওডিআই পরে ইংল্যান্ড  সফরের   প্রথম ফিফটি  পেল ভিরাট কোহলি!তবে আজকের ব্যাটিং দেখে একবার ও...	Positive
5890	“সুখ পাখি তুই কোন আকাশে থাকিস কোন আকাশে বসে বসে মায়ার সুরে ডাকিস, সুখ পাখি বল তুই বল, কোন আকাশে থাকিস! দূরে না থেকে কাছে বসে একটু ডাকিস	Neutral
5891	একা একা এই বেশ থাকা আলো নেই কোথাও সব মেঘে ঢাকা ছায়া ছায়া সব আবছায়া যাকে খুঁজি তার নেই দেখা আনমনে এই একা একা সব… https://t.co/UPL2kColZO	Neutral
5892	জীবনটা আজ ধোয়া তুলশী পাতা হয়ে গেল, যখন যার কাছে লাগে ব্যবহার করে আবার যখন প্রয়োজন শেষ ডাস্টবিনে পালায়,এই কি আমার জীবনের সুখ আর দূঃখ,,,,,	Negative
5893	মানুষের ভালো দিক গুলো দেখ খারাপ দিক নয় !! এবং স্বীয় খারাপ দিকগুলো দেখ ভালো দিক নয় !!! তাহলে এর দ্বারা তোমার অহংকার হিংসা দূর হবে !!!	Positive
5894	হাই মজা লসসস বাসী :D আমি মায়াবী অনেক দিন পর আড্ডা দিতে এলাম তোমাদের সাথে । ^_^ আশা করি সবাই আড্ডা দিবা তোমরা কে… https://t.co/L2pgrSm7W7	Neutral
5895	কখনো যদি মনে করোএকা হয়ে গেছো তুমিকাছের মানুষটাওদিয়েছে দু:খ তোমায় ।তবে চলে এসো সেইপরিচিত আগের ঠিকানায়।...	Neutral
5896	অ্যাস্ট্রোনট অ্যানি ম্যাক্লেইনের বিরুদ্ধে মহাকাশে থেকে অপরাধমূলক কাজের অভিযোগ...	Positive
5897	ধর্ম বুঝে মানরে সখা অঙ্কে না হয় ভুল মজবি জ্ঞানে সত্য ধ্যানে পাবি ভবের কূল নীরব হয়ে বসরে সখা চুপটি করে শোন অবুঝ... https://t.co/jRPUrAfHDz	Neutral
5898	বাংলাদেশ ক্রিকেট খেলোয়াড়দের সাথে বসেছেন বিসিবি সভাপতি নাজমুল হাসান |	Positive
5899	আজ সকালে ঘুম থেকে উঠে এমন মহান ব্যাক্তি র জীবনের একটি অংশ দেখতে পেলাম যা আমাদের জীবনে ও ব্রত হওয়া উচিৎ বলে মনে করি। https://t.co/iMwanTKW4o	Positive
5900	জবিতে ইসলামের ইতিহাস ও সংস্কৃতি বিভাগের নবীন-বরণ -	Neutral
5901	অনেকে বি এম পি বলে মানে বাংলাদেশ মলম পার্টি ᾒ3 আবার বলে বি এন পি মানে বাংলাদেশ নালিশ পার্টি ᾒ3 অনেকে বলে বিম্পি মানে… https://t.co/q8hn9HLB3R	Neutral
5902	সমাজ নেশা র দাস হয়ে গেসে। সমাজ অসুস্থ। এর মাঝে শিশু রা কিভাবে বেড়ে উঠবে? এসব কেন আমরা দেখে চুপ করে আছি? আকাশ থে… https://t.co/NHklmomOpx	Negative
5903	দক্ষ হলে কাজের ধরণ ভেদে প্রতি মাসে বাংলাদেশী মুদ্রায় 'দেড় থেকে শুরু করে তিন লাখ টাকা' পর্যন্ত আয়ের সুযোগ আছে!	Positive
5904	দুনিয়াতে যে শব্দটা সবচেয়ে বেশি ঘৃণা করি তা হলো--&gt; হুম। কেননা, এই হুম শব্দ দ্বারা তুমি বুঝিয়ে দাও যে, আমার সাথে আর কথা বলতে চাইছোনা।	Negative
5905	✍ এমন অনেক গান আছে যেগুলো শুনলে আমাদের মন অনেক খারাপ হয়ে যায়ὢ8ὡ3 আসলে সেই গান গুলোর কোন দোষ নেই, দোষ সেই মানুষ... https://t.co/rxflDKBN6B	Neutral
5906	সব হাতিই সাথী নয়!  🐘 🐘 🐘	Positive
5907	১৭ বার ইন্টারভিউ দিয়েও চাকুরী পায়নি দিনাজপুরের মুক্তিযোদ্ধার সন্তান http://t.co/mtIvi5PpTP http://t.co/0YbNZ9uwix	Negative
5908	আমরা প্রত্যেকেই আলাদা মানুষ।প্রত্যেকের নিজস্ব চিন্তাধারা আছে,ভাব প্রকাশের অভিব্যক্তি ও আলাদা।অথচ এই আমরাই যখন... http://t.co/TwF55Z0yDe	Positive
5909	আমি প্রধানত গে ভিডিও এবং জাপানের গে ইমেজ চালু করছি. http:/t.co/j2Ar54IQqP	Negative
5910	খারাপ ছিল না। হুম কিছু টা মিল ছিল স্যার হূৃমায়ন আহমেদ এর জীবন এর সাথে। কিন্তু ছবির কথা বললে খুব সুন্দর ছিল — watching ডুব: No Bed Of Roses	Positive
5911	RT @mithila_ria: এখন আমার হাতে এক বোতল বিষ। এত জ্বালা আমার সহ্য হয় না। জানি এটা পাপ। এত যন্ত্রণা আর ভালো লাগে না। তাই আমি যাচ্ছি . ইদুর…	Negative
5912	--ভালো কথা ত সবাইকে ই ভালো লাগে . কিন্তু যদি কারো খারাপ কথা ও আপনাকে খারাপ না লাগে তাহলে . আপনি তাকে ভালোবেসে ফেলেছেন... . --Rohit Raihan.	Neutral
5913	আমি নিরবেই কাঁদবনিরবেই হাসব,কখনও বলব না আরআমার কান্না পাচ্ছে দেখে যাওএকবার ।.আমি নিরবেই জ্বলবনিরবেই মরব... http://t.co/piGx2LPIcd	Negative
5914	RT @sritiochetona: পূর্ণিমা শীলের কথা নিশ্চয় মনে আছে ? ১৭ বছর আগে ধর্ষিত হওয়া পূর্ণিমার কান্না আজো থামেনি। বিএনপি আমলে ধর্ষিত হয় শিশু পূ…	Negative
5915	ঢাকা টু বগুড়া S.R Travels er একটা টিকিট আছে। টিকিট টা ছোট ভাইয়ের জন্য কেটেছিলাম যা তার দরকার হচ্ছে না। তাই কেউ নি… https://t.co/1pywDTqJdk	Neutral
5916	রুমে ঢোকার পর শিক্ষক তাঁকে অতর্কিতে জড়িয়ে ধরেন। ঘটনার আকস্মিকতায় হতবাক হয়ে যান সে ছাত্রী।	Negative
5917	আমি রাজনীতি করি না। তবু একটা কথা বলি, BNPর উচিত জামাতের আন্ডারে কাজ করা আর শিবিরের উচিত জামাতের আন্ডারে কাজ না করা। জি, ধন্যবাদ।	Neutral
5918	অ্যামেরিকার আগামী প্রেসিডেন্ট নির্বাচনে মনোনয়ন প্রত্যাশী ৩জন ডেমোক্র্যাটিক প্রার্থী প্রথমবারের মতো একমঞ্চে এসেছেন!	Positive
5919	কিছু মানুষের স্ট্যাটাস দেখলে মেজাজ অনেক খারাপ হয়। ইচ্ছে হয় আনফ্রেন্ড করে দেই। পরে ভাবি থাক, নির্বোধ প্রানী না থাকলে FB তে বিনোদন দিত কে?ὡC	Neutral
5920	আজ চড়ক সংক্রান্তি, বলা হয়, এ পুজোই মন্ত্র নেই, শুধু গান আছে, আনন্দ আছে, আর শরীর ও মনের সংযোগ এর খেলা আছে।। ধর্ম ও… https://t.co/Q9IzklFmTv	Neutral
5921	হোস্টেলের ৭নম্বর রুম ! আমি, শাম্ব আর প্রসেনজিৎ বসে গল্প করছি ! আমরা 1st ইয়ার তখন ! ভাবছি কি হবে ragging ! হঠাৎ ১২-… https://t.co/6r7HkAwbSd	Neutral
5922	মাত্র ২৮০০০ টাকায় ঢাকা টু - #কলকাতা - #শিমলা - #মানালি - #দিল্লী ট্যুর। অংশ নিতে কল করুন অথবা নিচের লিংক থেকে ফর্ম… https://t.co/pnGRf3604x	Neutral
5923	তামার বু হ স-ই য তামার সব খারাপ িদক জােন, তবুও তামােক পছ কর....। -অালবাট বাড	Positive
5924	এমন এক জন বন্ধু চাই যার সাতে জীবনরে সব কিছু শেয়ার করা যায়। যার হাতে হাত রেখে জীবনের কোঠিন পথ গুলো পাড়ি দেওয়া যা… https://t.co/jjALLkSLji	Neutral
5925	RT @BdChowdhury: একজন প্রবাসী বছরে বিশ লক্ষ টাকা ইনকাম করবে কিন্তু কর দিতে যাবে কেন ? সে কি দেশে থেকে এটা আয় করছে ? এটার জন্য কর নে…	Negative
5926	ভালোবাসা কখনোই জীবন থেকে বড় নয় জীবন আছে বলেই মানুষ মন খুলে হাসতে পারে ভালোবাসতে পারে অনুভূতিগুলো একে অপরের মাঝে বিনিময় করতে পারে ???	Neutral
5927	অধিনায়কত্ব, মানসম্পন্ন খেলোয়াড়, দীর্ঘমেয়াদী পরিকল্পনা নাকি ঘরোয়া টুর্নামেন্ট - গলদ কোথায়?	Positive
5928	RT @AHNAFSHAHRIYAA: #14 টাকায় 40 মিনিট ছিলো অার এখন 14 টাকায় 25 মিনিট. #24 টাকায় 75 মিনিট ছিলো আর এখন 24 টাকায় 42 মিনিট #99 টাকায় 300…	Neutral
5929	প্রতিদিনের সব সংবাদ ও টকশোসহ এক্সক্লুসিভ ভিডিও দেখতে ক্লিক করুন.......	Neutral
5930	লাক্স ক্যাফে লাইভে আজকের অতিথি সংগীতশিল্পী জয়ন্ত আচার্য উপস্থাপক: সারা ফ্যায়রুজ যাইমা (Sara Fairuz Zaima)	Positive
5931	RT @SumyeaLiza: বায়েক : ছ্যারাডা আমার পেরেসটিজ পানচার করি দিলো। উমিনা : ঐ দিন সবাই আমারে নিয়া মজা নিসিলি, আজ তোরে নিয়া নিমু। #EXOL #Be…	Neutral
5932	মডার্ন যুগ মেয়েদের যে নিজের প্রতি ভালোবাসা থাকা উচিত, নিজ দেহেরও যে একটা মর্যাদা আছে সেটা তাদের শেখানো হয় না তারা শেখেও না ✌	Neutral
5933	বিএনপি বা ঐক্যফ্রন্টের নেতার কি জনগণকে মানুষ মনে করে না? তারা জনগণের সাথে আর কত তামাশা করবে? ভোট শেষ এখন বলছে যে তা… https://t.co/RT3tBsm95d	Negative
5934	RT @_bdLevis: এই সরকার ব্লাউজ দিয়েছে ব্লাউজ তারা খোলার অধিকার রাখে এটাই তাদের দলের সনদ।এবার আওয়ামী সরকার আসার পর থেকে সারা দেশে এ পর্যন্ত…	Negative
5935	এটাই তো ভালোবাসা সারাদিন জগরা করবে দিন শেষ এ এক হবে । যতই জাই হক ছেরে কেউ কাউকে যাবে না । — watching Valobashar Khunshuti	Neutral
5936	আমি বলছি তো ভাই ! আড়াই লাখ টাকাই GPA 5 হবে । :::: অদৈত কুমার রায় উপ- পরীক্ষা নিয়ন্ত্রক মাধ্যমিক ও উচ্চ মাধ্যমিক শিক্ষা বোর্ড - ঢাকা	Neutral
5937	দেশেরই চাকর, অথচ ভুলেছে আপন কাজ নাগরিক মারে রোজ, সেই অসৎ ধান্দাবাজ, নিলাজে চালায়ে রাজ। ওরা যে বেতন-ভুক, মালিক যে নাগরিক, সব ভুলে গেছে আজ।	Negative
5938	জুবিন দাই যদি এবাৰ কয় “ যা তাক ধৰ ” তেতিয়া শিলা-দৈত্যৰ দৰে মক্কেলে পকৰ দাঙি বাংলাদেশ পলাব লাগিব ὠ2 কিন্তু জুবিন দা… https://t.co/WybKyenOwN	Neutral
5939	যে দেশে এখনও ঘর থেকে ডেকে নিয়ে গুলি করে মানুষ হত্যা করা হয় প্রমাণ ও বিচার ছাড়া সে দেশ কি সত্যি স্বাধীন ও গণতান্… https://t.co/4oRwdJQfqo	Negative
5940	কার সিরিজ শেষ করলাম। প্রথম এবং শেষ পার্টটা ভাল লাগছে বেশ।স্টোরি শেষদিকে এসে একটু বেশি ফাস্ট মনে হল। হ্যাপি ওয়াচ। — watching Cars 3	Neutral
5941	#বাংলাদেশ vs আফগানিস্তান ২৩- ২, ৫ঃ৩ ওভার, লিটন ১৩, মুশি ১ → #পাকিস্তান vs চোর বাটপার রেন্ডিয়া ২৩-০, ৬ ওভার, ইমাম -১০, ফখর - ৮	Negative
5942	সফল হতে হলে ইনকামের কথা চিন্তা না করে শিখতে হবে , শিখার জন্য শিখতে হবে । ১ বছর পরও যদি ইনকাম হয় খারাপ কি ,... https://t.co/kSZ6Fo3YAs	Positive
5943	শুভ দীপাবলী	Positive
5944	দখল করতে আইসা নিছে হাত দিয়া দেখবে সোনা নাই! না মানে 22 কেরোটের সোনা 18 কেরোট হয়ে যাবে আর কি। বাংলাদেশ দখল করার প… https://t.co/1zCb0yFQ7n	Negative
5945	খেলা 4 বছর পরে 1 মাসের আমরা এই কাঁদা ছোড়া ছুরি করে কেন নিজেদের আপন জনের সাথে সম্পর্ক খারাপ করি! আমরা এতো উগ্র বাদি কেন হয়ে যাচ্ছি?	Neutral
5946	কে বলেছে দুনিয়াতে ভালো মানুষ নাই ?? দুনিয়াতে খারাপ মানুষ এর সংখ্যা খুবই কম। শুধু আমরাই একজন অন্য জনকে ভালো ভাবতে ভুলে গেছি .	Positive
5947	RT @Xk5GT8dom0moTL6: সুখের বাজারে গিয়েছিলাম সুখ কিনতে । আমি গরিব বলে কিনতে পারি নি তবে খালি হাতে ফিরিনি। কষ্টের দাম কম ছিল তাই মন ভরে কষ্…	Negative
5948	RT @AwamiLeague1: নদী সমূহের দূষণ রোধ করা ও নদীগুলোর নাব্যতা ফিরিয়ে আনার উপর গুরুত্ব আরোপ করেছেন প্রধানমন্ত্রী শেখ হাসিনা।আজ নৌ... http:/…	Positive
5949	যখন চুমু দেবে তখন তো আমার ঠোঁট ও ছুয়ে যাাবে তুমি । নিলামে জেতার জন্য কি এটাই যথেষ্ট নয় ?	Positive
5950	: ব্যক্তি ১- বোবার শত্রু নাই কথাটা আসলে ভুল। আমি কারও সাথে কথা বলি না, মিশি না। এই জন্য মানুষ আমাকে দেখতে পারে না।… https://t.co/2CjUVbAVxj	Neutral
5951	কাল কে রাতে হাত কাটা গেছে। খেতে বসে মনে হইতে ছিল দেশে থাকলে সবাই অকারণেও নিজের হাতে ভাত খাইয়ে দিতো ὠD থালামনি, আম্… https://t.co/F41Zss8yy1	Neutral
5952	বেশি রাত জেগো না রাত জাগলে শরীর টা খারাপ করবে বলার মানুষটা এখন আর আমার শরীর খারাপ করার কথা ভাবে না। আমাকে এই কথা... https://t.co/sx1SxE6A4n	Neutral
5953	অসাধারণ মুভি, অনেকদিন পর এমন কিছু দেখলাম। Jay Bahadur নামের এক ভদ্রলোকের লেখা বই এর সত্য ঘটনা অবলম্বনে। — watching The Pirates of Somalia	Positive
5954	তাই যুদ্ধ নয় শান্তি চাই , যুদ্ধ বন্ধুত্ব চাই , যুদ্ধ নয় সমাধান চাই, ভেদাভেদ নয় , ভালোবাসা চাই । আল্লাহ আমাদের সক… https://t.co/Qp4QK78XXf	Positive
5955	ঢাকা বিমানবন্দরে বিমানের এক নারী ক্রু ধরা পড়লেন শরীরে বাঁধা সোনার বার নিয়ে	Positive
5956	ক্ষমা চায় কেনো?- অবশ্যই ভুলের জন্য। আর যে ভুল করে ক্ষমা চাইবার বেলায় ইগো ফ্যাক্ট মনে করে ওরা শুধু অহংকারিই নই ওরা বলদও বটে!	Negative
5957	RT @itz_sojib: কষ্টে থাকা মানুষ গুলো যখন ভালো আছি বলে।ὡ6ὡ6ὡ6 এই পৃথিবীর নির্বোধ মানুষ গুলো ভাবে তার চেয়ে সুখি কেউ নেইὤ1ὤ1।খুব খারাপ লাগে যখন কে…	Neutral
5958	চলতি বাংলায় ত্যাঁদরা যাদের বলে তারা অতি বিখ্যাত হয়ে ভারত মাতার মহান সন্তান | কুবুদ্ধিতে মরলই বা দু দশটা কাঙলা মানুষ যারা চাষা মজুর |	Negative
5959	মানুষ দুঃখ কষ্ট পেয়ে তাঁকে যে দোষ দেয় সেটা ভুল , মস্ত ভুল । তুমি নিজের পছন্দ মত রাস্তা ঠিক করে নিয়ে ভালমন্দ ফলভো… https://t.co/4nx3bX9aWU	Neutral
5960	কিছু কিছু লেখা ভেজা থাকে । দেখা যায় না , তবুও লেখার কান্নাটা ঠিকই টের পাওয়া যায় । নীরবতারও ভাষা থাকে। কিছু না ব… https://t.co/EjQNBLWSjz	Neutral
5961	কীভাবে আইন পরিষদে ঢুকে পড়া বিপুল সংখ্যক বিক্ষোভকারীর সঙ্গে প্রতিবাদে সামিল হয়েছিলেন এক নারী দেখুন তার কাহিনি।	Positive
5962	দেবী, জানিস তো ভুলে যাওয়া আর ক্ষমা করা বা চাওয়া আমের আতে নাই। তাই তারা দুরেই। আমি চাই তারা শুধরে যাক, ভুল আর অপরা… https://t.co/DO7ExzZKDf	Neutral
5963	#Dialogue1 ὅ3 : আমাকে ভালো না বাসলে আপনার হয়না? ὈB : আপনার হয়? এতো কষ্ট দেন কেন? ὅ3 : ভালোবাসা যে দিতে পারিনা, তাই।	Neutral
5964	@fahim7442 @neel2_5 ফাহিম ভাই যে , অংক এত ভালো পারেন ভাই ও জানতো না আমি ও না । ὠ2ὡC আর মজা নেওয়ার কিছু নাই। ᾒA	Neutral
5965	- আশিক সাহেব, যখন চার পাশের সবাই আপনাকে অপছন্দ করতে শুরু করে তখন আপনি কি করেন? - আমি আমার মত থাকতে শুরু করি। এবং… https://t.co/41KYnVG91O	Neutral
5966	শুধু হাসি খুশি থাকলে একটি মানুষ কখনো সুখী হয় না,, এমন কিছু কিছু হাসি খুশি আছে, যা কষ্টকে আড়াল করার জন্যই হাসিখুশি থাকতে হয়।	Neutral
5967	টেকনাফ এলাকায় নাকি মাথিনের কূপ অাছে । মনটা চাচ্ছে এক দৌঁড়ে সেখানে চলে যাই । এই মাত্র যে বইটা পড়লাম এক কথায় অসা… https://t.co/9hqlfyJSue	Neutral
5968	RT @niluarif: মিথ্যে খেলার ছলে বেদে ছিলাম আমার মন কখনও ভাবিনি একদিন তুমি হারিয়ে যাবে আজ হয়তো সেই দিনটা আমার সামনে এসেছে তবে বন্ধু দো…	Neutral
5969	নীলাঃ গুড মর্নিং :)নীলঃ গুড মর্নিং ঠু...তা বউ আমার মর্নিং টি কই??? আদরটাও তো দেখছি না কোথাও... কি ব্যাপার... http:/t.co/meJXh8UzPl	Neutral
5970	মুক্তমনা মানুষ অধিকাংশই নিজেকে মানবতাবাদী বলে দাবি করে । এটা সত্য যে মানবতা হীনে মানুষ পাইনা মানুষের পরিচয় । কেও... http://t.co/fe3ADM4TRJ	Neutral
5971	আমাকে বোঝার মত ও খারাপ situation এ সাপোর্ট দেওয়ার মত যদি কেউ থাকতো জীবনে চাওয়ার কিছু থাকতো না ὡE টাকা পয়সা ত চাইতাম নাὣ0	Negative
5972	বাগদাদির মৃত্যুর অর্থ কি আইএসের চূড়ান্ত পতন?	Positive
5973	আলেকজান্ডারের শেষ ইচ্ছা ও চমৎকার ব্যাখ্যা -Mailbd24 http://t.co/3AtJHFECWP	Neutral
5974	সবার জীবনে এমন একজন থাকুক। না আসলে আসুক। যে তাকে তার প্রতিটা ভুলের জন্যে বাকি সবার মত ভুল না বুঝে বলবে, ঘুরে আসি চ… https://t.co/HqOpaMquir	Positive
5975	না হয় আমি নাই বা জানি আমার অস্তিত্ব, কাগজে কলমে আপনে একেছি চিহ্ন কর্মে বৃত্ত। করো ক্ষমা হে পাঠসয়, ভুল হলে হোক কা… https://t.co/AdLQ11Wfxs	Neutral
5976	রোজ ডে স্পেশাল  . : এই যে শুনছেন হ্যাপি রোজ ডে। গোলাপ টা আপনার। - থ্যাংকু [পার্কে বসে ছিলাম অপরিচিত একটা মেয়ে... https://t.co/a9JSG1rehG	Neutral
5977	বাংলাদেশের জাতীয় মহাসড়কগুলোতে প্রথমবারের মতো টোল দেবার নিয়ম চালু করার পরিকল্পনা করছে সরকার।  পরিকল্পনা মন্ত্রী এম এ মান্নান বলেছেন , টোলের অর্থ বাংলাদেশের সড়ক মেরামত ও রক্ষণাবেক্ষণে ব্যয় করা হবে। উল্লেখ্য, এখন পর্যন্ত কেবলমাত্র সেতু পারাপারের ক্ষেত্রে টোল দেবার ব্যবস্থা চালু রয়েছে। সরকারের নতুন এই পরিকল্পনাকে কীভাবে দেখছেন?	Negative
5978	বাংলাদেশে যে সব কিছু হচ্ছে তা নিয়ে আমার কোনো মাথা ব্যাথা নেই।আমি শুধু চাই বাংলাদেশ এক নির্বলতার মত থাক।আর যা কিছু হচ্ছে এর জন্য সব কিছু করব	Positive
5979	ঘুমানোর মজা আর ভোর দেখার মজা একসাথে পাওয়া যাবে না। যখন জীবন কে চাবুক মারতে হয় তখন জীবন টা কে উপভোগ করলে জীবনে সফল হওয়া যাবে না।	Neutral
5980	RT @AwamiLeague1: ২১ শে আগস্ট ও জজ মিয়া নাটক ২১ আগস্ট, ২০০৪ এর ভয়াবহ গ্রেনেড হামলা ও বিএনপি জামাতের ঘৃণ্য জজ মিয়া নাটক https://t.co/t9eX…	Neutral
5981	আপনি কি জানেন পবিত্র মহান কুরআনে ”ফু“ শব্দাটিই নেই ?? হ্যা নেই । আফসোস লাগে শব্দটি না থাকায় ফুল ফুলে মূখরিত আজ এই বসন্তে ।	Negative
5982	RT @DrMafuzur: স্বদেশী ক বিদেশী সজাই অবৈধ বিদেশী ক স্বদেশী বনুৱাৰ চক্ৰান্ত জাতি, মাটি, ভেটি ৰ চৰকাৰ ৰ | সুবিধাবাদী নেতা ৰ ব্যক্তিগত ৰাজনৈ…	Neutral
5983	@sadek28324783 আমার মতে ২/৩ টাই বেবি ইজ দ্যা বেস্ট । বাকিটা সময় দুজনে মিলে খালি মজা আর মজা করো । এটাই সঠিক রে সাদেক ভাই ὠ3ὠ6ὠ2ὠ3	Neutral
5984	গর্বিত বাঙালী আমরা যতই চাকচিক্য দেখাই না কেন শালার নগ্ন মন মানসিকতা ঢাকতে এক টুকরা ছূতা ব্যবহারের যোগ্যতাও তোদের নাই — feeling খিপ্ত	Negative
5985	হায় কেমনে ভুলিবো সেদিন বল যেদিন তুমি পাশে ছিলে ! ভুলিবো কেমন সে রাত বলো যে রাতে তুমি গেছো চলে আজ তারার আকাশে নেই… https://t.co/3hR8dfl9f5	Neutral
5986	হংকংকে হারিয়ে দ্বিতীয় পর্ব নিশ্চিত করলো বাংলাদেশহকি ওয়ার্ল্ড লিগের রাউন্ড-১ এ নিজেদের দ্বিতীয় ও শেষ ম্যাচে...	Neutral
5987	অবুঝ শিশু চেহারায় কেন এত ভয়,বাবা ও বাবা তুমি থক না অামার সাথে,নাও না বাহিরে তোমার সাথে,ফিল ফিল তাদের দেখছে, অামি কি বুঝাতে ভুল ...	Neutral
5988	খবর ১ - বঙ্গবন্ধু মহান নেতা - ইত্তেফাক, ৯ আগস্ট ১৯৭৫ . খবর ২ - ফেরাউনের পতন হয়েছে - ইত্তেফাক, ১৬ আগস্ট ১৯৭৫ . খবর… https://t.co/HXYS7CEv9y	Neutral
5989	@BCBtigers আমরা এখনও তামিমের যোগ্য ওপেনার , ওয়ান ডাউন পজিশনের ব্যাটস ম্যান , ভালো পেজ বলার , ৬ বা ৭ ডাউনে খেলবে এমন ব্যটসম্যান খুজে পাই নাই	Neutral
5990	RT @BNP76138: নায়ক ফেরদৌস বলছে শেখ হাছিনা যদি নির্বাচিত না হয়, তাহলে দেশ ২০ বছর পিছিয়ে যাবে.. দেশ যদি সত্যিই বিশ বছর পিছিয়ে যায়. তাহ…	Neutral
5991	বিবিসি বাংলার রেডিও অনুষ্ঠানের লাইভ স্ট্রিমিং-এ আজ যা থাকছে: * নিখোঁজ সৌদি সাংবাদিক জামাল খাসোগজির সম্ভাব্য হত্যাকাণ্ড সম্পর্কে তুরস্কের কাছ থেকে তথ্য-প্রমাণ চেয়েছেন প্রেসিডেন্ট ট্রাম্প। এ সম্পর্কে থাকবে বিস্তারিত।  * একাধারে গিটারিস্ট, গীতিকার, গায়ক -- বাংলাদেশের ব্যান্ড মিউজিক ভক্তরা কিভাবে মনে রাখবে আইউব বাচ্চুকে? * বাংলাদেশে লাইভ টিভিতে একজন সম্পাদক-রাজনীতিক এক নারী সাংবাদিককে চরিত্রহীন বলে গালি দেয়ার ঘটনায় ব্যাপক ক্ষোভ তৈরি হয়েছে। * দুর্গা পূজা কীভাবে হয়ে উঠলো বাংলা ভাষাভাষী হিন্দু ধর্মাবলম্বীদের প্রধান ধর্মীয় অনুষ্ঠান?  * থাকছে খেলার খবর। ধন্যবাদ।	Positive
5992	RT @iamsunzid: গল্প লিখিতে হইলে গাজা সেবন করিতে হয়। লিখিবার সময় নাকি ভাব আসিতে চাই না। এ আমাদের তরুন লেখক রা মনে ধারন করেছে। কবিগুরু রবী…	Neutral
5993	আমার মনের যত দুঃখ আমি খুলিয়া কইলাম না বন্ধুরে ... ( মন খারাপ থাকলে নিজেই গাই এই গানটা ... কত্ত একলা গেয়েছি! ) https://t.co/lXF5ljTmwM	Neutral
5994	@Long__Beauty ভুল লেখার কোন অধ্যায় কি তবে তার লেখার তরে ভুল করে নাকি বাছাইকৃত ভাবে, অভাগাদের ভাগ্যে এমন নির্মম হবে কেন করেছেন এমন লিখন!?	Neutral
5995	Infinity War এর স্ক্রিপ্ট ই ভুল ছিল থ্যানোস ভায়ের আংটি বদলে , থ্যানোস ভাই পশ্চমবঙ্গে আসে এবং এক ভোটের ছাপে অধ্যেক মানুষ গায়েব ὠ2ὠ2ὠ2ὠ2	Neutral
5996	দীপাবলির নীতিকথা, দুষ্টের দমন আর শিষ্টের পালন। যুগ যুগ ধরে হিন্দু, জৈন আর শিখ ধর্মাবলম্বীরা ঘরে প্রদীপ জ্বালিয়ে অমঙ্গল দূর করেন আর লক্ষ্মী আনেন ঘরে। বলিউড তারকারাও সেজেগুজে খুব ঘটা করে দীপাবলি উদযাপন করেন। এ বছর দীপাবলির...	Positive
5997	বৃষ্টি ঝড় থামবে কবে -ὡFὡF☔ নদী পাড় হবো কবে --ἲAἰAἲ7 আর বাসায় যামু কবে --! ὢDὢDὢD — feeling sad at সদরঘাট লঞ্চ র্টামি… https://t.co/dlPB4Dsgpb	Neutral
5998	হাই পারফরম্যান্স symphony Xplorer ZIV মোবাইলের দাম ফিচার ও রিভিউ দেখুন http://t.co/UkfwbEGWmo	Neutral
5999	যে মেয়ে বলবে আমি তোমার টাকা পয়সা কিংবা রূপ দেখে তোমাকে ভালোবাসি নাই তা হলে ভেবে নিবেন ওই মেয়ের ভালোবাসা ৯৯% এ মিথ্যা এটা কিন্ত বাস্তব কথা	Neutral
6000	ওহ ম্যান ১ম এপিসোড দেইখাই টাশকিত হয়ে গেলাম পুরা। নাওয়াজ উদ্দিন ত অলয়েজ ই বস এই সব চরিত্রে আর সাইফ আলি খান ও তার… https://t.co/sof04Tm5rW	Positive
6001	কুকুর গুলোর এত কি দুঃখ যে এমন করুণ সুরে কাঁদে, কেঁদেই চলে??? মানুষ এর থেকে ও কি তাদের কষ্ট আরো অনেক বেশী???	Negative
6002	সবাই ই থাকতে পারে। কিন্তু মিথ্যা কথা গুলা বার বার মনে পড়লে খারাপ লাগে। কখনো ছেড়ে যাবনা, কষ্ট দিব না, আরো কত কী :-) :-)	Neutral
6003	মাঝে মাঝে মন খারাপ করা উচিত। এতে মন ভালো থাকে☺ এটা স্বাস্থ্যের জন্য উপকারী, যদিও একটু তেঁতোὡ0 তবে মন খারাপ ফ্রি তেই পাওয়া যায় ὠ1	Neutral
6004	RT @Bhattacharya912: উমা এক বাবা আর মেয়ে গল্প। তবে এই গল্পের প্রতিটা ধাপেই জেনো এক বাবা ও তার সন্তানের গল্প। খুব ভালোলাগলো। সবাই অনবদ্য। ত…	Positive
6005	জীবন রহস্যময় ,গতিশীল,জটিল এক জিনিস ,আসলে জিনিস না , জিনিস বললে ভুল হবে , জীবন একটা ব্যাপার , একটা ভাবনা , একটা সত্… https://t.co/x597nKtDeS	Neutral
6006	RT @AHNAFSHAHRIYAA: তবে কেন এই হাজারটা স্বপ্ন দেখা কাউ কে নিয়ে । যা বাস্তবতা থেকে অনেক দূর । যা শুধু কারো কারো কাছে ক্ষণিকের আভিনয় । আ…	Negative
6007	আমি ভেবেছি- যে, আমার বয়স টা কত? কেননা - এই বয়স টা আমরা শয়তানের উছিলায় অনেক ভুল কাজ করে পাপ এ লিপ্ত হই। যার… https://t.co/pUftBejKTS	Neutral
6008	একটি ভুল প্রচলন : কুরআন মাজীদ পড়ে গেলে কি তা ওজন করে চাল সদকা করতে হয়? কিছু কিছু মানুষের ধারণা, হাত থেকে যদি... https://t.co/zvqz7J9LaG	Neutral
6009	মনে হয় কিছু পাগলের ভাব আছে আমার ভেতর। নইলে এমন কেনো হয় যে পাবলিক বাসে গান গাইতে ইচ্ছে করবে! গলা খারাপ যে তা নয়।.… https://t.co/oAgkNCXxVa	Neutral
6010	সেলফোনের স্ক্রিন আনলক করতে গিয়ে থেমে যাই , কখনো ইচ্ছে করে ভুল প্রেস করি । কি করব ? ওয়ালপেপার এ দেয়া ছবি টা যে... https://t.co/Xwg8AfljCX	Neutral
6011	@Im_Hassi তা তো আমিও।তবে আমি ধরেই নিয়েছি যে ইন্ডিয়া আমাদের বেশি উপরে যেতে দিবে না। তাই যতদিন আছে ততদিনই ব্যপারটা উপভোগ করছি,সমর্থন করছি।	Positive
6012	#News:   ‘আদিবাসী’ নারীর উন্নয়ন ও তাদের অধিকার বাস্তবায়নে রাষ্ট্র ও সমাজকে এগিয়ে আসার আহ্বান জানিয়ে বক্তারা...	Neutral
6013	:/ :/সুন্দরী মেয়েদেরসাথে প্রেমকরা মোটেও ঠিক না।কারণ:১) ওরা এয়ারটেলবোনাসেরমত প্রপোস পায় !!২) ওরা...	Negative
6014	RT @daffodils_15: ১৪০ এর বেশি শব্দ দেওয়ার চেয়ে ইডিট অপশান টা দিলে বেশি ভালো হতো -___- যাইহোক ,হ্যাপি গ্যাঁজানি ❤ সবাই বেশি বেশি লে…	Neutral
6015	এ জাতি মেনেই নিয়েছে প্রতিনিয়ত সে অবৈধ আওয়ামী অপশক্তির হাতে ধর্ষিত হয়েই যাবে ... জাতির একটাই আশা .. ব্যথাটা যেন একটু কম লাগে ..... :)	Negative
6016	বৃষ্টিভেজা বলিউড সুন্দরী রানি মুখার্জি (ভিডিও) http://t.co/cbbFVDyyz8 via @shadhinbangla24	Neutral
6017	RT @only_rajotto: কোনো কথাই বলা যাচ্ছে না মুখের ভিতর আড়ষ্ট হয়ে আসছে জিভ দাঁতকপাটি লেগে যাচ্ছে চিৎকার করতে চাই মুখ দিয়ে কোনো শব্দই বের ক…	Neutral
6018	বিশুদ্ধ ভালোবাসা এবং সন্দেহ কখনো এক সাথে বাস করতে পারে না। দরজা দিয়ে যখন সন্দেহ প্রবেশ করে, ভালোবাসা তখনই জানালা দিয়ে বের হয়ে যায়	Neutral
6019	ভুল স্বীকার করলেও সাকিবকে ছাড় দেয়নি আইসিসি। তাঁকে দুই বছরের জন্য সব ধরনের ক্রিকেট থেকে নিষিদ্ধ করা হয়েছে।	Negative
6020	কারও মনে তুমি দিও না আঘাত সে আঘাত লাগে কাবার ঘরে। মানুষেরে তুমি যত কর ঘৃণা খোদা যান তত দূরে সরে ......।। বিদ্রোহী কবি কাজী নজরুল ইসলাম ἳ7ἳ7ἳ7	Neutral
6021	বিশ্বকাপের প্রথম ম্যাচ ঘিরে বাংলাদেশ দলের অনুশীলন। ওভাল থেকে বিবিসি বাংলার ফেসবুক লাইভে বিস্তারিত। Bangladesh Cricket : The Tigers	Positive
6022	RT @msaif3109_m: পৃথিবীতে যত বৃক্ষ আছে, সবই যদি কলম হয় এবং সাত সমুদ্র পানি যদি কলমের কালি হয়, তবুও মহান আল্লাহর কথাগুলি লিখে শেষ করা যাবে…	Neutral
6023	RT @Rajibpalanoy1: কেন পিরিতি বাড়াইলারে বন্ধু ছেড়ে যাইবা যদি কেমনে রাখবি তোর মন কেমনে রাখবি তোর মন আমার আপন ঘরে বাধিরে বন্ধু —- ছে…	Neutral
6024	বিবিসি বাংলায় এখনকার প্রধান খবর বাংলাদেশে জামায়াতে ইসলামীর নেতা ব্যারিষ্টার আব্দুর রাজ্জাকের পদত্যাগের পর দলটির সংস্কার প্রশ্নে সুপারিশ তৈরির জন্য একটি কমিটি গঠন করা হয়েছে। চার বছর আগে একুশে বইমেলা প্রাঙ্গণের বাইরে লেখক অভিজিৎ রায়েকে হত্যার ঘটনায় সাবেক এক সেনাকর্মকর্তাসহ ছয়জনকে আনুষ্ঠানিকভাবে অভিযুক্ত করা হয়েছে। কেন্দ্রীয় ব্যাংক তিনটি নতুন বেসরকারি ব্যাংককে লাইসেন্স দেয়ার চূড়ান্ত অনুমোদন দিয়েছে। বাংলাদেশে ৬২টি বেসরকারি ব্যাংকের আসলে কতটা প্রয়োজন? শুনবেন এ নিয়ে বিশ্লেষণ। ভারতশাসিত কাশ্মীরে সহিংসতা নিয়ে গত কয়েকদিনে যারা সোশ্যাল মিডিয়াতে যুদ্ধবিরোধী পোস্ট দিয়েছেন, তাদের ওপর সংঘবদ্ধ হামলা হচ্ছে বলে অভিযোগ উঠেছে। সাথে থাকবে খবরের সর্বশেষ শিরোনাম এসব নিয়েআ বিবিসি বাংলার আজ সন্ধ্যের প্রবাহ। শোনা যাবে রেডিও আর অনলাইনে, আর ফেসবুকে বিবিসি বাংলার পাতায় দেখা যাবে সরাসরি লাইভ স্ট্রিমিং।	Positive
6025	জীবনে কত গুনাহ পাপই করা হলো তবে ওইসব গুনাহ ও পাপ থেকে উত্তম হলো তওবা ইস্তেগফার পাঠ করা সেই লক্ষ্যেই খালিছ তওবা ও ই… https://t.co/TwBaQMI55j	Positive
6026	RT @dafil: আমেরিকায় জাতীয় জরিপে দেখা গ্যাসে প্রতি ৪০ টি শিশুর ১ জনের অটিজম। বাংলাদেশে এমন কন ডাটা এখনো নেই কিন্তু সংখ্যাটা কাছাকাছি হবে।…	Neutral
6027	Jahid H শুভ জন্মদিন ❤ ব্যস্ত মানুষ তুই, তোর সময় নষ্ট হবে, তাই বড় পোস্ট লিখলাম না। নির্বাচন জিতে ঢাকা এসে ট্রিট দিয়ে যাইস &lt;3	Positive
6028	ছোট ভাই : আমাকে বলতেছে ভাই আমার GF কে ঈদে কিছু গিফট দিতে পারি নি তাই ওর মোন খারাপ এখন কিছু দিতে চাই ।আমি : ভালো দা… https://t.co/LotWDMVYHx	Neutral
6029	RT @ahameduzzal3: আর জীবনের শেষ মুহূর্ত পর্যন্ত এই দলের সঙ্গেই থাকতে চাই। মীর জাফরের অপবাদ নিয়ে মরতে চাই না #তার থেকে জিয়া পরিবারের অনুগত…	Neutral
6030	যদি নির্বাচন সুষ্ঠু হয় তাহলে যেই হারুক না কেন জিতবে বাংলাদেশ !! আর যদি নির্বাচন সুষ্ঠু না হয় তাহলে যেই জিতুক না কেন হারবে বাংলাদেশ।	Neutral
6031	RT @SuhelHasan71: বাতাসে পাওয়া - খবর ১ : সিরিজ হারার পরও গতকাল খোশ মেজাজে শপিং করছেন বাংলাদেশ ক্রিকেট দলের খেলোয়াড়রা ! খবর ২ : সিরিজ…	Neutral
6032	RT @TeamTigersBD: বাংলাদেশ ἙA শ্রীলঙ্কা Ἴ6 এশিয়া কাপ ⏰ ১৫ সেপ্টেম্বর বিকাল ৫: ৩০ মি: ἽF দুবাই ক্রিকেট স্টেডিয়াম ὏A গাজী টিভি, মাছরাঙ্গা টিভি…	Neutral
6033	মুখ ও মুখোশ নিয়ে অশ্লীলতার অভিযোগে মুখ খুললেন	Positive
6034	আজ ১৫ই জানুয়ারি, মঙ্গলবারের প্রবাহে যা যা থাকছে: দুর্নীতি বিরোধী সংস্থা টিআইবি আজ প্রকাশ করা এক রিপোর্টে দাবি করেছে, বাংলাদেশের নির্বাচনে ব্যাপক অনিয়মের অভিযোগের পক্ষে তারা অনেক তথ্য প্রমাণ পেয়েছে এবং এসব অনিয়মের বিচার বিভাগীয় তদন্ত দাবি করেছে। -টিআইবির রিপোর্টের জবাব দিয়েছেন নির্বাচন কমিশনের সদস্য অবসরপ্রাপ্ত ব্রিগেডিয়ার জেনারেল শাহাদাৎ হোসেন চৌধুরি বাংলাদেশ সরকার তাবলীগ জামাতের বিভক্তি মিটিয়ে ঐক্যবদ্ধভাবে বিশ্ব ইজতেমা করার জন্য সংগঠনটির দুই গ্রুপের প্রতিনিধিদের ভারতের দেওবন্দে পাঠানোর উদ্যোগ নিয়েছে। ইউরোপীয় ইউনিয়ন ছেড়ে বেরিয়ে যেতে ব্রিটিশ প্রধানমন্ত্রী টেরিজা মে যে খসড়া চুক্তি করেছেন, সেটির ওপর আজ ভোটাভুটি হতে যাচ্ছে ব্রিটিশ পার্লামেন্টে, এবং এর ওপর এখন নির্ভর করছে প্রধানমন্ত্রী টেরিজা মে’র রাজনৈতিক ভবিষ্যৎ। সাথে থাকবে খবরের সর্বশেষ শিরোনাম শোনা যাবে শর্টওয়েভ ও এফএম রেডিওতে - আর ফেসবুকে বিবিসি বাংলার পাতায় দেখতে পাবেন সরাসরি লাইভ স্ট্রিমিং	Positive
6035	আজকে একজন জিজ্ঞাস করল ভাই আজকের খেলায় কে জিতবে আপনার মনে হয় “আমি বললাম বাংলাদেশ ” বলল কীভাবে ভাই “আমি বললাম দু দু… https://t.co/g92DOP0z9r	Neutral
6036	@MaoBXwQKo6xk1p0 এটা ঠিক না শুনুন আল্লাহ এটা চান কেউ তার জীবনসাথী খারাপ চাক এটা ভুল এমন মানুষ চান যে আপনার জীবনে আলো ছরিয়ে দিবে	Neutral
6037	হই হই কানডো রই রই বেপার। আর দূরে কোথাও নয় আপনার fb তেই খারাপ মন ঠিক করার ফর্মুলা angle tonni and abdul kader naye… https://t.co/15I9oK71IJ	Neutral
6038	ঠিকই আছে এই মেয়েগুলো ভাল ভালো করে ২৪/৭ খুন্তির সেঁকা যে দিতে পারে বাকি ১% মেয়ে পৃথিবীর সব থেকে খারাপ , কারন তারা.… https://t.co/3A3sQeGzye	Neutral
6039	RT @AndyRC3001: @srinathraghava3 যত দোষ আমাদের, বাঙালির। আর #NiravModi রা নিরবে দেশ লুঠ করে সাদা সাহেবের দেশে গা ঢাকা দেয়। আসলে ওই সাদা চা…	Negative
6040	@apon_atik হ্যা থাকবে। তবে সে জন্য নিজের কিছু কাঠ খর পোড়াতে হবে। তারপরে যদি সুখ হয়। আর সে জন্য সব চেয়ে বড় যেটা… https://t.co/WeCcXgWGwA	Neutral
6041	বাংলাদেশ ক্রিকেট ও হ য ব র ল... ⬇️ 1⃣ নান্নু, সুজন, তামিম ও রুবেল যেতে পারেননি মূল দলের সাথে ভিসা জটিলতার কারণে, স… https://t.co/07zpvRidzq	Negative
6042	তুমি ভালো আছো এটাই তো চাই। আসলেই ভালো আছো। কোনো স্মৃতি মনে করাতে চাইনা, আগের কোনো কিছু বলতে চাইনা। তবুও কেনো যেন অ… https://t.co/fYN0qzI0uC	Neutral
6043	বিল বাড়ছে বাড়ুকহাসপাতালগুলো লাশ আটকে রাখুক,আমার মনটা মৃত,দেহটা লাশ...লাশকাটা ঘরে দিব্বি পরে আছি,তবুও আমার... http:/t.co/zhGtAu4l9a	Negative
6044	মানুষ মানুষকে নিয়ে খেলে ভয়ংকর এক খেলা নাম তার অবহেলা । জানি না এমন কি আছে... কেমন সুখ আছে ! তবুও খেলে এই কষ্টের… https://t.co/gnhYPDit7Y	Neutral
6045	বাংলাদেশ যে উন্নত দেশে পরি নত হবে,তা গ্রামে গেলে বুঝা যায়,কারন যে জমির মূল্য শতক তিন হাজার ছিল তা এখন ষাট সত্তর হা… https://t.co/1a8LLS16R9	Neutral
6046	RT @msaif3109: হুররেরেরে গোলললললল। বস লিওনেল মেসির গোলের শতক পূর্ণ হয়ে গেছে ।দুর্দান্ত এক ফ্রি কিক থেকে গোল করেন বস । সাবাস বস। অভিনন্দন র…	Positive
6047	@forhadmessi হুম, এ রকম হলে খেলা দেখে মজা নাই, এক তর্পিয়া হয়ে গেল, ১৮০-২০০ রান হবে, টার্গেট লক্ষ্য করার জন্য লড়াই হবে, দেখতে ভালো লাগে	Neutral
6048	মহাৰাজ... এটা যে ডাঙাৰ কথা হল কালি যাৱা ৰাতি কালি যাৱা ৰাতি প্ৰিয়াৰ প্ৰিয় হৈ গেল... এটি নতুন শৈলীৰ গান। @zubeengarg1 মজা হৈছে দাদা ὄC	Neutral
6049	কেন জানি খুব বেশি মনে পড়ে তোমাকে চোখ খুলে দেখি না তোমাকে। কোথায়ে আছো কেমোন আছো আছো কোন শহরে। লাল নিল বতি দেখে ভু… https://t.co/5CmZ8xIaLj	Neutral
6050	বাংলাদেশে ভূমি দলিল নিবন্ধন সেবা খাতে দুর্নীতি প্রাতিষ্ঠানিক রূপ লাভ করেছে - টিআইবি'র  নির্বাহী পরিচালক ড. ইফতেখারুজ্জামান	Negative
6051	#bengali “এই রে এক্ষুনি চেঁচাবে” অলোকের কথা শেষ হয় না , নেড়ি দুটো পিছু হটে – কেমন যেন ভয় পেয়েছে । ওদের পাশ কাটি… https://t.co/SkwKo5EeBO	Neutral
6052	RT @nusratjahanjeni: আমি মুক্ত বলাকা নুসরাত জাহান আমি মুক্ত বিহঙ্গে উড়ে চলি আকাশে নেই কোন ভাবনা নেই কোন যাতনা নেই কোন আশা আল্পনা এমন সুখ…	Neutral
6053	<<<<<<<Education Special>>>>>প্রতিদিনের সব সংবাদ ও টকশোসহ এক্সক্লুসিভ ভিডিও দেখতে ক্লিক করুন...... http://t.co/7nLs6g0bVh	Neutral
6054	কখনো অন্যের কথা শুনে মন খারাপ করতে নাই। নিজে আর আল্লাহ তো জানি আমি কেমন। সত্যিকে মিথ্যা বানানোর চেষ্টা করলে এর বিচার আল্লাহ্‌ই করবেন।	Positive
6055	পুরান ঢাকা আসুম আর দে ছুট এর Md Javed হাকিম ভাই এর সাথে মোলাকাত হবে না তাই কি হয়৷ ? চায়না মারকেট এর মসজিদ গলি… https://t.co/OjwndbMwl1	Neutral
6056	তোমাৰ মৰমবোৰ কৃত্ৰিম আছিল এই কথা ভাৱি দুখ লাগে কাৰণ মোৰ মৰমত স্বাৰ্থ নছিল মাথো তোমাৰ দুখ ৰ সমভাগী হব খুজিছিলো । ভুল মোৰ এয়াই নহয়নে ?	Neutral
6057	RT @SankarDutta5111: আপনি আপনার দিদির পদলেহন করছেন করুন। লোকে সব দেখে ও বোঝে। মমতার পদচিহ্ন অনুসরণ করার কথা বলে আর লোক হাসাবেন না। সবাই…	Negative
6058	বিএনপি যে হারল একদম ঠিক হইসে ১০০% ঠিক হইসে। EVM EVM না করে যদি বলত ভোট কেন্দ্রে মিডিয়া allowed করা হোক সাথে ফোন ও… https://t.co/67P6AmCZ4j	Neutral
6059	সম্পত্তির লোভে যে সমস্ত মেয়েরা বিয়ে করে ,না তারা কাউকে সুখী রাখতে পারে না নিজে সুখী হতে পারে শুধু চাহিদা টুকু পূরণ হয় ।।।	Neutral
6060	এত কিছু মেনে কি চলা যায় !!ᾑ4ᾑ4 . ১) অতি পরিচয়ে দোষ আর ঢাকা থাকে না। ২) অধমেরা ধন চায়, মধ্যমেরা ধন ও মান চায়। উত্ত… https://t.co/sOpR3npYqX	Neutral
6061	This is why no one should keep trolling on 7 goals. খারাপ দিন যে কারোর ই আসতে পারে। BD হারার পর আমাদের কে India Pak… https://t.co/XyQAPdr3XP	Neutral
6062	Congrats Man ὠ1ὠ1ὠ1 জানামতে এখন পর্যন্ত বাংলাদেশ থেকে এই টপিক রিলেটেড ব্লগ কেউ এত দামে সেল করে নাই ὠAὠAὠA Now its time t… https://t.co/dIQ6AQ93d4	Positive
6063	শীতের সকালে, কুয়াশার চাদরে ঢাকা সূর্যের আলোতে। যদি ঘুম ভাঙে তোমার, মনে করবে প্রথ্ম গুড মর্নিং উইশ টা ছিল শুধু আমার। শুভ সকাল ।	Neutral
6064	যিনা কি ? প্রেম কি ? ও শাস্তি কি ? বিয়ের পূর্বের প্রেম = যিনা ,( অবৈধ , হারাম )। বিয়ের পরে প্রেম = ইবাদত ,(... https://t.co/HAEM3OAnwP	Neutral
6065	@ArabeKnd আমি বলছি না যে, বিএনপি কে ক্ষমতায় যেতেই হবে!! নির্বাচন টা উৎসব মুখর হওয়া উচিত ছিল। জনগণের ভোট স্বাধীনতা টুকু দেওয়া উচিত ছিল।	Neutral
6066	@Lovemymessi জি প্লাসে যাও?	Neutral
6067	#৪ বাদে বাকি সব পারছি। মজার ব্যাপার #৪ এ ওরা যেটা বললো তার বাইরেও আরেকটা গড়মিল আছে, আর ওটাই আমার চোখে পড়ছে ὠ2ὠ2ὠ2 https://t.co/KfrfVJSxas	Neutral
6068	ঢাকা শহরের ৪/৫ কোটি মানুষ যদি ১ টাকা করেও ভিক্ষা দেয় তাইলেও তো ভিআইপি সিগ্নালে বসে থেকে সময় নষ্ট করতে হত না, ভিআই… https://t.co/RjvCvrrnKi	Neutral
6069	@MamataOfficial দিদি , হাওড়া G T রোড এর দিক থেকে ব্রিজ এর নিচে দিয়ে স্টেশন আসার রাস্তা তা খুব নোংরা হয়ে থাকে। দে… https://t.co/R3ID6zcEcl	Neutral
6070	এত এত নামী খেলোয়ার নিয়ে যদি রামোস এর মত ইতর কে যদি এসব করতে হয় তাহলে সেটা খুব ই লজ্জার।।। হার জিত আছেই খেলায়… https://t.co/HVDYoaH6BA	Neutral
6071	একই স্ট্যাটাস আবার দিলাম :) ভবিষ্যৎ এ আবারো দিতে হবে :) :) মানুষ এর সবচেয়ে বড় ভুল আর বোকামি হলো সে ইতিহাস থেকে... https://t.co/4vFxGbJ7hW	Neutral
6072	শরীরটা খারাপ লাগছে, গলার অবস্থা ভালো না, গলা ভেংগে গেলে গান শুনাবে কে শুনি ὠE আর এই সময় গরম গরম এক কাপ চা ও নিজের বানিয়ে খেতে হচ্ছে ὡ5	Neutral
6073	‘বাংলাদেশে পাস্তুরিত প্যাকেট দুধে ক্ষতিকর রাসায়নিক ও অণুজীবের উপস্থিতি নিয়ে চলছে নানা আলোচনা; পরিস্থিতি কতটা উদ্বেগের?’ এ নিয়ে প্রতিবেদন দেখুন বিবিসি প্রবাহের আজকের অনুষ্ঠানে। মন্তব্য করে জানান আপনার মতামত। বাছাইকৃত কিছু মন্তব্য প্রচার করা হবে বিবিসি প্রবাহ অনুষ্ঠানে আজ রাত ৯:৩৫ মিনিটে, চ্যানেল আই’তে।	Negative
6074	তোমার সেই হাসি দেখেছি শেষ কবে তোমার অভিমানের শেষ কি হবে কথায় কথায় ভুল ধরো যখন এই তুমি কি ছিলে আমার সে জন ।	Neutral
6075	Bangladesh Cricket : The Tigers ক্রিকেট টিম কি হাতির পাঁচ পা দেখে ফেলছে নাকি ὠD তাই বলে এমতে ! বাংলাদেশ সাবাস❤️ ওয়েস্ট ইন্ডিজ খাঁ বাঁশ ὡC	Positive
6076	হারাধনের ৭ টি ছেলে হারিয়ে হারাধন যেমন জ্ঞ্যান হারিয়ে ফেলেছিলো । তেমন নির্বাচনে হারা দল বিএনপি ও ৭ টি আসন পেয়ে জ্ঞ্যান হারিয়ে ফেলেছে ।	Negative
6077	চোখ রাখুন আজ সন্ধ্যে ৭ টায় জাজ এবং কে এইচ কে প্রোডাকশন এর অফিসিয়াল ফেইসবুক পেইজ এ। আজ ই হয়ে যাবে মিস্টার বাংলাদে… https://t.co/nkgLE0GBKL	Neutral
6078	'অভিযানের সময় বাগদাদি আত্মঘাতী বিস্ফোরণ ঘটিয়েছেন। ওই সময় সেখানে চিৎকার ও কান্নার শব্দ শোনা যায়। বাগদাদির...	Positive
6079	RT @RJ_________3: আমি যদি কখনো কোনো দিন বদলে যাই তবে আমাকে তুমি ভুল বুঝে না, কারণ আমি তো তোমার দেয়া অবহেলার কারণেই বদলে যাব।ὢBὢBὢB https://…	Neutral
6080	@love143MK দেখা যাবে তুমি আমারে কতবার কল দাও, ৭ মাস ধরে আমার এলাকাই আসছ আর এবার ঢাকা আসছ আর ফ্রি হবা কল দিয়ার জন্য	Neutral
6081	ব্রাজিলের কোচ হিসাবে দুংগাম্যাচ : 61 জয় 43ড্র : 12 পরাজয় :6তারপরেও দুংগা ভাল না! দুংগা হেন তেন......... :/	Neutral
6082	RT @nusratjahanjeni: কন্যা শিশু হলেই তুমি তেল আগুনে জ্বলো কোন পুরুষের গর্ভে তুমি জন্ম নিয়েছো বল আজকে তুমি নিজে পুরুষ সেই অবদান কার নারীর…	Neutral
6083	কষ্ট গুলো নিজেরাই পরিপূর্ণ । এবং একাই সেটা বহন করতে হয় । কিন্তু ছোট্ট কোন সুখ ও একা পরিপূর্ণ না । আপন / প্রিয়... https://t.co/17MgJpVbSz	Neutral
6084	♥♥ ভালোবাসার জন্য ভালোবাসচ্ছি ♥♥ এর পিছনে কোন কারন নেই ।। যদি বলো কেন ? এর উওর আমার জানা নেই.... আর আমি জানতেও চা… https://t.co/LqkveNICzm	Neutral
6085	চলো বসা যাক , ভালোবাসা যাক যেন আর কিচ্ছু পারি না । চলো ভাসা যাক , ভালোবাসা যাক , যেন আর কাউকে চিনি না ὠ3	Neutral
6086	আমরা হয়তো প্রায়ই/সবসময় কিছু না পেয়ে আক্ষেপ করি সবার আছে আমার কেন নেই, ওরা তো খুবই ভালো আছে আমি কেন এমন হতে পার… https://t.co/cRgaNDBgcP	Neutral
6087	@DailyJugantor যদি শুধু ৭-৮ হাজার দর্শকই এই দেশের ভোটার হত, তাহলে কতই না ভালো হত। সব ভোট নৌকা চড়ে বসত। মাঝ থেকে বিএনপি ধরা খাইত! কি মজা!	Neutral
6088	গত দেড় বছর অপরিচিত নাম্বার থেকে ফোন আসে কল ধরলে কথা বলে না, কেটে দেয়, ব্যাক করলে বিজি অথবা বন্ধ ( আসলে আমাকে ব্লক… https://t.co/4LlEkc4kua	Neutral
6089	হিমু কি আজ ও হলুদ পাঞ্জাবি পরে এলোমেলোভাবে রাস্তায় ঘুরে বেড়াই আর আজ ও কি নীল রূপা হিমুর অপেক্ষায় প্রহর গুনে.....?	Neutral
6090	কত রাত কেটে গেছে আধারে , নেইতো ভোরের দেখা বোঝাবো কিভাবে ? কত ঘুম মিশে গেছে অজানায় জানে শুধু দু ‘ চোখ ভুল সে স্বভাবে ।	Neutral
6091	ভালো মানুষগুলো খুব দেরিতে নষ্ট হয় | তিলে তিলে খারাপ হয়... এরপর আর তারা ভালো হয় না, ভয়ঙ্কর হয়ে যায় | অনেক ভয়ঙ্কর !!!	Neutral
6092	আমরা সবাই ভূল করি , পাপ করি কেউ নিখুঁত নয়। কিন্তু আপনি আপনার ভুল থেকে শিখুন এবং প্রতিটি দিন একটি ভাল ব্যক্তি হওয়ার চেষ্টা করুন ।	Positive
6093	যে নেতা নামাজ পড়ে না, সে নেতার পিছনে রাজনীতি করা এক জন মুসলিমের পক্ষে কখনো উচিত নয়। কারন যে আল্লাহর হক আদায় করে… https://t.co/1KxxP6DTAv	Neutral
6094	ভুল পথে অগ্রসর হওয়া প্রতিটি কাজই ত্রুটিপূর্ণ থেকে যায় আর তা যেখন খুঁজ পাওয়া যায় তখন আর পিছু হাটার সময় থাকে না !!! - ওয়াসিম খান	Neutral
6095	লাক্স ক্যাফে লাইভে আজকের অতিথি নাট্যব্যাক্তিত্ব মাসুম রেজা  উপস্থাপক: সারা ফ্যায়রুজ যাইমা (Sara Fairuz Zaima)	Positive
6096	প্রত্যেক মহৎ কাজের শুরুতেই অসম্ভব এসে পথ রোধ করে । যারা দক্ষ ও অধ্যবসায়ী- তাদের কাছে খুব কম কাজ ই অসম্ভব মনে হয় । - স্যামুয়েল জনসন	Positive
6097	RT @masudahmed_s: যাদের টুইটার একাউন্ট আছে তারা এই হ্যাশ ট্যাগ ইউজ করে টুইট করুন বেগম জিয়া মুক্তি না পাওয়া পর্যন্ত । প্লিজ । No Election…	Neutral
6098	@taslimanasreen feminist ! নারীবাদী ? তাহলে এর উল্টো দিকে কি পুরুষবাদী ? নারীবাদের বিশেষত্ব কি ? আবার দেখছি, তসলিমা সুব্রতর এমন ছবি লাইক ১	Neutral
6099	Hadith of the day:আল কোরআন ও হাদীসের কথা●● প্রত্যেক প্রাণীকেই মৃত্যুর স্বাদ গ্রহণকরতে হবে।[সূরা আল ইমরান, আয়াত	Neutral
6100	আমি রাগ করবো, মন খারাপ করবো, আর কেউ একজন এসে আমার রাগ অভিমান ভাঙ্গাবে এটা সবাই আশা করে প্রিয় মানুষটির কাছে কিন্তু কজন বোঝে ?	Neutral
6101	সাজেঁকে ৩১ ডিসেম্বর রাতে আমার মন জুড়ানি উঠোন মাতাল বাতাস বইবো , ফানসুর লগে আমি উইরা যামু , পাহাড়ি মদ খাইয়া পাহাড় থেকে লাফ দিমু	Neutral
6102	জীবনে ২ টা ভুল মানুষ প্রতিনিয়ত করে, কিন্তু শিক্ষা নেয় খুব কম মানুষ আর যারা ভুল থেকে শিক্ষা নেয় তারা হয়ে যায় শ… https://t.co/OvmXpLi7GR	Neutral
6103	# বড় ধরনের দুঃসাহসিক কাজ আপনি হাতে নেবেন যদি জীবনে স্বপ্ন দেখতে চান । # ভুলের সঙ্গী হচ্ছে মানুষ । কারন ভুল না কর… https://t.co/DLabzg2wjq	Negative
6104	@Touch_MH মজা করি বলি আপনি ও আমাকে বলেন। এটা আপনার সমস্যা হয় একবার বলে ২য় বার বলতাম না। এখন যেহেতু বলছেন আর ভুল হবে না।	Neutral
6105	অগপ এখনো বলছি ভুল সংশোধন করে পাঁচ কোটি উদ্বাস্তু কে বন্ধু মনে করে। নাগরিক আইন পাষ করে নিতে দাও । তোমাদের শত্রু হলো… https://t.co/XR5TWDY4ka	Neutral
6106	রশিদনগরে সাংসদ কমলের রোগমুক্তি কামনায় খতমে কোরআন ও দোয়া - Abnews	Positive
6107	RT @SubhrajitNath7: পারবো না আমি ছাড়তে তোকে র title track 10 million+ viewer হওয়ার জন্য বনিদা ও কৌশানীদিকে আমার তরফ থেকে অনেক অনেক শু…	Positive
6108	RT @Monimukta41941: শালুক ফুলের লাজ নাই রাইতে শালুক ফোটে লো রাইতে শালুক ফোটে, যার সাথে যার ভালোবাসা সেই তো মজা লুটে লো - বকুল ফুল, বকুল…	Neutral
6109	RT @AmalKalita20: পোন প্রথমে হিমা দাস লৈ অভিনন্দন জনালো | ধন্য হিমা দাসৰ মা -দেউতা আপোনালোকৰ কাৰণে ভাৰত বাসীয়ে আজি গৈৰৱৰে কব পাৰিছে আমি ভা…	Neutral
6110	@Aban__Ind @From_Himalaya @shashangko Thank You Aban বাবু I কিন্তু তাহলে অংক টা হবে ৫/৫.৫ কোটি , তাই না , ৮ / ৮.৫ কোটি নয় I ভুল বল্লাম ?	Neutral
6111	ও মাই গড ও মাই গড!! কতদিন পর শুন্তেসি!! ὠA ছোটবেলার ভালোবাসা - ১ ❤️ কত ছবির অকূল জগত নিজের বিশ্বাস নিজের কাছে,... https://t.co/TWexQ1KMO3	Neutral
6112	‘পুনর্বাসনের অভাবে পরিবার ও সমাজে টিকে থাকতে কতটা সংকটে পড়েন পাচার আর নির্যাতনের শিকার হয়ে দেশে ফেরা নারীরা?’ এ নিয়ে প্রতিবেদন দেখুন বিবিসি প্রবাহের আজকের অনুষ্ঠানে। আপনার মতামত জানাতে এখনই মন্তব্য করুন। বাছাইকৃত কিছু মন্তব্য প্রচার করা হবে বিবিসি প্রবাহ অনুষ্ঠানে আজ রাত ৯:৩৫ মিনিটে, চ্যানেল আই’তে।	Negative
6113	ফেসবুকে বিবিসি বাংলার প্রবাহ অনুষ্ঠানের লাইভ স্ট্রিমিং। আজ ৩ রা জানুয়ারি, ২০১৯, বৃহস্পতিবার বিবিসি বাংলার প্রবাহ অনুষ্ঠান শুনতে সাথেই থাকুন	Positive
6114	একে একে নিভে যাচ্ছে এক একটি আলো, জনবহুল এই মার্কেট টি আস্তে আস্তে মনে হচ্ছে এমন যেন ঘুমিয়ে পরছে । এখনো ২/১ টা দো… https://t.co/30rCNbcDPm	Neutral
6115	আমি লিখেছিলাম,সে হাত ধরোনা যে হাত ছেড়ে দেবে…আমার কষ্ট হবেআমি মুছে ফেলেছি …হাত না ধরেও হাটা যায় পাশাপাশি...	Negative
6116	রোহিঙ্গা রা আমাদের জাত ভাই ওদের আশ্রয় দেন এই হইছে সেই হইছে যায় হোক এখন বুঝতেছো তো বাংলাদেশ বাকিটুকু আজকের ডি বি সি নিউজে	Negative
6117	হাই সবাই কেমন আছ Ὁ8 জদি কনো মেয়ে আমার সাথে গপনিউ বাবে কথা বলতে ছাও তাহলে আমার ইমো তে মেছেচ দাও100 / অনেক মজা দিমু https://t.co/lFpKvLwTRv	Neutral
6118	ভালোবাসা ফুরায় না , প্রেম কভু হারায় না , অনুভবে থাকে যার যার । কেউ না জানুক আমি তো জানি আমি তোমার , কেউ না জানুক তুমি তো জানো তুমি আমার ।	Positive
6119	বিজেপি কে এত ভয় ও ঘৃণা কেন বন্ধু , কত টাকা মেরেছ সাধারণ মানুষের ? তাই ভয়? বাংলা তে দিকে দিকে অবিচার অন্যায় হ… https://t.co/1YD2MRAdRs	Neutral
6120	আর মহান আল্লাহ্ পাককেই সিজদা করে আসমান সমূহে যা আছে এবং যমীনে যে প্রাণী আছে, আর ফেরেশতারা এবং তারা অহঙ্কার করে না। -সূরা নাহল: ৪৯।	Neutral
6121	বিএনপি যে কত বড় মূর্খের দল এই এই পোস্ট টি দিয়ে ই বুঝা যায় । এমপি বাদল সাহেবের ভাসন মূলত জিয়াকে স্বাধীনতার ঘোষক… https://t.co/tWB8f8nPBZ	Negative
6122	স্থানীও খবরঃ বগুড়া সমিতি ও উত্তরবঙ্গ জনকল্যাণ সমিতির ত্রাণ বিতরণ/ http://t.co/gVCc82STF9	Neutral
6123	সিডি নিউজ২৪.কম, ঢাকা ০৭ সেপ্টেম্বর : সড়ক পরিবহন ও সেতুমন্ত্রী ওবায়দুল কাদের বলেছেন, “সরকারের অংশ হয়ে কেউ সরকরের... http://t.co/V16TYHWyh7	Neutral
6124	@obujbalok8846 সঠিক সময়ে সঠিক কথাটা বলতে না পারা টাও একটা বিশাল ব্যথতা। তাই বলি কনো সময় নিজে ভুল করি আর সময় নাই জেনে ভুল হয়	Neutral
6125	জীবনের সবচেয়ে বড় ভুল গুলোর মধ্যে বড় একটি ভুল হলো, হুট করে কাউকে খুব বেশি আপন ভাবা, কারন আগে বুঝতে হবে যে, তার কাছে আপনার গুরুত্ব কত টুকু।	Negative
6126	অনেক কিছুর পাইছি - স্পেশালি পেলাম অনেক ভালোবাসা - এই শহরে ন্যায় - অন্যায় বলতে কিছু নাই - যারে সহ্য হয় না তারে পু… https://t.co/np3v5fXMol	Neutral
6127	যখন একজন তোমার থেকে দূরে সরে যাবে ভেবে নিও তোমার কোন ভুল ছিলনা, যখন দুইজন তোমার থেকে দূরে সরে যাবে বুঝে নিও হয়ত... https://t.co/AkoqcVQy6K	Neutral
6128	'সরকার যেভাবে দেশ চালাচ্ছে, তাতে কাউকে কোনো জবাবদিহি করতে হচ্ছে না...	Positive
6129	সর্দি নিয়া কাপড়ের দোকানে ঘুরবার আলাদা একটা মজা আছে। রুমাল বা টিস্যু লাগে না। কাপড় দেখার ছলে হাত পরিষ্কার করে ফেলা যায়! — feeling super	Neutral
6130	মেয়েটা যে অন্য কারো সাথে রাত কাটিয়েছে এটা ভাবতে আপনার খারাপ লাগবে না ??? ভাই বলেছিল ঃ আমি যে তার দেহকে না শুধু তা… https://t.co/WWsbPybt45	Neutral
6131	🎓🎓 যারা বিশ্ববিদ্যালয়ে ভর্তি হতে আগ্রহী তারা পড়ে দেখতে পারেন 📔	Positive
6132	তারেক মাসুদ ও মিশুক মুনীরের মামলার সাক্ষ্য গ্রহণ http://t.co/ZFa7SvFZZS	Negative
6133	RT @Mistimeye_: অর্থ দিয়ে ঘড়ি কেনা যায় । সময় নয়.... অর্থ দিয়ে বই কেনা যায় । বিদ্যা নয়.... অর্থ দিয়ে রক্ত কেনা যায় । জীবন নয়...…	Neutral
6134	অস্থির এক সময়ে অধিনায়কত্ব এসে গেছে মুমিনুল হকের হাতে	Positive
6135	RT @10MinuteSchool_: কেউ যদি তোমার কাছে Penny for your thought চায় তাহলে তাকে একটা পয়সা দিয়ে দিও না কিন্তু! মজার এই Idiom টার অর্থ শি…	Neutral
6136	আজকের প্রবাহ টেলিভিশন অনুষ্ঠানের একটা বড় অংশ জুড়ে থাকছে ছাত্র রাজনীতি। একসময় বাংলাদেশের রাজনীতিতে মুল চালিকা শক্তি হলেও, এখন সেই ভুমিকা কতটা রাখতে পারছে রাজনৈতিক ছাত্র সংগঠনগুলো? শিক্ষার্থীদের স্বার্থ নিয়েই বা কতটা কাজ করছে তারা?  এ বিষয়ে আপনিও জানাতে পারেন মতামত। বাছাইকৃত কিছু মন্তব্য প্রচার করা হবে বিবিসি প্রবাহে আজ রাত ৯:৩৫ মিনিটে চ্যানেল আইতে।	Positive
6137	jabed umar ♥ ~ সবাই তো সুখী হতে চায় তবু কেউ সুখী হয়, কেউ হয়না। জানিনা বলে যা লোকে সত্যি কিনা? কপালে সবার নাকি সু… https://t.co/qLY7hv1xRV	Neutral
6138	হঠাৎ করি একটা গান গাতি মনে কচ্ছে গোলাপির কথা মনে পইরে গেলহঠাৎ করি শরীফউদ্দীন ভাইয়ের কথাও মনে পইরে গেলএর জন্য...	Positive
6139	ওই বড় ভাইরা রাগ কইরেন কেনকা ? ব্রাজিল সাপোর্ট করেন I ৪ বছর পর আবার সুযোগ পাইসি একটু তো জালামুই ৭ গোল খাবার পর এখ… https://t.co/qjQjrD4CHS	Neutral
6140	বিভিন্ন অবস্থায় এ পর্যন্ত ২৫টি কুকুরের মৃত্যুর তথ্য পাওয়া গেছে। 🐕 :(	Negative
6141	যেই কাজটি আমি করতে চাচ্ছি, আজ থেকে ১০ বছর পর সেই কাজের জন্য কি আমার খারাপ লাগবে নাকি ভাল লাগবে? এটা নিয়ে ভাবুন। উ… https://t.co/nBEgsZJ3XM	Neutral
6142	শয়তান কখনও মানুষের বন্ধু হতে পারে না আর জেনে রেখে শয়তানের কাজ প্রতিটা সময় মানুষকে ভুল পথে পরিচালিত করার চেষ্টা করা।। — feeling determined	Neutral
6143	Ὁ9ὉCযদি মনে করো ভালোবাসা মরে গেছে ὉCὉ9 Ὁ9ὉCযদি মনে করো ভালোবাসা আর নেই Ὁ9ὉC Ὁ9ὉCযদি মনে করো ভালোবাসা বলে কখনো ছিল না কিছুὉ9ὉC Ὁ9… https://t.co/anqjDdLD2V	Neutral
6144	 আপনার আপেক্ষায় আমি , আপনার আপেক্ষায় সারা বাংলাদেশ !! আমার এক নেতা ,আমার এক আদর্শ , প্রিয় নেতা তারেক রহমান  -স… https://t.co/cVyOZmTI0w	Positive
6145	ভালো মানুষকে খারাপ দেখানোর প্রবণতা সেই আদিকাল ধরে দিনের শেষে নতুন প্রতিভা তাই অকালে ঝরে পড়ে অনাদরে ।। - এ কে দা স মৃ দু ল	Negative
6146	আমার fb তে দুটি রত্ন খচিত আবাল গান্ডু আছে যাদের ধারণা kkr জিতলে বেটিং আর হারলে fair play. চোদনা গুলো আল বাল বকা বন্… https://t.co/Cpfvb3xxKV	Negative
6147	যে দেশে মাষ্টার্স পাস বেকার, এস এস সি পাশ এমপি মন্ত্রী। এমনকি নাচনে ওয়ালী ও এমপি, হয়ে যায় সে দেশে শান্তি আশা করা… https://t.co/bOsqNBuqXy	Negative
6148	দারুণ এই ছবিগুলো ভালো না লাগার কোন কারণ নেই 📸📷	Positive
6149	কক্সবাজার সমুদ্র সৈকতে প্রকাশ্যে অশ্লীল ভিডিও ধারণ !http:/t.co/k4jguDbFtb http:/t.co/lj0alD0HuP	Negative
6150	@ProthomAlo সেটা যেনে আমাদের লাভ কি। এরা কি করলো না করলো সেটার খবর প্রচার না করে দেশের আনাছে কানাছে নজর দিন এর থেকে ভালো নিউজ পাবেন।	Neutral
6151	হরিণ ছানার বাংলাদেশ - জানো নাকি মা এখান থেকে বহু দূরে আছে যে এক মিষ্টি মধুর দেশ, তুমি কি জানো সেই দেশটার নাম?… https://t.co/mTR6lqKy9H	Neutral
6152	বলিউডের মত স্থানেও রীতিমত অশ্লীল আখ্যা পেয়েছে এসব।কী আছে সেই গানে যে বলিউডেও অশ্লীল হিসাবে সমালোচনা হচ্ছে? কেন... http:/t.co/NgWKSl0S9j	Neutral
6153	Marder [ নরহত্যা ] [ A crazy lover ] Writer : Nabila Ishq Part : 10 ইশিতাকে আর পায় কে দে দৌর? রাফি হেসে দেয়।… https://t.co/09Kpgtf9JT	Neutral
6154	@lisahaque152 ওদের তো শুধু দিবস আসলে ই মনে হয় আজ এই দিবস কাল সেই দিবস,কিন্তু দিবসটা কিভাবে আসলো তা না জানলে ও চলে… https://t.co/zHyzgOeE2o	Negative
6155	সাদা-কালো ছবিতে নারীদের সৌন্দর্য ফুটিয়ে তুলতেন যিনি...	Positive
6156	ভালো আছি ভালো থেকো,আকাশের ঠিকানায় চিঠি লিখো,দিও তোমার মালাখানি বাউলের এই মনটারে,আমার ভিতরে-বাহিরে, অন্তরে... http://t.co/9Ga4bZCjNq	Positive
6157	"ফেলুদা'র সাথে আলাপন: ""ফেলুদার হাইট ছয় ফুট দুই ইঞ্চি, আমার একটু কম ছয় ফুট দেড়।"" 👇👇"	Positive
6158	সেক্সভিডিও প্রকাশের মতো ভুলের পুনরাবৃত্তি চান না কিম কার্দাসিয়ান | Last News BD .com http://t.co/BwiU91oVlQ	Positive
6159	ভারতে ভাইরাল হওয়া একটি ভিডিও:	Positive
6160	যাবে যদি যাও,কেন পিছন ফিরে চাও ?দেখছ, কাদছি নাকি ?কাদবে কি আর শুকনো আঁখি !আবার কেন দাড়ালে ঘোরে?অভিনয় করে...	Negative
6161	যারা কাজের জন্য জাপান যেতে চান....Those who want to go to Japan for work....	Positive
6162	@bORhan_UD একবার দেশে গেলে আসতে আবার দশ লাক্ষ নিয়া টান দিব, যার কারনে অবৈধ কেউ থাকলেও যাইতে চায়না।। তবে এখন অবৈধ লোক নাই বললেই চলে।।	Neutral
6163	মেয়র সাহেবের ছেলেরও অনেক রাগ আছে, সেটা সহজে বের হতে দেয় না, একবার বের হলেই সবাই মন খারাপ করবে, অনেক পেইন নিয়ে চু… https://t.co/GAAQoS0VcK	Neutral
6164	ছোট একটি গল্প (একজন M, অপরজন T) * তারা একই ক্লাসে পরতো। * ২ জনেরই বফ &amp; গফ ছিল। M তার বোনের বিয়েতে আসে। T তার বান্… https://t.co/yJQrx6QXiw	Neutral
6165	আরো অনেক অনেক সংজ্ঞা আছে , যা বলতে গেলে অনেক বলা যাবে কিন্তু শেষ করা যাবে না । মেয়ে রা ও কম করে না , তাদের ও অনেক অবদান থাকে ।	Positive
6166	দিদি এটাই কি রাজনীতি ,আমি আমার কথা বলছি আমার বিধবা মাকে নিয়ে আজ থেকে দীর্ঘ ৪০থেকে ৫০ বছর যাবৎ একটি খাশ জায়গায় বসবাস করিতেছি ওই জায়গাটিত	Neutral
6167	বাংলাদেশ দলের শেষ ওভারে জয়ের জন্য যখন ৬ বলে ৯ রান দরকার হয়। অাফসোস এই ৯ রান নিয়ে জিততে কখনো দেখি নাই... #Afg vs… https://t.co/60xW50pfne	Neutral
6168	সাধারণত খুব কম কোনো পেজ শেয়ার করি , নিজের লোকেদের ও নয় । তবে শিল্পে যখন যন্ত্রণা আসে তা ভিন্ন হয়ে ওঠে । https://t.co/PKDJTskVXh	Neutral
6169	পাচ বছর পূর্বেকার ভালোবাসা যদি পাচ বছর পরও একই জায়গায় দাড়িয়ে থাকে, তাহলে বুঝতে হবে যে, বেচারা টের পায়নি যে সে মরে গেছে। ।। বিশ্বকবি।।	Neutral
6170	সৌরভ, দ্যা এডমিরাল আলাদিন , সবসময় আমাদের লিড দিয়ে অস্তি কিন্তু এর পর কে লিড দিবে রে? তোর আর লিমা এর সাথে একই দিনে… https://t.co/hcdC8dK4Lr	Neutral
6171	RT @SHIHABR41801399: পৃথিবীতে দু জন মানুষ অনেক সুখী ! একজন হলো, যে তার ভালোবাসার মানুষকে নিজের মতো করে পেয়েছে, আরেকজন হলো, যে এখনো জানে না…	Neutral
6172	@_Nishi_islam করতে থাকেন সময় হলে শুরু হবে তাই আগে ভালো করে খেয়েনিন পরে হয়ত বা মন ও খারাপ হবে আর না ও খেতে পারেন?… https://t.co/0vPCzzyj69	Neutral
6173	আমিনুল হকের মাথায় রাজনীতি ছাড়া আর কিছু যে নাই এই লিখাই তার প্রমাণ! ছুটির দিনে আমার লগে কথা না বইলা সে এই বিশাল বি… https://t.co/mfhAvni5qH	Neutral
6174	একযুগের বেশি সময় ধরে ক্ষমতার  বাইরে থাকা দলটির নেতা-কর্মিদের একটা বড় অংশ নিস্ক্রিয় হয়ে পড়েছে।  প্রশ্ন উঠেছে দলের কৌশল নিয়ে। সাংগঠিনিক স্থবিরতা কাটাতে দল পুনর্গঠনের উদ্যোগেও গতি নেই।	Positive
6175	প্রতিদিন আপনার সন্তানকে একবার হলেও বলুন এই কথাগুলোদ্রুতগতির এই পৃথিবীতে আপনার সন্তান বেড়ে উঠছে প্রতিনিয়ত একরাশ... http://t.co/SDvMrn9z0Y	Positive
6176	গ্রামের পরিবেশ আরামদায়ক বলে আমার মনে হয়। শহরে এ সুখ পাওয়াযায় না শহরে সকল ধরণের দূষন এখানে ঘটে। I Love You My Mo… https://t.co/jfjE180WMJ	Positive
6177	সবার সাথে গর্ব করে বলার মত একটা আন্দোলনে অংশ নিতে পেরে খুব ভাল লাগছে। একেই বলে ঠেলার নাম বাবাজি। — at শাহাবাগ, ঢাকা https://t.co/4iVUgB1yEz	Neutral
6178	এদেশের ভিআইপি গন যদি ১০ মিনিটে ঢাকা শহরের ব্যস্ততম রাস্তা ফাকা করে দিতে পারে, তবে তারা চাইলে ১০ বছরের মধ্যে দেশের কি পরিবর্তন করতে পারেন?	Positive
6179	সরকার স্বরুপে ফিরে আসার আগেই ঘরে ফিরে যাও .. কেন সে প্রশ্ন করোনা , তাহলে বুঝে নিবে তুমি কী ..? ( অপশন একটাই , জা… https://t.co/7jNccuBLxT	Neutral
6180	সুন্নাহের গুরুত্ব ও প্রয়োজনীয়তাhttp:/t.co/Kv996tV8FV	Neutral
6181	সবার জীবনে খারাপ সময় আসে আবার খারাপের পর ভাল সময় ও আসে।। আমার জীবনে কি কখনো ভাল খারাপ সময় শেষ হবে না।। কখনো কি... https://t.co/4MgOqK7HRU	Negative
6182	ঢাকা শহরের সকল বাস এসি হতে হবে। এখন যত বাস আছে এই সবগুলো তুলে ফেলতে হবে। রিজার্বে বিলিয়ন ডলার না রেখে এগুলো কাজে… https://t.co/I3W9LujblQ	Neutral
6183	ডাকসু নির্বাচন ঘিরে উত্তেজনা চলছেই ঢাকা বিশ্ববিদ্যালয়ে। সেখানকার সবশেষ অবস্থা কি, কোন পক্ষ কি বলছে? এসব নিয়ে বিবিসি বাংলার ফেসবুক লাইভ	Positive
6184	→ মুখে যা চায় সব কিছু বলো না কারণ তোমার মুখের কুটুক্তি অন্য জনের কষ্টের কারণ হতে পারে . → যৌবন যা চায় তা তুমি করো… https://t.co/FKfgClJwaM	Neutral
6185	চোখের জলের ভাষা আমার চোখের জলের ভাষা সে যে কেন বোঝে না | আমায় বুঝি কখনো সে ভালোবাসে না | Full poem link… https://t.co/o87TNN9S7I	Neutral
6186	RT @HotSonai: #ঠাপ এমন মার যেন #গুদে #বাঁড়া নয় গোটা দুনিয়া ঢুকিয়ে দিতে চাইছ !! তবেই নিজের #মগি টার চোখে হয়ে উঠবে সুপারম্যান । কষ্ট তেই…	Neutral
6187	আমি খোঁজে ফিরি তারে যে আলো হবে মোর আধাঁরে পাশে রবে ঐ পূর্ণিমা চাঁদের মতন ভূলে যাবো সব দুখ দেখে তার ঐ চাঁদ বদন — পো… https://t.co/y0Ikve2m3s	Neutral
6188	gp অফিসিয়াল সেটিংছ দিয়ে FREE DOWNLOAD হচ্ছে || TK+MB কিছুই কাটছে না ||আপনিও দেখতে পারেন only opera mini দিয়ে :D :P	Positive
6189	৭১ এর পরাজিত শক্তিরা ৭৫এ বঙ্গবন্ধুকে স্বপরিবারে নির্মমভাবে হত্যা করে সূচনা করেছিল মুক্তিযুদ্ধ ও বাংলাদেশের... http:/t.co/dyzrruI7Cm	Negative
6190	শেখ মুজিবুর রহমান জয় পাকিস্তান বলেছিলেন, স্বীকার করলেন কাদের সিদ্দীকি ও শফিউল আলম প্রধান http://t.co/MVgvcAAOba	Neutral
6191	এসেছি মরক্কোর আর একটি পুরাতন শহর ফেজ এ, এখানে এসে উঠেছি সেই এক রাজকীয় অতীত হোটেলে, হোটেল বললে ভুল বলা হবে , এটি... https://t.co/Z1QWUAE3Q4	Neutral
6192	মনে রাখা ভালো, গণহিংসার আগুন একবার জ্বলে উঠলে তা নেভানোর সাধ্য কোনো দমকল বাহিনীর নেই।	Negative
6193	হে আল্লাহ! আমি তোমার নিকট দুনিয়া ও আখেরাতের নিরাপত্তা কামনা করছি। হে আল্লাহ! আমি তোমার নিকট আমার দ্বীন ও... http://t.co/MNosYGJEYA	Positive
6194	 নয়াদিগন্ত -কে শুভেচ্ছা । ২০০৪ সালে শুরু , ১৪ শেষ করে ১৫তে পা দিলো ২৫ অক্টোবর । প্রধান অতিথি ছিলেন বিএনপি ম… https://t.co/1xOQm4IluC	Neutral
6195	বনানিতে বহুতল ভবনে আগুনের সবশেষ খবর নিয়ে বিবিসি বাংলার ফেসবুক লাইভবনানী আগুন: সবশেষ পরিস্থিতি নিয়ে ফেসবুক লাইভ	Negative
6196	ভুল যা করেছি আমি, মন যা ভেঙেছি আমি, জুড়ে দিতে রাজি আছি আজ..ὢ2ὢ2 একবার গানটা সবাই শুনে দেখ, এই গানটা সোনার কর কোনো… https://t.co/JNSJhhmiu2	Neutral
6197	বাংলাদেশে সম্প্রতি পাস হওয়া ‘ডিজিটাল নিরাপত্তা আইন ২০১৮’ নিয়ে গণমাধ্যম এবং  মানবাধিকারকর্মী-লেখকদের উদ্বেগের জায়গাটা কোথায়? এ বিষয়ে প্রতিবেদন দেখুন ‘বিবিসি প্রবাহে’র আজকের অনুষ্ঠানে।  আপনার মতামত জানাতে এখনই মন্তব্য করুন। বাছাইকৃত কিছু মন্তব্য প্রচার করা হবে ‘বিবিসি প্রবাহে’ আজ রাত ৯:৩৫ মিনিটে, চ্যানেল আই’তে।#bbcprobahotv	Negative
6198	#৪০তম বিসিএস প্রিলি প্রস্তুতি #বাংলাদেশ বিষয়াবলী বিভাগ - ৮ টি জেলা - ৬৪ টি বৃহত্তর জেলা - ১৯ টি সিটি কর্পোরেশন - ১… https://t.co/ngSYfoNf3C	Neutral
6199	RT @Nora_Mousina: @AquaticTj @BTS_twt আমি শ্বাস নিতে চাই, আমি এই রাত ঘৃণা করি আমি জাগতে চাই, আমি এই স্বপ্ন ঘৃণা করি আমি নিজের মাঝেই বন্দী…	Neutral
6200	যে ছেলেটা বাড়িতে থাকতে মাছ মাংসἵ7ἵ6 খেতে অনীহা প্রকাশ করত,,,, এখন সে ভেন্ডি ভর্তা আর পেঁপে ἴB তরকারিও অনায়াসে খেয়ে ফেলে ὠAὠA . ὠAὠA✌ .	Neutral
6201	অামি তো ৮ হাজার + মেসেজ ব্যাক অাপ এ রেখেছে....! মাঝে মাঝে ক্লাউড এ ঢুকে চেক করি..... অার ও ব্যাক অাপ এ যাবে মনে হ… https://t.co/W6keset1m5	Neutral
6202	ভুল সবই ভুল এই জীবনের পাতায় পাতায় যা লেখা, সে ভুল। ভুল সবই ভুল এই শ্রাবণে মোর ফাগুন যদি দেয় দেখা, সে ভুল।।... https://t.co/1q7CY0d4KP	Neutral
6203	এই মেঘলা দিনে একলা ঘরে থাকে না তো মন, কাছে যাব কবে পাব ওগো তোমার নিমন্ত্রণὠD — feeling alone at ফজলুল হক মুসলিম হল,… https://t.co/IQPVcZ8mtk	Neutral
6204	তুমি আর আমি যদি পাশাপাশি থাকি, তবে ভালোবাসা হয়। কিন্তু তুমি আর আমি হাজার বার পাশাপাশি লিখলে ও কেউ কারো নয়। কি অদ্ভুত! :-( :-(	Neutral
6205	আমি কষ্ট পেলেওভয় নেই,বোঝার মতো কেউ নেই ।আসছি একা কাঁদছি একা,চলেও যাবো ঠিক এভাবে একদিন একা একাই ।#khan	Negative
6206	ছদ্মবেশে বাংলাদেশেও এসেছিলেন ওসামা বিন লাদেন ও আয়মান আল জাওয়াহিরি ! http:/t.co/rQtg4RC2uJ	Neutral
6207	কারো মনে আঘাত দিওনা, সুখী হতে পারবে না| ভালোবাসতে না পারো, অভিনয় করো না| মনে রেখো, কারো চোখের পানি, তোমার জীবনে অভিশাপ হয়ে ঝরতে পারে!	Neutral
6208	জেনে নিন মাইগ্রেন ও মাথাব্যথা কমাতে কিছু সাধারণ টিপস্। বিস্তারিত- http://t.co/9Wc9xHkrk0	Neutral
6209	মানে আবার সেই wall ভর্তি এই তুই করেছিস এটা খেলা শুরু হল.. যদি গোপনে লেখে তাহলে তাকে guess করে যে কি মজা কে জানে.. #SaraharBaccha #Stulish	Neutral
6210	রায় ঘোষণার আগ পর্যন্ত তিনি খোশমেজাজে ছিলেন।	Positive
6211	বালিকা, হিজাব পরে ছবি তুলতে ভুল করেননিতো ? কাল বাদে পরশু রোজা ! প্রোফাইল পিক পালটে দিতে হবে না ? ;) চাঁদ রাতে আবার… https://t.co/qFcchYPH5s	Neutral
6212	ὄ9 ২ এর মধ্যে যার কথা ই শুনি ὄ9 তার কথাই সত্যি মনে হয় ὄ9 মিথ্যে তো একজন বলছেন ই ὄ9 হয়তো আমরা বুঝতেছি না ὄ9 তিনি কে ❓	Neutral
6213	ভারতের দক্ষিণের একটি শহরে মাত্র এক রুপিতে ভরপেট নাশতা করাচ্ছেন ৮০ বছরের এক বৃদ্ধা। ত্রিশ বছর ধরে তিনি খাবারের দাম বাড়াননি	Positive
6214	কেমন আছ বন্দুরা কে আছ আমার সাথে সেক্স পাটনার হবা খুভ মজা করব আমরা সেক্স করতে করতে আনেক দিন হল চুদা খাইনা কে আছ মন ভ… https://t.co/a9EBdxhVTV	Neutral
6215	হেফাজত কে যারা এত দিন বাহ বাহ তেল মেরে গেছেন তারা আজ গালি দিচ্ছে। আবার যারা এতদিন তাদের বদনাম করেছে তারা বুকে টেনে… https://t.co/xOG9nnjVUc	Neutral
6216	আমি এখন বুঝতে পারি যে আমার যেকোনো বাঁশ খাওয়ার কারণ শিব আর কালীর ছবি ২০ জনকে ফরোওয়ার্ড না করা। আমার মতন ভুল করিস… https://t.co/B5i0GxhRJ4	Neutral
6217	মন মেজাজ খারাপ আছে । তাই আপাতত বিনোদন নিতে পাকিস্তানি ড্রামার কাছে ফিরে এসেছি । ২০১৭-১৮ এর আলোচিত ড্রামা । — watching Khani Drama	Neutral
6218	তৎকালীন ঔপনিবেশিক ভারতের রাজনীতিতেও তাৎপর্যপূর্ণ ছিল এই সেক্স স্ক্যান্ডাল	Positive
6219	'ক্যু প্রতিহত করো' - ব্রিটেনে বিক্ষোভ	Positive
6220	RT @arifhosentamim: তামিম সাকিব দুইজন আউট! আরে ব্যাপার না, একদিন না হয় ওরা খারাপ খেলেছে। আজকে জুনিয়র দের জন্য সেরা সময় নিজেদের কে প্রমাণ…	Neutral
6221	@lovemymessi সে ভালোই আছে :-P তুমি ফেসবুকাও না?	Positive
6222	Photo: খুটাখালীতে হেডম্যান পুত্রকে গাছচোর সাজিয়ে আটক! সেলিম উদ্দিন, ঈদগাও:: কক্সবাজার উত্তর বন বিভাগের...	Negative
6223	রা আজকের এই দিনে তাঁকে শ্রদ্ধাভরে স্মরণ করছেন। ( ছবি: GettyImages)	Positive
6224	বিবিসি বাংলার রেডিও অনুষ্ঠানের লাইভ স্ট্রিমিংয়ে আজ যা থাকছে: *আন্তর্জাতিক মানবাধিকার সংগঠন হিউম্যানরাইটস ওয়াচ বলছে, ইসলামিক স্টেট গ্রুপের সাথে সংশ্লিষ্ট প্রায় ১ হাজার পাঁচশ শিশুকে ইরাকে ও কুর্দি নিয়ন্ত্রিত এলাকায় আটক করে রাখা হয়েছে। *বাংলাদেশে বেতন বৃদ্ধির দাবিতে আন্দোলন করায় পোশাক কারখানায় হাজার হাজর শ্রমিক ছাঁটাই করা হয়েছে – অভিযোগ মানবাধিকার সংগঠনের। কর্তৃপক্ষ বলছে কোন নিরীহ শ্রমিককে হয়রানি করা হয় নি। কি বলছেন শ্রমিকরা? *ঢাকায় বিমানবন্দরের স্ক্যানারে ধরা পড়েনি চিত্রতারকার বৈধ পিস্তল।এ খবর বেরুনোর পর আবার শুরু হয়েছে বিমানবন্দরের নিরাপত্তা নিয়ে বিতর্ক। *বাংলা ভাষায় অধিকাংশ হয়রানিমূলক কথা এবং তিরস্কারমূলক শব্দই সাধারণত নারীকে অবমাননা অথবা হয়রানি করার জন্য ব্যবহার করা হয় –বলছে এক রিপোর্ট। কী সেসব কথা আর কী বলছেন নারীরা? *থাকবে খেলার খবর। আর সাথে থাকবে খবরের সর্বশেষ শিরোনাম।	Positive
6225	পশ্চিমাদের কাছে 'ম্যাগনিফিসেন্ট বা মহামতি' হিসেবে পরিচিত সুলতান সুলেমান কেন তার নিজের ছেলেদের মৃত্যুর আদেশ দিয়েছিলেন - সেই প্রশ্ন ঘুরপাক খায় অনেকের মনে!	Positive
6226	বিবিসি বাংলায় এখনকার প্রধান খবর দীর্ঘ ২৮ বছর পর অনুষ্ঠিত ঢাকা বিশ্ববিদ্যালয়ের কেন্দ্রীয় ও হল ছাত্র সংসদগুলোর নির্বাচনের ভোট গ্রহণের সময় নানা অনিয়মের অভিযোগ উঠেছে।  তবে বিশ্ববিদ্যালয়ের কর্তৃপক্ষ বলছে, নির্বাচন বাতিল করার মতো গুরুতর কিছু ঘটেনি। থাকবে এ নিয়ে বিস্তারিত। ইথিওপিয়ায় রবিবারের বিমান দুর্ঘটনার পর চীন তাদের সবকটি বোয়িং সেভেন থ্রি সেভেন ম্যাক্স এইটের উড়ান অনির্দিষ্টকালের জন্য বন্ধ করে দিয়েছে। ভারতে আসন্ন নির্বাচনে কয়েকটি রাজ্যে মুসলিমরা যাতে ভোট না-দিতে পারেন, সে কারণেই রোজার মাসে ভোট ফেলা হয়েছে বলে অভিযোগ করেছে পশ্চিমবঙ্গে ক্ষমতাসীন তৃণমূল। শুনবেন বিশ্বসংবাদ ও খেলার খবর, আর সাথে থাকবে খবরের সবশেষ শিরোনাম। এসব নিয়েই বিবিসি বাংলার প্রবাহ। শোনা যাবে রেডিও আর অনলাইনে আর ফেসবুকে বিবিসি বাংলায় দেখা যাবে অনুষ্ঠানটির লাইভ স্ট্রিমিং।	Positive
6227	A B C D পড়ে আসলাম সেই ছোটকাল থেকে ὠE আর এখন এসে দেখতেছিὡF A S D F তাহলে কি ছোট বেলায় ভুল শিখেছিলাম ᾑ4 #কিবোর্ড_ফ্যাক্ট	Negative
6228	সহিহ আত্ তিরমিজি ::  হজ্জ অধ্যায়ঃঅধ্যায় ৯ :: হাদিস ৮১০কুতায়বা ইবন সাঈদ ও আবূ সাঈদ আল-আশাজ্জ (র.) আব্দুল্লাহ... http://t.co/AsNvLnpXGO	Negative
6229	নতুন পোশাক পরে নিও, বেশি করে ঈদি নিও। সেমাই খেও পেট ভরে ঘুরো ফের মন ভরে। #ঈদ_মোবারক বলো প্রান খুলে ὠB #সবাই কে ঈদে… https://t.co/Go8zaem9HI	Positive
6230	#উপেক্ষা হঠাৎ করে ঘুম জেগে দেখি রাতে জড়ো করো তুমি সিঁড়ির নীচে ভয়। সবারই তো খারাপ লাগা থাকে মানুষ তো আর গাছের মত… https://t.co/T28S1pwXaR	Neutral
6231	বেশ মজার ছিল দিনটা বৃষ্টিতে সবাই মিলে ভিজা তার পরে রান্না করলো মেয়ে #ইতি ৭ আইটেমর ভর্তাসহ, গোস্ত এবং খিচুড়ি খাওয়ার পরে LUDU খেলা	Neutral
6232	RT @Saswati53299964: আমরা PFC - র উদ্যোগে বাঁকুড়া জেলায়  Save Drive Save Life  এবং  Cold Water Distribution  একটি মহৎ কাজ সম্পন্ন…	Neutral
6233	মুরগী ইস্যুতে একটা পোস্ট দিয়ে খানিকটা মজা নিতে আমারো ইচ্ছা করে কিন্তু দেশী মানুষদেরকেও তো চিনি। খুব বেশি দেরী করবে বলে মনে হয়না.... -_-	Neutral
6234	 যে কথা বেশি বলে তার গুরুত্ব থাকেনা৷ কথা হলো দুধের মতো৷ অধিক কথায় দুধ পাতলা হয়ে যায়  মাতাল হাওয়া হুমায়ুন আহ… https://t.co/h02yOCjSa2	Neutral
6235	মা হায় মা একজন ধর্শীত হয়ে জীবন দিয়ে গেল বি এন পির জন্য আর একজন কে চিরতরে জেল এ মরতে হবে.... কি লাভ এসব ভাওতাবা… https://t.co/H1AM17ciNQ	Negative
6236	যখন তোর্ মা বোনরে তোর্ চোখের সামনে ধর্ষণ করা হয়, তোর্ বাপ ও ভাইরে নির্মন অত্যাচার করে খুন করা হয় - তখন তোর্ যা...	Negative
6237	আমি আমার অতীত নিয়ে কখনো অনুতাপ করি না.. আমার শুধু খারাপ লাগে এটা ভেবে যে আমি ভুল কারো সাথে আমার জীবনের কিছু মূল্যবান সময় নষ্ট করেছিলাম....	Neutral
6238	শ্রমিকের গায়ের ঘাম শুকিয়ে যাওয়ার আগে তার পারিশ্রমিক দিয়ে দাও।_____(মহানবী মুহম্মদ।)	Positive
6239	এজন শিক্ষক , মহাবিদ্যালয়ৰ এটা পৰিয়াল লগত আকৌ পুত্ৰ তাতে আকৌ বিধবা মাইকী আৰু সেই মাইকী জনীৰ জীয়েকৰ লগত অবৈধ প্ৰেম । তেও কি হয় ?	Neutral
6240	এক দরবেশ মন ভালো রাখার জন্য, একটা তাবিজ দিছে, তাবিজ ভালোই কার্যকরী..! ὡ2 খালি একখানা মাত্র শর্ত দিছে কখনো মন খারাপ করা যাবে না..! ὤ8ὤ9ὤA	Neutral
6241	RT @sagornoyon_: -ইসলাম বলে তুমি সুদ খেয়ো না। -ইসলাম বলে তুমি ঘুষ খেয়ো না। -ইসলাম বলে তুমি খারাপ কাজ করো না। -ইসলাম বলে তুমি অবৈধ সম্পর্ক…	Positive
6242	রুবেল যখন হ্যাপিরে পায় নাই, তখন সে আর বাংলার কারো হ্যাপি হইতে দিবো না! আগে বল ভালোই করে, শেষে এসে সব দিয়ে দেয় -… https://t.co/YCokqi5ber	Negative
6243	RT @MyAnandaBazar: বিজেপি-র রাজ্য সভাপতি দিলীপ ঘোষ দাবি করলেন, ‘’৩০ জুন পার হলে জুলাই মাসে এমন এমন লোক আমাদের দলে যোগ দেবেন যে, দিদিমণির হা…	Neutral
6244	RT @Tanjila32: পৃথিবীতে এমন একটা জায়গা থাকা উচিৎ ছিলো যেখানে অন্য সব কিছুর মতো ভালোবাসাও বিক্রি হবে.. চড়া দামে বিক্রি হবে.. যদি সত্যি এমন…	Neutral
6245	তর কথা আর কি কমু নয়া প্রেমিক। ὌC বাইচা থাক। প্রেমিকা লইয়া। আর পোজ কম দাও ὠ7ὠ0ὠ2 Sir মানুষ রা এত পোজ দেয় না। ὡCὡDᾑ3 হ্যাপি পয়দা দিবস। ὠCὠCὠCὠAὡEὠD	Positive
6246	কাব্য: দোস্ত এই আইডি টা স্যার এর না? আমি: হ্যা, এড দে স্যার কে। কাব্য: না না না, আমি খারাপ খারাপ পোস্ট দিমু, স্যার… https://t.co/I1w3tbivgG	Neutral
6247	@samakaltw কই আমি তো দেখছি বিএনপি এটা নিয়ে টু শব্দটা পর্যন্ত করেনি। আপনারা আসলেই পিশাচ,জঘন্য। আসলে বেহায়া না হলে আওয়ামী লীগ করা যায় না।	Negative
6248	৯০ লাখ টাকা আত্মসাত : ৭ ব্যাংক কর্মকর্তার বিরুদ্ধে মামলা করবে দুদক: ৯০ লাখ টাকা আত্মসাতের অভিযোগে সোনালী ও প্র... http://t.co/kUW6jIxAhr	Negative
6249	@priam1039 যেমন যে নিজেও জানি না😞9 তারিখে তো নির্ঘাত টিকে যাবা....	Positive
6250	এই নাটকের কাহিনী পুরোপুরি অামার জীবনের সাথে মিল রয়েছেὡ2 আমার ও ২ টি বোন ও ১ ভাই আমি সবার বড় ὢ5 অামার ছোট বোন অামা… https://t.co/neIPTL2NJu	Neutral
6251	আমি আর বিএনপি নেতা রিজভি সাহেবের মধ্যে কোন ই পার্থক্য নেই । সে আছে প্রেস ব্রিফিং নিয়ে ,আর আমি আছি ফেসবুক ব্রেফিং নিয়ে ।	Neutral
6252	বিজেপি সরকারের বিরুদ্ধে অভিযোগ উঠেছে যে, তারা সাবেক অর্থমন্ত্রী মি. চিদাম্বারামের বিরুদ্ধে 'রাজনৈতিক প্রতিশোধ' নিচ্ছে	Negative
6253	বিবিসি বাংলার রেডিও অনুষ্ঠানের লাইভ স্ট্রিমিং-এ আজ যা থাকছে: * স্যাটেলাইট থেকে তোলা ছবি দেখে মনে হচ্ছে উত্তর কোরিয়া হয়তো ক্ষেপণাস্ত্র নিক্ষেপ কিম্বা উপগ্রহ উৎক্ষেপণের প্রস্তুতি নিচ্ছে। * বাংলাদেশের প্রধান নির্বাচন কমিশনার কে. এম. নূরুল হুদা ইভিএমে ভোট হলে আগের রাতে ব্যালট বাক্স ভরে রাখার সুযোগ থাকবে না বলে যে মন্তব্য করেছেন, তা নিয়ে তুমুল বিতর্ক শুরু হয়েছে। * রয়েছে লাইভ ফোন ইন। আজকের বিষয়: বিশ্বব্যাংক বলছে, নারী-পুরুষ বৈষম্যের মাপকাঠিতে বাংলাদেশের অবস্থান দক্ষিণ এশিয়ার দেশগুলোর মধ্যে নীচ থেকে তৃতীয় স্থানে। বলা হচ্ছে কর্মক্ষেত্র, ব্যবসা পরিচালনা, পোশাক, বিয়ে বা সন্তান জন্মদানের মতো বিষয়ে বাংলাদেশের নারীরা বৈষম্যের শিকার হচ্ছেন। এসব বিষয়ে বাংলাদেশের নারীরা কতটা স্বাধীনভাবে সিদ্ধান্ত নিতে পারেন? * সাথে থাকবে খবরের সর্বশেষ শিরোনাম বিবিসি বাংলার আজকের প্রবাহ শোনা যাবে রেডিও এবং অনলাইনেও। ধন্যবাদ।	Positive
6254	RT @LipeAkter12: আমি ইমু সেক্স করি এটা আমার বান্ধবী বাড়ি সখি পুর আমার সামী ঢাকা থেকে আমি একা থাকি আমার সাথে সেক্স করতে চাইলে মেসেজ দাও…	Neutral
6255	তালিকায় রাজাকার, নাই তার কোন বিকার! ভূয়া নিয়া বেজায় চুলকানি তার! কাহিনী কি? আরে ভাই, এমপি হবার বাসনা যে, খুব তার! — অনুভব করছেন মজা করা	Neutral
6256	বিশ্বম্ভরপুরে কোনাজাল ব্যবহারকারীদের বিরুদ্ধে বিক্ষোভ ও স্মারক লিপি প্রদান - Abnews: http://t.co/xBsmCF5uCP	Negative
6257	অনেক দিন পর এক শান্তির ঘুম ! এত খুশি লাগে কেরে ! :3 ঢাকা গাইজ আই অ্যাম ব্যাক ! চিল হবে শুধু ὡC — in New Eskaton Road https://t.co/XlsMat0f26	Positive
6258	@JasikaParvin জিবনে অনেক কিছু আসে চলে যাবে এটাই নিযম ।তাই বলে কি জিবন অন্ধকার হতে পারে না ।তা না করে আবার নতুন করে জিবন শুরু করেন ।	Positive
6259	জীবন হল বাঁচার জন্য । মন হল দেবার জন্য । ভালোবাসা হল সারা জীবন পাশে থাকার জন্য । বন্ধুত্ব হলো জীবন কে সুন্দর করার জ… https://t.co/t2OjVsKDnZ	Positive
6260	একটা দল আছে যারা হা ডু ডু খেলা ভেবে ভুল কইরা ফুটবল মাঠে ঢুইকা পড়ছে ὠ2 ভাই রে মারামারি কইরা ফুটবলে জেতা যায়না রে পাগলা ὠ2ὠ2ὠ2	Negative
6261	ও মনরে আমার এই ছোট্ট মনার অপরাধী পোলা টা কই কেউ কি ধরে আনতে পারবি ওমনা তুমি আর কেঁদো না তোমার ওই অপরাধী পোলা আমি ধই… https://t.co/wwCSjWgGzx	Neutral
6262	বাংলাদেশের চট্টগ্রামে পাহাড় ধসের ঝুঁকির পরেও বহু মানুষের বসবাস কেন?	Negative
6263	কেউ শক্ত দলের সাথে ভাল খেলেও ড্র করেছে, আর কেউ দুর্বল দলের সাথে খারাপ খেলেও ড্র করেছে। তবে দু দলই তাদের এদেশীয় ভক্তদের হতাশ করেছে।	Neutral
6264	ইলিশ কিনতে বাজারে যাওয়ার আগে একবার পড়ে নিতে পারেন 🐟🐟🐟	Positive
6265	RT @Touch_MH: গাছের পাতা গুলো বাতাসে একটু পরে পরে দুলে দুলে উঠছে- ফুলের ঘ্রাণে মাতাল পাখি গুলো কিচিকিচি সুরে গাইছে- অপার রূপ নিয়ে ধরা ব্য…	Neutral
6266	আর কিছু নয়, আমি শুধু আমার মনের কথা শুনেছি হোক ভুল বা না হোক, যখন মন হেরে যাবে, নিজে থেকেই মন পাথর হয়ে যাবে! হেরে… https://t.co/ePDmlVYekK	Neutral
6267	কোনো দিন কল্পনা ও করিনি আপনি এই ভাবে চলে যাবেন। আর আমার কিছমত তো এতো খারাপ আপনাকে শেষ বার দেখতে ও পারলাম না। আল্লাহ… https://t.co/zcDOP0pLhK	Negative
6268	এ পৃথিবীতে আপনি যত সৎ হবেন, মানুষ আপনার কুৎসা রটনা করবে। আর আপনি যত অসৎ হবেন, আপনার গুনগান করে নাকে মুখে ফেনা তুলবে। ---&gt; সাঈদ	Neutral
6269	প্রশান্ত বলছিল, দেখ ভাই, এই যে আজকাল যোগ নিয়ে এত্ত সব এটা ওটা হচ্ছে. আমার তো দোষের মনে হয় না. এটা তো world কে দেও… https://t.co/vz2Iw2Md6s	Neutral
6270	*জরুরী পোস্ট* আমার পরিচিত যারা এই মুহুর্তে টি এস সি তে আছেন, অনুগ্রহ করে সতর্ক থাকেন বা বের হয়ে যান যত দ্রুত সম্ভ… https://t.co/TPOoR9xweA	Neutral
6271	ভালোবাসা কি নদীর মত ? কখন সে পথ হারায় ? কখন সে নতুন কোন পথ খুজে নেয় ? সব নদী ই কি বেঁচে থাকে ? কিছু নদী ত অনেক দু… https://t.co/fzl950mzqd	Neutral
6272	একদম নিখুঁত মানুষ খুঁজতে যেও না , বিধাতা মানুষের ভিতর কিছু কিছু খুত মিশিয়ে দিয়েছে; বেশি নিখুঁত মানুষ খুঁজতে... http:/t.co/S60KVwu499	Positive
6273	রাজনীতি - ৪ বছর লুটে ভোটের আগে মন্দির বানাও। দেশের উন্নয়ন ছাড়ো। আর দেশের কিছু গরিব মানুষ মারো, আর বলো আমাদের দলের লোক ছিল, ঐ দল মেরেছে।	Negative
6274	আজ আমরা মা মেয়ে ভাইয়ার চোদা খাবো একসাথে কি মজা হবে বাবা নাকি মাকে চোদদে পারেনা আমাকে বলে তুই ভগদিবি কি করবো মাতো https://t.co/lDumqkvTsb	Neutral
6275	RT @bdshadhin2016: মাদক ও মাদকরে তুই অপরাধী রে :) আমার যত্নে গড়া সুন্দর জীবন দে ফিরিয়ে দে :) তোর কারনে ক্রসফায়ারের অধিকার দিলো কে? মাদক…	Negative
6276	RT @HotSonai: একজনের কষ্ট আনন্দে গ্রহণ করে খুব আরাম হচ্ছে আরো করো । কথা টা হচ্ছে ভালোবাসা । এই কথা একমাত্র সে বলবে যে তোমাকে ভালোবাসে । ht…	Positive
6277	মেয়ে - hiআমি - hlwমেয়ে - kishe poren?আমি - ৯ম শ্রেণী তে। আপনি?মেয়ে -Buet e mechanical engineeringআমি - ও...	Neutral
6278	@Seneha_ @moon_boy00 রাগ করে কোনো কিছু সমস্যা সমাধান হয় না গো ভালোবাসা দিয়ে সব কিছু জয় করে নিতে হয় । ( এটা আমার বিশ্ব নবী( স:) আদশ্র।)	Positive
6279	#Special চোখের ভাষা যদি বুঝতে পারি না বলা কথা যদি শুনতে পারি চোখের ভাষা যদি বুঝতে পারি না বলা কথা যদি শুনতে পারি… https://t.co/EZgdIqmFWj	Neutral
6280	আমি শিখেছি, ১+১=২ । আর কেউ যদি এসে বলে যে, ০.৫+০.৫+০.৫+০.৫=২ । তাহলে সেটাকে কি আমি ভুল বলে তর্ক করব? নাকি আমার অজ্ঞতা স্বীকার করব?	Neutral
6281	মানুষের কষ্ট দেখাও কষ্টেরকাজ-----হুমায়ূন আহমেদবেশি নৈকট্য দুরত্বেরসৃষ্টি করে,প্রিয়জনদেরথেকে তাই কিছুটা...	Negative
6282	একজন মা শিক্ষিত বা অশিক্ষিত হতে পারেন, কিন্তু আপনি যখন জীবনে ব্যর্থ হন, তখন এই গোটা পৃথিবীতে শ্রেষ্ঠ উৎসাহ ও... http:/t.co/4KZM8BxQAi	Neutral
6283	মনটাযে কি চই , সে নিযেও জানেনা...	Neutral
6284	আমেরিকা : আমাদের দেশে কুকুর ও ফুটবল খেলে। - জাপান : আমাদের দেশে মাছ নাচতে পারে। - চায়না :- আমাদের দেশে মানকী ও সাই… https://t.co/7uiaJu7Ril	Neutral
6285	বুলডোজার এসে ভেঙে দিচ্ছিল বাসা। দেখুন কিভাবে বুলডোজারের মুখোমুখি হলো এই ওরাংওটাং...	Negative
6286	ঘুমঘোরে আজ কী দেখেছি করি না আর স্মরণ, কোন বাহুতে মুখ ঢেকেছি মাপি না তার ক্ষরণ। অলক্ষ্যে আজ কী এঁকেছি জানি না তার কা… https://t.co/BZ7WQV8rfW	Neutral
6287	আকাশে লিখে দিলাম মনের সবকথা,তাকাও যদি আকাশে বুঝবে আমারব্যথা,বাতাসেতে ভালবাসা দিলামউড়িয়ে,ভাল যদি বাস আমায় দিও হাতবাড়িয়ে.	Positive
6288	জীবনের সাথে রাস্তার অনেক মিল খুজে পেলাম , কখনো সোজা কখনো আকাঁ বাকাঁ । তার মাঝে ক্লান্ত জ্যাম - তো আছেই আর সুখ দুঃ… https://t.co/4Yef8QGtip	Neutral
6289	RT @YesOk20510552: ὄ9দুনিয়ার সব থেকে বড় অভিনেতা তো সেᾑ4ᾑ4ᾑ4 যে সারা রাত কাঁদেὢDὢDὢD আর সারাদিন সবার সাথে এমন আভিনয় করেᾑ4ᾑ4ᾑ4 যেন সে এই দুনিয়ার…	Neutral
6290	সুখ খুজি সুখ খুজি ঐ মনের গভীরে ভালোবাসা জড়ানো শীত চাদর মুড়ে ঘুমাই স্বপ্ন উষ্ণ জুড়ে আসবে তুমি কবে মনের এই ছোট্ট চৌকাটহীন ঘরে	Neutral
6291	জানিনা কেন এমন হয়, যখনই life এ সব টিক ঠাক চলে কিছু একটা মাঝে আসতেই হয় life টা hell করতে। কেন এমন আমার সাথেই হয়!… https://t.co/AY4secAWYt	Negative
6292	যে তিনটি ম্যাচ পাতানোর জন্য সাকিব আল হাসান প্রস্তাব পেয়েছিলেন তার একটি ছিল আইপিএলের। স্বাভাবিকভাবেই প্রশ্ন উঠছে তাঁর বিরুদ্ধে আইসিসির দুর্নীতি দমন ইউনিটের তদন্তে ভারতীয় ক্রিকেট বোর্ডের ভূমিকা আদৌ আছে কিনা	Negative
6293	RT @Careless49: এইটাই হলো আমাদের আধুনিক সমাজ যে সমাজে রাস্তায় বসে থাকা পাগল মেয়েটির কোলেও আজ সন্তান আজ সে একজন সন্তানের #_মা যে পাগল মা…	Negative
6294	RT @ExceptionalRdx: একবার কোনো কাজ শুরু করার পর আর অসফল হওয়ার ভয় রাখবে না, এবং কাজ ছাড়বে না । যারা নিষ্ঠার সাথে কাজ করে তারাই সবচেয়ে সু…	Positive
6295	RT @iaambose: মূর্তি রাজনীতি নিয়ে অনেক আলোচনা শুনছি। একজন লিখলেন 30 হাজার কোটি থেকে 125 কটিকে 1 কোটি করেও তো দেওয়া যেত। এই তো মানুষের বু…	Neutral
6296	কিছু আশা বাকি , ভালোবাসা বাকি ,আরও কত কী যে! ফিরে এসো কাছে , কথা জমে আছে , হাজার বৃষ্টি ভিজে! আশেপাশে চলো তবুও না… https://t.co/kD3E9rtrCB	Neutral
6297	ছোট্ট শিশু দেখলেই আমার মায়া লাগে, আমি যখন ছোট ছিলাম তখন আমাকে কেউ আদর করলে, কথা বললে কি যে খুশি লাগতো। ছোট্ট শিশু… https://t.co/CBF4KM2lmI	Neutral
6298	অনেক আগে জানতাম এ দুনিয়া বড়ই অদ্ভূত। তারপর বছর কয়েক আগে এক আপু আইসা বুঝাই দিয়া গেলো এ দুনিয়া যে পিত্তল দি। এখ… https://t.co/GgbzAAIrXA	Neutral
6299	গত বছর আন্তর্জাতিক চলচ্চিত্র উৎসবে যে বাংলাদেশি চলচ্চিত্রগুলোর নাম সবচেয়ে বেশি আলাপের সূত্রপাত ঘটিয়েছে, তার ভেতর অন্যতম ‘ইতি, তোমারই ঢাকা’...#পাপনের ক্যাসিনো খেলার ফটো ভাইরাল...	Positive
6300	- তাহলে প্রত্যেক ছেলেরা ভালোবাসা করার আগে সত্য কথা বলত ὤ2 সহজ উদারহণ ঃ যখন মা-বাপ কই বাবা কেউ আছে নাকি না আম্মা জীব… https://t.co/WWXWrGBDSw	Neutral
6301	কপাল ὣ0 যেই দল সাপোর্ট দিলাম ঐ দলই বিদায় দিলাম তাও খালি হাতে ὢ3 সরি মদ্রিচ ὣ0 তদের কপাল খারাপ কারণ আমি তদের সাপোর্ট দিছিলাম ὣ4ὣ4	Negative
6302	Dear future BOW὇0ἿC জানি না কোথায় তুমি প্রমিজ ডে তে প্রমিজ করছি বিয়ের পর তোমার জীবনটা তেজপাতা কইরা দিমু তাই যত পারো বিয়ের আগে মজা করে নাও	Neutral
6303	RT @MyselfMahmud: আন স্মার্ট - অপদার্থ - অসুস্থ ফ্যান লজ্জা লাগে যখন এমন কোনো ফ্যান আমার ফলো ফলোয়িং এ থাকে অথবা কারোর লাইকে এমন মানুষদের…	Neutral
6304	RT @S_Alam1999: যদি তুমি আটকে যাও__তবে তুমি শেষ। যদি তুমি ছুটতে পারো__তবে তুমি বাংলাদেশ । এই জাতি কখনোই শৃঙ্খলার মধ্যে আসবেনা । আইন দিয়েও…	Neutral
6305	RT @FriendsCommKol: বার সুশোভন আর আর্যনীল এর দেখা হলো বেশ কয়েক বছর বাদে। আর্যনীলের মা অপর্ণা সবে মারা গেছেন। বিদেশ থেকে কয়েকদিনের জন্য আস…	Neutral
6306	¤ সকালটা শুরু হোক আল্লাহ ও রাসূলের - সাঃ বাণী দিয়ে ¤তোমরা নেক ও আল্লাহ ভীতিমূলক কাজে একে অপরকে সহযোগীতা কর।... http:/t.co/TjujeOOZvI	Positive
6307	রাতের ঢাকা শহর আর দিনের ঢাকা শহর অনেক তফাৎ......!!! রাত হলে যাইতে ইচ্ছা করে না আর সকাল হলে থাকতে মন চায় না। — feeling confused	Neutral
6308	সাল ২০০১- - বললাম শুয়োর গুলা সব আওয়ামীলীগ করে। - উত্তর এলো- আমাদের হান্নান ভাই বিএনপি করে। - ২০০৬ সাল- - দেখেন দে… https://t.co/oKGJk8axvX	Neutral
6309	ফেস আনলক প্রযুক্তি মজার আরও মজার বিষয় হচ্ছে- চোখ বন্ধ থাকলে আনলক হয় না ;) তাই শয়তান বন্ধুরা চাইলেও লক খুলতে পারবে না :) :)	Neutral
6310	...!!! মেজাজটা চরম খারাপ লাগে যখন কেউ ফোন দিয়ে বলে কি কন্ঠ চেনা যায় না !!!!ὢ1ὢ1 ওরে ভাই তুই তো তাহসান না, এখন ক তুই কোন মোফিজ???	Neutral
6311	# আজ কেন যেন মনে হচ্ছে আমরা ছাত্র ভাইয়েরা মিলে একটি শক্তি আমরাই একটা দল। যারা সবসময় দেশের পক্ষে কথা বলবো। কোন দলে… https://t.co/wneH9IvVSw	Positive
6312	এ এক আজব শহর ঢাকা... ঘটনা একটু আগে পান্থপথে। হুশ ঠিক কিন্তু মাথা খারাপ বলে একটা কথা যে প্রচলিত আছে সেটার প্রমাণ পে… https://t.co/7GbNpFLzme	Neutral
6313	জাহেল দের দলিল হচ্ছে বাপ দাদা আর অমক অমক হুজুর করেছে তারা কি ভুল ছিল নাকি, আর হক পন্থিদের দলিল হচ্ছে ক্বুরআন এবং হাদিস।	Neutral
6314	কিছু কিছু ভুল একটা মানুষকে সারাটা জীবন কাঁদায়। না জেনে শুনে যে ভুলটা করেছি আমি তার জন্য আমি মাফ চাই সারা জীবন। হে… https://t.co/WE36a8HTrf	Neutral
6315	কারোর আসার কথা ছিল না কেউ আসেনি তবু কেন মন খারাপ হয় ? যে-কোন শব্দ শুনেই বাইরে উঠে যাই কেউ নেই- অদ্ভুত নির্জন হয়… https://t.co/ueBPBSiTD7	Neutral
6316	নিম্ন শ্রেনীর মানুষেরা সব সময় শোষিত হয় কেন জানেন ? কারন তাদের লোভ বেশী। তার অর্থ দেখলে লোভ সামলাতে পারে না। তাই এ… https://t.co/PQC7CZJULU	Negative
6317	RT @JasikaParvin: মানুষ কখনো চাঁদ হতে পারে না, যে আপনি চাইলেন আর সে আপনার অন্ধকার ঘরটা আলোকিতো করে দেবে। হ্যা তবে চাঁদ না খুজে ভালো একটা মন…	Neutral
6318	লাক্স ক্যাফে লাইভে আজকের অতিথি মিস ওয়ার্ল্ড বাংলাদেশ ২০১৯ নানজিবা তোরসা উপস্থাপক: মৌসুমী মৌ (Mousumi Mou)	Positive
6319	Tweeter open করলে সবার কবিতা লেখা লেখি , আজ বাংলাদেশ জিতেছে, কই কেউ তো আজ থিম থেকে এক লাইনও লিখতে পারে নিᾒ3ᾒ3 সব photocopyᾒ3ᾒ3	Neutral
6320	বিবিসি বাংলার রেডিও অনুষ্ঠানের লাইভ স্ট্রিমিং শুরু হবে সন্ধ্যে ৭:৩০-এ। এতে আজ যা থাকছে: * মার্কিন পররাষ্ট্রমন্ত্রী মাইক পম্পেও জোর দিয়ে বলেছেন যে, সিরিয়া থেকে মার্কিন সৈন্য প্রত্যাহার এবং ইসলামিক স্টেটের বিরুদ্ধে যুদ্ধ চালিয়ে যাবার অঙ্গীকার - এ দুটির মধ্যে কোন স্ববিরোধিতা নেই। তিনি কেন একথা বলছেন? * বাংলাদেশে ফেসবুকে গুজব ছাড়ানো এবং সরকারের বিভিন্ন গুরুত্বপূর্ণ ব্যক্তিদের ছবি বিকৃত করার অভিযোগে নিরাপত্তা বাহিনী অনেককে আটক করেছে। ফেসবুকে নজরদারি কি বেড়েছে? এনিয়ে থাকবে প্রতিবেদন।  * বাংলাদেশ ব্যাংক থেকে অর্থ চুরির দায়ে ফিলিপিন্সের সাবেক ব্যাংক ব্যবস্থাপকের সাজা হয়েছে। তবে বাংলাদেশে এর তদন্ত ও চুরি যাওয়া অর্থ উদ্ধারের অগ্রগতি কতটা? থাকবে সে সম্পর্কে। * এছাড়াও রয়েছে খেলার খবর। আশা করি উপভোগ করবেন। ধন্যবাদ।	Positive
6321	রংপুর ও পাবনায় সড়ক দুর্ঘটনায় নিহত ৩:  http://t.co/VvAGJR3yL0	Negative
6322	যদিও আজ মা দিবস নয় তাও মা কে নিয়ে কিছু না বলা কথা মা ὉC আমাদের জন্ম হবার পর প্রথম শেখা একটি শব্দ। যার অর্থ আজও… https://t.co/AcVaqBVZk9	Positive
6323	ঈদের খুশি যেন পায় সকলেই, এই আমার আশা । তবে, ঈদটা আমার সবচেয়ে খারাপ হবে মনে হয় । By the way; ঈদ(ইদ) মুবারক । #EidMubarak	Neutral
6324	যাকে সত্যিকারে ভালোবাসা যায়সে শত অপমান, আঘাত, হাজারব্যাথা দিলেও তাকে ভোলা যায়না।---------- কাজী নজরুল।	Neutral
6325	মূত্রনালীর সংক্রামন বা UTI এর কারণ ও প্রতিকার http://t.co/G1SodTwUWj	Neutral
6326	৯ টা ভালো কাজ করলে কেউ বলবে না তুমি ভালো!১ টা খারাপ কাজ করলে ই সবাই খারাপ খারাপ করে চিল্লাইতে থাকবেὡ2 Well I dont... https://t.co/A54ZJaWZB9	Negative
6327	শিশু যদি কিছু জিজ্ঞেস করে, সত্যটা বলে দাও। মজাকের ছলে শিশুর সঙ্গে মিথ্যা বলো না, ভুল উত্তর দিও না। শিশু সত্যটা শিখতে পারলে ভবিষ্যত আলোকিত।	Positive
6328	ঐক্যফ্রন্টের ১৭ ডি মহা সমাবেশে ১০ লাক সমাগম ঘটাতে হবে,,, ১ জনকে গ্রেফতার করলেই ঢাকা অচল করে দিতে হবে নতুবা ৩০ ডি মু… https://t.co/l86sjyq9S3	Neutral
6329	বাংলাদেশ-অস্ট্রেলিয়া ম্যাচ প্রেডিকশন: ১৪ বছরের অপেক্ষা শেষ হবে?	Positive
6330	@MooN_bOY00 কবে বলতে পারি না আপনাকে দেখলে হিংসা হয় কি বিন্দাস এই দেশ থেকে ঐ দেশে ঘুরে বেড়াচ্ছেন বিন্দাস কি মজা আমি পারছি না	Neutral
6331	যাদের নাম আকাশ বাতাস এর মত তাহাদের চিনতে যেমন কষ্ট হয়, জিনিসটাও খুবই বিরক্তিকর। আপনার খোঁচা লাগতে পারে, কিন্তু... http://t.co/MzIJ763fnC	Positive
6332	মিটফোর্ড হাসপাতাল সচল - রাজধানীর মিটফোর্ড হাসপাতালের নার্স ও শিক্ষানবিশ চিকিৎসকরা কর্মসূচি স্থগিত করেছেন। �...	Positive
6333	আমি জানি মেয়েটা খারাপ ! তাই বলে দশ জন মানুষের সামনে তার সম্মান নিলাম করা উচিৎ কাজ না ! মেয়েদের কে মাগী না বলে... https://t.co/gpWZShCY0g	Neutral
6334	বৃষ্টিভেজা বলিউড সুন্দরী কাজল (ভিডিও) http://t.co/TzeXOHhlf5 via @shadhinbangla24	Neutral
6335	অকারণে বা ছোট ছোট বিষয়ে সমালোচনা করা - একটি রোগ। ফান করা আর খোঁচা মারা এক জিনিষ নয়। এর শুরু নিজেকে ছোট ভাবা থে… https://t.co/aCnNQmka3i	Neutral
6336	‘ঈশ্বর তুলে নেয়ার আগ পর্যন্ত ক্ষমতায় থাকবো’ এমন আত্মবিশ্বাসী নেতা শেষ বয়সে বন্ধু-শত্রু সবাইকেই সন্দেহ করা শুরু করেছিলেন	Positive
6337	বেলুন ফোলানোর জন্য যে গ্যাস ব্যবহার করা হয়, সেই গ্যাস সিলিন্ডার বিস্ফোরিত হয়েছে...	Negative
6338	জাতীয় লিগে এক ম্যাচ নিষিদ্ধ হলেও বদলি হয়ে মাঠে নামার সুযোগটা ভালোই কাজে লাগালেন নাসির হোসেন...	Positive
6339	আজকাল হাজারো ব্যস্ততায় নিজের শরীর এবং ফিটনেস্‌ নিয়ে চিন্তা করার আর সময় থাকেনা সময়। জিম তো দূরের কথা ঘরে বসেও... http:/t.co/JUHL0XZouL	Negative
6340	উচি বুচি বিড়াল ছা খিদে পেটে চুক চুক খেয়ে নিলো গরম চা পুড়ে গেলো সারা মুখ। পোড়া মুখে বসে আছে ভাবে তার ভুল কি? ভু… https://t.co/BwQeWO5hVt	Neutral
6341	@gray_earth শেখ হাছিনা বেতন পায় ১ লাখ টাকা ১০ বছর ক্ষমতায় থেকে বেতন পাইছে ১ কোটি ২০ লাখ টাকা তাহলে ২০ কোটি টাকা… https://t.co/SQ33usSkPh	Neutral
6342	আজ ১৮ই মার্চ, সোমবার বিবিসি বাংলার সন্ধ্যেবেলার অনুষ্ঠান প্রবাহে যা থাকছে: ১. ক্রাইস্টচর্চে মসজিদে সন্ত্রাসী হামলার তিনদিন পর নিউজিল্যান্ডের সরকার বন্দুক নিয়ন্ত্রণে নতুন কিছু আইন করতে  যাচ্ছে।  ২.ক্রাইস্টচার্চের আল নুর মসজিদে গত শুক্রবারের সন্ত্রাসবাদী হামলার সময় কীভাবে এক বাংলাদেশি নারী হোসনে আরা অন্যদের জীবন বাঁচাতে গিয়ে নিজের জীবন দিয়েছেন, শুনবেন সে কাহিনী। ৩. ক্রাইস্টচার্চের হামলা থেকে অল্পের জন্যে বেঁচে যাওয়া বাংলাদেশী ক্রিকেটারদের মানসিক স্বাস্থ্যের ব্যাপারে সহায়তা দেওয়ার কথা বলেছে বাংলাদেশের ক্রিকেট কর্তৃপক্ষ।  ৪. বাংলাদেশে আশ্রয় নেওয়া রোহিঙ্গাদের সাম্প্রতিক কিছু সহিংসতার ঘটনায় উদ্বেগের মধ্যে আছেন রোহিঙ্গা ক্যাম্প সংলগ্ন স্থানীয় মানুষেরা। গতকাল পুলিশের সাথে এক সংঘর্ষের ঘটনায় ১৩ জন রোহিঙ্গাকে আটক করা হয়েছে। ৫. ঢাকা বিশ্ববিদ্যালয় কেন্দ্রীয় ছাত্র সংসদ ডাকসু নির্বাচনের ঠিক এক সপ্তাহ পরও  নতুন করে নির্বাচনের দাবিতে আন্দোলন অব্যাহত রেখেছে শিক্ষার্থীদের একটি অংশ।  সাথে থাকবে খবরের সর্বশেষ শিরোনাম।	Positive
6343	প্রতিটি মানুষের জীবনে কিছু মানুষ হুট করে এসেই খুব বেশী আপন হয়ে যাই যারা এ অন্তরের সব টুকু জুড়ে নেই এদের ছাড়া এক… https://t.co/8aXfs9PlA1	Neutral
6344	বাংলাদেশ নিয়ে যখন অনেক বাজে খবর বের হয় তখন এই ধরনের খবর মনে বাংলাদেশ নিয়ে নতুন করে আশা জাগাই। শ্রদ্ধা জানাই এই স… https://t.co/vA8bGvHkhL	Positive
6345	@khurshedalam2 @Seneha_ কে বলেছে করেন নাই ??? যুবক পোলারে বাচ্চা কইলো অার অাপনি তাতেই শখ করে কোলে উঠতে চাইলেন ৷ এটাই তো বোকামি বড় ভুল	Neutral
6346	ঘরে বসেই বডি বিল্ডিং ও সাইক্লিং একসাথে করতে আমরা নিয়ে এলাম Six Pack Care with Bike। সাথে থাকছে - - ১২ মাসের ০% EMI… https://t.co/mC7ovtr2Eh	Neutral
6347	(১) ফজরে উঠতে পারি নি। আজকে আর বাকী ৪ ওয়াক্ত পড়ে কী হবে? এরচেয়ে কালকে ফজর থেকে নতুন করে শুরু করবো। . (২) এই যে… https://t.co/eduCA1Qks8	Neutral
6348	এই দুলভ ঐতিহ্য গুলো একবার স্পর্শ করে দেখুন মনে হবে তার প্রতিটি ইটের পরতে পরতে শত শত বছর আগের সেই সময়ের সাথে যেন আপ… https://t.co/Wsnu9MRSNP	Neutral
6349	@rikhiya640 @Nowrin07 হ্যা এখন নতুন তো সবার সাথে ম্যানশন করতে মজা লাগছে।যে কারো কোন ম্যানশন আসলে পারতি পক্ষে সেটার উত্তর না দিয়ে থাকছেন না।	Neutral
6350	৫৬ ভাগ কোটা, ৪৪ ভাগ মেধা। এই ৪৪ ভাগের মধ্যে আবার দলের কত ভাগ! তাহলে মেধার অংশ থাকল কই? আরে ভাই আপনাদের ভাল রাখতে হ… https://t.co/MsLsqQ38DM	Negative
6351	RT @Rojony_m: এমন একটা একান্ত জায়গা থাকা উচিৎ ছিলো! মধ্য রাতে কিংবা দারুণ দুপুরবেলা তে যখন ভয়ংকর মন খারাপ হবে তখন সেখানে চিৎকার করে কাঁদা…	Neutral
6352	এ কে খন্দকারের ‘১৯৭১: ভেতরে বাইরে’ পড়তে ও ডাউন লোড করতে ক্লিক করুন http:/t.co/Ytjn1LK4XW	Neutral
6353	RT @Meher_777: একাদশ জাতীয় সংসদ নির্বাচন ২০১৮ নড়াইল - ২ আসনে ২ লাখ ৭১ হাজার ২১০ ভোট পেয়ে বেসরকারিভাবে নির্বাচিত বাংলাদেশ জাতীয় দলের অধি…	Neutral
6354	কতা হইছে আজ যদি বাংলাদেশে চাঁদ উঠে আর সৌদিআরব তো অবশ্যই সিয়াম শুরু ! তখন খুব মজা হবে যে... চাঁদ মামুরা অনেক খুশী তাহলে — feeling blessed	Positive
6355	জেলেরা বলেন, পুলিশকে নৌকাপ্রতি প্রতিদিন ৫০০ টাকা দিয়ে তাঁরা নদীতে নামছেন।	Positive
6356	২০১৮ তে এই কয়দিন এ যতটা ত্যাক্ত-বিরক্ত হয়েছি এর চেয়ে পুরো ২০১৭ সালটাও ভালো ছিল । চারদিক থেকে সবার খারাপ সংবাদ কানে আসছে ὡ5	Neutral
6357	জীবনটা খুবই সাধারণ, তুমি তাই পাবে যা তুমি দিবে। সম্মান চাও,তবে সম্মান দাও। মনোযোগ প্রত্যাশা করলে আগে মনোযোগী হও ভালোবাসা চাও তো ভালোবাসা দাও	Neutral
6358	সাংবাদিকতা একটি মহান পেশা। তবে বর্তমানে এই পেশায় আসতে হলে  হয় বাবার বিশাল সম্পদ থাকতে হবে..! না হয় অন্যের কাছে হাত পেতে চলতে হবে।	Negative
6359	আল্লাহ্‌ কিছু কিছু মানুষকে এমন কিছু রোগ দেন যে, চলে যেতে হয় না ফেরার দেশে; আমি সম্ভবত....... প্রভু সকল অসুখী মানুষ কে হেফাজত করুন।	Neutral
6360	আমরা দলের ভাল চাই বলেই সৎ ও যোগ্য নেতৃত্বে বিশ্বাস করি।	Positive
6361	RT @mufassili: There is no contradiction in Quranic verses ? Wow !! বাংলা তর্জমায় ছল চাতুরী থাকে ! ইংরেজি অনুবাদ পড়ুন আর সুক্ষ কিন্তু গু…	Neutral
6362	নৈতিকতা কে ঠিক করবে ? 40 বছর যে পদ্ধতি সেরা ফল দিয়ে এসেছে তার ভূল কোথায় সেটা কি কেও বলবে ? আজ সকলেই দেখি গোদি মি… https://t.co/idOvUoXsn9	Negative
6363	সমাজ যখন কাউরে গালি দেয়, আর তুমি চুপচাপ - তখন ঐদিকে মনযোগ দেও সমাজ কেন তারে গালি দিতেছে। যখন তুমি কাউরে গালি দেও আ… https://t.co/zDzltTdZpG	Neutral
6364	ছেলেবেলার কথা মনে থাকলে, মা ও বাবার সেবা করুন এবং যত্ন নিন -- দেখবেন পৃথিবীর সব সুখ আপনার কাছে এসে ধরা দেবে l মন্দিরে যেতে হবে না l	Positive
6365	এক নবদম্পতি স্থানীয় বখাটেদের হাতে শ্লীলতাহানির শিকার হন ও তাদের মোবাইল ফোনে বখাটেরা নগ্নদৃশ্য ধারণ করে। পরে এই... http:/t.co/3FHl2oHfAW	Negative
6366	আসলে মোটা খারাপ রোগা ভাল বা মোটা ভাল রোগা খারাপ এরকম বলে কিছু হয় না।কেউ যদি সেটা মনে করে সেটা তার মানসিক সমস্যা,আপনার না।	Neutral
6367	২০১৭ সালে ক্ষমতাচ্যূত হওয়ার আগে প্রায় তিন দশক জিম্বাবুয়ের ক্ষমতায় থাকা রবার্ট মুগাবে মারা গেছেন	Negative
6368	যদিও বিশেষ একটা কারন ধরেই এখন একদমই টক শো দেখা হয় না, তাই কে কি বলে তাও জানি না কাছের এক ছোট ভাইয়ের টাইম লাইনে ভি… https://t.co/ykHAHAIchG	Neutral
6369	আমার খারাপ কিছু বিষয় : ১. কারো সাথে মিশতে না পারা। ২. কারো সাথে বা কারো জন্য কাজ না করা। ৩. আমার ইচ্ছার... https://t.co/LyFL9SF77h	Neutral
6370	তারা কি চিন্তা করবে না? শিক্ষা গ্রহণ করবে না? আকাশ ও পৃথিবীতে যা কিছু আছে সকলে শুধুই মহান আল্লাহর ইবাদত করে। সূরা বণী ইসরাঈল: ৪৪।	Neutral
6371	সুখ সবাই জীবনে সুখ চায়। সুখ কি আর তা কিভাবে পাওয়া যায় যখন জীবনে সবাই মরে যায়? কোন স্থায়ী সুখ নেই। আছে শুধু… https://t.co/Rtj9Ih2UYp	Neutral
6372	পার্ট ২ আর কিছু লিখে তোমার Fair &amp; Lovely / fair handsome ক্রীম মাখার মূল্যবান সময় নষ্ট করতে চাই না I আমি কোন দিন… https://t.co/rTBhtunVup	Neutral
6373	কন্যা সন্তান হলেই অনেকেই একটু মন খারাপ করেন । কিন্তু আসলেই কি এটা মন খারাপ করার মত কোন ঘটনা ? ★ আসমানসমূহ ও যমী… https://t.co/4JgcTDqOYw	Neutral
6374	আমি ১০ টা বছর বাংলাদেশ টো টো করে ঘুরেছি ছবি তোলার তীব্র নেশায় , আমি জানি কেন আমার দেশের সুন্দর্য আলাদা কারণ ছয় ঋ… https://t.co/acUNJ3iRwy	Neutral
6375	আঘাত না পেলে কোনোদিন সাহসী হতে পারবে না.. ভুল না করলে কোনোদিন শিখতে পারবে না... আর ব্যর্থ না হলে কোনোদিন সফল হতে পারবে না... সুপ্রভাত...	Positive
6376	RT @BikramAri: একজন চোর চুরি করে বিদেশে গা ঢাকা দিয়েছিল, আজ তাকে ধরে দেশে পাঠাবার বন্দোবস্ত করা হয়েছে। এটা নিয়ে এত মাতামাতি করার কি আছে?…	Neutral
6377	@Th3perfectmind বাব্বাহ তুমি এতটা খেয়াল করো মামা জেনে ভালো লাগলোὡ8 আরে আমি তো জেনে শুনেই মজা করার জন্য ৪শত কে ৪ হাজার করে দিছি ὠ2	Neutral
6378	এতো অত্যাচারী কেন ওরা? একটি স্ট্যাটাস কে দিল কেন দিল এটা কি বড় কোন ব্যাপার ? এতো বাড়ি ঘর পুরিয়ে দিলি তরা । তদের… https://t.co/eSW2cwNAsa	Negative
6379	জীবনে এমন কারো অপেক্ষায় আছি যে আমার সুখ আর দঃখ বুঝবে হয়তো আত্মীয়রা বুঝলো না আমাদের জানি না আমাদের কি অপরাধ — feeling sad	Negative
6380	বাইরের দেশে জলপাই পাওয়া যায় না আর এইখানে জলপাই ২০ ট্যেহা কেজি ὡ2 কেজি ৪০০ হইলে খাইয়া মজা লাগতো ὠ1 দুইদিন ধইরা লবন… https://t.co/TeiDMCWY9Q	Neutral
6381	টেকনাফ উপজেলা মাধ্যমিক শিক্ষা অফিসারকে পাইলট হাইস্কুল ছাত্রদের মারধর ও অফিস ভাংচুর http://t.co/787xRSfEtB	Negative
6382	দেখা ও দেখানোর পালা শেষ হলে দোকানিরে বলি; আলোর পয়সা নিয়ে এবার কিছু অন্ধকার দাও দেখি তো একলা হয়ে নিজেরে চিনতে পারি কি না...	Neutral
6383	RT @mshamiim: এর অবসান চান? আমি গ্যারান্টি দিচ্ছি। আপনার হাতে সময় খুব কম আগুনে তাপ অনুভব করছি, পুরতে শুরু করলে মাসাকার হয়ে যাবে। ২৯ বছরের…	Neutral
6384	ভেবেছিলাম বিএনপি আর ঘোড়ার ডিম দুটো ই এক । নামে আছে, কামে নাই । এখন দেখছি না তারা তাদের কাজ ঠিকই চালিয়ে যাচ্ছে ।… https://t.co/FYXKY8xLaR	Positive
6385	যে কোনো দিন পথ ভূলার কষ্ট ভোগ করে নাই, সে কখনো ঠিক পথে চলার আনন্দ উপভোগ করতে পারে না,যে কোনো দিন পানিতে পড়ে হাবুডু… https://t.co/AdCp73vK8O	Positive
6386	RT @Subho_Jeet30: এতটা রিস্ক নিয়ে তুমি কেন‌ এইসব কর #জিৎ দা ὡEὢ5.... তোমার কষ্ট, আঘাত আমরা কখনোই সহ্য করতে পারি না। এই ছবিটা দেখে মনটা…	Neutral
6387	উহু! Turjo Debnath এর বিয়ে ছাড়া, কিশোরগঞ্জ অার যাবো না :( এহেন ভুল কাজ অার হইবে না :( বাসে উঠতে খুব কস্ট রে... https://t.co/xXd4prBQdJ	Neutral
6388	তুমি পথিক, পথ তোমার। সেই পথ রাজা তৈরী করেছেন না কোন অসৎ ধনীর টাকায় তৈরী হয়েছে তা তো তোমার জানার কথা নয়। পথিকের... https://t.co/KTbLwsfU55	Neutral
6389	রাজশাহীতে বিদেশি পিস্তল, ম্যাগজিন ও বুলেটসহ ১ জনকে আটক করেছে র‍্যাব http:/t.co/CnP96UMjyT	Positive
6390	সেই ছোট কাল থেকে আমরা দুইজন এক সাথে চলেছি। এখন ও চলছি। যত দিন বেচে থাকবো এমন ভালোবাসা নিয়ে বেচে থাকতে চাই। সবাই… https://t.co/bWf7GimwEl	Neutral
6391	পৃথিবীতে একজন মানুষের সুখ নির্ভর করে তার সন্তুষ্টির উপর। একজন মানুষ যখন তার সবকিছু নিয়ে সন্তুষ্ট থাকে তখন তার মাঝে শান্তি ও সুখ বিরাজ করে।	Positive
6392	প্রিয় মানুষগুলো অনেক দূরে সরে গিয়েছে, এখনো যাচ্ছে, আগামীতেও যাবে।	Negative
6393	আমারে যে জাগতে হবে, কী জানি সে আসবে কবে যদি আমায় পড়ে তাহার মনে বসন্তের এই মাতাল সমীরণে ॥ — listening to আজ জ্যোৎস্না রাতে :)	Neutral
6394	@sumi6677 তকে কাল্ল করে কিলাব ব্ল কাল্ল করলে বলভি টাকা দেন তাহলে তুই বল কতটা খারাপ জে টাকা টা তকে দীবো সে টাকা জদি… https://t.co/jSNaaXXbQk	Neutral
6395	বিশ্বজিত —————— - কেমন আছো , বিশ্বজিত ? - ভালো নেই । এখানে শীত বেশী.. - তোমাকে নিয়ে তো দেশে হইচই পড়ে গেছে ।… https://t.co/ruRY1q1SpU	Neutral
6396	RT @Shukhon1: প্রাকৃতিক উৎস থেকে মাছ উৎপাদনে বাংলাদেশ বিশ্বে তৃতীয় স্থানে উঠে এসেছে। চীন ও ভারত যথাক্রমে ১ ও ২ নাম্বারে আছে। এটাই হলো আসল…	Positive
6397	আমার সাথে নিজের ছায়াই চলুক, ভুল হোক সব একার, নিজের মতই সুর গুলো থাক প্রিয়, আমার জন্য চাই না আমার কিছু! তবু, এক জো… https://t.co/9uvAhYLuHn	Neutral
6398	@Rejaulkabir5 দুই টা এক জিনিস না , তবে কাল বাংলাদেশ ক্রিকেট দল ফিক্সিং করে একটা হারুক , হয়তো আমি আপনিই বলবো তারা দেশের সাথে বেইমানি করলো!!	Neutral
6399	কুলখানিতে গিয়ে ১০ জনের মৃত্যু এটা কোন মজা করার বিষয় না। বিতর্কের বিষয় ত না ই না। এমন খবর আমরা আগে কখনো শুনিনি।... https://t.co/31PjVWVh52	Neutral
6400	Anika আমার জন্মদিনে আমাকে টাই গিফট দিছিলো। বিনিময়ে তার জন্মদিনে আমি উইশও করি নাই :D কিন্তু নাহ ! ও বিদেশ গেছে গা। হ্যাপি বার্থ ডে।	Neutral
6401	কাছের মানুষকে যতই দূর থেকে দেখা যায় ততই চিনা যায়। ভালোবাসা ফ্যাক্ট। সম্পর্ক &lt;3 মন পড়ে রয়েছে মনের ভিতর, চোখ মেলে দেখা যায় তা শুধু।	Neutral
6402	RT @ZunayedEvan: তোমার সাথে কিছুই হল না আমার, ভালোবাসা ছাড়া ! তুমি চলে যাবার পর এসেছিল যে, তার সাথে সবই হল কেবল ভালোবাসা ছাড়া!!	Neutral
6403	খোদ অস্ট্রেলিয়ান সংবাদমাধ্যমেই শোরগোল পড়েছে পাকিস্তানের এক তরুণ পেসারকে নিয়ে	Positive
6404	স্মৃতি পুরানো স্মৃতি কি মরে যায় নাকি সংরক্ষিত থাকে ব্রেনে। ধরুন ক খ গ ঘ বর্ণ কি আপনি ভুল গেছেন। না । কেননা... https://t.co/4C5PbmHSSD	Neutral
6405	এই মাকড়শাটিকে লাফ দেয়ার বিশেষ প্রশিক্ষণ দেয়া হয়েছে।এটি তার উচ্চতার ৬গুণ দূরত্বে লাফ দিতে পারে...	Positive
6406	@sumonakash11 যদি কোন মেয়ে হয় তাহলে আপনি ভুল করেছেন একটা মেয়ের জন্য কোরআন ধরে শপথ করা বোকামি যে বিশ্বাস করেনা তার থেকেদূরে থাকা অনেক ভাল	Neutral
6407	দুই বছর আগে আমার এইচ এস সি পরিক্ষার ফল খারাপ হয়েছিল বলে যে আন্টি টা আমার মা কে ফ্রী ফ্রী বানী শুনিয়ে গেছিল..!! আ… https://t.co/lj26ikpOin	Neutral
6408	হ হ হ বুজলাম তোর কাছে অনেক কিছু আছে আচ্ছা তোর কাছে সুখ আছে, খুব দামী কোন সুখ? কি? বুজলাম নাহ?আমার কাছে আছে কিনা তাই? হাহাহাহাহা	Neutral
6409	রাশিয়াতে ভালোবাসার মানুষকে বিয়ের প্রস্তাব দেয়ার অভিনব একটি কায়দা জনপ্রিয় হয়ে উঠছে।	Positive
6410	সুপার সাপোর্ট ও ৯৯.৯৯৯\% সার্ভার আপ টাইম নিয়ে গ্রীন হোস্টিং আপনাকে দিচ্ছে হোস্ট গেটর এর মত হাই স্পীড সার্ভারে... http://t.co/zjY1QAcS2B	Neutral
6411	বন্যায় গাইবান্ধার সুন্দরগঞ্জ, সাঘাটা, ফুলছড়ি ও সদর উপজেলার ৩০টি ইউনিয়নের ১৭ হাজার ৭৪টি ঘরবাড়ি এবং কৃষকের ৩ হাজার ৫ হেক্টর জমির	Negative
6412	একজন মানুষ যে কত বড় যোদ্ধা, আর জীবন যে কত বড় যুদ্ধক্ষেত্র তা ইরফানের গল্প না জানলে বোঝা সম্ভব হবে না। কত মানুষ জী… https://t.co/CPhOo0eLTv	Positive
6413	যত দোষ সব ই বেটা ঐ নন্দ ঘোষ...! বেটা ইয়াসির ই দায়ী থাকে এবং থাকবে সব কিছুতে :/ :/ :/ আমি খারাপ আর বাকিরা তুলসীপাতা ὡEὡEὡE — feeling guilty	Negative
6414	দুবাই বাংলাদেশ দূতাবাস এর একজন কর্মকর্তা মাইকিং করে বলতেছিলো- এখানে যারা গরু ছাগল আছে আমার কথা শুনবেনাὡC আর যারা মানুষ আছেন আমার কথা শুনবেন।	Neutral
6415	RT @DrTapu: বাংলাদেশ ক্রিকেটে, ছেলেদের জন্য যে পরিমাণ খরচ করা হয় তার থেকে খুব ই কম দেয়া হয় মেয়েদের বাজেটে। এবার বিসিবির উচিত ম্যাচ ফি…	Neutral
6416	চট্টগ্রাম , রাজশাহী , খুলনা , বরিশাল , সিলেট , ঢাকা , রংপুর , ময়মনসিংহ থেকে অনলাইন বিজনেস করতে ইচ্ছুক ৩ জন করে লো… https://t.co/HI5TEPoXY3	Neutral
6417	@syed_rimon যারা মানুষ খুন করে তারতো অপরাধী আছেই, আর যে দেখে ফেলে তার জীবন মরন অপরাধী, মনে কর সেই রকম পরিচিত মানুযের দেখা ফেলা কেউ আমি।	Neutral
6418	RT @eran_hridoy: আমার Twitter Id হ্যাক হয়ে গেছে দয়া করে কোন খারাপ বা কোন কম্পানির বিঙ্গাপন যদি পোস্ট হয় তা হলে বুজবেন এটা আমি করি নাই স…	Neutral
6419	RT @JAAGOFoundation: এই নতুন বছরে মুছে যাক সব গ্লানি, ঘুচে যাক সব জরা।সবার জীবন ভরে উঠুক সুখ, শান্তি আর অনাবিল আনন্দে। শুভ নববর্ষ ১৪২৫! #ন…	Positive
6420	সুন্দর সে তো স্বপ্ন চাইনা মলিন হবে। জীবন সে তো গল্প লিখনা নষ্ট হবে। মন সে তো মন্দির ভেঙ্গোনা পাপ হবে। ভালবাসা সে তো… https://t.co/qSdWSkCNT9	Neutral
6421	#bengali পুজোর আকাশ যেমন দেখেছিস তেমন বলবি , এর আবার সবটা মনে না থাকার কি হলো । বেশ যতটা মনে আছে সেটাই বল্ । ----... https://t.co/vBaCDBoGY9	Neutral
6422	RT @ovrahman: এই যাবজ্জীবনের সুখ কিসে জানো ? এই ধরো বৃষ্টির গন্ধে আবৃত ঠান্ডা উড়ো বাতাসে চুলগুলো এলিয়ে দিয়ে আকাশের পানে জোছনার খোঁজে ,…	Neutral
6423	RT @ImShafiyanCR7: বাংলাদেশ ট্যুর অফ ওয়েস্ট ইন্ডিজ।ἼF ফুল ফিকশ্চার: #টেষ্ট: ১ম টেস্ট ☞ ৪ জুলাই ২য় টেষ্ট ☞ ১২ জুলাই #ওয়ান_ডে: ১ম ODI ☞ ২…	Neutral
6424	চাদঁ আকাশেই ভাল, যাদের সাথে ভালোবাসা আছে চাদঁ জোছনা দিক . . কারো চোখ দিয়ে এখন আর চাদঁ দেখা হয় না। তাই চাদঁ দেখি… https://t.co/4k8czMlTyV	Neutral
6425	ঢাকা শহরে যদি ১২ মাস শীতকাল হয় কোনকালে তখনই ঢাকা শহর বসবাসের উপযোগীর তালিকায় ২০/৩০ এর মধ্যে আসবে। এর আগে কোনভাবেই সম্ভব না :/	Neutral
6426	প্রতিটা মানুষের একটা না একটা কিছু সুন্দর থাকে বা থাকবেই ৷ সে মন হোক , শারীরিক সৌন্দর্য হোক, ভাব প্রকাশ হোক, কিংবা অ… https://t.co/gMx3kv1kib	Neutral
6427	বছরের শেষ ৪ মাস সবসময় খারাপ যায়। আর এ বছর তো শুরু থেকেই সব খারাপ হচ্ছে.. জানি না এই ৪ মাস কি অপেক্ষা করে আছে.?… https://t.co/2dInkRzxBe	Negative
6428	RT @jn_akhi: বিয়ে করার পূর্বে এই কাহিনীটা ভাল করে মনে রাখবেন… : এক যুবক তার যৌবন কে সারাটা জীবন খারাপ কাজে ব্যয় করেছে। এবার... https://t.…	Neutral
6429	ভালো শুধু তাই না যা মানুষে পছন্দ করে, ভালো কেবল ঐটাই যা আল্লাহ্ সুবহানহুয়া পছন্দ করেন । তাই ভালো চিনতে যেন ভুল না করি ।	Positive
6430	RT @_bdLevis: চার দেয়ালে বন্দী ভোরের ঘুম দরজাটাতে অনেক দিনের ঘুণ জানলা ছুঁয়ে কোন সে দুরের মেঘ মনের ভিতর ভুলগুলো,ভুল ভুল শরীরে বাস চোখের…	Neutral
6431	- ভাইয়া। - জ্বী আপু। - ইদানিং কিছু লেখেন না কেন? - হাতের লেখা খারাপ তাই। - কই? আপনি তো খুব ভালো লেখেন। - না,... https://t.co/wIv6AWhG9A	Neutral
6432	ভাল বাসার আরেক নাম জিয়া পরিবার আজ কাল দেখা যায় বিএনপি থেকে যাদের বের করে দিচ্ছে টকশো ও টিভিতে সামনে এসে জিয়া প… https://t.co/yZdIcg6Ybk	Neutral
6433	- কামাল ভাই আমার জন্য একটা Statement দেন। - না, অ্যাঁই দিতাম নো। - কি কইলেন আন্নে! অ্যাঁই খেলতাম ন । :P আন্নে একলা… https://t.co/Hf07vAq769	Neutral
6434	ভালো কাজ করতে এতো বাঁধা আমি আগে জানতাম না। তাই ভালো কাজ করতে গেলে মানুষ ভাবে কিন্তু খারাপ কাজ করতে মানুষ ভাবে না। এটাই হলো পৃথিবীর নিয়ম।	Neutral
6435	@Sourov___ দুই বছর আগে যখনটুইটারে আসি এর কিছু দিন এক বোনের সাথে পরিচয় হয় পুরান ঢাকা থাকে নাম পরিবর্তন করার কারনে এখন তাকে খুঁজে পাই নাὡEὡE	Neutral
6436	বাংলাদেশ সরকার সব সময় বলে অতিতে রাজাকারের হাতে এই দেশ ছিল । আজ আওমীলীগ 25% শক্তি বি এন পি / জিমাতের হাতে । তারা এই… https://t.co/gHiVQXzhWS	Neutral
6437	আর্থিক প্রতিষ্ঠানেও বেড়েছে খেলাপি ঋণ - http:/t.co/DFqYTeUbvh @ http:/t.co/T0q6cdtRPC	Negative
6438	RT @Chotiaal: ছোট থেকে আজ পর্যন্ত সমাজ এটাই শিক্ষা দিচ্ছে যে পাপীকে নয় পাপকে ঘৃণা কর। তবে এখন একটা প্রশ্ন, ধর্ষনের ক্ষেত্র সমাজ কেন ধ…	Neutral
6439	সূর্য সোনালী, চাঁদ রুপালী, আকাশ নীল হলে, বাতাশের রং কী? সূর্য কিরণ দেয়, চাঁদ আলো দেয়, মেঘ বৃষ্টি দেয়, বলতে পারো! তাহলে ভালোবাসা কি দেয়?	Neutral
6440	আমরা মানুষ। আমাদের মন ও শরীর সুন্দর ও পবিত্র। আমাদের এই মন ও শরীরে পশুবৃত্তি লালন পালন করে আমরা তাকে অসুন্দর ও অপবিত্র করবো কেন?	Positive
6441	একটা মেয়ের শরীরের গন্ধ তোমার ভালো লাগে । এইটা হচ্ছে প্রেম । আরেকটা মেয়ে আছে , যাকে তুমি অনুভব করো । তাকে ভালো লা… https://t.co/T68D9eLGfQ	Neutral
6442	আমার সকালটাই খারাপ হয়ে গেলো,,, কি সব ছবি দেয় মানুষ!!! তাতে আবার মানুষ like ও দেয়,, ὢ0ὢ0 ছোট রাও যে থাকতে পারে,, তা ভাবে না।।	Neutral
6443	নাম ভালো করবা কারো কাছে? পারবানাহ সহজে অতি এবং অতি মহৎ কাজ না করলে । আর নাম খারাপ করবা? আমাদের স্কুল পড়ুয়া মেয়ে… https://t.co/BqPG2K27lJ	Neutral
6444	অপরকে দেখিয়া আফসোস করিলেন আর ভাবিলেন আহা তাহারা কতই না সুখী , অথচ সেই উপলদ্ধি হইল না আপনি কতটা সুখী ! হয় নি ,.… https://t.co/AdJOQJn5Al	Neutral
6445	RT @Nihari_ka: যদি কাউকে আমার ভালো লাগে তাহলে তাকে আই♥ইউ বলবো না। ভালো লাগা স্বরুপ তাকে বলবো I hate you কারণ ভালোবাসা ভালো না। ইহা ফাজলামি…	Neutral
6446	স্থানীও খবরঃ মামলা-হামলা করে বিএনপির আন্দোলন স্তব্ধ করা যাবে না -আহসানুল তৈয়ব জাকির  http://t.co/5pjdgoN89D	Negative
6447	RT @mokbul42: এক গ্লাস পানি দিয়ে সাগর ভরা যায় না, কিন্তু একটু আগুন দিয়ে সব জ্বালিয়ে ফেলা যায়। তেমনি ভাল কিছু বৃদ্ধি হয় না। কিছু কি…	Neutral
6448	কখনো কখনো ছেলেদেরও কিছু ভুল হয়ে থাকে সেটা আমিও মানি ,র এই গানটি তার পরিপূর্ণ বর্ণনা ।। ফুল গান টি না শুনে কেউ কমে… https://t.co/5A8vwnSzSb	Neutral
6449	Tomar Jonno… (69)বিদায় নিওনা ভোরের সূর্য…আমার থেকে তুমি…একটুকু উষ্ণতা ছড়িয়ে দাও… এ সবুজ অরণ্যে…ভরিয়ে দাও এ... http://t.co/wK3Oh5Ch3e	Neutral
6450	সুখ পাখি, তুমি অন্যের আকাশে কেনো উড়ে যাও, আমার আকাশে কি দুঃখের মেঘ জমেছে, ও সুখ পাখি তুমি কার সূরে আজ, বলো গান... https://t.co/0ip0wUVyaU	Neutral
6451	যারা এক দলের সাপোর্ট করে বলে অন্য দলের সাপোর্টার দেড় আবাল বলের তাদের জন এক রাশ সময় বেদনা। কারণ তারা যে কত বোরো মা… https://t.co/nGCZxXFibl	Neutral
6452	RT @ImTalukderM: কে দিবে সান্ত্বনা? কে দিবে জবাব? কে করবে বিচার? এ ক্যামন দেশ..? কেমন রাজনীতি? চাইনা এমন রাজনীতি ὡ6 চাই না গণতন্ত্র ম্…	Negative
6453	সাকিবের ওপর চটেছে বিসিবি...	Positive
6454	যে কোন একটি ফুলের নাম বল.. -দুঃখ যে কোন একটি নদীর নাম বল -বেদনা যে কোন একটি গাছের নাম বল -দীর্ঘশ্বাস যে কোন একটি ন… https://t.co/9YnxV027H0	Neutral
6455	'অ্যামেরিকান সাইকোলজিস্ট'-এ প্রকাশিত এক গবেষণায়  বলা হচ্ছে -মানুষকে আমরা যতটা স্বার্থপর মনে করি, ততটা আসলে না।	Positive
6456	👌এই চিহ্নটা শুধু 'ওকে' নয়। চীনদেশে 👌এই চিহ্নে অন্য কিছুও হয়। 👇	Positive
6457	শাওন হত্যা : সিদ্ধিরগঞ্জে থানার সামনে মানববন্ধনে যুবলীগ ক্যাডারদের গ্রেফতার ও ফাঁসি দাবি | http://t.co/ZZE4Kx2DZt	Negative
6458	কাউকে কষ্ট দিতে চাইনা,, তবুও যদি কারো কষ্টের কারন হয়ে যাই,, তখন তার জন্য চোখের জল ফেলতেও নিজের প্রতি ঘৃণা হয়। #অপরাধ টা কি সত্যিই আমারὉ4	Neutral
6459	নারীর আত্মরক্ষার শক্তি বাড়াতে প্রিয়াঙ্কা ও রানি http:/t.co/TB9PlnWNR6	Positive
6460	আর কিছুই ভালো লাগে না .. ὢBὢBὢ5ὡ3ὢ2 যা চাইলাম তা মনে হয় আর হবে না।। ভেবে অনেক খারাপ লাগছে ধুর। আগে যদি জানতাম তাহলে... https://t.co/8r3RQ7uuVr	Negative
6461	কলুর বলদ যন্ত্র মানব এর ২১ শে ফেব্রুয়ারির কথা মনে আছে তবে ১৪ ই ফেব্রুয়ারির কথা মনে নাই। মুখে ভাষা আছে কিন্তু বুকে ভালোবাসা নাই।।	Neutral
6462	@aminulahsan বিষয়টা তো স্বাভাবিক..সব কিছুই তো ভোক্তাদের জন্য করা হয়, সেক্ষেত্রে ফিডব্যাক দেয়াও দরকার :)	Neutral
6463	তুই কুকুরের চেয়ে ও খারাপ কারন কুকুরেরব একটা ধর্ম আছে কিন্তু তোর কোন ধর্ম নাই। টাকা যার পকেটে আছে তুই তার সাথে আছোছো। খানকি যেন কোথাকার।।।	Negative
6464	রাজনীতি করতে 1998-2011 সাল পর্যন্ত তৃণমূলের বনধ 73 টা তখন ছিল ইনজয় ? এখন বিজেপি বনধ ডেকেছে প্রয়োজনে বিজেপি কর্মীরা হতে তৈরি ধনঞ্জয় !	Negative
6465	আল্লাহ্‌ গো তুমি কই আছো?ὣ1ὣ1 রিকশা দিয়া আমারে ঢাকা লইয়া যাওὣ2ὣ2 কেউ একটু মিচ ও করল না আমারেὡEὡE এই #বউ টারে মিচ করল না… https://t.co/fOk8uAgucz	Neutral
6466	এটাকেই বলে খেলা! টানা 55 মিনিট কঠিন থেকে কঠিনতম চেষ্টারপর ১টা গোল। পর্তুগাল হারুক আর জিতুক; অসাধারণ খেলতেছে। URU: 1 - 1 :POR update: 58min	Neutral
6467	চলার পথে ভুল-ভ্রান্তির জন্য হিল তাঁর পদত্যাগপত্রে ক্ষমা চেয়েছেন।	Positive
6468	RT @Tasfeq_00: মাঝে মাঝে নিজেকে Wind of Change এর ডিফেন্ডার আপুদের মত আকামা মনে হয়। উনারা তো তাও মাঝে মধ্যে আ আ উ উ করে, গানে কিছু হইলেও…	Neutral
6469	RT @bts_bdarmy: BBMAs এর ভোটিং শুরু হবে P.D.T 9.00 A.M এ, যা বাংলাদেশ সময় রাত 10.00 টা। ARMY রা সবাই প্রস্তুত থাকুন অনেক বেশী পরিমাণ ভোট…	Neutral
6470	ফেসবুক লাইভ অপশন চালু করেছে। তাই বলে বাথরুমেও গেলেও লাইভে যেতে হবে? :/ :/ :/ — feeling কথায় কথায় যারা লাইভে আসে তাদের আমি ঘৃণা করি।	Negative
6471	ফেসবুক এর কিছু কিছু সঠিক তথ্য এর সাথে কিছু ভুল তথ্য যুক্ত হয়েছে, কেও ভুল তথ্য দেখে ভুল পথে পা বাড়াবেন না। প্রচারে সাধারন আমজনতা	Positive
6472	@iBashiir ও...!	Neutral
6473	আগে ভাবতাম সব থেকে কম সময়ে ম্যাগি নুডুলস রান্না করা যায় এখন জানি- সেটা ভুল মাত্র ৪৮ সেকেন্দে একজন রোগী দেখা যায় &lt;3 Thank you ১ম আলু	Negative
6474	এমন দেশ পাবেনা তুমি, বিশ্ব মাঝে এক বিরল ভূমি, এখানে যে,যার মতো চলে, সবাই যা ইচ্ছা সব করে, বলবে তুমি কোন সেই দেশ ?… https://t.co/temaMnAN09	Negative
6475	জীবনে কি একটাও পুণ্য করি নাই? প্রকৃতি নাকি ঋণী থাকে না? সব নাকি ফেরৎ দেয়? আমি যে আমার ভালোকাজের ফল এখনই চাই। দিবে না?	Neutral
6476	ঢাকা বিশ্ববিদ্যালয়ে সুফিয়া কামাল হল বলতে কোন হলই নাই। যেখানে এই নামের কোন হল নাই সেখানে নির্যাতনের কথা কিভাবে আসে এটাই বোধগম্য হচ্ছে না।	Neutral
6477	গত ৪৭ বছরে এমন নির্বাচন হয়েছে কি না জানি না তবে আমার জীবদ্দশায় ঢাকা শহরকে এত ফাকা ও সুন্দর হতে দেখিনি ! সন্ধ্যায়… https://t.co/nTqi1QbABC	Positive
6478	- শুভ সকাল ...... - মন খারাপ? - হু - হেরে গেছি - কেমনে, কত রানে? - ফাইজলামী কর, না; - ফাইজলামি কেন হবে; -… https://t.co/Hl7rU93Sed	Neutral
6479	RT @qzarSwdQEA7AQsm: যদি বলি খুব Miss করছি তোমায় বিশ্বাস করবে কি ? যদি বলি খুব ভালবাসি তোমায় বিশ্বাস করবে কি.? যদি বলি ভালো নেই তুমি ছা…	Neutral
6480	শুধু তোমার জন্য হাজারবার অসৎ হব;তোমার জন্য খুনী হব,তোমার জন্য হারামী হব, আমি-তোমার জন্য যেভাবে তুমি চাও-আমি তাই হব!	Positive
6481	তোমার বিষে বিষাক্ত আমার এই ভুবন বিষের মায়ায় জীবন আমার হয়েছে রঙিন বিষেই আমার সুখ বিষেই আমার শান্তি বিষেই আমার পথ চলা নেই কোন ক্লান্তি	Neutral
6482	RT @AishaAhsan18: প্রাইমারী স্কুল এর প্রশ্নঃ;; ১/ বাংলাদেশ কোন দেশে অবস্থিত?! ২/ ১৫ এপ্রিল কোন তারিখে আসে?! ৩/ সবুজ রং কোন কালারের হয়?! ৪/…	Neutral
6483	সাকিব আল হাসানের নিষেধাজ্ঞায় পুরো দেশ বিমূঢ়। তাঁর পড়াশোনা আর ক্রিকেটের আঁতুড়ঘর বাংলাদেশ ক্রীড়া শিক্ষা প্রতিষ্ঠান যেন আরও গুমট।	Negative
6484	মাঝে মাঝে খুবই অবাক লাগে একই নামের না জানি কত লোকই না পৃথিবীতে ছিল আছে থাকবে,কিন্তু সবাই কি তাদের নামের মতন একই সুখ পেয়েছিল :(	Neutral
6485	RT @allahonlyone1: আগামী কাল এই সময়ে সেহরী খাব ὠD এর চেয়ে বড় খুশির খবর আর কি হতে পারে ὉC সবাইকে, মহান আল্লাহ তায়ালা সব গুলো রোজা আর ৫ ও…	Positive
6486	সমালোচনা কর যদি তা বৈধ হয় তবে তা কখনো অভদ্র ও অশ্লীল ভাষায় নয়। অবৈধ সমালোচনা পাগলামি ছাড়া আর কিছুই নয়। অপরাধীরা অবৈধ সমালোচনা করে।	Positive
6487	বেবী আমি তো একটা ছোট্ট বেবী আমার নাইতো কোন হবি | শুধুই আমি চুপটি করে ভাবি মায়ের হাতে কিসের জাদুছবি | Full poem li… https://t.co/5nHHJcTwbc	Neutral
6488	RT @ahripon92: ভালোবাসা একটি তরল পদার্থ, উহার নিদির্ষ্ট কোন আকার নেই। উহা যখন যে পাত্রে রাখা হয় সেই পাত্রের আকার ও রং ধারণ করে।... https:/…	Neutral
6489	আরে তুষার ইমরান ভালো খেলতেছি ওকে এত বড় কি বয়স হয়ে গেছে যে ওর নেওয়া যাবে না পাপন বলল বয়স হয়ে গেছি আশা বয়স হ… https://t.co/y7gFzBlOn2	Positive
6490	আজ ৯ই ফেব্রুয়ারি, ২০১৯, শনিবার বিবিসি বাংলার প্রবাহ অনুষ্ঠানে যা থাকছে: থাইল্যান্ডে রাজার বড় বোন প্রধানমন্ত্রীর পদে প্রার্থী হওয়ার সিদ্ধান্ত নেয়ার পর রাজা নিজেই এখন তাতে বাধ সেঁধেছেন। রাজার বড় বোন সাবেক রাজকুমারী উবোলরতানা মাহিডল ঘোষণা করেছিলেন যে তিনি থাই রাকসা পার্টি হতে প্রধানমন্ত্রী প্রার্থী হবেন। থাকবে এর বিস্তারিত। বাংলাদেশে উপজেলা পরিষদের প্রথম দফা নির্বাচনের জন্য আজ ৮৭টি চেয়ারম্যান পদে প্রার্থী তালিকা ঘোষণা করেছে ক্ষমতাসীন আওয়ামী লীগ। অন্যদিকে বিএনপি জানিয়েছে, ৩০শে ডিসেম্বরের নির্বাচনের অভিজ্ঞতার পর তারা এই স্থানীয় নির্বাচনে অংশ নেবে না। শুনবেন এ নিয়ে প্রতিবেদন। ভারতের উত্তরপূর্বাঞ্চল সফরে গিয়ে আজ দ্বিতীয় দিনের মতো বিক্ষোভের মুখে পড়েছেন প্রধানমন্ত্রী নরেন্দ্র মোদী। আজও তাকে কালো পতাকা দেখিয়েছে নাগরিকত্ব বিল সংশোধনের বিরোধীতায় আন্দোলনরত সংগঠনগুলি। থাকবে এ নিয়ে আরেকটি প্রতিবেদন। আরও থাকছে ফোন ইন। আজকের বিষয়ঃ বাংলাদেশের সরকার বলছে গত দশ বছরে বাংলাদেশ বিদ্যুৎ ঘাটতির দেশ থেকে বিদ্যুৎ উদ্বৃত্তের দেশে পরিণত হয়েছে। বিদ্যুতের অভাবে এখন আর কোনো লোডশেডিং করতে হয় না। বিদ্যুৎ পরিস্থিতি নিয়ে আপনাদের অভিজ্ঞতা কি? সাথে থাকবে খবরের সর্বশেষ শিরোনাম	Positive
6491	3/… মোহন কলেজ ছাত্রলীগ এর পক্ষ থেকে শুভেচ্ছা ও মহান আল্লাহ রাব্বুল আলামিনের নিকট প্রার্থনা যেন শহীদ শেখ রাসেল কে জান্নাতুল ফেরদাউস দান …	Positive
6492	দ্বিতীয় ছবিতেও দর্শকদের হতাশ করবেননা পুনম!গত বছর ‘নেশা’ ছবিতে অভিনয়ের মধ্য দিয়ে হিন্দি সিনেমায় অভিষেক হলেও... http://t.co/jOLHnmVqKD	Positive
6493	মা হচ্ছে এমন একটা ব্যাংক, যেখানে সব কষ্ট জমা রাখা যায়, আর বাবা হচ্ছে এমন একটা ক্রেডিট কার্ড যা দিয়া সব সুখ কিনা যায়।	Neutral
6494	আওয়ামী লীগারদের হৈচৈ এর বদৌলতে ৪৫০ টাকার বই এখন ১০০০ টাকা। তবুও মিলছে না। পুরাই হটকেক। প্রথমা প্রকাশনী আর...  http://t.co/vKXY11jPFv	Positive
6495	তুমি জাগলেই জেগে উঠবেই নতুন বাংলাদেশ ঘৃণা ভরা এই ক্ষমতার খেলা করতেই হবে শেষ ও তরুণ, ও তরুণ তুমি জাগো. full video : https://t.co/cgSYdGAed2	Positive
6496	সারাদেশ | Shadindesh http://t.co/lS7f3p64iI	Neutral
6497	কে ছিলেন এই সিন্ডবার্গ?	Positive
6498	ব্যর্থতার ভয় কি আপনাকে থামিয়ে দিচ্ছে ?	Positive
6499	কি অবস্থা ম্যানচেস্টারের আকাশের? ফ্যান জোন থেকে ভারত-পাকিস্তান ম্যাচ নিয়ে ফেসবুক লাইভ।	Positive
6500	''আপনারা আমাদের ছেলেদের অনেক আন্ডার এস্টিমেট করেন, এতো খারাপ ওরা না।''	Positive
6501	সেই দিনের কথা মনে হলে হার্টবিট বন্ধ হয়ে যায়।কত সহজেই না বলে ছিলে পারলে ভুলে যেও আমায়। তোমাকে ভুল পারবো কি না জা… https://t.co/AeERDYFEa1	Neutral
6502	যে হাদিসটি শতবার পড়লেও মন ভরে না, যে হাদিসটি পড়লে বরাবরই আনন্দে চোখ ভিজে আসে...রাসূলুল্লাহ (সা) তাঁর... http:/t.co/9wS1o8tDRG	Positive
6503	@rikhiya640 @Nowrin07 হা হা হা সেই মেয়েও যে ভুল বলেছে সেটাও না। এমন অনেক আছে ভাব দেখানোর জন্য। কিন্তু তারা সবার কাছে পাত্তা পায় না।	Neutral
6504	মেক্সিকোতে অনলাইনে বাক স্বাধীনতা ও মুক্তির জন্য সংগ্রাম http:/t.co/G6MPikChnX	Positive
6505	একটা খুব মজার বিষয় খেয়াল করছি কিছু দিন ধরে আমার #frndlist এর যে আপু গুলা এক সময় লাভ পোস্ট করতো, ঐ আপু গুলাই এখন.… https://t.co/dKJuwVYNpF	Neutral
6506	@Apurbo_0 আইডিটা ভুলে গেছি। মনে থাকলে আপনাকে দিতাম। কিছু দিন মজা করতেন পরে তার ব্লক লিষ্টে যেতেন। ইতিপূর্বে পাইছেন কি না সেটাও জানি না।	Neutral
6507	@ProthomAlo ক্ষোভ কেন? আর ভয় কেন? কেহ যদি মনে করে আমার এই কাজটা অন্যায় তবে অন্যায়। আর যদি মনে করে সঠিক তবে কতটা সঠিক সেটা বুঝার বিষয়।	Positive
6508	ভারতীয় ফাস্ট বোলার মোহম্মদ শামির বিরুদ্ধে তার স্ত্রী পারিবারিক নির্যাতনের অভিযোগ আনার পর পুলিশ তার বিরুদ্ধে গ্রেপ্তারি পরোয়ানা এনেছে।	Positive
6509	দীর্ঘ ২৮ বছর পর অনুষ্ঠিত ঢাকা বিশ্ববিদ্যালয় কেন্দ্রীয় ছাত্র সংসদ (ডাকসু) নির্বাচনের ভাইস-প্রেসিডেন্ট (ভিপি) পদে জয়লাভ করেছেন বিশ্ববিদ্যালয়ের ইংরেজি বিভাগের ছাত্র এবং কোটা আন্দোলনের নেতা মোঃ নুরুল হক নূর। সাধারণ পরিবার থেকে উঠে আসা নূরুল হক সম্প্রতি কোটা আন্দোলনের সময় আলোচনায় আসেন। সেখানে থেকে আজ ডাকসুর শীর্ষ পদে তিনি। এসব বিষয় নিয়ে বিবিসি বাংলার সাথে ফেসবুক লাইভে নূর।  তার কাছে আপনাদের কোন প্রশ্ন থাকলে কমেন্ট অংশে করতে পারেন। বিবিসি বাংলার সাথেই থাকুন। Faisal Titumir , নুরুলহক নুর	Positive
6510	এই ভয়টা যদি থাকতো তাহলে মানুষ আর অসৎ পথে যেত না কাউকে ধোকা দিত না,, কেউ আমানতের খেয়ানত করতো না ... এই পৃথিবীর... https://t.co/AjTqEOYj6r	Neutral
6511	আমাদের এলাতে কে কে বিএনপি করে উহার লিষ্ট করার জন্য এমপি সাপ বলছে, দোয়া কইরেন যেন ঐ লিষ্ট আমার নাম না থাকে কেননা আ… https://t.co/4MEYMtr2LD	Neutral
6512	পিছনে ৪ - টা ঠিক আছে । তবে শেষেরটা ঠিক নাই । যারা আমাকে ঘৃণা করে, আমি তাদেরকে আরও বেশি ঘৃণা করি । If someone hates… https://t.co/Fe98H3v8BK	Negative
6513	শীর্ষ নেতাদের নির্দেশে গণধর্ষণ আর কত গণধর্ষিত হলে জাতি হবে লজ্জিত ? আর কত গণধর্ষিত হলে জাতি হবে কলংকিত ? আর কত গণধ… https://t.co/iQfUrg8wmD	Negative
6514	RT @ImShafiyanCR7: মুখোশধারী ভদ্র হয়ে থাকার চেয়ে আমি বরং অভদ্রই হয়ে থাকি। ὡEὠA মিথ্যা আশ্রয় নিয়ে সবার কাছে ভালো হয়ে থাকার চেয়ে আমি ব…	Neutral
6515	অভিনন্দন ব্রাজিল ὠD গ্রুফ চ্যাম্পিয়ন ὠD আজকে সেই মজা পাইলাম কেউ কেউ বল্ল ২ টা নাকি খাবে এখন কি হয়েছে... ὠD থাক নাম ব… https://t.co/T4azBKEWa8	Neutral
6516	বড় বিশাল পদ - পদবী নিয়ে লাভটা কি ? যদি কেউ ভালোই না বাসে । আমি পদ- পদবী চাই না । আমি ভালোবাসা চাই ।	Neutral
6517	চবির ভর্তি সংক্রান্ত মেগা পোষ্ট (সবাই শেয়ার করুন)ইউনিটA- ইউনিট- বিজ্ঞান অনুষদB- ইউনিট- কলা ও মানববিদ্যা অনুষদ... http://t.co/FwvAFb4KZG	Neutral
6518	বেশি দিন আগের কথা না মাত্র ৮-১০ বছর আগেও ওনারা বলতেন বাংলাদেশ নাকি টেস্ট ৩ দিনের বেশি টেস্ট খেলতো পারে না তার আগেই… https://t.co/jxM4KNScCA	Neutral
6519	পল্টন থানার মামলা : যুবদলের সভাপতি-সম্পাদকের বিচার শুরু: গ্রীনবাংলা নিউজ: পুলিশের কর্তব্যকাজে বাধা ও আইনশৃঙ্খল... http://t.co/EpqUaC2iif	Negative
6520	বাল্যবিয়ে ধর্ষণের চেয়েও ভয়ানক! http://t.co/xaiAqfaig5	Positive
6521	তো ভাইজানরা। কেমন আছেন সবাই ? আমি ভাল নাই, প্রেসার বাড়ায় দিছে একজন। তা বলে বাড়িআলী না। আপনারা খালি ভুল বোঝেন আমাকে, কিছু বল্লেই।	Neutral
6522	ভাই কেউ অামার অাইডির উপর নজর দিয়েন না ὢA অাগের টা খাইছেন ভালো কথা এটারে কিছু কইরেন না। অামি কোনো ভুল করলে অামার বা… https://t.co/0Ut1ooR992	Neutral
6523	RT @Apurbo_0: আমার মাঝে ছোট ছোট আবেগ ভালোবাসা গুলো এখনো জেগে উঠেὠD মাঝে মাঝে মিস করি তোমার সেই ছোট ছোট আদর গুলোὡE মাঝে মাঝে পাগলামী করি কেন…	Neutral
6524	@ChanchalJF তুমি ভাই সব সময় হেজিটেশনের মধ্য রেখে মজা নাও ὡ2বল বল সেই ললনা কে ? ধর্য্যর বাঁধ ভেঙ্গে যাচ্ছে আর ভিতরে ভিতরে মেয়েটা মজা নিচ্ছে	Neutral
6525	সমুদ্রের জীবনে যেমন জোয়ার-ভাটা আছে, মানুষেরজীবনেও আছে। মানুষের সঙ্গে এই জায়গাতেই সমুদ্রের মিল।- লিলুয়া...	Neutral
6526	১। সরকারী চাকুরী করার যোগ্যতা ছিলনা বলে কোন দিন ঐ দিকে তাকানোর সাহস বা ইচ্ছা হয় নাই। কোনদিন হবেও না। ২। আমার কোন… https://t.co/JONUURpR3y	Neutral
6527	আইএস জঙ্গীর স্ত্রী ও শহীদ হতে চাওয়া এক তরুনীর কথা  http://t.co/8D0ru7UN8c	Positive
6528	RT @MDSHARIF288: *যাও পাখি যারে উড়ে তারে কইয়ো আমার হয়েচোখ জলে যায় দেখব তারেমন চলে যায় ওদূর দূরেযাও পাখি বলো তারে সে যে ভুলে না মরে *	Negative
6529	ভাই বাদ দেন তো এই সব চেতনা বাদ দেন। ৪৬ বছর পর এসেও আজ ১৬ ই ডিসেম্বরে শুনতে হচ্ছে শুভ জন্মদিন। মহান বিজয় দিবসে ‘‘... https://t.co/Q5UToPa3rZ	Negative
6530	ভাই #মিঠুন তুই রেডি থাক আজ যদি বাংলাদেশ হেরে যায় তাহলে ১৭ কোটি বাংলাদেশী তোর পেছন দিয়ে একটা করে দেশলাই এর কাঠি দি… https://t.co/JQ76AoOsvz	Negative
6531	*** এই গ্রহে ব্রাজিল আর্জেন্টিনা ছাড়া আর কোন দল ফুটবল খেলে কি ?? *** বাংলাদেশ ছাড়া আর কোন দেশে এত ফুটবল বিশেষজ্ঞ আছে কি ...??	Neutral
6532	রাজনৈতিক নেতারা গণমাধ্যমে এত ভোকাস কথা কি করে বলে? কোনটা ন্যায় অন্যায় বুঝে না তারা? নাকি ইচ্ছা করে মজা নেন তারা? — feeling upset	Negative
6533	সন্তানের কষ্ট মানেই বাবার বুকে নীল জখম। সন্তানের সুখে বাবার মনে অনাবিল আনন্দ। বাবার সঙ্গে সন্তানের এটাই তো চিরন্তন বন্ধন। কিন্তু বাস্তবতা অতি নির্মম। চারপাশে একের পর এক ঘটে যাচ্ছে মর্মবিদারী ঘটনা।	Negative
6534	::: AFC তে প্রথম! খারাপ না; ভালোই লাগলো। ☺ গাঁয়ে এমন কিছু ওপেন হলে তো কাঁটাচামচ দিয়ে খাওয়া বেমানান। তাই হাত দিয়ে ফ্রাইড খেলাম। ☺	Neutral
6535	সাধারণ মানুষ মানুষ কাজ করে সকাল ৯ টা থেকে বিকেল ৫ টা, আর সকাল ৫ টা থেকে রাত ১০ টা পর্যন্ত কাজ করে অসাধারণ মানুষ।… https://t.co/OCGYYQfWQp	Neutral
6536	বুঝা কি বুঝা গেল ছাত্রদের ক্ষমতা ? তবে আর কত দিন শৈবে ছাত্রদল নিজ দলের অবহেলা? যদি হয় ছাত্রদল শক্তিময়, তবেই বিএনপি হবে দূর্জয়।	Positive
6537	RT @FahadTawhid: একলা থাকার মতো সুখ কথাও নেইযদি হয় ঘুম বন্ধু আর স্বপ্ন সাথী ভালো থাকার জন্য কখনো কখনো অন্ধকারে কোন উঁচু জাগা বসে বাতা…	Neutral
6538	RT @MOHAMMADARFAT10: এই ছোট্ট এক ব্যস্ত পরিবারে আমার জন্ম। এক দিকে গরু, এক দিকে মারিচ,অন্য এক দিকে জমি দেকে আসা ধান, আমি যখন ছবিটা তুলি তখন…	Neutral
6539	RT @OmayerSirazi: বাহ!! কি অপূর্ব রাত। বৃষ্টি নেমেছে এই শহরে। নীরবতার চাদরে ঢাকা এ শহরে শুধু বৃষ্টির ফোঁটার আওয়াজ আর শুনা যাচ্ছে। মনে হচ্…	Neutral
6540	ডাঃ কামাল কিসের ডাক্তার? সে কোন রুগী দেখে না। তার কোন চেম্বার নাই। সে একটা ভুয়া ডাক্তার।-বয়ানে সংসদে বিএনপি দলীয় এমপি এস এ খালেক।	Neutral
6541	RT @BackdatedNahid: কিছু কিছু কথা বলার আগেই সময় ফুরিয়ে যায়। কিছু কিছু স্বপ্ন দেখার আগেই ঘুম ভেঙ্গে যায়। আর কিছু কিছু মানুষ আপন হওয়ার আ…	Neutral
6542	ডানা ভাঙ্গা কাক, এই বিশাল দিনের আকাশ তোমার জন্য নয়, তুমি বরং যাও অন্ধকারে আরো অন্ধকারে, যে অন্ধকার জন্ম দেয় আলোর, যে আলো শুধু তোমার।	Negative
6543	অ্যাস্ট্রোনট অ্যানি ম্যাক্লেইনের বিরুদ্ধে মহাকাশ থেকে অপরাধমূলক কাজের অভিযোগে তদন্ত...	Positive
6544	অনেক সময় গণতান্ত্রিক সরকারের চরিত্র দেখে অনেক সামরিক শাসকও লজ্জা পেতে পারে।	Positive
6545	একটা দেস আর একশটা দেস মামলা, একবার করস আর হাজার বার করস হামলা। করতে থাক,- ৩০ তারিখ ভইরা দিমু, তোর পুলিশ বাপেও ভোট… https://t.co/Bo2M9qSYaU	Negative
6546	আল্লাহ আমাকে আর কষ্ট দিও না, যদি কোন অন্যায় করে থাকি ক্ষমা করে দাউ প্লিস। তুমি মহান, তুমি দয়ালু, তুমি রাহমান।	Positive
6547	জিয়ানগর উপজেলার মত্স ও প্রাণী সম্পদ সংক্রান্ত স্থায়ী কমিটির সভায় বক্তব্য রাখছি | আমার ডান পাশে ভাইস চেয়ারম্যান...	Neutral
6548	আমার ও পরান ও যাহা চায়তুমি তাই , তুমি তাই গোআমার ও পরান ও যাহা চায়	Positive
6549	Popy, মন খারাপ করে কি হবে? মাত্র ৪ বছর পর অাবারও বিশ্বকাপ। সো মন খারাপ করে না থেকে খেতে দাও.. :P সমবেদনা তোমার ম… https://t.co/rJYXvCxk0o	Neutral
6550	ডঃ কামাল হোসেন তো আইন বেইচা খায়, সে যে সিইসির কাছে গিয়া পুলিশরে গালি দিল। সে কি জানে না, PRB Regulation 108 মতে,… https://t.co/ZANzAnCO0O	Negative
6551	চূড়ান্ত নাগরিকত্বের তালিকায় নিজের বা ঘনিষ্ঠ স্বজনদের নাম না ওঠায় দিশেহারা হয়ে পড়েছেন ভারতের আসামের যে ১৯ লাখ হতভাগ্য মানুষ, তাদের মধ্যে চারজন বিবিসির কাছে তাদের ক্ষোভ এবং হতাশার কথা বলেছেন। এই চারজনের দুজন মুসলিম এবং দুজন হিন্দু।	Negative
6552	@arif_rony2 আমি ও সেটা কে উপলব্ধি করি	Neutral
6553	আরে জীবনের সফলতা খুব কঠিন না। যদি তুমি কোন কাজকে সহজভাবে নাও। যে ইচ্ছা মনে নিয়ে ঘুরছো তা এখনি শুরু কর। সফলতার জন্… https://t.co/hLmbpEpySY	Positive
6554	পায়ে পথ চলা মেঘে ঢাকা ভোরের আলোতে যতদূর চোখ যায় নেই যে কেউ আর আমি একা ভোরের আলোতে শুকিয়ে যাওয়া পাতাগুলো এই পা… https://t.co/qzlHqLAoyC	Neutral
6555	গতকাল বিকেলে ওই প্রতিবন্ধী নারী রেলস্টেশনে কন্যাসন্তানের জন্ম দেন। মা ও নবজাতক মাটিতে পড়ে ছটফট করছিল।...	Negative
6556	RT @ShamratA: ভুল করেও হয়তো ফেইসবুকের এই ভার্চুয়াল জগতে আর কোনদিন লগ ইন করা হবে না! আল্লাহ সবার মঙ্গল করুক..। দয়া করে কেউ প্রশ্ন করবেন…	Neutral
6557	আজ থেকে আবার সবাই INDIA এর জন্য গলা ফাটাব। । অনেক দুঃখিত IPL নিয়ে কিছু STATUS যদি খারাপ দিয়ে থাকি এবং যদি কারো খারাপ লেগে থাকে ।।	Neutral
6558	ধার করা সুখ নিয়ে আর কতদিন ভাই? খেলা তো লাল আর হলুদ জার্সি পরা টিমরে খেলতে দেখলাম। আকাশ আর মেঘ এর কালারের কোন কম্… https://t.co/rJKr6vKhGD	Neutral
6559	@PratimDGupta বিশ্বাস করো , এটা এই ইয়ার এর সেরা গান হবে । but আমার মনে হয় সবাই এই গান টাকে বেশী ভালোবাসা দেবে অন্… https://t.co/r6MYydejDt	Neutral
6560	@Brishtiputro আমার হোল্ডা নাই হোডা আছে তোর হোল্ডাও আছে হোডাও আছে খাইবি আর ঠাস ঠাস মারবি সকাল বেলায় ঘুম থেইকা উঠে দেখবি অন্ধকার পুরা ঘরὡC	Neutral
6561	RT @nusratjahanjeni: ফিরে যাও যদি যেতে চায় মন জোর করে কেউ করো হয় না আপন। হৃদয়ে হৃদয় যদি না বোঝে আর পোশাকি প্রেমের বলো কি দরকার? মনের…	Neutral
6562	@Bajpakhi24 রাইট আমার বোন থাকা সত্বেও তাদের পাই না তাদের আদর, স্নেহ থেকে বঞ্চিত বলতে হয় কারণ, তারা সবাই বয়সে বড়, আর আমি সবার ছোট	Neutral
6563	সাধারণ জ্ঞান কিছু মজার প্রশ্ন এবং তার উত্তর !!! . 1. গরু আর শিশুদের মধ্যে পার্থক্য কি জানেন?? . উঃ গরু পানি খেয়ে... https://t.co/BJVRTVsQOg	Neutral
6564	RT @Rijvee: মুক্তি যোদ্ধের চেতনা কি এটা ছিল যে মেট্রিক পাশ করা একজন পুলিশ কনস্টেবল ঢাকা বিশ্ববিদ্যালয় থেকে স্নাতক পাস করা ছাত্র এর কলার…	Negative
6565	বিভিন্ন দেশের মুদ্রার নাম ➺ বাংলাদেশ – টাকা। ➺ পাকিস্তান – রুপী। ➺ ভারত – রুপী। ➺ শ্রীলংকা – রুপী। ➺ নেপাল – রুপী।… https://t.co/WwR048Az75	Neutral
6566	@Im_acs আমি ৮ বছর ধরে প্রবাসে আছি এখনো জাই নি ১০ বছর পুণ্য হলে যাবো, কারণ দেশে রাজনীতি চুদা চুদি করের এখন জীবনের কোন ভরসা নাই	Negative
6567	১৭৫৭সন ২৩সে জুন পলাশী থেকে ১৬ ই ডিসেম্বর /১৯৭১ ঢাকা , পর্যন্ত যে সব মহান বীর শহীদ রা দেশ এর মুক্তির জন্য জীবন দি… https://t.co/5NbXXudcVe	Neutral
6568	সবুজ পাহাড়ে নজরকাড়া ফুল। পানখাইয়া পাড়া, খাগড়াছড়ি, ২৭ অক্টোবর। ছবি: নীরব চৌধুরী	Positive
6569	ধা‌র কর‌তে কর‌তে জীবন টা ম‌নে হয় শেষ হ‌য়ে যা‌বে । ষোধ করা আর হ‌বে না। ঋণী হ‌য়েই মর‌তে হ‌বে । — feeling empty	Negative
