id	text	label
0	এবাভে সব অপরাধ তুলে ধরা দরকার।	Positive
1	তামিম ইকবাল	Neutral
2	ভালো রেজাল্ট করলেই ভালো মানুষ হওয়া যায় না।বাবা মায়ের উচিৎ সন্তানকে ভালো মানুষ হওয়ার শিক্ষা দেওয়া।	Neutral
3	কেমন বাংলাদেশ চায় বাংলার যুবসমাজ	Neutral
4	বরাবরের মতই অসাধার	Positive
5	+Neamot Ullah সহজ বাংলায় ENT specialist হলো নাক-কান-গলা বিশেষজ্ঞ । :)	Neutral
6	ইমরানের গালে গালে জুতা মারে তালে বাচ্ছা কই যাওয়ার সময় পাবি না.	Negative
7	খুবই খারাপ	Negative
8	ধন্য বাদ লিটন ভাই আমি ও আছি আপনার সাতে আমাদের সরকার ও পসাষন টিক নয় কারন জাফর ইকবালে সাহষ কোথায় তেকে পেয়েছে আমি জুদি বাংলাদেশ তাকথাম তা হলে তার দোকান পেটটল দিয়ে জালিয়ে দিতাম জাফর ইকবাল জুদি আপনি বাংলাদেশ তাক তাহলে তোমার জীবন শেষ আমি বাংলাদেশ আসতেছি আমার বাড়ি সিলেট লিটন ভাই আপনারে আমি সেলুট জানাই ভাই	Positive
9	আমরা বিদেশে এসে লানচিত হই, আর বিদেশিরা আমাদের দেশেই আমাদের লানচিত করে, তাহলে কোথাই আমরা আর আমাদের দেশ???	Negative
10	প্রিয় হিরো ঠিক বলছেন	Positive
11	vaiya awesome onkk bhalo নববর্ষ।।	Positive
12	তরে সবার আগে জবাই করতে হবে এমরানইন্না	Negative
13	জীবনটা সত্যি সহজ একটা গাছের সবুজ কচি খান্ডের বাতাসে একটু হাসে আর সূর্যের আলোতে আলতো রং তাদের কে ধরে রেখে আমাদের এই সুন্দর জীবন	Positive
14	ইমরান হাসৃমি আপনি দেকেন জনগন রা কি লিখে এটা ওয়ামিৃলিগ এর কিনা দেশ নাকি এটা জনগনের দেশ	Negative
15	টিউলিপ যাতে বাংলাদেশ এ না আসে যেহেতু সে আত্মস্বীকৃত বাংলাদেশি না	Neutral
16	অনেক চেষ্টা করেছি তবুও পারিনি অবশেষে হেরে গেলাম,,,Sorry,,,,,, h,s,c,,,,,ex,,,,,,,	Neutral
17	শালা খানকীর পোলা নাস্তিক শালা ইমরান খানকির পোলা	Negative
18	আমি ইন্ডিয়া থেকে বলছি। সত্যি কথা বলতে সুনিল গভাস্করের সাথে সাকিবের দ্বন্দ থাকায় এমনটা হয়েছে।	Neutral
19	নজরুল হালা সব সময়ে জামায়াত স্বপক্ষের লোক	Negative
20	জাফর একটা বড় হাইওয়ান	Negative
21	নওফেল ভাই এসব কথা ভাল না	Negative
22	নাস্তিক রা নিজেদের সবচেয়ে বুদ্ধিমান মনে করে, আসলে তাদের মত মুর্খ আর কেউ নয়। তদের বিচার আল্লাহ করবে।	Neutral
23	ওই বেটা হিন্দু মালায়ুনকে জুতা পিটা করা দাকার মাদার সরকরকে টিকিয়ে রেখেছেন ওই জানুয়ার ছাত্র লীগ নামক কুকুররা অার পুলিশ লীগ জারজরা অাবার বলছে ছাত্র লীগরা এই অাওয়ামী দালাল.	Negative
24	তিন. টাই নাস্তিক. হুজুর. আপনি বাদ দিন	Neutral
25	কয়জনের বাবা মা এমন ভাল হয়??? অনেক কেয়ারিং ছিলেন তারা। আর ছেলেমেয়েরা এসব দেখলে পড়াশুনায় ডাব্বা মারবে।	Neutral
26	কোটা নিয়ে যে আন্দোলন হলো, ছাত্ররা কয়টা গাড়ী ভেঙ্গেছে।?? সব	Negative
27	ভালই শেষ টা একঘেয়ে। সবসময় কেউ না কেউ মরে যায়, বাস্ কাহিনী খতম।	Negative
28	ভাই আমার এলাকায় একজন পোভাব শালি লোক চাঁদাবাজি করে মানুষের ভয়ে কিছু বলতে পারেনা 01630556537	Negative
29	ধুর মাগির পোলা	Negative
30	ভাল ছিলো	Positive
31	বুকাচুদা তুই তো ভালো ভাবে নিজের ভাষায় কথাই বলতে পারিস না। তুই তো বইটার কভার পেইজই দেখলি ভেতরের মাল মসলা পড়িস নাই। তুই শিক্ষিত না ভালো সমাজে মিশিস না তাই English বলতে পারিস না। ভাই বাঙলা মাতৃভাষা প্রানে থাকলেই তো তাকে বার বার স্বরন করা যায়।	Negative
32	সত্য বলেছেন	Positive
33	এই হারটা বাংলার প্রোয়োজন ছিলো, কারন বাংলাদেশ সব কিছুতেই অতিরিক্ত করে ফেলে, অতিরিক্ত কোনো কিছুই ভালো তা আবারো প্রমান হলো,,,	Neutral
34	আমি কোন দিনো এর সমর্থন করি না। যদি পায়ে বড় ধরনের আঘাত পায়।	Neutral
35	আপনার ভিডিও কোয়ালিটি আমার কাছে বেশ ভালো লাগলো।	Positive
36	Abhijeet Kundu আগে সোনা কাইটা আসিস তারপর ধর্ম নিয়ে কথা বলিস। তোগো ধর্মে তো দেব দেবিরা কুত্তার মতো রাস্তা ঘাটে চুদাচুদি করে, আর কোন এক কুত্তার পেট থেকে তুই পড়ছিস আরকি বুঝলাম। মালাউনের বাচ্চা	Neutral
37	প্রাচ্যের বক্সপোর্ড	Negative
38	মমননরাাচহকসািডডডেনকগততনর	Neutral
39	এতো সুন্দর কথা বলছেন খুব ভালো লাগছে	Positive
40	ভয়ঙ্কর সুন্দর বলে যা থাকে। তাই	Positive
41	ইমরান কত আর চামচামি করবি	Negative
42	ভয়ঙ্কর সুন্দর বলে যা থাকে। তাই	Positive
43	ইমরানের মা য়েরে চুদি আর এই খানে যে দুই মাগি আছে তাদের দুই জন কে চুদি	Negative
44	আমি একটা গান পরবেন সবাই নুসারট ফারিয়া আমার কমরটা দিলাইয়া তরে আর তর মারে বিসানায় ফালইয়া এমন চুদাচুদমু না মাগির বাচ্চা সব ভুলে যাবি যে গানটা লিখছে সে একটা মাগির পুত বা মাগির জি মনে।।। এক কথায় বুঝাতে চায় হট বাবা মায়ের হট সন্তান####	Negative
45	Ananno sarker আমি কি আপনার বন্দু হতে পারি +৯৭৪৬৬৫২৯৩৫২	Neutral
46	সালমান ভাই, খুব শখ ছিলো একটা ভিডিওতে আপনার সাথে পার্টিসিপেট করা। কিন্তু জানি আমার মত লাখো ফ্যানের ভিরে আমিও হারিয়ে যাবো আপনার চোখের আড়ালে।	Neutral
47	ভাই এতো ভুল ‍ information disen Ken।	Negative
48	সালার গোয়য় kick de	Negative
49	উপস্থাপক কে ধন্যবাদ।	Positive
50	সাবাস বাঙালি মুসলমান প্রতিবাদীদের প্রতিবাদ করতে যাওয়া নাস্তিকের বিরুদ্ধে করতেই থাকবে থাকবে না কখনো প্রত্যেক মুসলমানের দরকার জেগে ওঠার মুসলিম জাগো	Neutral
51	সাওনের মতন আমিও একজন পরাজিত সৈনিক ছিলাম। কিন্তু হেরে যাইনি	Positive
52	ভাইয়া এইফোনটি কি বাংলাদেশে আছে এই ফোনটির বাংলাদেশি প্রাইস	Neutral
53	একজন ভালো মানুষ	Positive
54	জারজ মাগির পোলা তোর মার ভোদায় তোরে ডুকাই মাগির পোলা	Negative
55	Ismail hossain এইটা ভালো ছিলো	Positive
56	আপনাকে সেলুট বড	Positive
57	এই চেনেলটা একটা আবাল। সব সময় একজন মওলানার সাথে ৩ জন নাস্তিক রাখে। সব নষ্টের গরি এই চেনেল।	Negative
58	ইলিয়াছ ভাই আপনে অনেক ধন্যবাদ৷	Positive
59	তালাশ টিমের কাছে আমার একটি অনুরুদ, আপনারা যদি পুরপুরি ইপিসড দিতে পারতেন, তা হলে আরোও ভাল হত, ইপিসডের লাস্টের কোন সমাধান হয়না কেন,	Neutral
60	মাসাআল্লাহ	Positive
61	আগল পাগল মন্ত্রী বানাই বালের উন্নতি করবে	Negative
62	গানটা দেখলে মেজাজ খারাপ হয়ে যায়। নুসরাত কে পুরাই ফইন্নি লাগে। তোমার পোষাক না থাকলে আমাকে বল। আমার অনেক পোষাক। লাগলে পাঠিয়ে দিচ্ছি	Negative
63	এইটা,,ভাল,,না,,	Negative
64	"""Channel i"" কে অনুরোধ জানাচ্ছি যে, এই নাটক টি আবার টিভি তে প্রচার করা হোক।।।।"	Neutral
65	ছি নাস্তিক	Negative
66	ভালোই ছিলো কিন্তু শেষের জন্য	Positive
67	ভাব না আমার শিমুল লাল যে আগুন মহুয়ার বনে মাতাল হাওয়া	Neutral
68	Ranajit Saha মাগি সানিলিওনের ছেয়ে ও খারাপ	Negative
69	কাল আমি এই ভিডিও শেয়ার করেছিলাম,,,,আজ দেখি অনেক ভিউ। আমারো ভালো লাগলো দেখে। মানুষ সত্যিটা জানতে পারছে।	Positive
70	কথা কিন্তু সত্য	Neutral
71	,,বাংলাদেশ ফুটবল টিমকে বাদ দিয়ে ক্রিকেট টিম দিয়েই দুই খেলা চালিয়ে যাক, তাতে করে ক্রিকেটের সাথে ফুটবলেরও উন্নতি ঘটবে।	Neutral
72	সেলুট বাংলার সাহসী বীরপুরুষ সালাম আপনাকে	Positive
73	তুই আসলে মাগি	Negative
74	ত্রসব হুজূর না ত্রগূলো হল শয়তান আমী যা বুজী যারা অরজীনাল হুজূর তারা কখনো রাজনিতী করেনা তারা শূধূ ইসলমের বেপারে সবাইকে বুজায়	Neutral
75	তোমাদের সভাবটাই হচেছ পর ধম কে মনধ বলা বোকা হিনদুরা নয় তরা। কয়লা তোইলে ময়লা য়ায না।	Positive
76	আপনার সুন্দর মন্তব্যের জন্য আপনাকে অনেক ধন্যবাদ।	Positive
77	কিছুই বলার নাই ভাই !!	Neutral
78	We are Tigers মুশফিকের সেলুট	Positive
79	ভালোবাসি আপনাদের	Positive
80	রাজাকার রা জে মুক্তিযোদ্ধার সর্টিফফিকেট নিযে় বসে আছে ওইটা দেখেনা মতিয়া চৌধুরী ?ওরা কি ওর বাপ লাগে ?	Negative
81	অসাধারণ!!!!	Positive
82	2017 এসেও এই গান টা কে কে শুনছেন? ♥♥	Neutral
83	ঐ খানকির পুলাড়া কি অনুষ্ঠান বানাচ মাদারচোদ,, ইমাম একজন নিচো কেন পারলে সমান সমান লোক নিতা, ৪ মাদারচোদ মিলে একজনকে ডাবাও,	Negative
84	সত্যি মিথ্যা সব সময়ই বলে দিবে	Neutral
85	দারুন মিউজিক	Positive
86	এমরান একটা জারোজ সুলতানাকামাল একটা মাগি শাথে আর একটা খানকি	Neutral
87	ভাওতাবাজি তখন হবে যখন এটি আসলেই আমাদের কাজে লাগবেনা বা লাভবান হবে না। তবে আশা করি এটি আমাদের দেশের মানুষের কাজে লাগবে এবং দেশ লাভবান হবে।	Neutral
88	জীবনটা আসলে আকাশের মতো।কখনো সেটা সুখের রং দেখায় আবার কখনো দুঃখের রং দেখায়।স্টুডেন্টের জীবনটাও সেরকম।আমি গোল্ডেন A+ চাই না। আমি চাই শিহ্মায় শিহ্মিত হতে। জীবনে আমার অনেক কষ্ট।গোল্ডেন A+ আমিও পেয়েছি।। কিন্তু আমি এখনো শিহ্মার প্রকৃত আলোর দেখা পাইনি। আমার জীবনটাও তেমনি।	Negative
89	সেটালাইট খুব ভালো কথা কিনতু মানুষসে কি উপুকার হবে	Neutral
90	ফ্রি 5GB নিবেন কি করে জানতে click করুন এ	Neutral
91	চাঁদপুর থেকে ঢাকায় এসেছি, আমার কাছে কিচু মালামাল ছিল অন্য মানুষের বিদেশে আসবো বলে মানুষ দিয়ে ছিল, লঞ্চ থেকে সবায় নামার পরে আমি নামতে গেলাম কারন আমার হাতে মালামাল ছিল কিন্তু নামতে পারলাম না, আমাকে হলুদ বাহিনি আটকাই, বলে ঘাটের টাকা দিতে হবে তখন আমি ৫০ টাকা দেওয়ার জন্য রাজি হলাম কিন্তু তারা নেয় না, বলে ১০০০ টাকা দিতে হবে, পরে আমি লঞ্চের টিকেট মাস্টারকে বল্লাম উনি বলে আমি কিছু জানিনা,	Neutral
92	"""পটাকা"" শব্দটি কি জিনিস?"	Neutral
93	একটা কুত্তা, দুটি কুত্তির ঘেউ ঘেউ , একটা টকশো নাকি কুত্তা- কুত্তির ঘেউ ঘেউ |	Negative
94	আমরা মায়ের মুক্তি চাই	Positive
95	মনে থাকবে কোনো এক বৈশাখের কথা	Positive
96	এসব নাটক না করে, আশাফুলকে তাড়াতাড়ি দলে পেরানো হক	Neutral
97	বঙ্গবন্ধুর চামড়া দিয়ে ঢুগডুগি খেলবে বলে,আজ মুক্তিযুদ্ধেরর ছবক দেয়	Negative
98	ঔ মতিয়া তুর বিচার ও বাংলার জমিনে হবে ইনশা আল্লাহু	Negative
99	টক শো এর সময় আরো বাড়ানো দরকার	Neutral
100	Mokbul Kuwait ভাই এইটার মধ্যে কি শেখ হাসিনা আছে না কি?	Neutral
101	কুত্তালীপ ছাড় নাহলে দেশ ছাড়	Negative
102	এটা কোন মিল হইলো পালতু	Neutral
103	Shareef Sabir তোরে যে কি বলব আবাল কোথাকার	Negative
104	আমরা সবাই আশরাফুলকে চাই	Neutral
105	শরিফ অাহম্মেদ অভি তুই প্রথমে বাংলা ভাসা শেখ	Negative
106	পাগল তোকে টিউলিপ জুতা টানতে ও রাখেনা বেয়াদব তুই কিসের সা;বাদিক তুই তো মিরপুর আকাম করতেগিয়ে দোউরে পালাইছিলি তোর মত বন্ড বিএনপি জামাতে আরও দরকার তোর খুনি জিয়াকে জাতির পিতা চাকরি দিয়েছে বেতন দিয়েছে জিয়া জাতির পিতাকে ছেলুট দিয়েছে	Negative
107	The Undertaker অারে ওই শুয়োরের বাচ্চা তুই তুই কিসের ছেলে পতিতার ছেলে নাকি মা বোন কুন পতিতালয়ে পতিতালয়ে না কি অন্ন কুতাই তুর মা বোনকে গিয়ে চুদ. অার না পারলে অামার কাছে পাটাই অাছে.	Negative
108	সত্যি আপনি মহা নায়ক	Positive
109	শরিফ অাহম্মেদ অভি haram jada ovi tuio acta nasti tora zobi kora tuchite	Negative
110	নিন্দুক রবীন্দ্রনাথ ঠাকুর নিন্দুকেরে বাসি আমি সবার চেয়ে ভাল, যুগ জনমের বন্ধু আমার আঁধার ঘরের আঁলো। সবাই মোরে ছাড়তে পারে, বন্ধু যারা আছে, নিন্দুক সে ছায়ার মত থাকবে পাছে পাছে। বিশ্বজনে নিঃস্ব করে পবিত্রতা আনে, সাধক জনে নিস্তারিতে তার মত কে জানে? বিনামূল্যে ময়লা ধুয়ে করে পরিষ্কার, বিশ্বমাঝে এমন দয়াল মিলবে কোথা আর? নিন্দুকে সে বেঁচে থাকুক বিশ্ব হিতের তরে; আমার আশা পূর্ণ হবে তাহার কৃপা ভরে।	Neutral
111	Ending টা এমন না হলে নাটকের সৌন্দর্য আরো ১০ গুণ বেড়ে যেতো।কিন্তু কারো জীবনে হয়তো এমন ঘটনা ঘটেছে বলেই হয়তো শেষ টা এমন হইছে,,,তাই হয়তো নাটকের স্ক্রিপ্ট টা এমন ছিলো	Positive
112	নাহিদ কাক্কু	Neutral
113	সালা তুই নিজে কতদুর শিক্ষিত???	Negative
114	দোয়া করি আশরাফুল ফিরে আসুক জাতীয় দলে	Neutral
115	অনেক বেশী ভালো লাগলো, অনেক ভালো হচ্ছে কাজগুলো, প্রানবন্ত ও স্বতঃস্ফূর্ত,,,,,,,,,এক কথায় অসাধারণ	Positive
116	এক মুঠো রোদ আকাশ ভরা তারা ভিজে মাটিতে জলের নকশা করা মন কে শুধু পাগল করে	Neutral
117	Arman Rahman তোর মা international rendy তোদের মীরজাফরের বংশ কাটা বিচি নিয়ে বেশি বাল ছিড়িস না দেখলি তো কি অবস্থা হয়েছে	Negative
118	এই কাজ অন্যদেশের কেউ করলে সবাই তালি বাজাতো আর এখানে ডিসলাইক দিচ্ছে!!!! বাহ বাঙালি!!! এত ভাল কাজের পরও আরও মজা কর আর নিজেদের ছোট কর!!! হায়রে বাঙালি!!! নুসরাত পশ্চিমবঙ্গ এর হলেই ভাল হত। আমরা না নিজে করতে না পারি কারো উতসাহ হতে! লজ্জা লাগছে আজ	Neutral
119	মুফতি শাখাওয়াত একাই অনেক ভাল লড়েছেন। আরে ভাই মিডিয়া যাই প্রকাশ করুক না কেন,সাধারন মানুষ কার পাশে সেটা আমরা সবাই জানি।মন্তব্যগুলো দেখলেও বুঝা যায়। আল্লাহ-আকবার	Neutral
120	আমি অনেক দিন দেখি তালাস	Neutral
121	শেষে মরে যাওয়ার সিনটা না করলেও হতো,,দুজনের মিল হলেই বেটার হতো	Neutral
122	হায়রে মোছোলমান	Negative
123	কয় এই পেশাতে আছে ভাই	Neutral
124	আমি ইলিয়াস কাঞ্চন ভাই এর সাথে আছি ।	Neutral
125	অসাধারন একটি গান।যত বার শুনি ততবারই মনে হয় প্রথম বার শুনছি।	Positive
126	ইমরাণ নাটকির পুলারে জুতা মার. র্মুখের বাচ্চা রাজাকরের বংশ	Negative
127	বঙ্গবন্ধু-১ স্যাটেলাইট ভারতের মনভাব কি?তাহারা ভাল চোখে দেখছেন কিনা?কারন দেশের সরকার ভারতের কথাতে চলতে পছন্দ করেন।শেখ হাসিনা ভারতের চোখের কাটা হবেনাতো?	Negative
128	maruf s একমত ✌	Neutral
129	মতিয়ার মুখে জুতা মারবো জনোগন	Negative
130	ভাল লাগার একটি নাটক।।।	Positive
131	সুমী হালী কয় কি কয় টাকা খাই ছে	Negative
132	নায়কতো নায়কি,,,, সাকিব খান মারকা নায়কনা,, এটা ইলিয়াস	Neutral
133	ধন্যবাদ ইলিয়াচ কানচন ভাই	Positive
134	বেশ্যা মাগির পোশাকের এই অবস্থা কেন ।ওর চেয়ে তো পতিতাগুলো অনেক ভালো।	Negative
135	অ আচ্ছা	Neutral
136	কিরে ভাই নতুন ভিডিও	Neutral
137	ভাই মিডিয়া যদি নিউজ গুলা প্রচার না করে তাহলে আপনি কেমনে পাইলেন এইসব তথ্য? এইডা আবার বলিয়েন নাহ যে স্বপ্নে পাইছেন।	Negative
138	অসাধারণ।	Positive
139	৬২ হাজার ফলস মুক্তিযোদ্ধায় ভরেগেছে	Negative
140	চার ছাগলের সাথে কিসের কথা	Negative
141	প্রতিবন্দীদের জন্য ১%-জেলা+ নারী কোটা -২০% ।অাহারে কী সিস্টেম ??	Negative
142	ভাবতেও পারিনি যে ফিনিশিংটা এরকম হবে। অসাধারণ লাগলো	Positive
143	পৃথিবীর বুকে একমাত্র দেশ যে স্বদেশ প্রতিনিয়ত সমালোচনার নিজ ভূমির মানুষই দেশের উন্নয়নের নেতিমূলক সমালোচনা ধিক্কার জানাই এইসব অপরাজনীতির	Neutral
144	ফেসবুক নিয়ে আরও পর্ব প্রচারিত হোক।	Neutral
145	কেন জাতীয় দলে ফেরানো হচ্ছে না আশরাফুলকে?	Negative
146	এই ভাবে তো গরিব আরো গরিব হবে আার ভরলোক ও গরিব হয়ে	Negative
147	ATC Android ToTo Company তুষার ভাই এর আরো রিভিউ চাই।	Neutral
148	খানকি মাগি	Negative
149	ভাব খানা এমন নিলা যে ঠাকুর ঘরে কেরে আমি কলা খায় না।হালা ফহিন্নর পুত তুই মনে হয় ধোয়া তুলসি পাতা। দেখা দেখি করে লেখাও নকল। তাই এমন কেও নাই যে দেখা দেখি করে লেখেনাই।	Negative
150	কিছু হলে জামাত শিবির,দুনিয়াতে মিথ্যা বলে পার পাবি কিন্তু আখারাতে কি করবি, কে মারছে সবাই দেখছে। এরা সবাই বিঈয়াদপ, আমার মনে হয় না এরা ভাল ছাত্র।	Negative
151	সালাম কাদের সাহেব	Neutral
152	এমরান একটা জারোজ সুলতানাকামাল একটা মাগি শাথে আর একটা খানকি	Negative
153	ভাই এইটা বুঝেন না কেন মুস্তাফিজের বেল চলে গেছে আর কত স্লু বল ভাই, বলে কোন বেরিয়েশন নাই খালি স্লু ডেলিভারি দেয়, যে কোন ব্যাটসম্যান যদি তার ওভারটা পুরো খেলে তাহলে ২টা বাউন্ডারি মারা কোন ব্যাপার নই কারণ তার বলে কোন বেরিয়েশন নাই,	Negative
154	তিনটি কুতা চিলাচিলি করে বেসি। একটু থামান পিলিচ।এখানে টকসো হয়।রামরাম পুজো হয়না।তোর মায়রে চুদা তুই জরমো নিছোচ।মাদার চোদ।রাম চোদ রাম কম কর।তুই মরলে মনদিরে তোরে পোরানো হবে।মোললা দিয়ে জানাজা হবেনা	Negative
155	সুমি মাগির বাচ্চা আসলে মাগি হয়ে জন্মেছে	Negative
156	খালেদা জেলে, আর কুলাংগার তারেক বিদেশে ইহুদী নিয়ে ফুর্তি করছে। সালা আই এস জংগী,। দেশ বিরধী শয়তান। প্রতিটা বদ বুদ্ধী তার মাথায়।	Negative
157	Thanks to all >>200k dislike! over অভিনন্দন সবাইকে! এই অর্জন শুধু আপনার একার নয়, এই অর্জন বিশ্বে প্রতিটি মানুষের। অনেক হাড়ভাংগা পরিশ্রম করেছেন, এখন শুধু বিজয়কে বরণ করার পালা।	Negative
158	আওয়ামিলীগ মুক্তি যোদ্ধের কোন ভুমিকাই নেই তবুও আজ মুক্তি যোদ্ধ নিয়ে গেউ গেউ করে এতে হাসি পায় লজ্জাও লাগেনা?	Negative
159	ধন্যবাদ ভাই ❤️	Neutral
160	এই জাফরকে আমি পেলে একেবারে গুলি করবো,	Negative
161	লেডি কুকুরের তো কিছু শোনলাম না	Neutral
162	তাই বলছি ওদের কে আমার আল্লাহ মহান ইচ্ছা করলে এখননি আপনাদের জান বাহির করে নিতে পারে ?? এইযে ভুল তর্ক করতাছেন , তৌবা করে নিন আল্লাহর কাছে	Positive
163	শালা তুই তাদের দালাল ছিলে না তর দেশের প্রতি বিশাস নেই তুই বাংলাদেশি নয়। তর মত সবাই না কি রাজাকার এর বাচ্চা	Negative
164	আপনি কি সাটেলাইট সাইন্স নিয়ে পাস?	Neutral
165	একদম ফালতু একটা টকশো অথিতিরা ও ফালতু উপস্থাপক জগন্য |মিনিমাম কার্টিসিটি নেই |লোকজনকে কথা বলতে দিতে হবে , শমী কায়সার খুব আরোগ্যান্ট -নন সেন্স মহিলা	Negative
166	জাফর ইকবাল,তুমি মুক্তিযুদ্ধ নিয়া বহুত ব্যবসা করছো।এখন এই ভন্ডামী বন্ধ করো।	Negative
167	ভাই আপনারা দেখেন মাগি কেমন দেখা যায়,,,,২ টা বাংলার বড় মাগি,,,অনেক মাগির পুলা জন্ম দিসে,,,তার মদ্দে ইমরান হল একটা খানকির পুলা	Negative
168	CMV এখানে কমেন্ট পরে বুঝতে পারলাম যে Maximum মহান ব্যাক্তিরা বলতেছেন যে বাংলা গানের ঐতিহ্য শেষ করে তো ঐতিহ্য শেষ করে দিছে কোন নাবালেগের বা_____ল ফালান???? এমন কিছু করেন, বিশ্ববাসীকে তাক লাগিয়ে দেন। এমন কিছু Create করেন যাতে পুরো বিশ্ববাসী বাহবা দেয় আপনাকে। কথায় আছে না যে যোগ্যতাহীন ব্যাক্তিদের দাতে বিষ তো বাংলা গানের পেছন মেরে দিছে। আপনি এমন কিছু করে দেখান যাতে বা্ংলা মিডিয়া সর্নসিখরে পৌছতে পারে আর আমরা সেটা দেখতে খুজতেছে তোমাকে। তোমাকেই খুজতেছে	Neutral
169	গান টি ভাল কিন্তু গানের সাথে পোশাকের সাথে কোনো মিল পাচ্ছি না	Neutral
170	বালের গান গেয়েছিস মাগীর বাচ্ছা	Negative
171	মাবরুর রশিদ বান্নার নাটক মানে ই এখন ট্রাজেডি নাটক। এখানে শেষটা এমন না হয়ে, মিল ও হতে পারত। তাহলে হয়ত নাটকটি আরও সুন্দর হত।	Negative
172	নওফেল মাদারচোদ কোটা নিয়ে রাজনীতি কেন করিস,	Negative
173	অনেক ভালো লাগলো স্যার। স্যার সাধারণ মানুষ আপনাকে ততটা বুঝে না, যেখানে আমরা আপনান ভালো করে চিনি না। তারপরেও আমি বলবো, আপনি যাদেরকে আপন মনে করেন আসলে তারা আপনার কতটা আপনজন।	Positive
174	ভাই এই মুবির নাম কি?	Neutral
175	জ্ঞানের অভাব, পড়া লেখা কম, না জেনে না পড়ে কথা বলে। কুয়ার ব্যাঙ।	Negative
176	বাপুরে, তুই আগে বাংলাটা ভাল করে শিখে নে।	Neutral
177	দেশে মানুষ ভাত পায়না বিদেশিরা কুব মজায় আছে	Negative
178	ভাই গালিগালাজ না করে গঠনগত সমালোচনা করুন।	Negative
179	খাইছেরে	Negative
180	মনের সাথে কেনো জানি মিলে যায়	Positive
181	সেটালাইট খুব ভালো কথা কিনতু মানুষসে কি উপুকার হবে	Neutral
182	জয় বাংলা!!	Neutral
183	কেন জানি না!!!!!!!! গানটা এতো ভালো লাগে। সবসময় শুনতে ভালো লাগে।	Positive
184	পোলায় ক্লাস সেভেনের পড়াও বোঝেনা।	Negative
185	Kobi Kaikubed কোনো কিছুই কোন দেবতা নয় আবার সবকিছুই দেবতা ৷	Neutral
186	পাগোল হয়ে গেছে পাবনায় নেওয়া হক।	Negative
187	রাহাত ভাই, আপনার এই ইউটিউব লিংকটি BCS এর exam page এ দিয়ে দিলাম। এবং title দিলাম	Neutral
188	দুংখ জনক হলেও সত্য এই ধরনের তিনজন নাস্তিকের সাথে আরো কয়েকজন নাস্তিকের কারনে বাংলাদেশে এত সমস্যা।	Negative
189	ভুয়া মুক্তিযোদ্ধার ভুয়া সন্তান	Negative
190	পদ্দা সেতুর কাজের আগ্রগতি দেখে আমি মুগধ। তাই আগ্রগতি আব্বাহত রাখতে।শেখ হাসিনাকে বার বার ভোট দেওয়া দরকার।	Positive
191	মাহামুদা মোনাফেন	Neutral
192	চোরেরা ..	Negative
193	বিএনপির দালাল	Negative
194	গান গোল অনেক দারুন	Positive
195	মাদারির চোদ ইমরান তুর গালে জুতা মারি,	Negative
196	কুত্তার বাচ্ছার রাজনীতি আমাদের দেশটা ধ্বংশ করে দিচ্ছে। সবই ভাউতাবাজি।	Negative
197	নাটকের মধ্যে গানটা গাইছে কোন ছাগলের	Negative
198	তাসকিনের বিকল্প অন্য কাউকে নেওয়া প্রয়োজন ৷	Neutral
199	আমি মনে করি যে টাকা স্যাটেলায়ি তৈরি করছে টাকা গুলা নষ্ট বাংলাদেশের মানুষ যদি বিড়ি কিনে খেতো টাকা গুলো দিয়ে তাও কাছে আসতো	Neutral
200	ঐ ঘাসগুলা মনে হয় আপনারে খাওয়াছে মানে যা মাথায় আসে তাই বকে। আর দুবাইয়ে বসবাস করা ৮০% মানুষ আমেরিকা সহ অন্যান্য দেশের	Negative
201	মুভি টার নাম বলতে পারেন কেউ?	Neutral
202	তনু হত্যা মামলা টার তো কোনো খবর ই নেই, সবাই ভুলে গেছে, আমি চাচ্ছি তনু হত্যা মামলা নিয়ে একটা পর্ব হোক।	Negative
203	ডাইরেক্টরদের মাথায় দোষ আছে, নায়ক না মরলে শান্তি নাই তাদের।	Negative
204	হালার পুত তিমি একটা পাগল	Negative
205	আমাদের টাইগারেরা যে এতো সুন্দর প্রপেশনাল ফুটবলারদের মত ফুটবল খেলতে পারে তা দেখে আমি বিস্মিত!!!!! খেলাটি পুরো দেখেছি। এক মূহুর্তের জন্যেও মনে হয়নি ক্রিকেটারেরা হাঁপিয়েছেন। বরং এতো সুন্দর স্কিল, ড্রিবলিং, থ্রোয়িং, পাসিং করে খেলেছে যে আমাদের জাতীয় ফুটবল দলের চেয়েও নান্দনিক ফুটবল খেলেছে। সাবাশ টিম টাইগার ক্রিকেটার_	Positive
206	Md Anam তোর মারও আছে আমার সাথে	Neutral
207	ক্রিকেট টিম যে এতো ভালো ফুটবল খেলবে আমার জানা ছিল না	Negative
208	পটাকা আবার কোন ধরনের শব্দ? এইটার মানে কি?	Neutral
209	অভিনন্দন বাংলাদেশ	Positive
210	খুদাত্র মানুষের মুখে খাবার জরুরী আর কিছু না।	Neutral
211	যারা dislike দিছে ওরা সম্ভবত পর্ণমুভি খুজতে	Neutral
212	গত রমজানের মত নুসরাত পাদিয়া এবারও,,,,এসব শুরু করল।	Negative
213	তামিম ইকবাল tumi khub chalak tayna	Negative
214	আরে ভাই ভার আমাদের বন্দ্বু নয়,শত্রু,	Positive
215	ভাই alcatel a3 ফোন এর রিভিউ দিবেন	Neutral
216	ভাই আলেম।।সইতানদের সাতে কতা বলেন না।।এদের বিচার আল্লাহু কাচে ছাড়ে দেন।।	Negative
217	ওরে খানকি খানকি বল	Negative
218	সুলতানা কামাল আপনি এত বাচাল কেন?	Negative
219	এইমহিলা মাকিৱদালাল আৱ এমৱান হল টিকাদাৱ	Negative
220	নতুন নতুন সিমেনার চাই	Neutral
221	ওপারের নাথের লেখা জাতীয় সঙ্গীত প্রতিদিন গাইলে কি ছওয়াব হবে আর না গাইলে আল্লাহ কি নারাজ হবেন ?	Neutral
222	তিনটি কুতার বাচা জদি একটা মানুসকে তারা করে সে কোনো দিন পারেনা	Negative
223	দয়া করে ছোট ভাইদের চ্যানেল টা subscribed করুন বড় ভাইরা আমাদের এই খাণ থেকে কিছু আয় হলে পড়ার খরচ চালাতে সাহায্য হবে দয়া করে ছোট ভাইদের এই উপকারটা করুণ	Positive
224	অনেক অনেক সম্মান আপনার উপর থাকলো হেফাজত নেতা আপনি আসলেই নেতা	Positive
225	তিন নাস্তিক এর মাজে হুজুর একলা পরি গেছইন	Negative
226	কি আর করব ওরা,, কাস্টমারের অভাব মনে হয়	Negative
227	আসলে কলিজায় আঘাত লাগে এই কথাগুলো	Neutral
228	আমি ঐপ্রতিষ্ঠানকে বলব আপনার তো তিন জন্য হুকুরকে ডাকা বলা উচিৎ	Neutral
229	ঠিক বলেছেন, জাকির ভাই	Neutral
230	পুলিশ ভাইয়ের নতূন দান্দা হবে ভালই	Positive
231	চমৎকার background music ইউরোপিয়ান মিউজিক দিয়া ইসলাম এর কথা এইসব বন্ডামি আমরা বুঝি বইটা আমি পরছি আমি কোনো রকম ইসলাম বিরধি লেখা দেখি নাই এটা একটা ছোটোদের গল্পের এর সাথে সোলাইমান (আঃ) এর কোনো মিল নাই বিস্শাস না হলে বইটা পরে দেখতে পারেন জাফর ইকবাল কখনো ইসলাম বিরোধী কথা বলে হয়ত তিনি যুদ্ধ অপরাধির বিরোধিতা ১৯৭১ সালে উনি উনার বাবাকে হারাইছেন এটা উনার জায়েজ আপনি আপনার বাবার হত্যাকারিকে কি ?? আপনি উনার জায়গায় হলে ঠিক তাই উনি নাস্তিক উনাকে নয় ছয় দিয়া নাস্তিক বানানো হইছে কারা বানাইছে .. আপ্নারা বুদ্ধিমান হইলে বুজার অই যুদ্ধঅপরাধির অরা আপনাদের নাস্তিক নাস্তিক এদের মেরেফেলা দরকার এসব নাইলে চিন্তা করেন কোরানের কোথাও নাস্তিকদের হত্যা করার কথা আল্লাহ বলে কেউ যদি মনে করেন আমি মিথ্যা বলতেসি তাহলে. কোরানের সঠিক বাংলা আনুবাদ পরে দেখতে নবিজি ও কখনো নাস্তিকদের সাথে যুদ্ধ করে নাই , কাফের দের সাথে এখনো যদি না বুজেন যে এরা ধর্মের নামে আপনাদের ব্রেইন ওয়াশ তাইলে মনে করব আপনাদের এখনো পরিপক্কতা আসে	Neutral
232	রাইট বলেছেন বাংগালী আবাল তাই যে যা বলে সবাই তাই মানে	Negative
233	ইন্টারে পড়ার সময় কত শুনতাম। অনেকদিন পর শুনছি। ভালো লাগাটা কমেনি এখনো এতদিন পরেও	Positive
234	বাংলাই একটা প্রভাত আছে পাইলেত লাভি না পাইলে লাভও না লুকসানও নাই তার কারণ টাকাত সব জনগণের সরকারের কি আসে যায়।	Neutral
235	এমন কিচু জানোয়ার জন্ম নিয়ে সে সাধারন মানুষ কে কষটো দেয়ার জন্য,	Negative
236	ভাল্লাগছে।	Positive
237	অর্থমন্ত্রী হল খবিশ আর সাঙ্গবাদিকেরা রাবিশ	Negative
238	নাহিন হালায় পণ্ডিত বেশি	Negative
239	জানিনা এত ভালা লাগে	Positive
240	কি আর করব ওরা,, কাস্টমারের অভাব মনে হয়	Negative
241	গানটা এতোটাও খারাপ না।। আমার মতে অনেক ভালো	Positive
242	আপনারা নোবেল পাওয়ার যোগত্য রাখেন।।।।	Negative
243	এই রকম নেতাই বাংলার মানুষ চাই	Positive
244	‌তিন কুও্বার(না‌স্তিক) সা‌থে একজন মানুষ পা‌রে না	Negative
245	আমরা দেখতে চাই এই নরপশু কতবড় ক্ষমতাধর যে সে থানা পুলিশ সব ম্যানেজ করে ফেলছে! ২৪ ঘন্টার মধ্যে এই ধর্ষককে গ্রেফতার করে ফাঁসিতে ঝুলানো হোক। দয়া করে সবাই শেয়ার করে দ্রুত ছড়িয়ে	Negative
246	মেয়েটা খুব সুন্দর	Positive
247	দারুন হইছে। অনেক ভালো লাগলো। অপূর্ব অভিনয় অনেক ভালো লাগে।	Positive
248	বাঘের বাচ্চা	Positive
249	ভাই, সব শেষ।	Neutral
250	সুশীল কর্মকার of course	Neutral
251	হাসির পরে কান্না আসে সুখের পর দুখ এটাই জগৎতের নিয়ম আমি বাংলাদেশকে ভালবাসি তবে বাংলাদেশের অহংকারকে নয় বাংলাদেশ ফাইনালের ডান্চটা আগেই দিয়ে দিয়েছে তাই ফাইনালে আর ডান্চটা হল না তারা একটা কথা ভুলে গিয়েছিল যে এই দিন দিন নয় আরো দিন আছে সেই দিন নিয়ে যাবে কোন দিনের কাছে।	Positive
252	Mozammel Hoque রাজাকারের বাচ্চা	Negative
253	ফারজানা রুপা হাসিনার দালাল	Negative
254	১২ টাইপের মাইয়ার লগে লুইচ্ছা সালমান প্রেম করে রে ভাইয়া	Negative
255	Cmv আপনাদের কাছে পটাকা গান টা আশা করিনাই! পুরাই উতা !!!????@@@	Negative
256	আশরাফুল দলে আসলে টিম আরো ভালো কোরবে।	Positive
257	নাটকের পরিচালক কাহিনীকারদের মাথায় গ্রেট প্রব্লেম।।। বড় ছেলে হিট হয়েছে বলে সব কিছুই ঐ ধাচের করা লাগবে	Neutral
258	তিনটি কুতা চিলাচিলি করে বেসি। একটু থামান পিলিচ।এখানে টকসো হয়।রামরাম পুজো হয়না।তোর মায়রে চুদা তুই জরমো নিছোচ।মাদার চোদ।রাম চোদ রাম কম কর।তুই মরলে মনদিরে তোরে পোরানো হবে।মোললা দিয়ে জানাজা হবেনা	Negative
259	ধন্যবাদ তালাশ টিমকে, জাতি সাবধান এমন অসাধু উপকারি শয়তান থেকে	Positive
260	শেষটা ভাল ছিল	Positive
261	আশা করি আগামী দিনেও সত্য কথা বলে যাবেন	Positive
262	অসভ্য ভিডিও।	Negative
263	সময় যখন ক্রিকেট পাগলদের তখন কেন ফুটবল নিয়ে আনাগোনা	Neutral
264	ভাই ১৫০০০ এর মধ্যে ২০১৮ এর বেস্ট ফোন এর রেভিউ দেন । আমি atc পাগল ভক্ত ।	Neutral
265	মালু, চোরাকারবার এইসব বলে কটাক্ষ করে কি লাভ?	Negative
266	সব সমস্য সমাধান হয়ে যাবে , আপনার ভিতরে যদি এক চুল পরিমান ঈমান থাকে তাহলে কখনো বিসষাস করবেন না কেউ বিসষাস করবে না ,, একজন সত্যি কারের মসুলমান তার আল্লার কালাম পুরিয়েছে	Positive
267	বাংলাদেশে উপরে ফিটফাট ভীতরে সদরঘাট। দুনিয়ার আকাম কুকাম, দুর্নীতিতে ভরা আর এল্কোহল খাইলেই জাত যায়। তাছাড়া রেস্টুরেন্ট এ খাওয়ারত বিদেশী কাস্টোমারদের জিজ্ঞাসাবাদ করার অধিকার এই প্রতিবেদক কোত্থেকে পেল??!! বা** ফেলতে আর জ্যামের মধ্যে বসে থাকার জন্য বিদেশীরা এখানে আসবে?? আমি হইলে এই ক্যামেরামেনের পাছায় দুইটা লাত্থি দিতাম।	Negative
268	দুই জন হিন্দু আছে ওরা তো এমনিতেই ইসলামের বিপক্ষে আর কি বলা লাগবে	Negative
269	নাহ একদম ঈ Ending টা ভালো হয় নাই। কেনো এমন হলো?	Negative
270	বাংলাদেশে এর দাম কতো ৩/৩২ জিবি	Neutral
271	৩জনের সাথে একা কথাইত বলতে পারবে না	Neutral
272	অসাধারণ লিরিক	Positive
273	মিউজিক দিয়েছেন বাল ফালাইতে?	Negative
274	আমি আইসিসি থেকে বলছি। সত্যি কথা বলতে চিয়ারলিডার দের সাথে সাকিবের দ্বন্দ থাকায় সাকিবকে ম্যান অফ দা ম্যাচ দেওয়া হয় নি।	Negative
275	মাহামুদা মোনাফেন	Neutral
276	ভাই ১টা মানুষ কত মুর্খ হতে পারে, তা তোমারে দেখে বুঝলাম।… না জেনে বুঝে কাউকে কিছু বলা মুর্খতা…	Neutral
277	Shah Alam ভাই একদম ঠিক বলসেন,হাঁইটা হাঁইটা রান নেয়,,,,,	Neutral
278	তুমি বোঝাইতেছ তুমি অনেক কিছু বোঝ,,, শুধু তোমারই বিচি আছে	Negative
279	creativity দিয়ে নিজের দেশকে তুলে ধরুন,বিশ্বের কাছে পরিচয় করিয়ে দিন দেশকে নতুন ভাবে।আর আপনারা কি আসলেই বাংলাদেশের??সন্দেহ হয়	Negative
280	২০১৮, এখনো শুনছি! :')	Positive
281	জাফর ইকবাল যে নাস্তিক তার প্রমান দে,,,, শালা তুই একটা ইতর।	Negative
282	এখানে আলেমকে আনা হয়েছে অপমান করার জন্য৷সব নাস্তিক এক হয়েছে	Negative
283	ইদানীং অপুর্ব ভাই খুব বেশি বেকার হয়ে	Neutral
284	সুমি কায়ছার কেমনে শহীদ পরিবারের লোক হলো? pls আমাকে একটু বলবেন।	Neutral
285	দেখে ভালো লাগলো	Positive
286	মুস্তাফিজ ভাই অসাধারন	Positive
287	তালাস তালাসের মত। ধন্যবাদ	Positive
288	উপস্থাপক কে ধন্যবাদ।	Positive
289	মি. মাল আপনার মাল কই	Negative
290	এই কুত্তার বাচ্চারা কাজের কথা না বলে বার বার বলছত কেনো যে এই করছে এই করছে কেনো ম্যান অফ দ্যা ম্যাচ দেয়নি ওটা বল	Negative
291	আমি কোন পলিটিক্স কর্নার থেকে বলছি না। একটা দেশের সেটেলাইট কখনোই শুধু আর্থিক সুবিধার জন্য না। আমাদের অভ্যন্তরীণ নিরাপত্তা,তথ্য প্রযুক্তি, আর্মি,ন্যভাল, এয়ারফোরস এসব বাহিনীর অপারেশনাল কাজে সেটেলাইটর বিকল্প ভাল কিছু নাই। তরুন গবেষক, মহাকাশ সম্পর্কিত বিষয়ে আমাদের অনেক অগ্রসর হবে। দুরনিতি নেই কোথায়! তবে যেখানে সারা পৃথিবি এগিয়ে যাচ্ছে বিজ্ঞানে সেখানে বাংলাদেশের জন্য সেটেলাইট অনেক বড় অর্জন। ভাই ভাল কাজের নুন্যতম কৃতজ্ঞতা প্রকাশ করা উচিত।	Neutral
292	প্রকৃত মুক্তিযোদ্ধা	Positive
293	Shareef Sabir মানুষ হবেন কখন, ধর্মান্ধ মূর্খই কি থেকে যাবেন আজীবন !!!	Negative
294	তিন নাসতিক এক আলেম।	Neutral
295	সত্যিই অসাধারন,,,একটি শিহ্মনীয় নাটক	Positive
296	এই গাধার বাচ্চা তোর পরিচয় অার বংশ পরিচয় নিয়া সন্দেহ হয়। জাতীয় বিশ্ববিদ্যালয় কি তোরে পুটকি মারছে?? পাবলিকের পরেই, অাল্পের জন্য বাদ পড়া মেধাবীরা জাতীয় তে পড়ে। দেখিস না প্রতিবছর জাতীয় থেকে বিসিএস পায়, ৩৬ তম তে ১৩ তম জাতীয় থেকে। ঢাকা, কবি নজরুল, তীতুমীর, কারমাইকেল, ভিক্টোরীয়া, এম সি, সিটি সহ দেশের নাম করা কলেজ গুলা কি খারাপ নাকি?? অসভ্য মুর্খ। মনে তো হয় না তোর কোন নিজস্ব পরিচয় অাছে।	Negative
297	মাতিয়া চৌধুরীকে খেয়ে দেয়া হোক	Negative
298	আমার অপার সীমানাতে তোমার চিহ্ন তবু রবে বেঁচে ♥♥	Positive
299	যানজট অনেক কমবে। এমন আরো ৪-৫ টি মেট্রো এর কাজ হাতে নেয়া দরকার। আশাকরি গাবতলি টু গুলশান/ভাটারা মেট্রো এর কাজ শুরু হবে।	Positive
300	কলিকইত্তা মালু মাগীরপুতগুলো কত আর ভাল ছবি বানাবে ? একমাত্র কলিকইত্তা সোনাগাছির জারজ মাগীরপুতগুলো এইসব ছবি বানাতে পারে | নুসরাত ফারিয়া হলো একটা মাগী ও বালপাকনা মেয়ে|	Negative
301	হাজার সালাম বঙ্গবীর	Positive
302	আশরাফুল আবার জাতীয় দলে আনা উচিৎ। আশরাফুল আবার জাতীয় দলে আনা উচিৎ। আশরাফুল আবার জাতীয় দলে আনা উচিৎ।আশরাফুল আবার জাতীয় দলে আনা উচিৎ।আশরাফুল আবার জাতীয় দলে আনা উচিৎ। আশরাফুল আবার জাতীয় দলে আনা উচিৎ। আশরাফুল আবার জাতীয় দলে আনা উচিৎ। আশরাফুল আবার জাতীয় দলে আনা উচিৎ। আশরাফুল আবার জাতীয় দলে আনা উচিৎ। আশরাফুল আবার জাতীয় দলে আনা উচিৎ। আশরাফুল আবার জাতীয় দলে আনা উচিৎ। আশরাফুল আবার জাতীয় দলে আনা উচিৎ। আশরাফুল আবার জাতীয় দলে আনা উচিৎ। আশরাফুল আবার জাতীয় দলে আনা উচিৎ। আশরাফুল আবার জাতীয় দলে আনা উচিৎ। আশরাফুল আবার জাতীয় দলে আনা উচিৎ।	Neutral
303	সব ফাইজলামি ভাই	Negative
304	আমি সেখ হাছিনাকে বলছি আপনি ইমরান সুলতানা কামাল কে গ্রেপতার করুন নাহলে আপনি খমতা ছারুন	Negative
305	পেট বাচাতে কাজ করো তানাহলে আত্মহত্যা করো দেশ বাচবে	Negative
306	CMV খারাপ	Negative
307	আপনি বা আপনার পরিবার কি বাল ফেলেছেন??	Negative
308	nowsher siraj শ্রী পুর	Neutral
309	আমি মনে করি এই স্যাটেলাইট টি তৈরি করা উছিচ হয় নি এতে বাংলাদেশ কে আর কতির দিকে নিয়ে যাবে আর এই খতি এত সহজে পুড়ন করা যাবে না	Neutral
310	"অাপনাদের কি মনে অাছে PayPal এর কথা? যখন PayPal অমাদের দেশে ফ্রি সেবা দিতে চেয়েছিলো। অামাদের ""সরকার"" এর পক্ষ থেকে বলা হলো, ""PayPal"" অামাদের দেশে চালু হলে ""Money Londaring"" হবে। PayPal কে গ্রহণ করলোনা। ::: ::: সেই বুঝটা এখন বুঝলো, যখন PayPal এর ""পা"" ধরে কাঁন্না করলেও PayPal বাংলাদেশে অাসছেনা। এমন কি টাকা দিয়েও PayPal এর সেবা পেতে ব্যর্থ। অার অামাদের বুঝাচ্ছে, জুম হলো PayPal যেমন Gmail হলো Google. কে যে বববববববলললললললললদদদদ­দদদদদ হচ্ছে, সেটা-ই বলা মুশকিল।।। ::: ::: অাজ 1GB Internet 7 days, 94 টাকা এ কিনতে হতনা। Free Internet পেতাম। যখন বলা হয়েছিলো, অমাদের দেশের উপর থেকে ""সাব উপগ্রহ"" Internet Connection যাবে, অার অামাদের Free Internet দিবে। তখন বল্লাম, অামাদের Data চুরি হবে। So, No এখন, দারুণ অফার। 1 GB Internet 7 days only 94 tk. যেখানে 1GB Internet কিনতে খরজ ২ টাকার ও কম। কোটি কোটি টাকা বিদেশি Company কে দিয়ে দিচ্ছি। >> ওটা নিয়ে কি কারো মাথা ব্যাথা অছে??? মাথা ব্যাথা হলো যখন ""New Technology"" অাসে তখন। অামরা ঠিক খাই, কখন জানেন? যখন সবার খাওয়া হয়ে যায়, তখন। তখন অামরা ফালানো ""উচ্ছিষ্ঠ"" খাবার জন্য কাঁন্না কাটি করি।♪♪♪♪♪ Today's Technology টা এতটা Update যে ""Western Country"" গুলো Cryptocurrency দিয়ে তাদের লেন দেন সম্পন্ন অার অমাদের দেশে এই Technology কে ""অবৈধ"" ঘোষনা করে। খুব কষ্ট হয় যখন কিছু মার্কা ""Journalist"" যারা Cryptocurrency কে বলেলে ""শেয়ার বাজার"" অর যাদের ""জন্ম"" ই হয়েছে শুধু মাত্র ""নেতিবাচক"" মন্তব্য করার জন্য। যারা সব কিছুতে Negnegative দেখে। তাদের প্রতিবেদন দেখে। নিজেরা তো ভালো কিছুতে নেই, দালালি অার bollam na বেড়ায়। অর ৫০/= টাকায় একটা সংবাদ উল্টা করে লিখতে পারে। একটা বেকার ছেলে যখন দিন রাত পরিশ্রম করে ১০,০০০/= টাকা income করতে ""মাথা""র ঘাম ""পা"" এ ফেলে। এই সব সেটা করেনা। কিন্তু,, যখন অই ছেলাটা use করে মাসে ২৫,০০০/= ৩০,০০০/= টাকা উপার্জন করে, ঠিক তখনি অই দালাল সাংবাদিকদের চুলকানি বেড়ে যায়। অার রিপোর্ট করে, >> টাকা পাচার হচ্ছে, অমিতাপ বচ্চন লুজার হচ্ছে, cryptocurrency দিয়ে মানুষ খুন হচ্ছে, ১০ হাজার কোটি ডলারের Bitcoin চুরি। ইত্যাদি ইত্যাদি এমন সংবাদ কই যে পায় ""অাল্লাহ"" ভালো জানে। অাসলে টাকা খাবার ধান্ধা, News fuse কিছুনা। >> বিদেশি জুয়ার অাসরে কোটি কোটি টাকা পাচার হয়, বাংলাদেশ ব্যংকের রিজার্প চুরি হয়, অথচ News হয়না। এই সব সাংবাদিক দের জন্য ই PayPal, Free Internet সব হারিয়েছি। এখন with mycash পেয়েছি অার দালাল সাংবাদিকদের চুলকানি শুরু হয়েছে। Alatrol double dose দিলেও কাজ হবেনা। এদের মুগুর চালান দিতে হবে। এরা এমন অবস্থা করে ছাড়বে যে, বাংলাদেশে with mycash এর ""পা"" ধরে ও এর পর কাজের permit পাবেনা। Government পর্যায়ে অনুরোধ করছি, এটা new technology. digital currency এটা। Digital Bangladesh,cashless bangladesh বিনির্মাণে অবশ্যই Digital Currency প্রয়োজন। অামরা PayPal হারিয়েছি, Digital currenc যেন না হারাই। এমন সময় অাসবে যখন কাঁন্না করেও Digital currency এর কোন সেবা বাংলাদেশে নিয়ে অাসা সম্ভব হবেনা। ★এখনি সময়, সতর্ক হোন★ (Marketing Executive Riyad Rafi)"	Neutral
311	পৃথিবির সব বড় বড় শহরে এই সিস্টেমে গাড়ি চলে আর এই দেশ বলে পরীক্ষা করা হচ্চে	Neutral
312	মদ কেনার টাকা নাই। তাই নুসরাত পাদিয়ার 'পটাকা' গান শুনে মাতলামি শুরু করছি! :)	Negative
313	ভাল লাগে নাই	Negative
314	গাঁজা খোর আসিফ এখন এ সব বন্ধ কর। তোরা পাকিস্তানের দোসর এখন খুশি হয়ে রাস্তায় গাঁজা খা। মুক্তিযুদ্ধের কথা শুনলে তোদের গা চুলকায়।	Negative
315	কয়জনের বাবা মা এমন ভাল হয়??? অনেক কেয়ারিং ছিলেন তারা। আর ছেলেমেয়েরা এসব দেখলে পড়াশুনায় ডাব্বা মারবে।	Positive
316	মাহমুদুর রহমান ধন্যবাদ ভাই	Positive
317	সত্যিই অসাম একটা গান।ইনফেক্ট মিনারের সব গানই ভাল লাগে।	Positive
318	এই বাচাল উপস্থাপক সবার কথার মাঝে আঙ্গুল দেয়!	Negative
319	দালালি করতে লজ্জা লাগেনা	Negative
320	ভাল লাগল স্যার	Positive
321	সাথী সাথী 01835149849 imo	Neutral
322	হেটার্সদের ভরে দেয়ার বিষয়গুলো খুব ভাল লাগে আমার :p সত্যি বলতে কি অনেকেই অনেক কিছু করতে গিয়েও পিছিয়ে যায় লোক কথার ভয়ে কিন্তু আসলেই কি তা হওয়া উচিত ? নিজের লক্ষ্যে যদি অবিচল থাকে মানুষ তবে সাফল্য আসবেই। আপনাদের শো গুলো একই সাথে বিনোদন এবং অনুপ্রেরনার ও :)	Positive
323	এই মাগির মাংগে এসিড মারা উচিত।চোদমারানি মাগি তুই দালালি করিস কেন?	Negative
324	আমার খোলা আকাশ তোমার অপেক্ষায় অনেক মেঘ বয়ে যায় আসবে তুমি আবার আমার মনের বারান্দায় তোমার সময় কেটে যায় আবার আসবে তুমি আমার ভালোলাগায় অনেক ইচ্ছে ঘুড়ি আকাশ পাঠাবো তোমার মনের আকাশে যেখানে গাইবে তুমি আনমনে। আমি আকাশ পাঠাবো তোমার মনের আকাশে খোলা মাঠে গাইবে গান বসন্তের বাতাসে। আমার রঙ্গিন বাতাস তোমার অপেক্ষায় অনেক স্মৃতি বয়ে যায় আসবে তুমি আবার আমার মনের বারান্দায় তোমার আলো বয়ে যায় আবার আসবে তুমি আমার ভালোলাগায় অনেক ইচ্ছে ঘুড়ি আকাশ পাঠাবো তোমার মনের আকাশে যেখানে গাইবে তুমি আনমনে। আমি আকাশ পাঠাবো তোমার মনের আকাশে খোলা মাঠে গাইবে গান বসন্তের বাতাসে।	Positive
325	Md Safikul Islam খুব লাগলো বুঝি!?	Negative
326	একটা happy ending হতে পারতো। বিরক্তিকর একটা ending	Negative
327	akbar hossin নিজে ভালো হন তাইলে অন্যরাও ভালো হবে।পুলিশ খারাপ কারন আপনে খারাপ তাই মনে হয়	Negative
328	কার কোটা কত তা না জেনেই বক বক নাটকে অভিনয় ছারেন ।	Negative
329	বাবু ভাই ইন্ডিয়ান ভ্যারিয়েন্ট সেটটি কিনে বাংলাদেশে ব্যবহার করলে কোন প্রবলেম হবে কি??	Neutral
330	জমি দিয়া কি হইব।	Neutral
331	আশরাফুলকে জলের ছাই কিন্তু কোন অজুহাত ছাড়া আশরাফুলের এখনো তামিম ইকবালের মত রান করার মত সময় এ কোন যায় নাই	Negative
332	অসাধারণ একটা নাটক	Positive
333	পটাকা অর্থ কি ?	Neutral
334	মাদারির চোদ ইমরান তুর গালে জুতা মারি,	Negative
335	বাংলাদেশের লোকের ঐ এক সভাব নিজের কাজ নাক না গলিয়ে অন্যর কাজে না গলায়, জনগন তো জানেই কোন দল কেমন পারে? সব দলই তো লুটে পুটে খায় আমার কথা হচ্ছে এর মধ্য কোন দল ভাল কাজ করলে জনগন তাকেই সাধুবাদ জানাই	Neutral
336	পটাকা শব্দের অর্থটা কি?? কেউ জানলে বইলেন প্লিজ।	Neutral
337	লিটন গাজী কে অনেক ধন্যবাদ সঠিক কথা বলার জন্য।আর আমাদের সরকার কিছুই করবে না কুত্তা লীগ এ দলটা ও একটা নাস্তিক।	Negative
338	একজনের সাথে তিন জন এটা কি হলো	Negative
339	সৌম্য সাহারিয়ার এর পোস্টে আপনাদের লিঙ্ক দেয়ার পর তিনি আমার কমেন্ট ডিলেট করে কমেন্ট বন্ধ করে দিছে :P অতপর আমি ব্যান গ্রুপ থেকে :P	Neutral
340	রাফা ভাই বেশি জোস	Positive
341	infocus vision 3 আছা ভাই আপনার এই ফোন review করবেন plz	Neutral
342	আকাশে লিখে দিলাম মনের সব কথা,, তাহলে বুঝতে পারবে আমার মনের ব্যাথা,, বাতাসে ভালোবাসা দিলাম উড়িয়ে,, যদি ধরতে চাও তাহলে হাত দাও বাড়িয়ে ???	Neutral
343	ইমরান এ শালা তো পাকা নাস্তিক	Negative
344	কুকুরের বাচ্চারা	Negative
345	সত্যি অসাধারণ,আমার জীবনের একটা খন্ড চিত্র দেখতে পেলাম।চোখের পানি আটকে রাখতেই কষ্ট হচ্ছিল।ভালো থাকুক আর বেচে থাকুক পরাজিত সন্তানেরা।	Positive
346	চাঁদপুর থেকে ঢাকায় এসেছি, আমার কাছে কিচু মালামাল ছিল অন্য মানুষের বিদেশে আসবো বলে মানুষ দিয়ে ছিল, লঞ্চ থেকে সবায় নামার পরে আমি নামতে গেলাম কারন আমার হাতে মালামাল ছিল কিন্তু নামতে পারলাম না, আমাকে হলুদ বাহিনি আটকাই, বলে ঘাটের টাকা দিতে হবে তখন আমি ৫০ টাকা দেওয়ার জন্য রাজি হলাম কিন্তু তারা নেয় না, বলে ১০০০ টাকা দিতে হবে, পরে আমি লঞ্চের টিকেট মাস্টারকে বল্লাম উনি বলে আমি কিছু জানিনা,	Neutral
347	সরকারকে বলবো, কাজগুলো যেনো মান সম্পান্ন হয়, ভাল হয়, এই দিকে নজর দিতে হবে। আমরা জনগন জানি শেখ হাসিনা নজর দিলে কাজ ভালো হবে ইনশায়াল্লাহ	Positive
348	এইটা কি হলো নাটকের ভিতিরে ছবির গল্প ধুর মিয়া পাউল কাহিনী	Negative
349	Al-Amin আমিতো ভাই ssc hsc bsc শেষ করছি তাতে কি হইছে	Neutral
350	আমি তোর বাপ তুই তো বাস্টার্ড জানোস না?? খানকীর পোলা	Negative
351	ফেসবুকে বিভিন্ন পেজে অরজিনাল নামি দামি মোবাইল বিক্রি করবে টাকা নিয়ো কপি বা ক্লোন মোবাইল দেয়। একটু দেখবেন।	Negative
352	এই হিন্দুর সালার বউকে যদি ছাত্রলীগের পোলাপাইনরা,তারই সামনে ধর্ষন করত,তা হলে ভালো ছিলো	Negative
353	বাংলাদেশ জাতীয় পুরুষ দলেও এরকম দক্ষতা কখনো দেখিনি। বয়সভিত্তিক মেয়ে দলগুলো ১০০ ভাগ বেশী ভাল খেলে জাতীয় পুরুষ দল থেকে। আশা করি, সুযোগ গুলো গোলে পরিণত করার দক্ষতা অনেকাংশে বৃদ্ধি করবে খুব দ্রুত।	Positive
354	আজ কথায় কথায়, সব মানুসেই ইংরেজি বাংলা ভুলে যাচ্ছে	Negative
355	খানকির মতো কথা,,,ইমরান তুই তো একটা জারজ	Negative
356	porshi aktar রাইট ডেয়ার	Positive
357	আমাদের করিমগঞ্জ গর্ব	Neutral
358	বাবের বেটা।	Positive
359	রুবেল কুত্তার বাচ্চারে আজীবন নিসিদ্ধ করা হোক	Negative
360	Amit sutradhar এখন তো তালাশকেই সন্দেহ	Negative
361	হাজার ও সালাম সার হাপনাকে	Positive
362	মাল একখান,,,,	Negative
363	মুক্ত চিন্তা মানেই কি ০ ইসলামের বিরুদ্ধে কথা বা লেখাই ? ০ আর হুমায়ুন জাফর এরা কি মুক্তি যোদ্ধা ? এদের তো মুক্তিজুধদে জাওয়ার বয়স ছিল জুধদে জাওয়ার কেহ তো গেলেন না - আর তাদের মাতাই তার লিখিত বইয়ে লিখেছেন তাদের নানাকে মেরেছে মুক্তিজধদারা - তাদের বাবা তো পাকিস্তান স্রকারের পক্ষ ত্যাগ না করে জুদ্দে জান নাই ০ স্বাধীনতার আগ পর্যন্ত পাকিস্তান সরকারের গলাম ছিলেন ০ উনারা পাকিস্তান সরকারের মাহিনা খাইছেন - আর জাফর সাহেবের ইস্তির গায়ে হাত কারা দিয়েছিল ? আর নুহাশ পল্লী হল গেনি পাপিদের পতিতা লয়	Negative
364	ভাই বাংলাটা একটু বেশি ব্যাবহার করলে আরও একটু বেশি খুশি হতাম।	Negative
365	ভাই ফোন বাজারে আসার কিছু দিন পর দাম কমে যায় কেন?দাম কমানোর সাথে সাথে কি ভেতরের প্রসেসর এবং অন্য কিছু তে কি ঘাপলা হয় না কি???	Neutral
366	যমুনার খানকির পোলারা আগে টাকা চায়। টাকা না দিলে খানকির পোলারা রিপোর্ট বানায়। বেকগ্রাউন্ড সাউন্ড নিয়ে একটা বানেয়াট কথা বলে দিলেই হল। হালারা ধান্ধাবাজ। কিন্তু কিছু সত্য থাকলেও। সালারা বেশির ভাগই মিথ্যা বলে।	Negative
367	creativity দিয়ে নিজের দেশকে তুলে ধরুন,বিশ্বের কাছে পরিচয় করিয়ে দিন দেশকে নতুন ভাবে।আর আপনারা কি আসলেই বাংলাদেশের??সন্দেহ হয়	Negative
368	nayan rahman নাদের বাচ্চা	Negative
369	মনে রাখার মত একটি গান ।	Positive
370	আসলে উপহাস করা ঠিক নয় এখন দুনিয়াতে সব কিছু উলটো হয়ে যাচ্ছে, পাপ বেচে যাচ্ছে, তাই আল্লাহর ইচ্ছে তে কত কিছু ঘটছে, আমরা বাঙ্গালী রা, গিবতটা খুব করি, এ, ভাল না, ও ভাল,।	Negative
371	অাওয়ামিলীগ মানেই মিথ্যা জালেম.	Negative
372	ছোটন কাকা দেখতেছি এখন সবখানে বিচরন	Negative
373	Rifat Bin saad ভাই, বাচ্ছাদের মতো কথা বলো না, এটা খেলা, খেলায় সব কিছুই অনিশ্চিত। ভালো টিম মানেই অনেক run এ জিতবে এরম কোনো কথা নেই। ভালো টিম বলেই এত চাপের ম্যাচ বের করে নিয়েছে। আর বাংলাদেশ অনেক ভালো টিম. সুতরাং টেক্কা তো দেবেই। ভালো টিম ম্যাচ বের করে নিয়ে যায়। অস্ট্রেলিয়া একটা সময় বেস্ট টিম ছিল. তাই বলে কি অস্ট্রেলিয়া সবাই কে অনেক run র ব্যবধানে হারাত!! কত run এ কত ওভার এ হারিয়েছে সেটা বড়ো কথা নয়. ভালো খেলে হারিয়েছে. তোমার চিন্তাভাবনা অনুযায়ী বলতে গেলে বলতে হয়, ইন্ডিয়ার এই টিম তো ইন্ডিয়ার মেইন টিম তাই না?? ধোনি কোহলি রায়না এরা খেললে হয়তো আরও easyly জিতে যেত.	Neutral
374	Mir Ratul - খিলগাঁও তে যাবে না। অন্য কোন রুটে খিলগাঁও/মালিবাগ এড হতে পারে।	Neutral
375	হালা আবাল টাখা না টাকা বলতে পারেনা আবার হইছে শিক্ষামন্ত্রী	Negative
376	সত্য প্রকাশে এগিয়ে যান	Positive
377	আমি একাই ভালো,আমার দুকলা হতে হবেনা।	Neutral
378	দুই জন হিন্দু আছে ওরা তো এমনিতেই ইসলামের বিপক্ষে আর কি বলা লাগবে	Neutral
379	প্রিয় হিরো ঠিক বলছেন	Positive
380	সাফা কবির ন লাইক লুক	Negative
381	এই কথা গুলো স্যাটেলাইট পাঠানোর পূর্বে বলেন নাই কেনো তাহলেইতো আর পাঠাতে পারতোনা বাংলাদেশ সরকার।পাঠানো শেষ আর সমালোচনার ঝড় বইয়ে দিচ্ছেন যে কিনা এটা হবে ঐটা হবে বা হতে পারতো ইত্যাদি।আসলেই আপনারা দেশ বা জাতী নিয়ে চিন্তিত নন আপনারা শুধু আপনাদের চ্যানেলের TRP বারানোর চিন্তায় থাকেন	Neutral
382	এমরান,মাগির,ফলারে,জুতা,মারি	Negative
383	যারা মাদকদ্রব্য কমিশনে কাজ করেন তাদেরকে আগে বিচারের আওতায় আনা দরকার।তাদের কাজটা কি শুধু আইন বাতলে দেওয়া?	Negative
384	Md Anam তোর মারও আছে আমার সাথে	Negative
385	প্লিজ আমার চ্যানেল SUBSCRIBE করুন	Neutral
386	মাহমুদুর রহমান তোর আর তোদের বাপ । তোদের বাবারা যে শিক্ষা তোদেরকে দিতে পারেনি মাহমুদুর রহমান তা তোকে এবং তোদেরকে দিচ্ছে । ভাল করে গিলে নে ।	Negative
387	ওভাই ভাইরে দুই মাগির মুখে আগে মুতেনে তার পর কথা বল	Negative
388	ভিডিও টা দারুণ হয়েছে আপনাদের কে শুভ নববর্ষ	Positive
389	আশরাফুলকে আবার জাতীয় দলে চাই	Neutral
390	ইমরানকে জুতা মার মুখে	Negative
391	মতিয়া চৌধুরি মুক্তি যুদ্ধা করিনি?	Neutral
392	বাংলাদেশের প্লেয়ারদের IPL Borjon করা উচিত । ম্যাচ শেষে ক্রিকইনফোতে সংবাদ এসেছে- “Ex-Knight Rider Shakib leads Sunrisers to first win in Kolkata” অথাৎ বোঝায় যায় আইপিএল ম্যানেজমেন্ট ছাড়া সকলের কাছেই কাল ম্যাচ সেরার পুরস্কারটার যোগ্য দাবিদার ছিলেন সাকিব আল হাসান। ইন্ডিয়ান প্রিমিয়ার লীগে কখনো কখনো দেখা যায়, বাংলাদেশী খেলোয়াড় দের যথার্ত মূল্যয়ন করা হয় না। কেকেআর গত আসরে বিশ্বের সেরা অলরাউন্ডার থাকা সত্বেও এক ম্যাচ খেলিয়ে পুরো আসর সাইন বেঞ্চে বসিয়ে রেখেছিল	Positive
393	কিরে ছাগু সে তোর বেবি হইলো কিভাবে?	Negative
394	পটাকা শব্দের অর্থটা কি?? কেউ জানলে বইলেন প্লিজ।	Neutral
395	কে কে ২০১৮ তেও শুনছো আমার মত	Positive
396	Ay সব gaan দেখার theika আমি adha ঘণ্টা adverse দেখুম	Neutral
397	চোখ এ পানি চলে আসল, আসলেই বাংলাদেশের অবস্তা এখন এরকম ই	Negative
398	আমি বুঝিনা ঐ সমস্ত নাস্তিক মিডিয়াতে নাস্তিকদের সাথে একা লড়াই করতে যান কেন ওলামায়ে কেরাম, যদি যেতে হয় সমান সুযোগ নিবেন	Negative
399	একবছর পেরিয়ে গেলো প্রতিদিনই শুনি তবুও ভালো লাগে। মিনার সত‌্যিই ভালো লিখতে পারে।	Positive
400	এই খানিকটা বাংলাদেশের কলঙ্ক, খানকি সানি লিয়ন হইতে চায়, চুতিয়ার মায়রে বাপ।	Negative
401	তিন টারে জুতা মার	Negative
402	সাখাউয়াত সাহেব তিন নাস্তিকের কাছে টকসুতেগিয়ে নিজেকে যেভাবে ডুবিয়ে ফেলেন তাহা এক জআলেমের পক্ষে সম্ভব নয়।কথা বলতে না পারলে টকসুতে না জাওয়া উত্তম ছিল।আবার জামাত নিয়ে কথবলেন।জামাতের একজন সাধারন করমি ও আপনার ছেয়ে অনেক সুন্দর ভাবে এই নাস্তিকদের কথার যাবিব গুলো দিয়ে আসতে পারত।	Neutral
403	অবশ্যই সব উন্নয়নে ভাগ বসাবে আর ডিজিটাল নকলে ভাগ বসাবে না এটা কেমন কথা।ডিজিটাল বাঙ্গলা দেশে ডিজিটাল নকল।	Negative
404	পৃথিবীতে আর কোন দেশ স্বাধীন হয় নাই। যুদ্ধ করছে বলে তার চৌদ্দ গুষ্টিকে সুবিধা দিতে হবে। কোথায় স্বাধীনতা ছাত্র দের উপরে হামলা। সংসদে মুন্ত্রী হচ্ছে ইনু।	Negative
405	ইলিয়াস কাঞ্চন কে ধন্যবাদ	Positive
406	আসবে দুটো মাস অপেক্ষা করুন	Neutral
407	আশরাফুল কে চাই,,,	Neutral
408	ভাই, সব শেষ।	Negative
409	এক কথাই অসাধারন	Positive
410	পাপন ভাই আমি আপনাকে বলচি আসরাফুল কে দলেনেন ভাই আপনার কাচে আমার আমার দোয়া রই লো	Neutral
411	ভাই বান এরা শয়তান	Negative
412	অনেক বড় পলিটিসিয়ান আপনে,,,,!!মানুষকে বলদ মনে করেন,,!!মানুষ বুঝে না,,!	Negative
413	সত্যি অসাধারন,নাটক,,,,,	Positive
414	কুকুরের বাচ্চা,ইমরান তুই নাস্তিক	Negative
415	তোমার মুজিব বাপের থেকে শুরু করে তার শেষ বংশধরের কেউই মাহমুদুর রহমানের মতো ব্যক্তিত্বের নিকটবর্তী হওয়ার যোগ্যতা রাখে ?	Negative
416	স্যার,একদম সঠিক কথা বলছেন।	Positive
417	দেশের টাকা নষ্ট করছে আর কি করবে,, দারিদ্রতাই দূর হলোনা,, স্মার্ট হতে চায়	Neutral
418	ভাই আপনি বলে বাংলােশের সব চেয়ে বড় ইউটিউবার।।ভাই এটা আমার চ্যানেল please বেশি বেশি share করবেন।।।আমিও করছে।।	Positive
419	আজ।চলে।যাছেন।কিনতু ।যাচ্ছে ন।নাআর।সাদারন।মানুষ।দেখে কিছু হবে।না।হবে।না দেশে।ভালো।মানুষের ।খুব।।আভাব।	Neutral
420	মজা পাইলাম ভাই	Positive
421	পুরাই ফিদা হএ গেলাম।	Positive
422	জানোয়ার এর বাচ্চা	Negative
423	সুনতানা কামাল ওঅপু ইমরান ওদের মুখে জুতা মারা দরকার	Negative
424	জয় বাংলা জয় বঙ্গবন্দু	Positive
425	দেখতেছি পরে মন্তব্য করব	Neutral
426	ভাই মিল টা দিলে টাকা মনে হয় বেশি যায়তো না	Neutral
427	হিন্দু চুদা খাওয়া মাগী,	Negative
428	কি,দেশরে,ভ।ই,মুসলিম,হয়ে,এট।কি,আম।দের,সরক।র,কোথ।য়,পুলিশ,কোথ।য়,	Negative
429	মাল একখান,,,,	Positive
430	অনুষ্ঠানের নামটা খুব চমৎকার। সামিয়া রহমান এর উপস্থাপনা আর জাফর ইকবাল স্যারের কথা মুগ্ধ করেছে।	Positive
431	এই দুই খানকি আর রাজাকারের বাছচা কে জুতা মারা উচিত	Negative
432	আমার সবচাইতে প্রিয় একটা গান	Positive
433	কোর আন কে পুরিয়েছে টা ক্ষমতা টা শেষ হলে দেখা যাবে	Negative
434	প্রথম কলির পরে যে বায়লিন এর মায়াবি সুর,কি ভাবে সম্ভব?বিধাতার দান, পাগল হয়ে যাই।লাভ ইউ অর্ণব।	Positive
435	জুতা মারো তালে তালে ইমরান আর সুলতানার গালে	Negative
436	ভাই nokia 8 এর review টা দেখছি আর মনে মনে দেখা শেষ হল comments করে request করব lg q6 review টা দেওয়ার জন্য ৷ কি মাজার বিযয় যে video টার শেষে আপনি বলেন ৷ খুব ভাল ৷ thanks ATC teams ৷ thanks a lot	Positive
437	পরিবারের এমন আচরণ ঠিক	Positive
438	টাকা থাকলে এ দেশে সব হয়	Neutral
439	ashraful কে আনতেই হবে	Neutral
440	নাস্তিক ইমরানের সাথে কথা বলা, আর একটা জারজ এর সাথে কথা বলা,, এক কথা।	Negative
441	ধন্যবাদ ইলিয়াস কাঞ্চন ভাই কে।	Positive
442	শেষের কথাটা সবাই	Neutral
443	মতিয়া কে মন্ত্রী কে বানিয়েছে উফ জত্তসব পাগল ছাগল মন্ত্রী হয়েছে,মনে হচ্ছে কোনো এক সময় কাজের বুয়া ছিলো	Negative
444	বাংলাদেশে এর দাম কতো ৩/৩২ জিবি	Neutral
445	ভাই তরা দুই ছাগল তগরে কি ভাবস আল্লাহ ই ভাল জানে. পুরান পাগলে ভাত পায় না নতুন পাগলের আমদানি. carry on paglazzzzzz	Negative
446	আওয়ামী লীগ হচ্ছে বিবেকহীন কুকুরের দল ।।।	Neutral
447	তোমার জন্য নীলযে তারার একটু খানি	Neutral
448	আল্লাহ্ সঠিক বিচার করবেন। ইনশা আল্লাহ	Positive
449	অামরা ও চাই	Positive
450	সবাই তাকে অপমান করচ্ছে	Neutral
451	ভাই এটা বাংলাদেশ, যেখানে উচিৎ কথা কেউই সহ্য করে না, এইটা বাশ খাওয়ার একটা	Neutral
452	ভদ্রতা বাড়িতে শিখবেন ইউটিউবে না !!! Okk!!!	Neutral
453	প্রশ্ন ফাস হইলেতো পাসের হার বারবই।	Negative
454	ভাই আপনাকে হাজার বা সালাম	Positive
455	একজন বিজ্ঞলোকের সাথে তিন বিজ্ঞনামের মূর্খের লড়াই। নিরপক্ষভাবে যাচাই করলে তিন বুদ্ধিবেজীকে চমৎকারভাবে শিক্ষা দিলেন এক মাদ্রাসার মাওলানা	Neutral
456	সাফার কান্না গুলা মজার	Positive
457	ঐ shobe খানকির পলা মুরতি তুর পাছা দিয়া দিমুনি তুই যদি বাপেরবেটা হচ তুর নাম্বার দে আর যদি না দেছ ত মনে করবো তুর মা বোন সবাই জারক সন্তান জারক সন্তান সালা' bastard I waiting for your number ok	Negative
458	মুভি টার নাম বলতে পারেন কেউ?	Neutral
459	আমরা আরো একদাপ এগিয়ে গেলাম	Positive
460	রিভিউটা জোশ ছিল তুষার ভাই one plus 5t একটা রিভিউ দেন please	Positive
461	ধন্যবাদ ভাই।বেঁচে থাকেন হাজার বছর।চালিয়ে যান সে অন্যায়কারীদের মুখোশ উন্মোচনে।	Positive
462	রাতে ওর গান আমার কাছে অনেক ভাল লাগে	Positive
463	অর্ণব মানেই	Positive
464	রিভিউটি অসাধারণ হয়েছে	Positive
465	HTC U11 এর কোন রিভিউ কি দিতে পারবেন?	Neutral
466	ভাই আপনাকে ধন্যবাদ ভাই আপনার মতো ভাই দরকার	Positive
467	গ্রীস থেকে	Neutral
468	আমাদের পর্যাপ্ত স্পন্সর নেই। এটা বড় সমস্যা। তার উপর উন্নত ব্রডক্সস্টের অভাব। আর ভেন্যুর কথা তো নাই বললাম। আর কমেন্ট্রি থেকে শুরু করে আম্পায়ারিং সবই থার্ড ক্লাস কোয়ালিটির। ফ্রাঞ্চাইজিগুলো কোটি টাকা খরচ করে শ্রীলংকান থার্ড ক্লাস প্লেয়ার কিনে	Negative
469	হায়রে বাঙ্গালি লুঙ্গী কে এত অপমান।	Negative
470	নাস্তিকেদর সাথে কি কথা। খানকি মতোই হাসে	Negative
471	তর অন্য বাপেরা দিয়া দেক না মাদার চুদেরা তরা বেশি বুজচ	Negative
472	আশরাফুল কে আগে লাল সবুজ এর সাথে দেখতে চাই চাই	Neutral
473	গানটা ভাল,কিন্তু নাচটা?	Neutral
474	অসাধারণ নাটক,তার মাঝে যদি মেহজাবিন থাকে তাহলে ত,১৬ আনায় পরিপূর্ণ।	Positive
475	নিশো আর মেহজাবিনের বুড়ো স্টুডেন্টের বাচ্ছামি আর নেকামো দেখে মেজাজটা খারাপ হয়েগিয়েছিলো। তবে নাটকটা	Negative
476	জমিদার বংশের	Neutral
477	2 XL এর একটা রিভিউ করেন।	Neutral
478	অন্ধের বাচ্চা অন্ধ । কিসের মধ্যে কি পানতা ভাতে ঘি।	Negative
479	এই জাফরকে আমি পেলে একেবারে গুলি করবো,	Negative
480	চুতমারানির পোলা	Negative
481	"One of my favorite ""তোমার ঘিরে এতগুলো রাত অধীর হয়ে জেগে থাকা তোমায় ঘিরে আমার ভালো লাগা"""	Positive
482	আমার বেষ্ট একটা অনুষ্ঠান এটা,,আমি নিয়োমিতো দেখি,,, সৌদি থেকে	Positive
483	মেয়াটা কে আমাকে খুব ভালো লাগে	Positive
484	বাংলাদেশী মেয়েদের সাস্থ ও আরো একটু লম্বা হলে জয় বাংলাদেশেরই ছিলো।	Positive
485	এই হলো কুক্তা লীগ। আওয়ামিলীগ ছাএলীগ কুক্তা তেকেও খারাপ।মিথ্যা বাদি এদেরকে জুতা পিটা করার দরকার	Negative
486	আপনার কথ এখন সঠিক হলো,,আল্লাহ আপনাকে নেক হায়াত দান করুন,০৬/০৩/২০১৮	Positive
487	এই লোকটার এত সাহস আসল কোথা থেকে	Negative
488	বাংলাদেশ সেনাবাহিনী অামাদের গর্ব, তারা কতো কষ্টকরে অপরাদিদের দরার জন্য	Positive
489	অসভ্য ভিডিও।	Negative
490	তুই আসলে মাগি	Negative
491	বাস্তব জীবনের ইলিয়াস কাঞ্চন সাবাস বস	Positive
492	আমারা বাংলী জাতী এত খারাপ কেন আমি কেমেন্ট গুলি দেখলাম এখানে এত গালা গালী হচ্ছে কমেন্ট গুলি সব জগন্ন আমারা ভাল বাসায় কথা গুলি লিখতে পারি ,এক জন মুসলমান অন্য এক জন কে গালী দিতে পরেনা আল্লাহ কে ভয় করেন এক দিন মরতে হবে সবাইকে	Negative
493	নাইচ	Neutral
494	যিনি নাটকটি লিখেছেন অসাধারণ	Positive
495	মাহমুদুর রহমান ধন্যবাদ ভাই	Positive
496	ভদ্রতা বাড়িতে শিখবেন ইউটিউবে না !!! Okk!!!	Negative
497	farabi mahin রাইট	Neutral
498	শেষের কাহিনী টা এরকম না করলেই ভালো হতো।	Negative
499	Md. Shoriful Islam, ধন্যবাদ	Neutral
500	তিন জানোয়ার	Negative
501	অসাধারণ একটি গান। Love you মিনার,,,।	Positive
502	ভালো ছিল।	Positive
503	সাইড স্টেইনলেস স্টিলে তৈরি, এলুমিনিয়ামে না।	Neutral
504	মাদার চোত	Negative
505	কোরআন কি বুজবিরে কুত্তা বাচ্চা	Negative
506	ইমরান এইচ সরকার, অপু উকিল ও সুলতানা কামালের সব গুল কুত্তার বাচ্চা ।	Negative
507	আগে টিউলিপের মত যোগ্যতা অর্জন করেন তারপর তাকে নিয়ে মন্তব্য করেন। আপনাকে আমরা চিনি , আপনি হচ্ছেন সেই উত্তরা ষরযন্তের কারিগর, এত সহযে কি আপনি মানুষ হবেন মি. মাহমুদ।	Negative
508	১লা বৈশাখ,	Neutral
509	সত্যিই এইরকম নাটকগুলোই হৃদয়ে দাগ কেটে যায়। অনেক সুন্দর love	Positive
510	ভাই আমাকে আপনাদের সাথে কাজে নিবেন?? ব্যাপক ইচ্ছা আমার	Positive
511	omg! অন্নেক মজা পাইলাম ভাই	Positive
512	Hags কারা?	Neutral
513	Ahmad Nur।আওয়ামী লীগ মূনাফিক।হাসিনা হিংসূক।	Negative
514	আসলে সত্যি। Minar the	Positive
515	তোর বিরুদ্ধে মামলা দায়ের করা উচিত	Neutral
516	আমাদের সরকার সমান ওদিকার দিছেনা	Negative
517	হিন্দুদের দালাল	Negative
518	ইমরান অার কুকুরের মধ্যে কোন পার্থক্য অাছে কিনা সেটা অামার সন্দেহ হচ্ছে	Negative
519	ছিঃ ছিঃ বাংলাদেশ!!	Negative
520	দাড়ি কমা ঠিক করে কথা বলো।	Negative
521	রহিত সরমা এবং দেওয়া যখন আউট হওয়ার পর মেহেদি মিরাজকে বলদেয়া উচিত ছিল সাকিব হটাও	Negative
522	Yasin Ali পাকির জারজ ।	Negative
523	"ধ্যাততেরিকি বাংলা কমেডি মুভি টি দেখুন এবং চ্যানেল টি অবশ্যই ""SUBSCRIBE"" করুন"	Neutral
524	পটাকা অর্থ কি ?	Neutral
525	তারা এত মিত্যা কিভাবে বলে!!!!	Negative
526	Safa kabir apurovo কাহিনী টা এরকম না করলেই ভালো হতো।	Negative
527	দিনের বেলায় কেন আমি টিয়ারশেলের গন্ধে হলে থাকতে পারিনি। নওফেল চোখে দেখেন না। বিকাল মেলায় আজিজ সুপার এর দোকানকাররা দোকান বন্ধ কেন করলো	Negative
528	বাংলাদেশের সমস্ত পিলিয়ার অভদ্র তার জন্যই ফাইনাল খেলাই Srilanka র দর্শক ভারতের সাপোর্ট করেছে।	Negative
529	আসল কথাটাই কেউ বলল না, ৪৬ বছর ধরে এদেশের ৩০% নিয়োগ মুক্তিযোদ্ধারা পেয়েছে। বছরে ১০০০০ হলেও ৩ লাখ পাওয়ার কথা, অথচ গ্যাজেটে এসেছে ৬৮ হাজার মুক্তিযোদ্ধা।	Positive
530	আল্লাহর দুনিয়ায় ইসলাম আগে এসেছে,মুক্তিযুদ্ধ পরে।একটা মুসলিম মুক্তিযুদ্ধ বিরোধী না। ইসলামকে আগে রাখুন।	Neutral
531	একজন শিক্ষিত মানুষ কখনো অন্ধ বিশ্বাসে বিশ্বাস রাখতে পারেনা।	Neutral
532	আপনি কি Nasa সাথে যুক্ত আছেন ।	Neutral
533	আরো ভাল ভাল ভিডিও পেতে আমাদের চ্যালেন টি Subscribe করুন।	Neutral
534	আমার মতে সব খেলোয়ার দরকার পুরান গুলো একটা কথা আছে পুরান চাল ভাতে বারে	Positive
535	আর কত লাগাবি রে ভাই?অনেক তো লাগাইছত!!!	Negative
536	ভাই আমার বাজেট ২৩০০০ টাকা কি ফোন কিনব	Neutral
537	সুমী হালী কয় কি কয় টাকা খাই ছে	Negative
538	বাংলাদেশে নারিপুরুষ সমান অধিকার আবার সেই দেশে নারির আলাদা কোঠাকে১০/ কেন তাহলে সমান অধিকার কিবাবেহোলো ,আমার মতে বাংলাদেশ পুরুষ হয়নিজাতিত, নারিহয় আন্দিত আর এটার কিচুদালাল হোলো পুরুষ রুপিহিজলা	Negative
539	Dual Camera ২০১৬ সালের trend ছিল না।	Neutral
540	ভাই গালিগালাজ না করে গঠনগত সমালোচনা করুন।	Neutral
541	এই শয়তান কাফররে কুপিয়ে মারলে খুসি হতাম	Negative
542	এদেশের শিক্ষানীতি বাকওয়াজ	Negative
543	চরম যৌক্তিক কথা বললেন স্যার।	Positive
544	বেকার নিওজ খায়া কাম নাই তর	Negative
545	নাহিদ কাকু কেমন আছ	Neutral
546	সালমান ভাই আমি আপনার অনেক বর FAN আপনার সাথে একটু কথা বলতে চাই আমার নামবার 01631117691	Neutral
547	সাহসী ভাই চালিয়ে যান, সব নাস্তিকের মুখোশ খুলে দেন। আমরা তাদের ধিক্কার জানাবো, এছাড়া কিছু করার নাই, তাদের হাত অনেক লম্বা	Neutral
548	মনের সাথে কেনো জানি মিলে যায়	Positive
549	নওফেল সাহেবের কাছে আমার একটা প্রশ্ন, ঢাকা বিশ্ববিদ্যালয়ের উপচার্যের বাসভবনে কে হামলা করেছিলো তা সনাক্ত করতে পারেনি তাহলে সাধারণ ছাত্রছত্রিদের উপর পলিশ হামলা করলো কেন ?	Negative
550	অন্ধের বাচ্চা অন্ধ । কিসের মধ্যে কি পানতা ভাতে ঘি।	Negative
551	JSC, SSC, HSC- সনদপত্র ও নম্বরপত্র এবং NID-তে- নাম ভুল সংশোধনের জন্য এবং কম খরচের নির্ভুল এফিডেভিট ও পত্রিকায় বিজ্ঞপ্তি দিন । কল করুন - 01718 80 53 81 দিগন্ত ইনফরমেশন মিডিয়ায় আপনাকে স্বাগত। আমরা দীর্ঘ ১১ বছর যাবৎ সুনামের সাথে বিভিন্ন শিক্ষা বোর্ডের ছাত্র/ছাত্রীদের জেএসসি, এসএসসি ও এইচএসসি পরীক্ষার সনদপত্রে- নিজ নাম, পিতা-মাতার নাম ও জন্ম তারিখের ভুল ও জাতীয় পরিচয়পত্র ভুল, সংশোধন করার জন্য সঠিক তথ্য, পরামর্শ, কম খরচের, নিরভুল এফিডেভিট/হলফনামা, নোটারী+অনুবাদ ও পত্রিকায় বিজ্ঞপ্তি দিয়ে থাকি। এছারা হারানো সনদপত্র/মার্কসীট,বোর্ড থেকে উত্তোলন করা, আইডি(NID) কার্ড উত্তোলন করার ব্যাপারে আমরা সহযোগীতা দিয়ে থাকি। (দেশের যে কোন প্রান্ত হতে, ঘরে বসে আমাদের মাধ্যমে যে কোন পত্রিকায় বিজ্ঞাপন দিতে পারেন,{bikash / sms,এর মাধ্যমে) ঠিকানা-237, 2nd floor BUET Market, Palashi, Dhaka-1000,(Opposite the Sonali Bank) । সহযোগীতা- বা বিস্তারিত জানতে আমাদেরকে ফোন বা ই-মেইল করতে পারেন ।	Neutral
552	খুব খারাপ লাগছে আজ সুমি আপা আমার শ্রদ্ধা হারালেন।	Negative
553	মানুস না খেয়ে মরে সে দেসে আবার স্যাটালাইট	Negative
554	তুই ত কোরআন জানোস না তোরে হত্যা করা ফরজ বিয়াদব	Negative
555	বাংলাদেশি পরিচালকেরা বেশি রকম ক্রিয়েটিভিটি চোদাইতে গিয়া নাটকের শেষে একটা এক্সিডেন্ট রাখা শুরু করছে। একদম মুখস্ত। বাল।	Negative
556	ভাই যতো কথাই বলেননা কেন এদের লজ্জা নেই।সব বন্যায় ধুয়ে মুছে গেছে।	Neutral
557	এগুলো হচ্ছে সব লোক দেখানো কাজ	Negative
558	শিক্ষক তোদের কাছ থেকে সব থেকে বেশি পিটুনি খাইছে। সব থেকে তোদের কাছ থেকে বেশি অপমানিত হয়েছে।	Negative
559	সৃষ্টিকর্তার আজাব এখনও পড়ে না কেন এই দেশে!!!!	Negative
560	ডাবল ডিসলাইক দেওয়ার কোন সিস্টেম আছে ফ্রান্স?	Neutral
561	ছাত্রলীগের এসব নেতার কথা শুনলে বোঝা যায় এরা কোন লেভেলের ? এত নীচু মানের অমার্জিত ছাত্র নামধারী অছাত্র, যারা শুদ্ধ ভাষায় কথাটা পর্যন্ত বলতে পারেনা। এরা হল পুরো দেশের সভাপতি, সম্পাদক। আসলে সরকার বা দল এরা চাকর বাকর দেরকেই পদ পদবী দেয় যাতে যা ইচ্ছা এদের দিয়ে করা যায়।	Negative
562	দেশে এখন চোর লীগ	Negative
563	এটা কোণ মাঠ ?	Neutral
564	প্রতিবাদী মিলন dqqqq	Neutral
565	নাস্তিকের উচিত বিচার হয়েছে ভাই আপনাকে ধন্যবাদ	Positive
566	ভাই এভাবে বড় ভিডিও বানাবেন এটাই জুচ	Positive
567	ওবাইদুল কাদের শুধু ওনার এলাকার ও আশেপাশেরর এলাকার কাজ করে জাচ্ছেন বাহিরের এলাকা ও গ্রামের কথা ওনার মাথায় নাই	Negative
568	Majharul Islam কাকে চুরি করেছে দোস্ত	Neutral
569	৪ নাস্তিক এক সাথে	Negative
570	ভাবনা আমার শিমূল ডালে লালচে আগুন জ্বালে মহুয়ার বনে মাতাল হাওয়া খেলে	Neutral
571	কুমিল্লার মানুষ কাওকে ভয় পায়না	Positive
572	ছাএলীগের সাথে সাধারন শিহ্মার্তি যায় না!!!!!!!	Positive
573	খুদাত্র মানুষের মুখে খাবার জরুরী আর কিছু না।	Neutral
574	এই বালছাল করে কোন লাভ নেই যতদিন জনগণ সচেতন হবেনা।	Negative
575	Salman VS Justin Bieber ফলো করে জুতা মুজা থেকে সব জেসিয়ারে খাইয়া দিছে অনেকবার	Negative
576	প্রাক্তন থাকাকালে এমন এই নাটকটা বানালে ভালো নামের সাথেও মিল আছে দেখছি। নাটক তো জমে ক্ষীর!	Positive
577	আওয়ামীলীগ মানে বেয়াদব	Negative
578	আমরা মুসলিম ভাই ভাই নাস্তিক মুক্তো বাংলাদেশ	Positive
579	কুত্তার বাচ্চা জাফর ইকবাল	Negative
580	এই টিমে কাজ করা	Neutral
581	এটা কোন ধরনের গান?আসলে গান না অন্য কিছু?রুচিতে বাধে।।।ছিহ	Negative
582	রাজাকারের বাচ্চা	Negative
583	এই ভিডিও টা বাংলা নববর্ষের জন্য একেবারে উপযুক্ত	Positive
584	আশরাফুল তুমি তাড়াতাড়ি দলে ফিরে আসো তোমাকে বাংলাদেশ দলে খুব প্রোয়োজন	Neutral
585	হায়রে বাংলাদেশ, কোথায় যাবো আমরা।	Negative
586	অসাধারন একটা নাটক??	Neutral
587	আবার চাই	Neutral
588	শেষ মিনিটে মাল ধরা খাইছে, ফারুক, সাকি আজাইরা কথা বলে বাঁচতে পারবানা :-P	Neutral
589	অনেক সুন্দর হয়েছে	Positive
590	ভাইয়েরা ভাল ফুটবল খেলে! অসাধারণ	Positive
591	Mohammed Ismail Hassan তুই মাদারী একটা পাগল	Negative
592	Md Antor বলুন?	Neutral
593	প্রত্যেক বাবা মা 'র উচিত অবশ্যই এই নাটক টা দেখা	Positive
594	খেলা কারে কয় জাতীয় দলের প্লেয়ারদের দেখা উছিত।	Negative
595	ভাই violin কে বাজাইছে?? চরম	Positive
596	বেশি বললেই আপনা কে জংগী বানিয়ে ফেলবে কথা কম বলায় ভাল	Neutral
597	এই মাইয়াটারে এতো গুরুত্ব দেওয়ার কি আছে? কচুর যুক্তি দিচ্ছে আমার।	Negative
598	ছাত্রলীগ নেতা মুখস্ত কথা বলে হা	Negative
599	দুই খানকি, এক খানকির পুত। আসলে বাংলাদেশেপ্রতি দিন হাজার হাজার এই পতিতালয়ের খানকিরা জারজ সন্তান জন্ম দিচ্ছে। ইমরান হলো তাদের ফল।একদিন ওরা ধংস হবেই ইনশাআল্লাহ।	Negative
600	স্যার স্যালুট অাপনাকে	Positive
601	Piku Maity তুয় টয়লেট ছাপকর গড়ে টয়েলেট বসা এটায় তোর জন্য ভালো হবে	Negative
602	যতই তালাশ দেখছি ততই অবাক হচ্ছি	Positive
603	"Code - Uncode ""তুনি কি কখনো রাষ্ট্রবিজ্ঞান পড়িছিলি ?"" আমার কাছে এলে আমি তোমাকে ( মি. মাহমুদুর রহমান ) ফ্রি শিখাবো ।"	Neutral
604	মন টা ভরে গেলো গান টা শুনে,,,,,,,,,,,,,,,,,,,,,,,,,,ধন্যবাদ অরনব	Positive
605	এই বুড়ো বয়সেও ফিলিংছে আছি । উলটা পালটা কি প্রশ্ন করেন ?	Negative
606	এমন আরো নাটক চাই	Positive
607	ইমরান একটা জারজ , আর পাশে জারা আছে তারা নাস্তিক ।	Negative
608	ধন্যবাদ পার্থ!	Positive
609	পৃথিবীতে সর্ব প্রথম নাপাকি ছেলে এবং মেয়ে একত্রে রাত্রে থাকতে দেয় নমরুদ হযরত ইব্রাহিম আঃ আগুনে পালানের সময় আর বাংলাদেশে ৯৬/; মুসলমানের দেশে এই নাস্তিক সরকার	Negative
610	সুন্দর কথা এই আমার সোনার বাংলাদেশ। মানুষ মরে খাওয়া অভাবে আর তুমি (সরকার) স্যাটেলাইট পাঠাও দেখার আছে কি পাও তুমি এটা দিয়া	Positive
611	ভালই লাগল	Positive
612	পৃথিবীতে ২০০ কোটির বেশি নাস্তিক। শাস্তিতো আল্লাহ দিবেন, আপনি দেয়ার কে? আপনি যদি দীনের দাওয়াত দিতে পারেন, তাহলে নাস্তিকেরা কেন দাওয়াত দিতে পারবেনা?	Neutral
613	একজন শিক্ষামন্ত্রী কথার মধ্যে গুরুচণ্ডালী।	Negative
614	ভাই আপনি থামেন।হাসতে হাসতে পেট বেথা হয়ে গেছে।	Positive
615	কী লিরিক্স রে শিরোনামহীন বলেই সম্ভব	Positive
616	শমী কায়সার আমার বাল,বোকাচোদা,,, আনছে কে ওরে,,লুইচ্চা শালী	Negative
617	ভাল করছে	Positive
618	ফুড ব্লগার্স একটা ভন্ড গ্রুপ জানতাম,কিন্তু সৌম্যের এতো সামনে থেকে ক্লোউজ ভিডিও কেমনে করেছেন?মানে ক্রিমিনালদের এতো সামনে থেকে আপনারা কোন ওয়েতে ভিডিও করেন?জানার ইচ্ছা খুব।	Neutral
619	vaiya awesome onkk bhalo নববর্ষ।।	Positive
620	দুইটা আসলেই খানকি ইমরান এইচ সরকার হচ্চে কুকুরের বাচ্চা	Negative
621	রিহৃয় ছোয়া গান	Positive
622	কুওার বাচ্চা তুই মতিয়া	Negative
623	জয় বাংলা	Positive
624	ashik alfaz ভাই এরশাদের আমলে ছিলো	Neutral
625	আসিফ নজরুল স্যার , মনের কথাটি বলেছেন।ধন্যবাদ স্যার।	Positive
626	বস ফাটিয়ে দিয়েছেন আমরা সকল প্রবাসিরা আছি সব সময় ।।।।।	Positive
627	হুজুর এরা সবাই নাস্তিক একা গেছেন কেন	Neutral
628	সোশের বচচা আর বচচা সোশর একই কথা	Negative
629	এরা পেইড রিভিউ করে। প্রতারিত হবেননা।	Neutral
630	এরা ভালো খেলে কিন্ত এদের প্রতি বিশ্বাস ওয়ান টাইম এরা অল্পতেই মেতে উঠে ওদের বড় ভুল ওরা অন‍্য দলের সিনিয়ার দের মূল্যায়ন করে না সেটা না করতে জানে না	Negative
631	Rakib Hassan আরে মাদারচোদ জোংগী কাকে বলে তা কি তুই যানিশ সালা ফাজিল জফর কুত্তার বাচ্চার পা চাটা গোলাম শালা।	Negative
632	আনেক ভাল লাগল	Positive
633	অদ্ভুত ছেলেটি	Neutral
634	ভাই, সব শেষ।	Negative
635	এইডাই আমার কথা	Neutral
636	মুক্তিযোদ্ধারা বৈষমের হাত থেকে রক্ষা পেতে যুদ্ধ করেছিল। আর এখনও সেটাই হচ্ছে। এইটা নিয়ে রাজনীতি করার সুযোগ নাই	Neutral
637	বাংলা চটি জোন - Bangla Choti Zone	Neutral
638	দারুন লাগলো,তবে USB TYPE, C কি জানাবেন,এর কাজ কি,	Positive
639	পাগল সাহেব আজকে বাংলার ছেলেরা কি লেখা পড়া করে আমরা জানি না। সব পগলের আস্তানা বাংলার সংসদে।	Negative
640	ইট মারলে পাটকেল খেতে হয়।	Negative
641	group টাকা নেবে? কেন? জ্বী না, world এ এইটা কোথাও নেই। facebook টাকা ad বিনিময়ে ad দেয়, সেটা ঠিক আছে, কারণ facebook আমাকে বিনামূল্যে ছবি রাখা সহ, অনেক সুবিধা দিচ্ছে। কিন্ত এইসব group গুলো ত আমাদের আস্থায় চলে, আমরা follow করি বিশ্বাস করে। কিন্ত তারা যদি টাকা নিয়েই post দেবে, তাইলে ক্রেতার স্বার্থ সংরক্ষিত হবে কি করে?	Negative
642	চাই ভাই কে	Neutral
643	অামাদের মাবাবা কনে এগুলো বোঝেনা	Negative
644	সাকিব ওই দিন শিশির ভাবিকে নিয়া।।।।আগেই মাথা ত্যাগ করছে।।।।আর বলছে আমার কোন কিছু লাগবে না।	Negative
645	গল্পের শেষ টা	Neutral
646	বাংলার বাঘকে ফেরত চাই	Neutral
647	মাহমুদুর রহমান ভাই আপনাকে অনেক অনেক ধন্যাবাদ।	Positive
648	আমাদের দেশের ছেলে আবাল গুলোএদের কাছ থেকে অনেক কিছু শেখার আছে আবাল গুলো কোথায় আজ	Negative
649	আসিফ ভাই আপনাকে অনেক ধন্যবাদ	Positive
650	আশরাফুল বসের সাথে কারো তুলনা হয় না। তামিম সাকিব মাশরাফি মুশফিক রিয়াদের চেয়ে আশরাফুলের ভক্ত অনেক বেশি। সে একজন ন্যাচারাল ট্যালেন্ট। তার প্র্যাকটিস দরকার নাই ভাল স্কোর করার জন্য। অন্যদিকে বাংলাদেশের বর্তমান ভাল পারফরম্যান্সের পেছনে তামিম মাশরাফিদের অনেক খারাপ পারফরম্যান্স লুকিয়ে আছে। কিন্তু বস আশরাফুলের কোন তুলনা নাই তার ফর্ম সবসময় থাকে। আশরাফুল দলে থাকলে বাংলাদেশ এতদিনে অনেক ট্রফি জিততে পারতো। সামান্য একটা ম্যাচ ফিক্সিং এ এত বড় শাস্তি দেয়া উচিত হয়নি। সর্বোচ্চ ১ বছরের সাজা দেয়া যেত। তার উপর অনেক অন্যায় হয়েছে। দেশের জন্য তার অর্জন টা কেউ দেখলো না শুধু খারাপ দিকটাই দেখলো। আশা করি বাংলার শচীন বস আশরাফুল দলে এসে সব রেকর্ড ভেঙে চোখে আঙ্গুল দিয়ে দেখিয়ে দেবেন আসল ক্রিকেটার কাকে বলে। সাকিব মাশরাফি তাকে দেখতে পারে না কারন সে আসলে তাদের ভাত থাকবে না এটা তারা ভাবে। আসলে এটা ভুল। আশরাফুল আসলেও তাদের সম্মান কমবে না বরং দেশের পারফরম্যান্স ভালো হবে দেশের সম্মান বাড়বে। আশরাফুলের মতো সহজ সরল মাটির মানুষকে মাশরাফির ফিক্সিং এর জন্য হেট করা ঠিক না। কারন আশরাফুলের আমলে এক ম্যাচ জিতলে সরকার কোটি কোটি টাকা বাড়ি গাড়ি দিয়ে দিত না, তখন দেশের আর্থিক অবস্থাও খারাপ ছিল, আর আশরাফুল ভাল খেললেও প্রায় সব ম্যাচই বাংলাদেশ হারতো। এর চেয়ে ভাল ফিক্সিং করে কিছু বৈদেশিক মুদ্রা দেশে আনা। তাই এক ফিক্সিং এ এত বড় শাস্তি দেয়া একদম ঠিক হয়নি। ধনি হাজার হাজার ফিক্সিং করেও কোনদিন শাস্তি পায় নাই কারন ধনি খারাপ খেললেও দল জিতে যায়। অন্যদিকে বাংলাদেশে আশরাফুল ছাড়া কোন ভাল প্লেয়ার না থাকায় দেশ হারত এটা তো তার দোষ না।	Negative
651	বিশেষণ ময় খুব ভাল লাগে।	Positive
652	ইমরান পকিনির পোলা জুতা দিয়ে পিটতে পিটতে মাথার মস্তিক বের করে দিমু পকিনির পুত কোরআন হেফাযতে পোড়া নয় এটা জারজ লীগের কাজ	Negative
653	New r use phone বুঝার উপায় কি	Neutral
654	চৌধুরী সাহেবের ছেলে রাস্তার পোলার চাইতেও খারাপ আচরন মাইনষের ঘরে জালেম জন্ম	Negative
655	দাম কত ?	Neutral
656	সুন্দর নাটক	Positive
657	তিন জন নাস্তিক এক জন আলেম কি কৱে হয়	Neutral
658	আশরাফুলকে চাই।	Neutral
659	এক কথায় বলবো অস্থির নাটক! আমাদের সমাজে A+ পাবার প্রতিযোগিতায় শিক্ষার্থীদের ধারণ ক্ষমতার বাহিরে যে বোঝা চাপিয়ে দেওয়া হয় তার প্রতিচ্ছবি এই নাটকে তুলে এসেছে। মানুষ বুঝতে চায় না সব মেধা বা ধারণ ক্ষমতা এক নয়!	Positive
660	সত্যিই, অসাধারন আশাবাদী একজন মানুষ।	Positive
661	মুক্তিযোদ্ধা কোঠা এখন রাখা না রাখা সমান কারন মুক্তিযোদ্ধার সন্তান এর কোঠা রেখে কি লাভ এখন চাকরি করার মত বয়স মুক্তিযোদ্ধার ছেলেদের আর না থাকার ই কথা	Neutral
662	আপনারা খমতায় থাকা কালিন কি কোরেছেন তা আপনাদের মনেনাই কি বলেন আপনারা কি, এক হয়ে দেশ চালান দেশ আর আগে নিয়েজান আমরা আর আপনাদের বি তরকো সুন্তে চায়না	Negative
663	সুমি_ তুইযে একটা পতিতা মেয়ে সেটা ভুলে গ্যছোদ।	Negative
664	তিনটি কুতা চিলাচিলি করে বেসি। একটু থামান পিলিচ।এখানে টকসো হয়।রামরাম পুজো হয়না।তোর মায়রে চুদা তুই জরমো নিছোচ।মাদার চোদ।রাম চোদ রাম কম কর।তুই মরলে মনদিরে তোরে পোরানো হবে।মোললা দিয়ে জানাজা হবেনা	Negative
665	যারা এই সমাবেশে স্বপক্ষে দাড়িয়েছিল তারা মুক্তি যুদ্ধের চেতনার লোক যারা দাড়ায় নি তারা বিপক্ষের হয়ে গেল বাহ মুক্তিযুদ্ধের ভালই সংঙ্গা দিল এই নারী এইভাবে মুক্তিযুদ্ধের স্বপক্ষ বিপক্ষ নির্ধারনের মাপকাটি কোথায় পেল এই মুর্খ নারী যা ইচ্ছা তাই বলবে এই টাইপের নারীরা আর ট্যাগ লাগাবে মুক্তি যুদ্ধের সেটা কোন অবস্থায় মানা যায় না যারা এর বিরুদিতা করেছিল তারাও মুক্তিযুদ্ধ মনে প্রানে লালন করে কিন্তু এখানে এসে একটা অপরাধ করেছে আর সেইটাকে মুক্তিযুদ্ধের সাথে তলনার সাহস কেটায় দিছে এই আবাল সাংবাদিক নারীকে এই টাইপের নারীদের জন্য মুক্তিযুদ্ধের বিষয়টার নিয়ে অহেতুক বিতর্ক হচ্ছে এরা কেমনে সাংবাদিক হয় তা আমার বুঝে আসে না	Neutral
666	এগিয়ে যাচ্ছে বাংলাদেশ	Positive
667	রুবেলকে সবাই দোষ দিয়ে কি লাভ আছে দোষ দিলে সবাই কে দাও। ওই ওভার এ সবাই মার খেতো Bad luck for banglades	Positive
668	- প্রশ্ন কে দিসে? - নাহিদ	Neutral
669	আইনষ্টাইনের বাচ্চা-কাচ্চা এবং তাদের নাতিপুতি সবাই কি আইনষ্টাইন?? আর মুক্তিয়োদ্ধরা কি নিজেদের অধিকার ও বৈষম্য দূর করারা জন্য য়োদ্ধ করেছে নাকি তারা এবং তাদের নাতিপুতিদের কোটা খাওয়ানোর জন্য য়োদ্ধ করেছে? য়দি তারা কোটার জন্য করে, তাহলে তারা কোন মুক্তিয়োদ্ধা না তারা পরিবার য়োদ্ধা।	Negative
670	গানটা ভাল,কিন্তু নাচটা?	Neutral
671	এমন নাটক বাংলাদেশের সরকার ব্যাবস্থার লোকগুলোর চোখে পড়া উচিত! এতে এডুকেশন সিস্টেম টা যদি চেঞ্জ হয়! তা আমাদের জন্য কতটা গুরুত্বপূর্ণ আমরাই শুধু বুঝি! ধন্যবাদ ভাই কে	Positive
672	অ আকার ব আকার ল	Negative
673	ভাই আপনাকে সেলুট। আপনার মত জদি শব শাংবাদিক হত।	Positive
674	Xiaomi Mi Max 2 এর রিভিউ টা করেন	Neutral
675	কয়া যা মনে যা কয়, একবার খমতার থিকা নাম, পরে দেখবি হিটলার সেকেন্ড হয়া যাইব	Negative
676	হা হা বাইচ্চা গেসি গ্রুপ টা রে আগের থিকাই ভেজালময় লাগতাসিল বাইর হইয়া গেসি বাইচ্চা গেসি	Positive
677	তাহলেকি জাফর ইকবালের বাবা খারাপ লোক ছিল	Neutral
678	ইমরানকে ফাশি দেওয়া উচিৎ	Negative
679	অনেক দিন পর শুনলাম জোস একটা song	Positive
680	এই কথা গুলো স্যাটেলাইট পাঠানোর পূর্বে বলেন নাই কেনো তাহলেইতো আর পাঠাতে পারতোনা বাংলাদেশ সরকার।পাঠানো শেষ আর সমালোচনার ঝড় বইয়ে দিচ্ছেন যে কিনা এটা হবে ঐটা হবে বা হতে পারতো ইত্যাদি।আসলেই আপনারা দেশ বা জাতী নিয়ে চিন্তিত নন আপনারা শুধু আপনাদের চ্যানেলের TRP বারানোর চিন্তায় থাকেন	Neutral
681	নাগিনের বিষাক্ত দংশনের যন্ত্রণা কেমন দেখেছ , হে ! হুজুগে মাতাল জাতি ?	Positive
682	তিনটি বলদ,,,,,,,,	Neutral
683	GOLAM MAHBUB MORSHED আপনার যদি পাকিস্তানের সাথে সখ্যতা করতে চান । তাহলে সেটা জলপথে করেন । কিন্তু ভারতের মাটি ব্যবহার আমরা করতে দেবোনা । নেপালে যাওয়ার সুযোগ দেওয়া হচ্ছে বলে এটা ভাববেন না যে সব সুযোগ দেওয়া হবে ।	Negative
684	খুব সুন্দর নাটক,, ধন্যবাদ পরিচালককে	Positive
685	একজন ভাই জাতীয় বিশ্ববিদ্যালয় নিয়ে একটু ত্যানাপ্যাচাল করছে, জাতীয় নিয়ে কোন Bad comment করবেন না। বাপের লাখ টাকা অার স্যারদের দেয়া সাজেসন্সে পড়ি না। নিজে কষ্ট করে পড়াশোনা করে রেজাল্ট করছি। হ্যা অামি মানি যারা পাবলিকে চান্স পায়না বা অপেক্ষা তালিকায় থেকে বাদ পড়ে যায়, তারাই জাতীয় বিশ্ববিদ্যালয় তে পড়ে, যাদের মেধা অাছে, অার্থিক অবস্থা ভালো না, বা কেউ যেনো কোনদিন বলতে না পারে বাপের টাকা দিয়া পড়ছি। জাতীয়তে পড়তেও প্রতিযোগিতা করতে হয়। রিংকু সাহা ঢাকা কলেজ ২০১০-১১ হিঃবি	Positive
686	হা হা হা মালুর জাত মুক মাফি বেক্কল এর বাচ্চক	Negative
687	হিন্দুদের মহাদেব গুরু কে দিয়ে আমরা হাল চাষ করাই	Negative
688	ম্যাথ টিচার এর কথা হল মুখস্ত করলেই এ প্লাস পাবে সুইনা হাসি থামাইতে পারি নাই।	Negative
689	হনু ননউউ	Neutral
690	ভাই আমি ইউরুপের একটা দেশে আছি,যদি বাংলাদেশের জালেম সরকার এ দেশে আসে আমি তাকে উচিৎ শিক্ষা দিবো,ইনসোআল্লাহ	Neutral
691	আমরা যদি কোনো ভাইরে দেশে যাই আর যদি ভাইরে দেশে কিছু খারাব কাজ করি তাহলে পুলিশ এসে কোনো কথা বলার শুজোগ দেই না, আর কি না কি আমার বাংলদেশে এসে এত বড় কথা বলে আর আমরা কিছু করতে পারি না। এটার নাম কি বাংলাদেশ	Negative
692	খুব খারাপ লাগছে আজ সুমি আপা আমার শ্রদ্ধা হারালেন।	Negative
693	ভালো হইছে ভাই	Positive
694	আমার খব ইচ্ছে ছিল পুরু কথা গুলি শোনার। কিন্তু পরলাম না শোনতে ৩:১৪সেকেন্ড জন্য। তারপর আমি ধন্যবাদ জানায় বক্তাকে। very gd	Positive
695	কি লেখবো	Neutral
696	বিদেশে থেকে অনেক কিছু বলা যায় দেশে বলে নাবুজে কথা বলেছি। চাচা বাচাও।	Neutral
697	ইংরেজি word? এটাকে ভাষা দূষণ বলে। বুঝেছেন?	Negative
698	টিউলিপ যাতে বাংলাদেশ এ না আসে যেহেতু সে আত্মস্বীকৃত বাংলাদেশি না	Neutral
699	আরে ভাই,মানলাম যে ১ম বার স্যাটেলাইট টা বানাতে ৮০ মিলিয়ন ডলারের জায়গায় ২৪৮ মিলিয়ন ডলার লাগসে এবং ১৫ বছরে সম্পুর্ন খরচ উঠবে না,কিন্তু এইটা ভাবেন যে,২য় বার আবার যখন অন্য আরকেটা স্যাটেলাইট পাঠানো হবে তখন হয়তো বাড়তি ২/৩ গুন টাকা লাগবে তো আর বাংলাদেশের লস হবে না কারন বাড়তি খরচ কমবে এবং ২ গুন লাভ হবার সম্ভাবনা ১ম বার সফল হওয়া মানে কিছুদিনের মধ্যে ২য় স্যাটেলাইটের উদ্যোগও নেয়া হবে আশা করা যায়!(দয়া করে কেউ বুঝে না বুঝে গালাগালি করবেন না)	Neutral
700	এই মোবাইল একটা কীদনি নেচে না কিনে ১২০০ মড়েল চালানো ও ভাল।।।।। তবে iPhone লাবারা কিসু মনে করেনা।।	Negative
701	ভাইয়া বাংরেজী বলা বাদ দেন। আর নাইলে শুধু ইংরেজী বলেন ভাল লাগবে আপনার কি মনে আছে আপনি একজন বাঙ্গালি	Neutral
702	মাহমুদুর রাজাকারের দালাল, সালা হারামী,। ধর্মীয় উসকানি দাতা।	Negative
703	মাহমুদুর রহমান তোর আর তোদের বাপ । তোদের বাবারা যে শিক্ষা তোদেরকে দিতে পারেনি মাহমুদুর রহমান তা তোকে এবং তোদেরকে দিচ্ছে । ভাল করে গিলে নে ।	Negative
704	আহা ফেসবুক! শুভকামনা রইলো তালাশ টিম	Positive
705	ইমরান তুই একটা আম্লীগ এর দালাল তরে আগে ফাঁসি দিয়া উচিত	Negative
706	আপনি সঠিক ভাই,,,,জাফর একটা মুনাফিক	Negative
707	"zakaria no ""বিদেশী হোক কিংবা দেশী, এলকোহল পান করার অধিকার আছে সবারই! কিন্তু, তা নিজস্ব দ্বায়িত্বে! ""আর ব্যবসা করার জন্য অনুমোদন লাগে তা নিশ্চয়ই ভুলে গেলে চলবেনা!"" 'দুঃখজনক যে বিদেশী অনুমোদনহীন বার*/রেষ্টুরেন্টে এলকোহল সার্ভিস দেয়া হচ্ছে এ ব্যাপারে প্রসাশন কি ভূমিকা পালন করছে!?? 'আবার মিডিয়ার উপর চড়াঁও হচ্ছেন কেউ কেউ! ""এতো সাহস এদের আসে কোথথেকে!!??"" ""এই বিদেশীরাই তাদের দেশের নিয়ম ভংগো করতে দেবেনা,যেখানে তারা আমাদের দেশে করার সাহস পাচ্ছে!!"	Negative
708	এই অবৈধ সরকারের সব কাজেই ধান্দাবাজি	Negative
709	একটু কমদামী ফোনের রিভিও দেন ভাউ।lenovo k8 note এর প্লিজ	Neutral
710	কাল আমি এই ভিডিও শেয়ার করেছিলাম,,,,আজ দেখি অনেক ভিউ। আমারো ভালো লাগলো দেখে। মানুষ সত্যিটা জানতে পারছে।	Positive
711	নাগিনের বিষাক্ত দংশনের যন্ত্রণা কেমন দেখেছ , হে ! হুজুগে মাতাল জাতি ?	Negative
712	Hmm Vai আবার আশরাফুল ভাই কে চাই জাতিও দলে	Neutral
713	কেমিস্ট্রি ভাল।	Positive
714	আমি সত্যি গরবো বোদ করি।একজন আলেম হিসাবে যে ভাবে বলার দরকার সেই ভাবেই কথা গুলি বলছেন।সেলুট মাওলানা সাহেব।	Positive
715	CMV ফাউল	Negative
716	কেউ ধাক্কাধাক্কি করবেনা। লাইনে দাড়িয়ে সবাইকে ডিস্লাইক দেওয়ার সুজুগ দিন।	Neutral
717	শুধু বাংলাদেশ নয় পশ্চিমবঙ্গও এর থেকে কম নয়।	Neutral
718	এত বাধা বিপত্তি পার করে, বিশ্বের বড় বড় মোড়লদের বুড়ো আঙ্গুল দেখিয়ে বাংলাদেশ আজ মহাকাশে, কোথায় একটু আনন্দ উদযাপন করবেন, তা না করে রেফারেন্স, তথ্য উপাত্ত বা প্রমান ছাড়া একটা ভিডিও দিয়ে সাধারন মানুষকে বিভ্রান্তির মধ্যে ফালালেন কেনরে ভাই? বাংলাদেশ একটু উপড়ে উটুক এটাতো আমরা সবাই চাই।	Neutral
719	নাটকের লাস্টে এই জিনিসটা না করলেও পারতো	Negative
720	বালের চেতনার কারনেই এই অবস্থা :P	Negative
721	এত ভালো লাগে শুনতে!	Positive
722	ধন্যবাদ ভাইজান	Positive
723	মুক্তি যুদ্ধ করেছে বলে বার বার বলতাছো তোমার বাবা কত কিছু করেছে ? তোমার বাবাকে যে যুদ্ধ করার জন্য সাহায্য করছে তার জন্য তুমি কি করবে ? বল ,,, তার পর বলব তোমার বাবাকে কে সাহায্য করছে ? তোমার বাবা একা যুদ্ধ করতে পারেনাই ??	Negative
724	করিম ভাই ভালোবাসা ও শুভেচ্ছা থাকলো	Positive
725	এত সুন্দর দারি নিয়ে কনে দুল ঠিক হয়নি	Negative
726	আরে ভাই ইমরানের গায়ে রাজাকারের রক্ত	Negative
727	তোর ছুলকানি হইছে	Negative
728	এরোকম আপরাধীদের কে দরিয়ে dan	Positive
729	সুন্দর একটা গান,,,,,	Positive
730	সমি কায়ছার এর চার নাম্বার দুধ খাইয়া আরাফাত নাছতিক হইছে।	Negative
731	ভাই কথা বলার স্টাইলটা ভালো লাগছে।অস্থির।	Positive
732	Love from একবার Tollywood এর জন্যেও গান গাইলে ভালো	Positive
733	আলহামদুলিল্লাহ উতখেপন হয়ে গেসে তাহলে	Positive
734	ভালোবাসার অপর	Neutral
735	মাহামুইদা লুছা জুতা চোর। তুই খাটি মাগির পোলা। তোরে পিডাইতে হবে জুতা দিয়া।	Negative
736	সালমান কি নিজেকে বড় রকমের চোদনা ভাবে???	Negative
737	Sami Hasan একটা কুকুরের কথা কি ভাবে বুঝবে মানুষ	Negative
738	ইমরান h সরকার একটা সোয়ারের বাচ্চা	Negative
739	কি ছিলো এইডা	Negative
740	এই লোক না কি বাংলাদেশ ব্যাংক এর Assistant Director , দেশের সর্বোচ্চ আর্থিক প্রতিষ্ঠানের কর্মকর্তা যদি এমন হয়, তাহলে সেই প্রতিষ্ঠানের থেকে আর কি আশা করা যায় ?????	Negative
741	প্রিও তুষার ভাই ।।। অনেক দিন পর আপনার কন্ঠ শুনে খুব ভাল লাগছে	Positive
742	বৈশাখী ঝামাটা যহন দেখ তাম আমি পাগল হয়ে জেতাম,,, পাগলিরে আজও বোলতে পারেনি তককে	Neutral
743	এটাকে এত ডিসলাইক দেয়ার কোন কারণ খোঁজে পেলাম না । আমরা হুজুগে বাঙ্গালী । কেউ একজন বলেছে - চিলে কান নিছে ! আর এতেই সবাই হুমড়ি খেয়ে পড়ল।	Neutral
744	এটা কি হইল শেষে???আমার কান্না আসতেছে	Negative
745	আমি ইলিয়াস কাঞ্চন ভাই এর সাথে আছি ।	Positive
746	XXX NEW BANGLA202 1 তোর এতো কিরা কেন তুই আমাবে বলস যে,,, বল।।	Negative
747	সব ফাইজলামি ভাই	Negative
748	তিন নাস্তিক এক আলেমেরসাত জগড়া হলো	Neutral
749	আওয়ামীলীগ চোর বাটপারের দল।	Negative
750	পারফেক্ট বস	Positive
751	Awesame ইলিয়াস কাঞ্চন	Positive
752	মাশাল্লাশ তিন নাস্তিক কুলাঙ্গার দের একাই বাশ দিলেন।	Negative
753	গাজা খাইলে মাথায় এই রকম চিন্তা আসে।সবতো টিকটাক ছিল।কি দরকার ছিল গাড়ি accident	Negative
754	অচাম লুল	Negative
755	Md Anam তোর মারও আছে আমার সাথে	Negative
756	মাহামুদা খানকি মাগির পোলা	Negative
757	৭১ টিভি লোক হল ছাগলে ছাগল	Negative
758	হিন্দুদের দালাল	Negative
759	অপর দলটা কারা???	Neutral
760	প্রাইভেটের ব্যাপারে আপনাদের এত এলার্জি কেন ???	Negative
761	নাটকটা ভালোই লাগলো কিন্তু শেষে এসে সব শেষ করে দিলো।	Negative
762	সাবাশ তালাশ সাবাশ	Positive
763	কলিকইত্তা মালু মাগীরপুতগুলো কত আর ভাল ছবি বানাবে ? একমাত্র কলিকইত্তা সোনাগাছির জারজ মাগীরপুতগুলো এইসব ছবি বানাতে পারে | নুসরাত ফারিয়া হলো একটা মাগী ও বালপাকনা মেয়ে|	Negative
764	ধন্য বাদ লিটন ভাই আমি ও আছি আপনার সাতে আমাদের সরকার ও পসাষন টিক নয় কারন জাফর ইকবালে সাহষ কোথায় তেকে পেয়েছে আমি জুদি বাংলাদেশ তাকথাম তা হলে তার দোকান পেটটল দিয়ে জালিয়ে দিতাম জাফর ইকবাল জুদি আপনি বাংলাদেশ তাক তাহলে তোমার জীবন শেষ আমি বাংলাদেশ আসতেছি আমার বাড়ি সিলেট লিটন ভাই আপনারে আমি সেলুট জানাই ভাই	Positive
765	সত্যি কথা বলতে এটাই কিছু একটা গণ্ডগোল তো নাহয় এত টাকার লেনদেন কোনো মুখের কথা আর বাংলাদেশ সরকারের কাছে কি টাকার অভাব পড়ছে যে লোন নিতে কোন দেশরে স্যাটেলাইট ভাড়া বাংলাদেশ ছাড়া বাকি সব দেশ অনেকে আগেই নিজস্ব স্যাটেলাইট এ আসছে ডিজিটাল দেশ দেশরে লোনের মুখে রেখে ডিজিটাল বানিয়ে লাভ পারছেনা এমন মানুষ গুলো সরকারের চোখে পড়েনা	Neutral
766	পোলায় ক্লাস সেভেনের পড়াও বোঝেনা।	Negative
767	md. soeab gony আমরা বাঙালির রুচি কখনো পরিবর্তন হবে না, এই পটাকা গান টা যদি মমতাজ রে দিয়া গায়ানো আর ডান্সিং হত তাহলে লাইকের বন্যা বইত। ভাই তোমরা পটাকা গানটা মমতাজ রে ভোরখা পরায়া গায়াও তাইলে আমরা বাঙালি পেন্ট খুইলা লাইক দিমু, লাইক দিতে দিতে বাল ছিরা টাল দিমু আমরা বাঙালি।	Neutral
768	সুভাষ কে ডিম থেরাপি দেবে একদিন ছাএ লীগ।	Negative
769	যত শুনি ততো ভালো লাগে।	Positive
770	ভিডিও টি ভালো লাগলো আপনাকে আমার স্বাস্থ্য ও সৌন্দর্য বিষয়ক চ্যানেল টি দেখার আমন্ত্রণ।	Positive
771	সেই জেমন তার ভিডিওটা	Neutral
772	গোল্ডেন জিপিএ ফাইভ কখনো একজনকে ভালো ছাত্র হিসেবে জাজ করতে পারে না।কিন্ত আমাদের পরিবার,সমাজ মেতে থাকে গোল্ডেন জিপিএ ফাইভ এর উৎসবে ।আমাদের সকলের উচিত প্রতিটি সন্তানের পাশে থাকা ।তাদের কর্মদক্ষতা সম্পর্কে অবহিত থাকা। তাদের উপর ভালো রেজাল্ট করার ভার চাপিয়ে না দেয়া।আপনার সঠিক দিক নির্দেশনা ও মোটিভেশনে পারে আপনার সন্তানের সুন্দর ভবিষ্যতের পথের দিশা দিতে।	Neutral
773	"BD government has already spent more than US 5 Billions on flryover in the city of Dhaka alone. Which is total waste of money. একটা দেশের সরকার যদি এতো অপদার্থ হয় তবে দেশের কি ভাবে উন্নতি হবে! এই ৫ বিলিয়ন US ডলার নষ্ট না করে যদি ঢাকার বাইরে কোন একটা under developed এলাকা কে first world country মতন করে গড়ে তুলতো তবে দেশের অনেক সমস্যা সমাধান হয়ে যেত। এই ৫ বিলিয়ন ডলার দিয়ে একটা well planned city তৈরী করা যেত। যে সিটি টিতে থাকতো Mono rail, underground train, articulated hybrid busses ( cng + electric ), sky-scrapers commercial buildings, hi-rise residential buildings and so on. And of couse a lots of trees everywhere. আর এই নতুন well developed moder city কে connect করে দেয়া হবে ঢাকার সঙ্গে মেট্রো রেল আর মাধ্যমে। ঢাকার পুরনো এয়ারপোর্ট এবং নতুন এয়ারপোর্ট দুইটা town এর সম পরিমান জায়গা দখল করে আছে। এই দুইটা এয়ারপোর্ট কে মডার্ন টাউন করে গড়ে তুলে যাই। যেখানে থাকবে ফার্স্ট ওয়ার্ল্ড দেশের মতন সব রকম সুযোগ সুবিধা। হাসিনা সরকার আড়িয়াল বিল এ এয়ারপোর্ট বানাবে। আড়িয়াল বিল এ এয়ারপোর্ট বানালে শত শত মানুষের আর্থিক ক্ষতি হবে। কোটি কোটি টাকার মাছের চাষ বন্ধ হবে। কোটি কোটি টাকার ফসল উৎপাদন parmanently বন্ধ হবে। Now, সরকার যদি ৫ বিলিয়ন ডলার নষ্ট করতে পারে ফ্লাই ওভার বানিয়ে তবে সে ৫ বিলিয়ন ডলার দিয়ে পদ্মা নদীর ওপর এয়ারপোর্ট বানাতে পারে। Yes, it's a much better idea to build the airport above the river padman. পদ্মা নদী যেমন আছে তেমনি থাকবে। পানিতে নৌ চলা-চল অব্যাহত থাকবে এবং নদীর ওপর থাকবে এয়ারপোর্ট। পদ্মা নদীর ওপর যদি এয়ারপোর্ট তৈরী করা হয় তবে কারো কোনো ক্ষতি হবে না। আড়িয়াল বিলের কারো কোনো ক্ষতি হবে না। We should not wait for Bangladeshi Gov to act according to our ideas. They only think about their own benefit. Please share this message with others and educate citizen of Bangladesh. They're spending Billions of dollars on flyovers but what would people of Dhaka get out of it? ** More flyover means more vehicles on the More vehicles mean more pollution. More vehicles generate more heat. Fewer vehicles mean less warm during the summer. Also more vehicles mean more possibility for accidents. ** More pollution means more possible More sickness means spending more money towards doctors and Spending more money for Doctor means less money for yourself ( No saving, Less money for children's education, no money for a vacation, no money for future ). If you have to spend less money toward doctor or medication that means more savings for We've to get rid of private cars and other vehicles that causing air pollution. Once we reduce petrol, diesel import we'll have more money to invest on another project such as producing electricity. ** We need lots of HYBRID ( Electric and natural gas powered) powered articulated buses and small hybrid buses for relatively smaller streets. And electric trams where applicable. Particular designed taxi which meets Bangladeshi people's need ( KIA ray, HONDA ""N-BOX"", NISSAN CUBE, Scion XB,Honda Mobilio Spike, Daihatsu Tanto )Underground transport service is a bad idea for a country like Bangladesh. WHY? Bangladesh গরম প্রধান দেশ। বছরের ১০ মাশই গরম থাকে। ২৪ ঘন্টার মধ্যে বলতে গেলে ৪ ঘন্টাই কারেন্ট ( electricity ) থাকে না। এই underground train service এ কতক্ষন current থাকবে আর এই সব কুকর্ম স্বভব হবে local পুলিশ এর সহযোগিতায়। প্রতি বছর বাংলাদেশে বন্যা হয়। এই বন্যার কবল থেকেও underground train সার্ভিস রক্ষা পাবে না। বন্যার পানি যখন মেট্রো তে ঢুকবে তখন electricuted হয়ে মানুষ মারা যাবে। বাংলাদেশ সরকার already billions of dollars নষ্ট করসে অপরিকল্পিত flyover বানিয়ে। এখন আরো billions অফ dollars নষ্ট করবে অপরিকল্পিত metro রেল বানিয়ে। সরকার এর আমলারা নতুন নতুন ফন্দি বার করে টাকা চুরি করার ধান্দায়। I can go on and on giving you more reason why this project is a failure. I urge to people of Bangladesh that use your common sense এবং বুঝতে শেখেন কোনটা দেশের জন্য ভালো এবং কোনটা দেশের জন্য খারাপ। Please Think!"	Negative
774	মরনের টিকেট কিনে নিজের হাতে মৃত্যু ডেকে আনে ওরা কিন্তু ওরা নিজেরাই জানেনা কতটা ভয়াবহ রুপ নিবে এই সকল পন্য	Negative
775	এই বাংলাদেশের একটা শিক্ষামন্ত্রী এই মাদারচোদের মাথার মধ্যে কোনো রকম কোনো চুল নাই মাথায় মনে হয় জেনে মানুষের বালতলা বনানী দিয়া চুল গুলা তোলা হয়েছে নিপলের গোড়ার বাল গুলো নিয়ে যায় নুরুল ইসলাম নাহিদের মাথায় দিয়ে চুল গজানো দরকার এখন জীবিত কোন আপত্তি নাই এখন day সূচনা নীল ভাই আছে নাহিদ শিক্ষামন্ত্রী এই শুয়ারের বাচ্চারা আপত্তি আছে না থাকলে মনু এর কাছে পুটকিমারা দেয় তোমার baluchor লিভারের জন্য এক্সপাট লিংক দেওয়া হয় তা আমরা প্রয়োজনে সবাই মিলে চাঁদা তুলে 50 কোটি টাকা দেব শিক্ষামন্ত্রী তারপরও জন্য পুটকিতে মানা দেয় লেবুর গাছে লাও ধরিয়াছে live কোন সমস্যা নাই আমি তার মতামত জানিয়ে লেকসিটি master কত কোটি টাকা রাতে তার মধ্যে প্রতিবেদন 2014 সালে তাকে দিতে হবে কারণ দেখুন কিছু সমস্যা আছে কিছু টাকা অবশ্য বিষয়টা নেতার বিরুদ্ধে	Negative
776	ভাই সেই হইসে। এইরকম ভিডিও আপনাদের কাছেই আশা করা যায়। খুব ভাল লাগল।☺☺	Positive
777	২০০০ সনের b+ আর এখন কার দিনের golden a+চেয়ে বেশী মান রাখে।বরতমানের লেখাপরার মান খুবেই খারাপ	Negative
778	Apurbo এক রকম নাটক করোনা আর একটু ভিন্ন রকম নাটক করো।। তোমার নাটক দেখতে আমার খুব ভালো লাগে।।	Positive
779	বালমার্কা লিরিকস,এডি লেখছে কোন পাডায়? হালাগো রুচি দেখলে বমি আসে। ম্রা খা হ্লারা।	Negative
780	সঠিক কথা	Positive
781	ক্রিকেট অ্যান্ড ফুটবল ওদের দিয়ে খেলানু হুক।আলাদা ভাবে ফুটবক টিম এর দরকার নাই।	Positive
782	আপনার নিজের কথাতেই ত ইংরেজি অনেক	Negative
783	তিনি কাল্পনিক ভূতের চরিত্র লিখেছেন ঠিক আছে। কিন্তু চাইলেই নামটা অন্য কিছু দিতে পারতেন?	Neutral
784	সুলতানা কামাল আপনি এত বাচাল কেন?	Negative
785	কলিজাটা মনে হয় ছিড়ে যচ্ছিলো। এত কষ্ট কেন হয় বুঝিনা। তোমরা জিতলেও সাথে আছি আর হারলেও সাথে আছি।	Negative
786	কান্চন সাহেব দারুন কতা বলছেন	Positive
787	পটাকা আবার কোন ধরনের শব্দ? এইটার মানে কি?	Neutral
788	পৃথিবীতে আর কোন দেশ স্বাধীন হয় নাই। যুদ্ধ করছে বলে তার চৌদ্দ গুষ্টিকে সুবিধা দিতে হবে। কোথায় স্বাধীনতা ছাত্র দের উপরে হামলা। সংসদে মুন্ত্রী হচ্ছে ইনু।	Negative
789	ফালতু ফিনিশিং	Negative
790	ভাল লাগল স্যার	Positive
791	২০১৮ কে কে শুনতাছেন	Neutral
792	আমরা আশরাফুল কে জাতীও দলে চাই যে কোন কিছুর বিনিময় ওকে কুয়েত থেকে	Neutral
793	কান্চোন ভাই সাবাস। খমোতায় থাকা মন্রীর সামনে কিকরে বলতে পারলেন? হতোবাগ বাংলাদেশ। ঠিক বলেছেন কি শিখছে আগামি প্রযন্ম মিথ্যাকথা শিখতেছে। ঝুড়ি ঝুড়ি মিথ্যা সব মন্রী এমপিদের মুখে ওরা মনে করে জনগন বুজতে পারেনা। মুখে বলে এক কাজ করে আরেক না বোজার কি আছে বলেনতো ভাই?বিনা ভোটে মন্রী লজ্জা নাই আবার গনতন্রের কথা বলে? ওরা স্বাধীনতা হরোন করেছে ভোটাদিকার কেরে নিয়েছে গনতন্র হত্যা করেছে। শৈরাসাসোনের মনোনয়ন পেয়েছে।আবার উন্নয়োনের নামে জোরকরে মানুষকে মিছিলে নিয়ে তামাসা করেছে। নিজের ডোল নিজেরাই পিটিয়েছে বিদেশীরা দেয়নায় সিকৃতি। আওয়ামিলীগ একের পর এক ইতিহাস গরতেছে। যা কোনোদিন ঘরতে পারেনায় কেউ। হাস্যকর ইতিহাস। একদিন এরা জাতির কাছে লজ্জিত হবে। কি কি অপোকর্মো করেছিলো।কান্চোন ভাই ওদেরকে মানুষ সাপের মতো ভয় পায় যে কোনো সময় ছোবোল মারে।তাই কেউ সত্যবলতে পারেনা। সবাই গুমরে মরে কেউ বলতে পারেনা। তাও কমেন্টে কিছু প্রকাশ পায় জনগনের আর্তনাত।চালিয়ে যান ভাই আমরা আছি আপনার সাথে।	Positive
794	এইটা যদি বাস্তবে হতো,তাহলে সবার আগে ছবি,আর নাম্বার নিয়ে নিতো,,অনেক সুন্দর নাটকটি	Positive
795	পুরোনো জিনিস দেখি	Neutral
796	রাফার নতুন গানের জন্য অনেক আগ্রহ নিয়ে অপেক্ষা করছি। রাফা রকস।	Positive
797	তুই তুকারি টা সংলাপে অতিরিক্ত হয়ে গেছে	Negative
798	আমি একটা গান পরবেন সবাই নুসারট ফারিয়া আমার কমরটা দিলাইয়া তরে আর তর মারে বিসানায় ফালইয়া এমন চুদাচুদমু না মাগির বাচ্চা সব ভুলে যাবি যে গানটা লিখছে সে একটা মাগির পুত বা মাগির জি মনে।।। এক কথায় বুঝাতে চায় হট বাবা মায়ের হট সন্তান####	Negative
799	Mohammed Ali রাজাকারের বাচ্চা রাজাকার। বাইঞ্চোদ। ওনারে নিয়া বাজে কথা বলিস কেন	Negative
800	অশিক্ষিত, মুর্খ, জঙ্গি জামাত সাপোর্টাররা জাফর ইকবালকে সহ্য করতে পারেনা। এই কমেন্ট সেকশনেই তাদের কুৎসিত কমেন্ট দেখে হাতে নাতে প্রমাণ পাবেন।	Negative
801	কি বলবেন একটু ভালো করে বলেন	Negative
802	Hi Atc long time আপনাদের কোনো ভিডিও পাইনাই।।।।তাই English review গুলা দেখছি।।। But know my loving ATC IS দিতে বেসি দেরি কইরেন না।।।।।And I want the LG Q6	Neutral
803	আমার বড় জেঠা মারা গেছেন।	Neutral
804	প্রথম কমেন্ট আমি। তালাশ কে ধন্যাবাদ।	Positive
805	আবার আনা হোক আসরাফুল কে দেখতে চায় খেলার মাঠে আপনারা কি বলেন।	Positive
806	কিন্তু	Neutral
807	দেশটাকে ধংশ করতে মুজিব জাতির পিতা না জাতির জুতা.	Negative
808	আরে টুকাই,,,মুফতি সাহেবের কথা শোন	Negative
809	ওরনা ব্যবহার করতে ভুলে গেছে নাকি	Negative
810	খুদাত্র মানুষের মুখে খাবার জরুরী আর কিছু না।	Positive
811	নিশো আসলে তুমি রিয়েল বস	Positive
812	এমনি তে দুঃখে আছি,,,,,,তার উপর এই নাটক,,,,,,,,,ভালোবাসা তুই হাসি না কান্না,,, সেটা ও বুঝতে পারলাম না,,,,,,,তাই একটা কথা বলি,,,, বালিকা তোমার একফালি হাসিতে,আমার জিবনে বসন্ত নেমে আসে। I love	Positive
813	আপনারা খমতায় থাকা কালিন কি কোরেছেন তা আপনাদের মনেনাই কি বলেন আপনারা কি, এক হয়ে দেশ চালান দেশ আর আগে নিয়েজান আমরা আর আপনাদের বি তরকো সুন্তে চায়না	Neutral
814	যমুনার খানকির পোলারা আগে টাকা চায়। টাকা না দিলে খানকির পোলারা রিপোর্ট বানায়। বেকগ্রাউন্ড সাউন্ড নিয়ে একটা বানেয়াট কথা বলে দিলেই হল। হালারা ধান্ধাবাজ। কিন্তু কিছু সত্য থাকলেও। সালারা বেশির ভাগই মিথ্যা বলে।	Negative
815	এক নজরে বঙ্গবন্ধু স্যাটেলাইটের সব	Neutral
816	ডিজিটাল দুর্নীতি। সাবাস বাংলাদেশ, কাংগালদেশ হতে আর বাকী নেই।	Negative
817	আন্দোলন থামানোর জন্য আইন আছে,,,,,, ছাত্রলীগ কে????	Negative
818	ফালতু স্ক্রিপ্ট	Negative
819	এই ছেলে পাগল। বিদেশে ঐ দেশের ভাষায় কথা না বলে ওখানকার লোকদের সহিত ও বাংলায় কথায় বলতে হবে পাগলামি ছাড়া আর কি ? বাংলাদেশের রাষ্টীয় ভাষা বাংলা তাই বলে ইউরোপের দেশগুলির রাষ্ট্র ভাষা কি বাংলা হতে হবে । এই সব কি ? মুসলমানরা অসভ্য অন্ধবিশ্বাসী । মোল্লারা জানে না মানুষ মরে গেলে সব শেষ ,হৃদপিন্ড বন্ধ হয়ে যাই ,রক্ত উৎপন্ন হয় না, রক্ত চলাচল হয় না আর তাই লাশের কোন অনুভূতি থাকে না । তাই কোন লাশকে কবরে দাফন করার পরে সাওয়াল জবাব হয়, লাশ কথা বলে এইসব মিথ্যা কথা, জাল কথা । ভয় ভীতি প্রদর্শন কি সন্ত্রাস বা terrorism নয় ? ইসলাম যে বলে লাশ দাফন করার পরে সাওয়াল জবাবে ফেল করলে ভয়ংকর আজাব হবে কবরে ,ইহা কি মিথ্যা ভয় ভীতি প্রদর্শন নয় ? তাই ইসলাম সন্ত্রাস বা terrorism . প্রমানিত। আরেকটি প্রমান দেখুন , মরা মানুষের রক্ত হয় না তাই রক্ত চলাচল করেন বলে পচে গলে নিশ্চহ্ন হয়ে যাই কিছুই থাকে না তাই আল্লাহ যে বলে হাশর হবে , সেইদিন হাড , আংগুলের অগ্রভাগ পর্যন্ত জোগাড় করে আবার মানুষ বানিয়ে মানুষের হৃদপিন্ড লাগিয়ে , চালু করে , জীবিত করে কবর থেকে তুলে আমলনামা হাতে দিয়ে বিচার করবে , হয় জান্নাত দিবে নয়তো জাহান্নমের আগুনে জালাবে ? এইসব কি ? যদি জাহান্নামের আগুনে জলায় মৃত মানুষকে হাড ,টার জোগাড করে আবার মানুষ করে দোজকের আগুনে জালালে সে তো পুডে আবার ছাই হয়ে যাবে ? যেই লাউ সেই কদু নয় কি ? এই যে মিথ্যা জাহান্নামের আগুনের ভয়ংকর ভয় ভীতি প্রদর্শন সন্ত্রাস বা terrorism নয় ? ইসলাম হলো সন্ত্রাস বা terrorism । ভয়ংকর ভয় ভীতি প্রদর্শন করে ঈমান বা বিশ্বাস অর্জনই ইসলাম। মিথ্যা বলবেন না ? কুরআন যে মিথ্যা শুধু সুরা ইনফিতরের (৮২) ১,২,৩,,৪,৫ আয়াত গুলি পড়েন । ১) আকাশ ভেঙ্গে যাবে। আকাশ কি ভাংগার জিনিস ভেঙ্গে যাবে ? আল্লাহ কিছুই জানে না ,সৃষ্টি কর্তা নয় । তাই কুরানে মিথ্যা কথা বলেছে। আকাশ মহাশুন্য যাতে গ্যাস থাকে যাহা ভাংগার জিনিস নয়। ২) তারা গুলি মাটিতে পরবে । তারা কি জমিনে পরতে পারে ? আল্লাহ সৃষ্টি কর্তা নয় তাই তারা কি জিনিস জানে না ।তারা সূর্যের ছেয়ে বড আলো যাহা জমিনে পরতে পারে না তাই আল্লাহ কুরানে তারা গুলি পরার মিথ্যা গল্প বলেছে। কুরআনে আল্লাহ মিথ্যা কথা বলে নাই ? তাই কুরআন মিথ্যা গ্রন্থ । আল্লাহ একজন বিশ্ব প্রতারক।অনেক অনেক প্রমান কুরআনের আছে । বলব। আস্তে।তাই মোল্লারা ও সন্ত্রাসী হয়েছে শহীদ হয়ে চিরকাল ৪০ টি হুরপরীর সহিত সেক্স করার জন্য ।ছি: হে চরিত্রহীন অন্ধবিশ্বাসী মোল্লাগন ও তাদের সন্ত্রসী অনুসারীরা তোমরা মানুষ নও । তোমরা খুনি ।নিজের বিচার নিজে করো আগে , কুরআন মিথ্যা নয় কি?	Positive
820	এর প্রাইস টা কত হবে?	Neutral
821	অনেক দিন পর শুনলাম জোস একটা song	Positive
822	দেখতে দেখা যায় কিছুই বুঝে না কিন্তু সুন্দর soft কিভাবে খেলতে পারে	Positive
823	পুরাই পিনিক পাইলাম	Positive
824	হাহাহা নাহিদ ওরে প্রশ্ন দিছে , ভালো মজা পাইলাম	Neutral
825	ভাওতাবাজি কথা কলে ভিউয়ার আর সাবস্ক্রাইব বাড়ানো টা ও আমরা বুঝে গেছি।	Negative
826	পুরোনো জিনিস দেখি	Neutral
827	পরিচালক বলল সবাই সমান ভাবে কথা বলবে না। তাহলে টকশো কাকে বলে???? আজাইরা পরিচালক।	Negative
828	প্রথম কলির পরে যে বায়লিন এর মায়াবি সুর,কি ভাবে সম্ভব?বিধাতার দান, পাগল হয়ে যাই।লাভ ইউ অর্ণব।	Positive
829	Anwar Bin mahfuz. বাংলা লেখাতে অনেক ভূল আছে।	Negative
830	সুলতানা অপু তুদের দুদ ভাসিয়ে মূতি বানা আর বাসার সামনে রাখ।	Negative
831	ঠিক ববেছেন ভাই	Positive
832	গানটা অসম্ভব সুন্দর। যারা ডিজলাইক দিছে হয়তো মিউজিক ভিডিওটা দেখে দিছে। সিঙ্গারের বেশ-ভূষন হয়তো ভালো লাগে নাই।	Positive
833	কপাল আমার! চোরেরা আমাদেরকে নীতিকথা শোনাচ্ছে	Negative
834	তাছকিনকে বাদ দেওয়া হক	Neutral
835	Didar Chowdhury হেতি ঘরে কি বাব হয় নি?গরু	Negative
836	১০০% ভালো খেলতেছে ফুটবল জাতিও টিম থেকে	Positive
837	এই হালা পাগল	Negative
838	ভাই আপনাকে অনেক ধন্যবাদ আমার ম্যাসেজের ত্বরিত রিপ্লাই দেবার জন্য। তাহলে আমি জুলাই তে যখন সেট কিনবো তখন আপনাকে আবার একই প্রশ্ন করে বিরক্ত করবো। আপনি কোনো দোকানে বসেন? BTW যদি Nova 2i আমার স্পেসিফিকেশন্স fullfil করে তাহলে Nova 3e কেন নয়?	Neutral
839	ইদানীং সব নাটক এ শেষ সিনে এসে নায়ক কিনবা নায়িকা মরবেই ধুর হালা। হ্যাপি এন্ডিং দিলে প্রব কি!!! শুধু শুধু ই!	Negative
840	ভাইয়া খুশি হুননি মনে হয়!	Negative
841	কথায় কথায় রাজাকারের বাচ্ছা বলে গালি দেয়। যাই কিছু করে জামাত শিবিরের দোষ। এটা সরকারের কি ধরনের আচরন?	Negative
842	একবারে সবার মনের কথা বলেছেন।	Positive
843	আমি সত্যি গরবো বোদ করি।একজন আলেম হিসাবে যে ভাবে বলার দরকার সেই ভাবেই কথা গুলি বলছেন।সেলুট মাওলানা সাহেব।	Positive
844	আশরাফুল দলে আসলে অনেক উন্নতি হবে	Positive
845	Shoeb Ahmed ভাই,আপনে আপনার নামবার টা দেন আমরা একে অপরের সাথে কথা বলি আপনে আমাকে বুজাতে পারলে বালে কথা	Neutral
846	পোলট্রি ফার্ম করুণ, সাবলম্বী হোন। আমরা দিচ্ছি ডিম থেকে বাচ্চা ফুটানোর মেশিন। বাংলাদেশের যে কয়টি সম্ভাবনাময় অর্থনৈতিক খাত রয়েছে, পোল্ট্রি শিল্প এদের মধ্যে অন্যতম।এই মেশিন দ্বারা যে কোন ধরনের মুরগির ডিম ফুটাতে সময় লাগে ১৮-২১ দিন, হাসের ডিম, তিতির টার্কির ডিম হলে সময় লাগে ২৮ দিন, কোয়েল কবুতর এর ডিমের জন্য সময় লাগে ১৬ থেকে ১৭ দিন।এই মেশিনের মাধ্যমে খামারিরা অপেক্ষাকৃত স্বল্প খরচে পোল্ট্রি মুরগিসহ দেশীয় মুরগির বাঁচ্চা,তিতির,টার্কি, কোয়েলের বাচ্চা উৎপাদন করতে পারবে। যোগাযোগঃ01731686835	Neutral
847	অাশরাফুল কে দলে চাই	Neutral
848	miss u. ফুয়াদ ft মিলা।	Neutral
849	মাহামুদা মোনাফেন	Negative
850	Bangla Romantic Natok Meyetar Cheleta, মেয়েটার-ছেলেটা by Apurbo, Safa Kabir | অপূর্ব , সাপা কবির | Bangla Boishaki natok 2018 Natok ti download korte nicher link visit	Neutral
851	পুরাই বাইনচোৎ পাগলচুদা, ঠিকমতো কথাই বলতে পারেনা সে আবার দেশের শিক্ষামন্ত্রী। পাগলচুদা বলেইতো সাংসদরা বক্তব্য দিতে দিলনা।	Negative
852	100% রাইট	Positive
853	সাবাস ইলিয়াস ভাই ধন্যবাদ	Positive
854	গল্পটা খুব সুন্দর। আমার কাছে খুব ভালো লেগেছে। সবার মন মানসিকতা তো আর এক হয়না। সত্যিকারের ভালোবাসায় মিলটা একটু কমই দেখা যায়, গল্পের লেখক হয়তো সেটাই বোঝাতে চেয়েছেন।	Positive
855	পুরা সো টুট টুট এর উপরেই গেল :/	Negative
856	আরে ভাই বেগে ফুটবল হবেনা কি হবে এত অপমান মানুষ মানুষকে করে হি হি হি কি লজজা কি লজজা	Negative
857	আমাদের সরকার যদি এই স্যাটেলাইট এর পেছনে এত টাকা খরচ না করে বেকারদের জন্য একটা কর্মসংস্থান গড়ে তুলতো তাহলে আমাদের বাংলাদেশ এক সময় সত্যি সত্যি সোনার বাংলায় রুপ নিতো। আমাদের বেকারত্ব দূর হতো, আমরা বেকার যুবকেরা পরিশ্রম করতে পারতাম এবং তার বিনিময়ে আমাদের বাংলাদেশ সত্যি সত্যিই অন্যান্য দেশের মত উন্নয়নশীল হিসাবে প্রাধান্য পেত। এই সামান্য মন্তব্য প্রকাশে যদি কোন ভূল থাকে তাহলে ক্ষমার দৃষ্টিতে দেখবেন।	Neutral
858	আরে টুকাই,,,মুফতি সাহেবের কথা শোন	Negative
859	ইমরান তর গালে জুতা মারব	Negative
860	CMV ভাই পটাকা	Positive
861	মুক্তিযোদ্ধার সন্তানেরা এখন পরিচয় দিতে লজ্জা পায়।	Negative
862	কিছু করার নাই এটা হাছিনার বাবার দেশ আমরা হলাম রহিংগা। হাছিনার মনে যা চাই তাই করতে পারবে কোন কিছু করার নাই। এক দিন বচার হবে। ।	Negative
863	মুক্তিযোদ্ধা কোঠা এখন রাখা না রাখা সমান কারন মুক্তিযোদ্ধার সন্তান এর কোঠা রেখে কি লাভ এখন চাকরি করার মত বয়স মুক্তিযোদ্ধার ছেলেদের আর না থাকার ই কথা	Neutral
864	ফাটাফাটি	Positive
865	আন্দালিনের উচিত আন্দোলনে অংশ নিয়ে রাস্তায় স্পিকার নিয়ে এই কথাহুলো বললে সবাই জানতে পারবে।	Neutral
866	অভিনয় এতটা সহজ হয়ে গেল কবে থেকে? খামখা মানুষের গালি শুনে লাভ কি? ভাল কন্টেন্ট আর ভাল অভিনয় দিতে না পারলে ভিড়িও বানায় লাভ কি?	Negative
867	গানটা অনেক শুনছি তারপরও মন ভরে না	Positive
868	ওয়ানডে স্টবলিস পাপন খামাখা কথা বলিচ না তিন ফরমেটে এ্যাস কে চাই----	Negative
869	graduation অর্থ স্নাতকোত্তর, ,,,,,,,। ভাই আপনিও স্নাতকোত্তর এর স্থলে গ্রেজুয়েশন ব্যবহার করেছেন।	Neutral
870	আশ্রাফুল আবার আসুক	Positive
871	ধন্যবাদ আপনাকে	Positive
872	যতই দেখতে থাকি ভালই লাগে	Positive
873	It was absolutely classical বার যে আমি ভিউয়ার আমি এই গান টার যা আমার মনেই পরে না। লিখার মত আরো অনেক কিছুই আছে কিন্তু লিখে সেস করতে পারব না ভলেই আর লেখা হলনা। তবে এটাই বলভ অরনব তুমি আমার স্রিতির মাঝেই লুকিয়ে থাকভে সারা জীবন।	Positive
874	ঠিক বলেছেন	Positive
875	Muhammad Musa ধোন তোর মায়ের গুদে দিলাম	Negative
876	ফালতু,টকশো।	Negative
877	উপত্থাপক সালা বড় দালাল।মাদারচোদ একটা সাকি ভাই আপনাদের বের হয়ে যাওয়া উচিত ছিল	Negative
878	বলদ নি তুই আওয়ামীলীগ ভয় পাইলে এই লুক রে ই পায়,	Negative
879	সিগেট খাবি যা কিনে নিয়ে আ	Neutral
880	ভারত জিতলে জিতে যায় সাকিব	Positive
881	ওরা ছাত্রলীগ না ওরা হারামীর বাচ্চা	Neutral
882	পাঁচে মে তে সরকারি দলের বিশেষ কোনো কোনো নেতা যে পাঞ্জাবি বণ্টন করেছেন, তা কাদের কে দিয়েছিলেন? হেফাজতের লোকদেরকে দিয়েছিলেন? সোনালি ব্যাংক, বায়তুল মোকাররমে অর্ধেক ইসলামি ড্রেস পরিহিত হামলাকারী ছিলেন ।	Negative
883	বাংলাদেশে বড বাটপার হলো এই লোক	Negative
884	সরকারের কি হবে,হবেতো বাংলার খেটে খাওয়া মানুষের।	Negative
885	6 year ধরে গানটা আমার Playlist এর top e থাকে ।। আজীবন রাকব	Positive
886	গনো ধোলাই দেক	Neutral
887	একজন বিজ্ঞলোকের সাথে তিন বিজ্ঞনামের মূর্খের লড়াই। নিরপক্ষভাবে যাচাই করলে তিন বুদ্ধিবেজীকে চমৎকারভাবে শিক্ষা দিলেন এক মাদ্রাসার মাওলানা	Positive
888	বাংলাদেশে যে দূর্নীতি হয় সে টা বিদেশী ব্যবসায়ীরাও ব্যবহার করছে। বাংলাদেশ দূর্নীতির বিশ্ব আখড়া হিসাবেই থেকে যাবে। দুঃখজনক হলেও সত্য বিদেশী হয়ে দেশের গণ মাধ্যমকে বাধা দেয় কতটা দুঃসাহস। মূল হতা এদেশের বড় বড় কর্মকর্তারা।	Negative
889	Risbi Ahmed ভাই এসব কথাজাদের ইমান আছে তাদের তারা বলতেপারেমেনবল রেখে	Negative
890	সাধারন মানুষের গলা কাটার মত অবস্থা,,,,	Neutral
891	এই কুত্তার বাচ্চা যদি মুসলমান হত।তাহলে এই নাস্তিকদের সাথে তাল দিতো না।কুত্তার বাচ্চা ইমরান।শাবাস মাওলানা সাহেব	Negative
892	বাংলার ছেলেদের চেয়ে,,মেয়রা অনেক ভাল খেলছে,,Congratulations	Positive
893	এতো সুন্দর হয় কিভাবে একটা গান ? যতবার শুনেছি এক জীবনে তত কদম হাটলে চাঁদে চলে যেতাম শিওর । দ্যাট সং মেক মি আ গ্রেট ফ্যান অব অর্ণব সিন্স টু থাউজেন্ড সেভেন । পুরনো হবে না রুদ্র মুহাম্মদ শহীদুল্লার ভালো আছি ভালো থেকোর মতই :) আর ডিজলাইক দেয়া পাবলিকগুলোকে দয়া করে কেউ প্রান গোপাল দত্তের কাছে পাঠিয়ে দিয়েন	Positive
894	"""ভালোবাসা যা দেয় তার চেয়ে বেশী কেড়ে নেয় যার কাছে আপনার চোঁখের পানি, কেবল মাত্র কয়েক ফোঁটা পানি তার জন্য কাঁদবেন না । তাকে মনে করে মন খারাপ করে, কষ্ট পাবেন না । বরং যে আপনার হাঁসি মুখ দেখার জন্য সব সময় অপেক্ষায় থাকে, তার জন্য একটু হলেও হাসুন । একটি হাঁসি মুখ বদলে দিতে পারে যে কোনো পরিস্থিতি ।"""	Neutral
895	Online Job Offer ✩✩ পেমেন্ট পান বিকাশ(Bkash) এ✩✩ কোনো ইনভেস্ট ছাড়াই ২০-৩০ মিনিটে ঘরে বসে আয় করুন দৈনিক ১$-$5 বা ৮০ - 500 কাজটির জন্য আপনার যা যা লাগবে : ১. কম্পিউটার অথবা ল্যাপটপ অথবা এন্ড্রোয়েড মোবাইল ; ২. ইন্টারনেট সংযোগ ; ৩. মোবাইলের জন্য Chrome ব্রাউজারটি ব্যবহার করতে ল্যাপটপ বা কম্পিউটারে যেকোনো ব্রাউজারই করার সময় যা যা দিতে হবে : ১. নাম: ( আপনার নাম দিন ) ২. ফোন: ( আপনার একটি চালু নাম্বার দিন ) ৩. ইমেইল: ( আপনার ইমেইল দিন Gmail হলে ভালো হয় ) ৪. পাসওয়ার্ড: ( মনে রাখার মতো দিন ) ৫. রেফারেল আইডি: 14992007557274 এইটা দিন ( বিঃদ্রঃ রেফারেল আইডি ছাড়া একাউন্ট চালু হবে না ) √একাউন্ট খোলার পর আপনাকে যা করতে হবে তা হলো : ১. দৈনিক ২০টি+ ভিডিও দেখতে হবে ( ১টি ভিডিও ১৮০ সেকেন্ড দেখলেই হবে ) √পেমেন্ট পাওয়ার পদ্ধতি ; ১. বিকাশ ২. ব্যাংক ৩. পেপাল ৪. পেওনিয়ার √Website link : ( ) √কোনো সমস্যার সম্মুখিন হলে কমেন্ট করুন বা ইনবক্স আর একাউন্ট খুললে অবশ্যই আমাকে ইনবক্স ধন্যবাদ| for any help or question please massage me i will call me in facebook when i am on account for one accounts at one device will be open only one account for one you any help or for information please call me will help you and you guys Show less REPLY	Neutral
896	মতিয়া কে মন্ত্রী কে বানিয়েছে উফ জত্তসব পাগল ছাগল মন্ত্রী হয়েছে,মনে হচ্ছে কোনো এক সময় কাজের বুয়া ছিলো	Negative
897	অশ্লীল	Negative
898	আল্লাহ আমাদের উপর রহমত করুক যা অপরাত হয়েছে আল্লাহ ক্ষমা করুক কিন্তু গানটা ভালো	Positive
899	আনেক ভালো লাগলো।	Positive
900	জাফর মাদার চোদ	Negative
901	ভালবাসার মৃত্যু হয় না।	Positive
902	ধন্যবাদ ভাইয়া এতো সুন্দর খবর দেওয়ার জন্য	Positive
903	শালার আতেল কারো একবারো চোখ যায় নাই অনার শুধু গেছে।।	Negative
904	এটা কোন ব্যপার হলো ভাই	Neutral
905	বালের কন্ঠ, বালের গান	Negative
906	আহা ব্যবসাবুক	Neutral
907	সুমি কায়সার আপনি বাংলাদেশের জন্য কতটুক ভূমিকা রাখেন। এসি রুমে থেকে উল্টা পাল্টা কথা	Negative
908	কি ইয়ারা বানাই দিছে যত্তসব ফাউল, আল্লাহ মেহেরবান বেস্ট।।।	Neutral
909	Risbi Ahmed ভাই এসব কথাজাদের ইমান আছে তাদের তারা বলতেপারেমেনবল রেখে	Neutral
910	ধন্যবাদ নায়ক।	Positive
911	বাঁশ দিলে হবেনা গাঁছ দিতে হবে।	Negative
912	"really sorry ""mim "" তুমি এমনিতেই অনেক ভালো স্টুডেন্ট,, না চাইতেই অনেক কিছুই পেয়েছি তোমার কাছ থেকে। আজ কাল তুমি অনেকটা অমনোযোগি হয়ে গেছো পড়া শোনা বা অন্য ব্যাপার গুলাতে। এটা কোনো ব্যাপার না কারন আমি জানি তুমি বয়ঃসন্ধি 'তে। তোমাকে কোনো চাপ দিতে চাইনা।"	Neutral
913	বাংলাদেশে যে দূর্নীতি হয় সে টা বিদেশী ব্যবসায়ীরাও ব্যবহার করছে। বাংলাদেশ দূর্নীতির বিশ্ব আখড়া হিসাবেই থেকে যাবে। দুঃখজনক হলেও সত্য বিদেশী হয়ে দেশের গণ মাধ্যমকে বাধা দেয় কতটা দুঃসাহস। মূল হতা এদেশের বড় বড় কর্মকর্তারা।	Neutral
914	"""Jhoom"" এর মত আরো গান চাই"	Positive
915	অসাধারণ মামা	Positive
916	এইতো জাগাত আসলে নুসরাত,,	Negative
917	সাববাশ বেটি	Positive
918	অপূর্ব সত্যিই অপূর্ব । 4m India	Positive
919	কবিতাটার নাম কি??	Neutral
920	খুব চতুরতার সাথে শিকড় থেকে শিখরে অনুসন্ধান,	Positive
921	নাটক টা অনেক ভালো লাগছে বরং গল্পটা আরো বেশি সুন্দর হয়ছে কিন্তু অপূর্ব মারা যাওয়ার কারনে একটু ভালো লাগেনাই যদি অপূর্ব বেচে থাকতো তাহলে আরো বেশি সুন্দর হয়তো শুভ কামনা অপূর্ব কে আর সাফা কবির	Neutral
922	হা হা হা	Positive
923	ভাল একটি গান	Positive
924	সাববাস কাঞ্চন ভাই	Positive
925	কুকুরের বাচ্ছারা যখন আরেফিন সিদ্দিকীর পদত্যাগের দাবিতে তার গাড়ী ভাংচুর করেছিলে সে সময় কোথায় ছিল তোমাদের চেতনা।যখন জাফর ইকবালের স্ত্রীর শাড়ী ধরে টানাটানি করছিলে তখন কোথায় ছিলো অভিবাকত্ব।বিশ্ব বিদ্যালয়ে কি হয়েছে তা সবাই দেখেছে।শুধু সময়ের পরিবর্তনের অপেক্ষায়, করুন পরিনতির জন্য প্রস্তুত থাকো।	Negative
926	সালা চোর	Negative
927	বাংলাদেশ ক্রিকেট টিমকে বিশসে পরিচয় করিয়েছে আশ্রাফুল	Positive
928	আপনার পতো নেতা রাজনিথিতে আসা দরকার	Positive
929	md bilal তোমায় মায়রে কি ধর্ষন করছে নাকি	Negative
930	তারা কারা সেই প্রশ্ন নয়,তারা কি চায়,তারা কারা বলে কোটা সংস্কার এড়ানো হচ্ছে	Neutral
931	"""ম"" তে ""মতিয়া"" -তুই রাজাকার,,, তুই রাজাকার।।।।।"	Negative
932	আলহামদুলিল্লাহ উতখেপন হয়ে গেসে তাহলে	Neutral
933	বেশি শিক্ষিত হলে যা হয় আরকি। যোদ্ধাদের পরিবারগুলোর সাথে অন্যান্য পরিবারগুলোর অবস্থা কি এক? মুক্তিযোদ্ধা পরিবার যা হারিয়েছে অন্যরা কি তা হারিয়েছে?	Neutral
934	ইলিয়াস) হায়রে গণতন্ত্র	Negative
935	মাথামোটা সব গাজাখুরী যুক্তি	Negative
936	এই সব চ্যানেলের বাইনচোদ রা এসব হোটেলের মালিকদের কাছে টাকা চায় আর টাকা না দিলে এসব বাল ছাল ইনায়ে বিনায়ে নিউজ বানায়। যে হালায় বানায় সে নিজে ও মদ খায় এবং সে রাতে টাকার অভাবে মাগি না চুদে নিজে মা কে চুদে। সব কিছু নিয়েই মাদার চুদ দের মাথা ব্যাথা। দেশে কত বড় বড় ক্রাইম হয় জানস বাইনচোদরা। সেগুলা তুলে ধর। তরা বাইরে গিয়া মাগি চুদার যোগ্যতা রাখস না বলে হাতের কাছের নিজের বোনরে চুদস। কত টাকা চাইসিলি রেস্টুরেন্টের মালিকদের কাছ তদের মত চুদনা দের ত ওরা চুদে না পুটি মাছের	Negative
937	আরে হারামজাদা নাস্তিক রা,, বিভিন্ন বানোয়াট কথার মাধ্যমে আল্লাহর একজন আলেমকে অপমান করা ছুটায় যাবে তোদের। এমন তো না যে সারা জীবন বাঁচি থাকবি তোরা। একদিন না একদিন তো মরবিই নাস্তিক তোরা। যেদিন-যখন মরবি ঠিক তখন থেকেই হারে হারে উপলব্ধি করতে পারবি তোরা যে জাহান্নামের শাস্তি কতটা কঠোর ও	Negative
938	স্যার আপনার কথাটা অনেক ভাল লাগল।আপনার জীবনি শুনে আমার হৃদয়ে প্রেরণা দিয়েছে।স্যার আপনার জন্য আমার অনেক দোয়া থাকবে।(ধন্যবাদ স্যার)	Positive
939	এমন আরো কতো চুলকানি যে সুনতে হবে আল্লাহ জানেন।	Neutral
940	মাল একখান,,,,	Neutral
941	শেষে এমন দৃশ্যটা ঠিক ছিলনা। তবে অসাধারন এক নাটক দেখলাম ভাই ধন্যবাদ	Positive
942	"waiting for that "" বাচ্চা হবে না , বাচ্চা হবে না """	Neutral
943	সাবাস বাংলাদেশ	Positive
944	শিকারি ভাইXv	Neutral
945	হর হর মহাদেব	Neutral
946	সবাইকে কে অনেক ধন্যবাদ । দেখুন , শেয়ার করুন ঝুম । আর সাবস্ক্রাইব করুন আমাদের অফিসিয়াল চ্যানেল ।	Positive
947	বুঝলাম না ভাই	Negative
948	বাবা রাকিব আইফোন তোর কিডনির দাম কত হবে?	Neutral
949	গান টি ভাল কিন্তু গানের সাথে পোশাকের সাথে কোনো মিল পাচ্ছি না	Neutral
950	আগের মতো ভালো হয়না ভিডিও আগে বাংলা টকিস এর ভিডির জন্ন্য আগে অপেক্ষা কখন নতুন ভিডিও আসবে করতাম আর দেখে মজা ও পেতাম ভাই ভিডিও গুলো একটু ভালো করেন	Negative
951	সবাই যদি কি রেজাকার।	Neutral
952	কি দরকার ছিলো লাষ্টে কাদানোর	Negative
953	আমি নিজেও ইঞ্জিনিয়ারিং তবে নিজেকে কখনো রোবট সত্যিই অনেক ভালো	Positive
954	দাম কত	Neutral
955	টকশো করা লাগবেনা জনগণ এই জানে কোনটি সত্য আর কোনটি মিত্থা। ৩ তা নাস্তিক মিলে যদি আকজন আলেমের সাথে জগডা শুরু করে তাইলে আই আলেম ভাই কই যাবে সত্যি বলতে দেখুন ভিডিও র কমেন্ট এ কই জন এই আলেমের পক্ষে ।।	Negative
956	আমি একটা গান পরবেন সবাই নুসারট ফারিয়া আমার কমরটা দিলাইয়া তরে আর তর মারে বিসানায় ফালইয়া এমন চুদাচুদমু না মাগির বাচ্চা সব ভুলে যাবি যে গানটা লিখছে সে একটা মাগির পুত বা মাগির জি মনে।।। এক কথায় বুঝাতে চায় হট বাবা মায়ের হট সন্তান####	Negative
957	আমার ভালো লাগে	Positive
958	‌তিন কুও্বার(না‌স্তিক) সা‌থে একজন মানুষ পা‌রে না	Neutral
959	maruf s একমত ✌	Positive
960	বানরের গলায় মুক্তার হার যেমন শোভা পায়না ফেসবুক আমাদের জন্য তেমন হয়ে গিয়েছে।	Negative
961	নাইছ তো কুয়েত শুভ আমি	Positive
962	আমাদের কথায় সরকারের কিছু যায় মাথা মোটা গুলা যে টেকনোলোজির আগা মাথাও ড্যাম	Negative
963	নিশো ভাইয়ের অভিনয় অামার কাছে অনেক ভালোলাগে, অার মেহেজাবীন এর মতন একটা মেয়ে বিয়ে করতে পারতাম জদী।	Positive
964	এই মাগির পুত	Negative
965	ভাই ভাই ভাই অনেক সুন্দর	Positive
966	নাটকটা আর একটু classic হলে ভালো হতো	Negative
967	সুপার হিট ভাইয়া,,,,,,,	Positive
968	এস্কিডেন্ট এটা ঠিক হলনা	Negative
969	এটা কি হলো আমাদের ব্যবসায় শিক্ষা ছাত্র ও ছাত্রীদের কি প্রেম হব্বে	Neutral
970	বাচ্চা হবেনা মিস করলাম। বাট সেই হইছে।	Positive
971	মাহি তুমি সবসময়	Neutral
972	মুসলমান কি ভাবে বকা দেয়!!!!! আপনার বিচার আগে হবে. আপনি আল্লাহর কাছে মাপ চান .আপনাকে বকা দেওয়ার পারমিশন কে দিল ভাই.	Neutral
973	আপনি এত হাসেন কেন বলেন	Neutral
974	লীগ ভাই তাহলে চাপাতি নিয়ে ক্যাম্পাস কারা ছিল	Negative
975	বেশি বললেই আপনা কে জংগী বানিয়ে ফেলবে কথা কম বলায় ভাল	Negative
976	শালার পুতরে লজ্জা দিয়ে পয়দা করেনাই।	Negative
977	ভালোভাবে কথা বলতে পারেনা এগুলো না কি ছাত্রলীগের সাধারণ সম্পাদক, সভাপতি	Negative
978	বীর পুরুষ মাহমুদুর রহমান কথা বলতে বাতিল শক্তিকে ভয় করেনা ماشاء الله	Positive
979	এখানে মুসলিমদের বেপার এখানে পতিতা দুই জন কেন	Negative
980	এই ভিডিও টা বাংলা নববর্ষের জন্য একেবারে উপযুক্ত	Positive
981	এই ভারাইট্টা বুদ্ধিজিবি কে কত % কোটা পায় তাই জানে না আইছে জ্ঞান ঝাড়তে।	Negative
982	ইমরান তুই আসলে একটা সুয়ারের বাচ্চা। আর সুলতানা কামাল হলো খানকি। চোতমারানি ওই সুয়ারের বাচ্চা সুলতানা কামালকে এই দেশ থেকে তাড়ানোর দরকার। নাহলে ভালো লোক গুলো খারাপ হয়ে যাবে।	Negative
983	এই খানিকটা বাংলাদেশের কলঙ্ক, খানকি সানি লিয়ন হইতে চায়, চুতিয়ার মায়রে বাপ।	Negative
984	""" এই অবেলায় ফোটা কাশফুল যেন নিয়তির মত নির্ভূল "" অন্যতম প্রিয় একটা লাইন ।"	Positive
985	এইখানেও ব্যাবসা হা হা হা হা হা হা :P	Neutral
986	বাংলাদেশর। সংবিধান মুক্তিযোদ্বারা এনেছে , জনাব আসিফ নজরুল সাহেব দেশ স্বাধীন না হলে আপনি ঢাকা বিশ্ববিদ্যালয়ের শিক্ষক হতে পারতেন না। মুক্তিযোদ্ধা দের নিয়ে আপনি অযৌক্তিক কথা বলবেন না। আপনার সাথে যিনি টক শোতে আছে তিনি একজন মুক্তিযোদ্ধা। তিনি কিন্তুু আপনার মত এত কথা বলেন নাই আপনার বংশে কোন মুুক্তিযোদ্ধা আছে??? থাকলে কস্ট টা বুজতেন	Negative
987	বালমার্কা লিরিকস,এডি লেখছে কোন পাডায়? হালাগো রুচি দেখলে বমি আসে। ম্রা খা হ্লারা।	Negative
988	আশরাফুল ভাই কে আবার চাই দলে	Neutral
989	+Md: Hasan ইয়েস রাইট , আশরাফুল আমাদের আশার ফুল ।	Positive
990	আমাদের দেশে আইন তইরি করা মানেই পুলিশ এর পকেট ভর্তি করানো একই কথা	Negative
991	Nasim Islam Nirob ভালো টা প্রায় ৮ মাস হতে ব্যাকাপ :)	Neutral
992	নাটকটা আর একটু classic হলে ভালো হতো	Neutral
993	বালের কামলা এখন বুদ্ধিযিবি।	Negative
994	মাংস ভালো পাওয়া যাবে।ইস জবাই দিতে পারতাম!	Positive
995	তিনটা নাস্তিক বড় নাস্তিক সুলতানা কামাল।	Negative
996	ভাই আমি প্যারিস থেকে আপনাদেরকে ধন্যবাদ জানাই,মানুষের অজানা তথ্যদেওয়ার জন্য।।।।	Positive
997	জাফর একটা জারজ সন্তান	Negative
998	তিন শয়তান এর সাথে এভাবে টকশোতে যাওয়া ঠিক নয়।সুলতানা কামালকে খানকির মত লাগছে	Negative
999	দেশে দু একটা কুলাঙ্গার থাকবেই তবে দেশের কিছুই হবে না	Neutral
1000	আপনি তো নাটকের মাজে মানোষ কে আজ কাল অনেক পেরা দিচ্ছেন কেনো ভাই।	Negative
1001	কিছু অনুভতি কে অবাধ করার মত একাটি গান	Positive
1002	সাইড স্টেইনলেস স্টিলে তৈরি, এলুমিনিয়ামে না।	Neutral
1003	ইমরান এইচ সরকার তোমার বাবা মুক্তি যুদ্ধ করেছে তাই বলতাছেন মুক্তি যুদ্ধা , সে এখন কি অবস্থা আঁছে তোমার মুর্তিকে জিগাও বলতে পারে কিনা	Neutral
1004	এই অবৈধ সরকারের সব কাজেই ধান্দাবাজি	Negative
1005	তালাশ টিমের কাছে আমার একটি অনুরুদ, আপনারা যদি পুরপুরি ইপিসড দিতে পারতেন, তা হলে আরোও ভাল হত, ইপিসডের লাস্টের কোন সমাধান হয়না কেন,	Neutral
1006	লোক কলরব, দিলগুলো সব লাল না হয়ে নীল হলো কেন?	Neutral
1007	কত যে বাল ফালাইবা	Negative
1008	খালেদ(উপস্থাপক) তুই সরকারী দালাল। তোর ও তো একটা কোটা দরকার। সরকারী দালাল কোটা। আন্দোলন কর বেটা	Negative
1009	তুর আম্মুর জামাই মানে তুর আব্বু মারছে যে এরি	Negative
1010	ইমরান এইচ সরকার কে ধন্যবাদ সত্য কথা বলার জন্য	Positive
1011	ভাই অাপনার কন্ট এত সুন্দর	Positive
1012	এসব নাসতিকদের সাথে আপনার বসা ঠিক হয়নি মাওলানা সাহেব	Negative
1013	নকল করলে ছাত্রলীগের দোশ হাইরে মানুষ কোন পথে হাটছো এখন	Negative
1014	Food Bloggers BD 600K members ·( am পর্যন্ত)	Neutral
1015	Description কোথায় ভাইজান?	Negative
1016	অনেক সুন্দর নাটক দেখে খুব ভালো লাগলো	Positive
1017	অনেক সুন্দর নাটক দেখে খুব ভালো লাগলো	Positive
1018	আমার মতে বঙ্গবন্দু স্যারাইলট তৈরি করে বাংলাদেশকে একটি উন্নত দেশ হিসাবে প্রমান করা।আর একটি কথা বলতে ছাই আমাদের দেশের মাননীয় প্রধান মন্তীকে তিনি যেন গরীব অসহায় মানুষে জন্য কিছু করে এবং বাংলাদেশ থেকে দারীদ্রতা দূর করে বাংলাদেশকে একটি উন্নত রাষ্ট্র হিসাবে বঙ্গবন্দু সোনার বাংলা গড়ে তোলে।আমি সরকারের কাছে এটা আসা করি। জয় হোক সোনার বাংলার	Positive
1019	ফারজানা রুপা হাসিনার দালাল	Negative
1020	পাড়লে ইউটিউব থেকে গানটা সরিয়ে ফেলেন	Negative
1021	জুতা মারো তালে তালে ইমরান আর সুলতানার গালে	Negative
1022	ভাই আপনার কথা অনেক যুক্তি আছে ধন্যবাদ	Positive
1023	ঘেউ!  :P	Negative
1024	গান গোল অনেক দারুন	Positive
1025	আশরাফু‌কে আমরা চাই	Neutral
1026	ও মোর খোদা আমাদের commerce এর পোলা গো কোনো ভাতই নাই গা	Negative
1027	শমীর দালালি ভালো লাগল না।	Negative
1028	তোমার জন্যে নীল যে তারার একটু খানি আলো,ভোরে রঙ রাতে মিশে কালো	Neutral
1029	ধন্যবাদ আপনাকে খুব সুন্দর ভাবে এই গুরুত্বপুর্ন কথা গুলো বলার জনেয়	Positive
1030	আর বোকাচোদা আমার বউ মতো বাচ্চা বয়সে বিয়ে করি না	Negative
1031	মামু সরকার তো বড় নাস্তিক হাহাহা	Negative
1032	কত যে বাল ফালাইবা	Negative
1033	এত পছন্দ বলে বুঝানোর ভাষা নাই।	Positive
1034	ধন্যবাদ আপনাকে খুব সুন্দর ভাবে এই গুরুত্বপুর্ন কথা গুলো বলার জনেয়	Positive
1035	শুধু মাত্র নায়ক কবিতা ছেড়ে দিয়েছে এই তথ্য দেয়ার জন্য একটা সদ্য এইচ,এস,সি পাস করা মেয়ের সাথে বেশ কয়েক বছর ধরে প্রেম এই তথ্য না দিলেও চলত। এটা অন্য ভাবেও বলা যেত। এই অংশটা বাদে সুন্দর নাটক।	Neutral
1036	অযথা খরচ !	Negative
1037	এততো ভাল হয়েছে যে মুখে প্রকাশ করতে	Positive
1038	অসাধারণ প্রতিবেদন। জাস্ট ওয়াও	Positive
1039	হাসিনা ডাইনি।	Negative
1040	অদ্ভুত সেই ছেলেটি lyric	Positive
1041	অনেক ভালো হইসে ভাই	Positive
1042	দারুন গল্প	Positive
1043	তরে সবার আগে জবাই করতে হবে এমরানইন্না	Negative
1044	Reference link দিয়ে কথা বলবেন, এভাবে কথা বলে দেশের উন্নতি দুরে ঠেলে দিবেন না, প্রতিটা জিনিসেই কমবেশি নেগেটিভ, পজিটিভ থাকে!!	Neutral
1045	হালা পাগলা	Negative
1046	মাহামুদা মোনাফেন	Neutral
1047	ফারিয়া কে কি বরে দিব?????????	Negative
1048	হুজুর আপনার এই টকশোতে যাওয়াই ঠিক হইনি, দেখেননা আপনাকে নিয়ে কেমন উপহাসের হাসি হাসছে সবাই । এরা তো আপনার মত হুজুরদের সম্মান বুঝবে না । ওদের হুজুর হল ফরিদ উদ্দিন মাসুদের মত হুজুর ।	Neutral
1049	আমি তো india ..	Neutral
1050	নাস্তিক ইমরান হালারপুত বির্তক বালটাও বুঝেনা তারে বালটা খাইতে এখানে আনছে দেখ কেমনে কথা বল হয় ।	Negative
1051	অপূর্ব	Positive
1052	কমেন্টি বক্স নিরপক্ষের জায়গা আমরা দেখলাম,,গামভাস ভারতের হয়ে পক্ষপাতিত করেছে তাই তার আইসিসির কাছে বিচার চাই,,এটার তুলে ধরার দায়িত্ব আমাদের সংবাদ মাধ্যমের,,সাংবাদিক ভাই দের	Neutral
1053	আমি একজন বিজ্ঞানের ছাত্র হিসেবে বলতে চাই,,, বিজ্ঞান আর্স কমার্স নিয়া ফালাফালি কইরা কিছু লাভ নাই বর্তমান হল প্রতিযোগিতার যুগ,, আরে ভাই আর্সে পড়ে/কমার্সে পড়ে ইলেক্ট্রিক্যাল ডিপার্মেন্টে পরতেছে মানে ইঞ্জিনিয়ার।।।।।।।।।।	Neutral
1054	অসাধারন ভাই।আপনি ব্রিলিয়ান্ট,টেলেন্টেড।বস।	Positive
1055	আসিফ নজরুলের কথা যৌক্তিক	Neutral
1056	আহা ব্যবসাবুক	Neutral
1057	তুমি চেয়ে আছো তাই	Neutral
1058	নাসতিক	Negative
1059	খারাপ না,,	Neutral
1060	ইমরান তুই মরলে ইমাম জেন না জা	Negative
1061	Rafi Khan হায়রে কপাল মোনদো চোখ থাকিতে/????????	Neutral
1062	নাটকের শেষে পরিচালকের অযথা ছাগলামি টা ভালো লাগলো না, ফিরিয়ে দে অামার মিনিট।	Negative
1063	এ হালায় ও তোহিন এ দোই শালায় সব।কাজের মাজে বাম জাত দেয়	Negative
1064	কি কয়	Neutral
1065	ব্যবস্থা অবশ্যক	Positive
1066	"অাপনাদের কি মনে অাছে PayPal এর কথা? যখন PayPal অমাদের দেশে ফ্রি সেবা দিতে চেয়েছিলো। অামাদের ""সরকার"" এর পক্ষ থেকে বলা হলো, ""PayPal"" অামাদের দেশে চালু হলে ""Money Londaring"" হবে। PayPal কে গ্রহণ করলোনা। ::: ::: সেই বুঝটা এখন বুঝলো, যখন PayPal এর ""পা"" ধরে কাঁন্না করলেও PayPal বাংলাদেশে অাসছেনা। এমন কি টাকা দিয়েও PayPal এর সেবা পেতে ব্যর্থ। অার অামাদের বুঝাচ্ছে, জুম হলো PayPal যেমন Gmail হলো Google. কে যে বববববববলললললললললদদদদ­দদদদদ হচ্ছে, সেটা-ই বলা মুশকিল।।। ::: ::: অাজ 1GB Internet 7 days, 94 টাকা এ কিনতে হতনা। Free Internet পেতাম। যখন বলা হয়েছিলো, অমাদের দেশের উপর থেকে ""সাব উপগ্রহ"" Internet Connection যাবে, অার অামাদের Free Internet দিবে। তখন বল্লাম, অামাদের Data চুরি হবে। So, No এখন, দারুণ অফার। 1 GB Internet 7 days only 94 tk. যেখানে 1GB Internet কিনতে খরজ ২ টাকার ও কম। কোটি কোটি টাকা বিদেশি Company কে দিয়ে দিচ্ছি। >> ওটা নিয়ে কি কারো মাথা ব্যাথা অছে??? মাথা ব্যাথা হলো যখন ""New Technology"" অাসে তখন। অামরা ঠিক খাই, কখন জানেন? যখন সবার খাওয়া হয়ে যায়, তখন। তখন অামরা ফালানো ""উচ্ছিষ্ঠ"" খাবার জন্য কাঁন্না কাটি করি।♪♪♪♪♪ Today's Technology টা এতটা Update যে ""Western Country"" গুলো Cryptocurrency দিয়ে তাদের লেন দেন সম্পন্ন অার অমাদের দেশে এই Technology কে ""অবৈধ"" ঘোষনা করে। খুব কষ্ট হয় যখন কিছু মার্কা ""Journalist"" যারা Cryptocurrency কে বলেলে ""শেয়ার বাজার"" অর যাদের ""জন্ম"" ই হয়েছে শুধু মাত্র ""নেতিবাচক"" মন্তব্য করার জন্য। যারা সব কিছুতে Negnegative দেখে। তাদের প্রতিবেদন দেখে। নিজেরা তো ভালো কিছুতে নেই, দালালি অার bollam na বেড়ায়। অর ৫০/= টাকায় একটা সংবাদ উল্টা করে লিখতে পারে। একটা বেকার ছেলে যখন দিন রাত পরিশ্রম করে ১০,০০০/= টাকা income করতে ""মাথা""র ঘাম ""পা"" এ ফেলে। এই সব সেটা করেনা। কিন্তু,, যখন অই ছেলাটা use করে মাসে ২৫,০০০/= ৩০,০০০/= টাকা উপার্জন করে, ঠিক তখনি অই দালাল সাংবাদিকদের চুলকানি বেড়ে যায়। অার রিপোর্ট করে, >> টাকা পাচার হচ্ছে, অমিতাপ বচ্চন লুজার হচ্ছে, cryptocurrency দিয়ে মানুষ খুন হচ্ছে, ১০ হাজার কোটি ডলারের Bitcoin চুরি। ইত্যাদি ইত্যাদি এমন সংবাদ কই যে পায় ""অাল্লাহ"" ভালো জানে। অাসলে টাকা খাবার ধান্ধা, News fuse কিছুনা। >> বিদেশি জুয়ার অাসরে কোটি কোটি টাকা পাচার হয়, বাংলাদেশ ব্যংকের রিজার্প চুরি হয়, অথচ News হয়না। এই সব সাংবাদিক দের জন্য ই PayPal, Free Internet সব হারিয়েছি। এখন with mycash পেয়েছি অার দালাল সাংবাদিকদের চুলকানি শুরু হয়েছে। Alatrol double dose দিলেও কাজ হবেনা। এদের মুগুর চালান দিতে হবে। এরা এমন অবস্থা করে ছাড়বে যে, বাংলাদেশে with mycash এর ""পা"" ধরে ও এর পর কাজের permit পাবেনা। Government পর্যায়ে অনুরোধ করছি, এটা new technology. digital currency এটা। Digital Bangladesh,cashless bangladesh বিনির্মাণে অবশ্যই Digital Currency প্রয়োজন। অামরা PayPal হারিয়েছি, Digital currenc যেন না হারাই। এমন সময় অাসবে যখন কাঁন্না করেও Digital currency এর কোন সেবা বাংলাদেশে নিয়ে অাসা সম্ভব হবেনা। ★এখনি সময়, সতর্ক হোন★ (Marketing Executive Riyad Rafi)"	Neutral
1067	রাহাত ভাই। একদম শুরু থেকে আপনার চ্যানেল ফলো করছি। আপনি শুধু বাংলাদেশের একমাত্র অরিজিনাল ইউটুবার না, এপনি একজন তুখোড় মাল :')	Positive
1068	এটা দেখ,শিক্ষা মন্ত্রির game.	Negative
1069	ইমরান তুই মরলে ইমাম জেন না জা	Negative
1070	Yellow Pepoles কে ভাই	Neutral
1071	বালের কন্ঠ, বালের গান	Negative
1072	কান্চন সাহেব দারুন কতা বলছেন	Positive
1073	আল্লামা দেলোয়ার হোসাইন সাইদির মত বড় আলেমদের দরে দরে সরকার ফাসি দিচ্ছে জেলে বন্দী করে রাখছে আর এই সব নাস্তিক দের সরকার কিছুই বলছে না	Negative
1074	মারাত্মক মজা পাইছি টুইন ব্রাদাররা অনায়াসেই আইফোনটা আনলক করে ফেললো ভাল হইছে রিভিউটা সবসময়ের	Positive
1075	উনাকে মারলেন ক্যান, সবে তো ঠিকেই ছিল।। জানি না পরিচালকের মাথায় শেষদিনে কি এসেছিল??	Negative
1076	এগুলো তুলে ধরেন ভালো কতা কিন্তু প্রতি রোধ করেন না কেনো?	Neutral
1077	তাসকিন কে বাদ দেওয়া উচিত	Negative
1078	এই অবৈধ সরকারের সব কাজেই ধান্দাবাজি	Negative
1079	স্যালুট ভাইজান	Positive
1080	মুক্তিযোদ্ধারা বৈষমের হাত থেকে রক্ষা পেতে যুদ্ধ করেছিল। আর এখনও সেটাই হচ্ছে। এইটা নিয়ে রাজনীতি করার সুযোগ নাই	Neutral
1081	অনেক সুন্দর নাটক ।	Positive
1082	২০১৮ সালে এই গানটা কে কে শুনবেন,,?	Neutral
1083	মতিয়া মাগি যদি যোদ্ধ করে তাহলে মাগি মরেনি কেনো	Negative
1084	এইরকম ঘটনা প্রতি বছর এসএসসি পরীক্ষার সময় প্রায় প্রতি ঘরে ঘরে ঘটে	Neutral
1085	সাকি ভাই right	Neutral
1086	ভাই আপনার কথা best funny	Positive
1087	আপনার বোজা ভুল ইসলাম রজনিতী পছন্দ করে সে কারনেই এক সময় পুরো পৃথিবী মুসলিমরা শাসন করতো আর তখন একটি সাদারন মেয়েললোক এক রাজ্জ থেকে অন্যরাজ্জে হেটে যতো ছিল না কোনো বকাটে ছেলে বিরক্তী করার জন্যে ছিলনা কোনো নিজ্জতন। কারন রাজ্জো মুসলিমরা পরিচালনা করতো। ভাই আপনাকে বলি ইসলামি ইতিহাশ পরুন।	Neutral
1088	সরকারকে ভূতে	Neutral
1089	N S Naem পাপন সারকে বলছি আপনে তারাতারি আশরাফুল কে দলে আনেন পিলিস সার পিলিস	Neutral
1090	আমাদের বাপ মা আমাদের গোল্ডেনের চাপ দেয় নাই, আমরাও বাপ মা রে আই ফোনের জন্য ঘ্যান ঘ্যান করি নাই,	Neutral
1091	"প্রশ্ন দিয়েছে ""নাহিদ"""	Neutral
1092	নিশু ভাই, আপনি এত ভালো অভিনয় করেন কি করে !!! খুবই ভালো একটা নাটক ।	Positive
1093	Rakib Hassan আরে মাদারচোদ জোংগী কাকে বলে তা কি তুই যানিশ সালা ফাজিল জফর কুত্তার বাচ্চার পা চাটা গোলাম শালা।	Negative
1094	আসিফ তোর কথা এই টকশোতেই সিমাবদ্ধ! রিয়েলে তোরে কে চুদে??? মেয়েদের কোটা ১০% সেটাই যানিস না আর কিছু আবাল তোকে এখানে ধন্যবাদ দিতে দিতে আবালের সন্তান যে বলদ হয় তার পরিচয় দিচ্ছে	Negative
1095	Sahin Hossain আপনার কমেন্ট পরে মনে হল। আপনি বা** ফালাইয়া দেশের বিশাল উন্নতি করছেন।	Negative
1096	এখানে কমেন্টকারি অসভ্যগুলা সবাই শমিকে নিয়ে পড়ে আছে।	Negative
1097	JSC, SSC, HSC- সনদপত্র ও নম্বরপত্র এবং NID-তে- নাম ভুল সংশোধনের জন্য এবং কম খরচের নির্ভুল এফিডেভিট ও পত্রিকায় বিজ্ঞপ্তি দিন । কল করুন - 01718 80 53 81 দিগন্ত ইনফরমেশন মিডিয়ায় আপনাকে স্বাগত। আমরা দীর্ঘ ১১ বছর যাবৎ সুনামের সাথে বিভিন্ন শিক্ষা বোর্ডের ছাত্র/ছাত্রীদের জেএসসি, এসএসসি ও এইচএসসি পরীক্ষার সনদপত্রে- নিজ নাম, পিতা-মাতার নাম ও জন্ম তারিখের ভুল ও জাতীয় পরিচয়পত্র ভুল, সংশোধন করার জন্য সঠিক তথ্য, পরামর্শ, কম খরচের, নিরভুল এফিডেভিট/হলফনামা, নোটারী+অনুবাদ ও পত্রিকায় বিজ্ঞপ্তি দিয়ে থাকি। এছারা হারানো সনদপত্র/মার্কসীট,বোর্ড থেকে উত্তোলন করা, আইডি(NID) কার্ড উত্তোলন করার ব্যাপারে আমরা সহযোগীতা দিয়ে থাকি। (দেশের যে কোন প্রান্ত হতে, ঘরে বসে আমাদের মাধ্যমে যে কোন পত্রিকায় বিজ্ঞাপন দিতে পারেন,{bikash / sms,এর মাধ্যমে) ঠিকানা-237, 2nd floor BUET Market, Palashi, Dhaka-1000,(Opposite the Sonali Bank) । সহযোগীতা- বা বিস্তারিত জানতে আমাদেরকে ফোন বা ই-মেইল করতে পারেন ।	Neutral
1098	এই গরুটা আমিই হইতাম বাল	Negative
1099	ভাইয়া একটা রিভিউ দেন দুইটার	Neutral
1100	ছাগলে কিনা খায় পাগলে কিনা বলে	Negative
1101	বালের ভিডিও বানাইসে।বোকাচোদা	Negative
1102	আজীবনের গান♥ভাললাগার গান♥	Positive
1103	শিক্ষা বেড়েছে ঠিক কিন্তু, আদর্শ শিক্ষা বাদ পড়ে গেছে	Neutral
1104	ন্যায় কথা বল্লে ইলিয়াস কাঞ্চন এর ১২টা বাজবে সে ও জানে সত্যি বলতো চাইলে পুরাটা বলতে পারে নাই এইরকম অভিনেতা শুধু মুভি ত কাজে লাগে না দেশের জন্য ও ভাল পোস্ট হিসেবে কাজ করতে পারবে	Positive
1105	আপনাদের অনেক ধন্যবাদ এই রকম গান উপহার দেওয়ার মত	Positive
1106	Md Ovi ম	Neutral
1107	সোশের বচচা আর বচচা সোশর একই কথা	Negative
1108	বিসিএস প্রশ্ন কিভাবে ফাঁস হয় আপনারা নিজেরাই মনোযোগ সহকারে ভিডিও টির শেষ না হওয়া পর্যন্ত দেখেন। সবার জন্য বিসিএস এর শুভকামনা রইল	Positive
1109	বাজারে গেলে ৭০ ৮০ টাকা দিয়ে তরকারি কিনতে হয়, আমাদের পকেট ফাকা করে ছ্যাটেলাইট উড়ে, নাম হয় আওয়ামীলীগ এর।	Negative
1110	ভাই অাপনাদের কাছে অনুরোধ সামনে নিরবাচনে বিএনপি, এরশাদ যাকে মন চায় দিয়েন।অাওয়ামিলিগ কে দিয়েন না।অামি সত্য পথে,অামি চাই ভাল সরকার যে দেশের জন্য ভাবে।অামাদের দেশ অনেক সুদে ঝন এর মধ্যে অাছে,সেতু এবং স্যাটেলাইট জন্য।	Neutral
1111	অনেক দিন পর শুনলাম জোস একটা song	Positive
1112	কষ্ট লাগে ছাত্র লীগ ছাত্র দের পক্ষে নাই। তাহলে ছাত্র লীগ গঠনের লক্ষ্যে কি!????	Negative
1113	Mohmmod Kalam ওদের ড্রেসের জন্যে	Negative
1114	কথা বলার আগে, কথা বললে কিভাবে কথা বলবে?	Negative
1115	শুভকামনা রইল তালাশের জন্য	Positive
1116	আমি মনে করি শালা একটা গরু	Negative
1117	"Liton gazi?? কি উচ্চশিক্ষায় শিক্ষিত। ওর শিক্ষা কি,, জাতি জানতে চায়। কতটুকু লেখাপরা করছে সে। কি বিষয়ে কথা বলতেছে ""ভুত এর বাচ্চা বইটি পরেছে কিনা সন্দেহ আছে। অশিক্ষিত কামলা"	Negative
1118	বালের রাজনীতি করে মানুষের জীবন শেষ করে দিচ্ছে। সামনে রোজা এর থেকে কিছু টাকা নিয়ে যদি গরীবদের খাওয়াতো।	Negative
1119	অনেক অনেক সম্মান আপনার উপর থাকলো হেফাজত নেতা আপনি আসলেই নেতা	Positive
1120	শালা জারজ তুইকি জানিস তর বাবা কে,,, তর মা ও জানেনা তুই কি করে জানবি ?? আর তুই বড় বড় কথা বলিস।।।	Negative
1121	অনেক ভালো খেলেছে। মন ভরে গেছে। এগিয়ে যাও মেয়েরা	Positive
1122	তিন জনই পাগল হয়ে	Negative
1123	ভাই তুগুরে কি কই তাম তুরা কি বাঙ্গালি	Negative
1124	আমার বিশ্বাস, মুক্তি যোদ্ধা কোটা বাতিল হলে মুক্তি যুদ্ধের সনদ নেবার জন্য কেউ দুর্নীতি করবে না	Positive
1125	বুয়েট, মেডিকেল বাদ দিয়ে সবসময় ঢাকা বিশ্ববিদ্যালয় থেকে কেন্দীয় কমটির সভাপতি ও সাধারন সম্পাদক হওয়া উচিত নয়।	Positive
1126	এতটুক মজা পাই আমরা বিশ্বকাপ খেলা দেখে তার চেয়ে বেশি মজা পেলাম আমাদের এই মেয়েদের খেলা দেখে মেয়েদের এত বুদ্ধি আর এতসব বীর্য কিভাবে অর্জন করলো তা ভাষায় বলা যায় না	Positive
1127	ভাই আমি প্যারিস থেকে আপনাদেরকে ধন্যবাদ জানাই,মানুষের অজানা তথ্যদেওয়ার জন্য।।।।	Positive
1128	Yasin Ali আরেক জারজ পাওয়া গেল। জন্ম কি ঠিক আছে?	Negative
1129	উ স্যার	Neutral
1130	গুলি করে মারতো,, ভেজাল কমে গেলো	Positive
1131	সেই SSC level এর মাদকতা,,,এই সুর এই লেখা গানের,,	Positive
1132	সুমি মাগি হিনদূর চোদখাস তোর দেসনিয়া বাবনা কিবাবে সটিক হবে	Negative
1133	এই মাএ | আৱ শত শত উপাৱ জানি আমৱা মানে ছাএ বা ছাএি	Neutral
1134	এমন আরো নাটক চাই	Positive
1135	rasel ahamed আমরা বিয়ে বাড়িতে যে বাজি ফুটাই,সেগুলাকে পটকা বা পাটাকা বলে!!	Neutral
1136	ইমরান অগে রং ছিল এখন রাইট ইমরান এইচ সরকার.	Positive
1137	নবণীতার উগ্রপ্রশ্নবাণ শালীন নয় । সঞ্চালক কে অনেক ধৈর্যশীল হতে হয় । অথচ নবণীতা যেভাবে কথা বলে মনে হয় তার সাথে ঝগড়া আছে । প্রশ্ন ভদ্রতার সহিত করা যায় উত্তেজিত হয়ে নয় ।	Neutral
1138	আশরাফুল ভাইকে আমরা চাই তিনি বাংলাদেশ ক্রিকেটে আবার আসলে আমি মনে করি আবারও সেই বাঘের গর্জন শুনা যাবে এবং বাংলাদেশ ক্রিকেট developed হবে	Positive
1139	এইতো জাগাত আসলে নুসরাত,,	Neutral
1140	আমি কি করব	Neutral
1141	হুম,,,,,	Neutral
1142	"স্যার সাদামাঠা জীবন যাপন করেন এরাই মানুষ বিলাশীতা'র গা বাসানো নেই সালাম আপনাদের স্যার"""""	Positive
1143	ঢাকাতো আমাদের ঠিকানা না তার পরে ও যাই সুন্দর হোক বাংলাদেশ	Positive
1144	১২ টাইপের মাইয়ার লগে লুইচ্ছা সালমান প্রেম করে রে ভাইয়া	Negative
1145	বৈশাখী ঝামাটা যহন দেখ তাম আমি পাগল হয়ে জেতাম,,, পাগলিরে আজও বোলতে পারেনি তককে	Positive
1146	আপনি বা আপনার পরিবার কি বাল ফেলেছেন??	Negative
1147	খেলা কারে কয় জাতীয় দলের প্লেয়ারদের দেখা উছিত।	Neutral
1148	আমি কুয়েত থেকে দেখছি 0096599407975	Neutral
1149	Pretty queen আপনাকে তো নোবেল দেয়া উচিত	Negative
1150	নুসরাত কে বাংলাদেশ থেকে ভাগানো হক আমারা চাই	Negative
1151	ভাই ভালমত পড়েন ;;লিখেছে -এক বেসরকারী এক ।। এক।। এক মানে 1	Negative
1152	আশশাফুলকে দলে চাই	Neutral
1153	ঐ খানকির পলা তুরে আমি আগে নাম্বার দিতে বলছি তুই যদি বাপের গরে জন্মা হয়ে থাকছ তুর নাম্বার আগে দে আবার পরে কুত্তার মতো গেউ গেউ করছ কেনো সালা তুই ইদুরের বাচ্চা	Negative
1154	শালা। তুই ভুতের বাচ্চা সোলায়মান বইটি পড়েছিস? ওহ সরি। তোদের মত কামলা গুলা পড়তে পারলে তো আর আরব এ গিয়ে কামলাগিরি করতি না। ভূতের বাচ্চা তে ইসলাম সম্পর্কে কিছু বলা নাই।শালা কামলা।	Negative
1155	ভাই তুই কি রোহিঙ্গা???	Neutral
1156	জাফর ইকবাল হলো ১০০%নাস্তিক	Negative
1157	জাকির শুদ্ধভাবে কথায় বলতে পারে না।	Negative
1158	বঙ্গবন্ধুর চামড়া দিয়ে ঢুগডুগি খেলবে বলে,আজ মুক্তিযুদ্ধেরর ছবক দেয়	Negative
1159	অনেক সুন্দর হয়েছে।।	Positive
1160	শুধু টাকা ব্যয় করলে হবেনা, তা বাস্তবায়ন করতে হবে। তাই আপনারা যতো যন্ত্র লাগান, তা যত্ন ও ব্যবহারও নিস্চিত করতে হবে। তাই আসুন আগে এসবটা খেয়াল করি, তারপর আগাই। ধন্যবাদ	Positive
1161	অনেক ধন্যবাদ, চ্যানেল আই কে,,, আমিও ওর মতো একজন হেরে যাওয়া সৈনিক,,তবুও জীবনে উন্নতির চেষ্টা করছি,,, Many Many Thanks,, I love you channell i ♥♥	Positive
1162	আমাদের শহর	Neutral
1163	তুই ত কোরআন জানোস না তোরে হত্যা করা ফরজ বিয়াদব	Negative
1164	কি কয়	Negative
1165	আগে টিউলিপের মত যোগ্যতা অর্জন করেন তারপর তাকে নিয়ে মন্তব্য করেন। আপনাকে আমরা চিনি , আপনি হচ্ছেন সেই উত্তরা ষরযন্তের কারিগর, এত সহযে কি আপনি মানুষ হবেন মি. মাহমুদ।	Negative
1166	সোশের বচচা আর বচচা সোশর একই কথা	Negative
1167	সেই বাই	Positive
1168	উচিৎ বললেই প্রব্লেম	Negative
1169	ঠিক বলেছেন	Positive
1170	পটাকা শব্দের অর্থটা কি?? কেউ জানলে বইলেন প্লিজ।	Neutral
1171	সরকার কখোনো বাংলাদেশের খতি চাইনা এটা আমি বিশ্বাস করিনা কারন আমাদের ভালোর জন্য এগুলা করে সরকার কি কবরে নিয়ে যাবার জন্য করে আমাদের জন্য করে।	Neutral
1172	asha's dream kitchen, তাহলে আপনি এই বেশ্যাপাড়ায় কি করেন, বলবেন কি? এসব ভাওতাবাজি বন্ধ করেন। আসলে আপনি সানি লিওন হলে মাসালা খুজে পেতেন। আবার দেশের টাকা বিদেশে চলে যাচ্ছে বলে ও গোঁঙ্গাতেন।	Negative
1173	"Liton gazi?? কি উচ্চশিক্ষায় শিক্ষিত। ওর শিক্ষা কি,, জাতি জানতে চায়। কতটুকু লেখাপরা করছে সে। কি বিষয়ে কথা বলতেছে ""ভুত এর বাচ্চা বইটি পরেছে কিনা সন্দেহ আছে। অশিক্ষিত কামলা"	Neutral
1174	আমি আকাশ	Neutral
1175	দারুন দলেছেন	Positive
1176	অভিনন্দন ২০ মিলিওন ✌highest bangla viewed song	Positive
1177	সালাম স্যার	Positive
1178	এই ইসলামের সম্পূর্ণতা টাই কখনো কেউ বোঝাইলো না। হায়রে শিক্ষা ব্যবস্থা :(	Negative
1179	সালা চোর	Negative
1180	পারফেক্ট বস	Positive
1181	টিউলিপের মতো আবর্জনার পা ধুতে মাহমুদুর রহমানের মতো ব্যক্তিত্ব সম্পন্ন ব্যক্তি কেন যাবে ?	Negative
1182	মিউজিক দিয়েছেন বাল ফালাইতে?	Negative
1183	এই দুই মাগিকে ইমরান চুইদা পেট ফুলাইয়া দিছে	Negative
1184	স্যাটেলাইট এর পেছনে এত টাকা ব্যয় না করে,,,দেশের বিভিন্ন উন্নয়ন করলে ও অসহায় গরীবদের সাহায্য করলে অনেক বেশি খুশি হতাম।।।যারা খাবার খাওয়ার টাকা নাই,কাপর কিনার টাকা নাই,তারা স্যাটেলাইট দিয়ে কি করবে।??	Negative
1185	ভাই তুই বাংলা মাঝে মাঝে কইস না।	Negative
1186	বাল করিস তোরা।তোদের বিপিএল নিষিদ্ধ করা উচিৎ। এত নিম্নমানের টুর্নামেন্ট তোরা করিস কেন?	Negative
1187	উপযার্ষ্য বাসায় হামলা তদন্ত করলে দেখা যাবে আওয়ালীগ কেডারা জড়িত আছে কারন এমন ঘটনা দেশে ঘটছে আওয়ামীলীগের নেতারা তা না হলে কেন বা কিভাবে জানবে?	Positive
1188	ভাই আপনি মদ গাজা ভাং খাইয়া এরকম একটা গান গান please vai.	Neutral
1189	খুব সুন্দর	Positive
1190	টিউলিপের মতো আবর্জনার পা ধুতে মাহমুদুর রহমানের মতো ব্যক্তিত্ব সম্পন্ন ব্যক্তি কেন যাবে ?	Negative
1191	রাফা ভাই বেশি জোস	Positive
1192	কোনো একদিন একরকম বিনা নোটিশ এ পৃথিবীকে ছুঁয়েছিলাম! আবার অনেকটা কাউকে না জানিয়েই একদিন বিনা নোটিশ এ আকাশ ছোঁবো! কেউ জানবেও না কতো কিছু ছোঁয়ার ইচ্ছা ছিলো কারো	Neutral
1193	এইমহিলা মাকিৱদালাল আৱ এমৱান হল টিকাদাৱ	Negative
1194	প্রিও তুষার ভাই ।।। অনেক দিন পর আপনার কন্ঠ শুনে খুব ভাল লাগছে	Positive
1195	আমি একটা ভিডিও upload করেছি যাতে কোনো যানজট থাকবেনা	Neutral
1196	শালায় একটা হারামি	Negative
1197	আপনার কথার সাথে আমি একমত।আমাদের নিজস্ব কোনো sports chanel নেই।আমরা প্রচারের দিক থেকে অনেক পিছিয়ে আছি।যতই ঢাকঢোল পিটটয়ে বলা হয় যে বিপিএল সেরা।বাস্তবিক ক্ষেত্রে কিন্তু সেটা আদও হয়নি।	Positive
1198	আশরাফুল কে চাই চাই চাই	Neutral
1199	তুইযে মাদারচোতটা জানি khankir pola গাজী	Negative
1200	কি লেখবো	Neutral
1201	সাব্বাস আসিফ।	Positive
1202	আমি ১০০% সিওর আপনি বিরদি দলের না হলে একটিতো ভালো গুন তুলে ধরতেন ভাই, দেশের মানুষ সব গুলো গাধা, ধন্যবাদ ভাইয়া চালিয়ে যান একদিন সফল হবেন ইনসা আল্লাহ????	Negative
1203	এটা কোন ধরনের গান?আসলে গান না অন্য কিছু?রুচিতে বাধে।।।ছিহ	Negative
1204	একজন মন্ত্রীকে সংসদে কথা বলতে দেওয়া উচিৎ, কারণ কথা গুলো শুধু সংসদ সদস্যরাই শোনে না সারা বিশ্ব শোনে। সংসদ সদস্যরা যেভাবে শিক্ষা মন্ত্রীকে প্রতিক্রিয়া দেখিয়েছে এভাবে প্রতিক্রিয়া দেখায় যাত্রা পালার দর্শকরা। সংসদ সদস্যদের এমন আচরন কখনোই কাম্য নয়।	Neutral
1205	সমি কায়সার মাগি একটা এছাড়া আর কিছু না	Negative
1206	নুসরাত ফারিয়ার দালাল রা সক্রিয় হয়েছে।এরাই ফেক একাউন্ট খুলে ১৬ হাজার লাইক দিয়েছে। কিন্তু সত্যের জয় হবেই।আনলাইক কখনোই লাইক এর কাছে পরাজিত হবে না।এত আনলাইক দেখে যারা ইচ্ছে মত গান বানিয়ে লেংটা নাচ দেখিয়ে আমাদের দেশের মানুষ কে কষ্ট দেয়,সংগীত কে নিচে নামায়,সংগীত শিল্পী দের যুগের পর যুগ সাধনা কে অস্বীকার করার সুযোগ দেয়,একরাতের ভিতর সংগীত শিল্পি বনে যায়,তাদের জন্য এটা মহা শিক্ষা।তারা যেন ভবিষ্যতে এমন করার দুঃসাহস ও না দেখায়,সেটাই হউক আমাদের সকল প্রতিবাত ও ডিসলাইকের মূল লক্ষ্য।ধন্যবাদ।	Negative
1207	Manirul Islam valo তুই সালা একটা কুলাঙ্গার।	Negative
1208	ধর্মান্ধতার জন্য আইনস্টাইন কে নিজের দেশ ছাড়তে হয়েছিল।	Neutral
1209	আমরা কোরআন পুড়াই না আমরা কোরানের জন্য জিবন দেই বিয়াদব জারা পুড়ায় তারে আমরা ছাঝিশন দেই	Neutral
1210	টুর্নামেন্ট শেষ হওয়ার আগেই পুরষ্কার ঘোষণা ঠিক না। এটা পাপনের বোঝা উচিত।	Neutral
1211	এই,সমস্ত,ক।জ,পুলিশ,ভ।ইর।,কতিয়ে,দেখিবেন	Neutral
1212	"Code - Uncode ""তুনি কি কখনো রাষ্ট্রবিজ্ঞান পড়িছিলি ?"" আমার কাছে এলে আমি তোমাকে ( মি. মাহমুদুর রহমান ) ফ্রি শিখাবো ।"	Negative
1213	সেরা নাটক।অসাধারন নাটকটা অনেক ভালে লাগল।	Positive
1214	তোর মারে চুদি খাঙ্কির পোলা।বুস্কির পোলা।তোর মারে তুই চুইদ্দা তোর বাপ রে জন্ম দিছোস।তোর বাপের জন্মের আগে থেকে আইফোন ইউজ করি।মাগির পোলা আইফোন আগে ইউজ কর তারপর রিভিউ করতে আসিস।মাগির বাচ্চা বেজন্মা।	Negative
1215	স্যার আপনার কথাটা অনেক ভাল লাগল।আপনার জীবনি শুনে আমার হৃদয়ে প্রেরণা দিয়েছে।স্যার আপনার জন্য আমার অনেক দোয়া থাকবে।(ধন্যবাদ স্যার)	Positive
1216	ভুল তো হইতেই পারে বুঝা গেলেই হয়	Negative
1217	RUBEL KHAN ধন্যবাদ আপনাকে	Positive
1218	বিদেশীরা কি করে বাংলাদেশে ওবইদো বিজনেস করে এদের দেশ থেকে বিতারিত করা হউক	Negative
1219	আপনার সাহসি বকতিতার জনণ আপনাকে লাল সালাম	Positive
1220	এই সব বেয়াদব রিপোর্টার দের কাজ কাম নাই । টাকা পয়সা আর সস্তা জনপ্রিয়তা পাওয়ার আসাই এইসব রিপোর্ট করে ।	Negative
1221	এইসব বালের ফিনিশিং না দিলে কি পেটের ভাত হজম সুন্দর একটা নাটক বালছাল ফিনিশিং দিয়া মুড টাই নষ্ট করে দিলো	Negative
1222	অসাধারণ	Positive
1223	স্যার ধন্যবাদ আপনাকে	Positive
1224	ইমরান মূর্খ না, হে ভাল করেই জানে কোরান পুরানোর ঘটনা একটা political technique. কিন্তু শালা যে মিথ্যুক এটা তার সব দুলাভাইরাই জানে। রামুর ঘটনাও রাজনৈতিক কৌশল, এটা মূর্খ আর বোকা ব্যাতীত সবাই জানে	Neutral
1225	আমি, তালাশ টিম কে বলতে চায়, এরোকম আপরাধী দের দরিয়ে দিন পুলিশ কে	Neutral
1226	nokia 6 গ্লোবাল ও চায়নিজ এর মধ্যে পার্থক্য কি?	Neutral
1227	সব খানে মাতলামি চলে না।	Negative
1228	এরা কুকরের চেয়েও জঘন্য ওদের বিচার কেন আল্লাহ করেনা ।তোদের উপর আল্লাহ তায়ালার গজব নেমে আসবে	Negative
1229	অনেক সুন্দর খেলছে অভিনন্দন	Positive
1230	দুইটা আসলেই খানকি ইমরান এইচ সরকার হচ্চে কুকুরের বাচ্চা	Negative
1231	খনকি মগির পোলা ইমরান তুই একটা রাসতার ছেলে,তোর কোন বংশ পরিচয় অাছে,	Negative
1232	আহারে বেচারা ছেলেটার কথা চিন্তা করে খুব কষ্ট লাগতেচে আমার	Neutral
1233	দোয়া রইলো আপনার জন্য	Positive
1234	সুমি মাগিয় এর কোনো জ্ঞান নেই,,,, বোকা চুদা,,,	Negative
1235	সোশের বচচা আর বচচা সোশর একই কথা	Negative
1236	dr tanvir, তোর মারে বিয়ে দে, তোর সৎভাই জন্ম দিবে। বোবা প্রানীদের প্রতি সহানুভূতি দেখানো টাই মানবতাবাদ।	Negative
1237	Sharif Ahmad Saha r8 আমার একটা ছট্ট চ্যানেল আছে হয়তো আপনার ভাল লাকতে পারে। গুরে আসার দাওয়াত রইল।	Neutral
1238	খুব সুন্দর নাটক,, ধন্যবাদ পরিচালককে	Positive
1239	জুনায়েদ সাখী বামপন্থী সুবিধাভাগী	Negative
1240	সম্পূর্ণ মিডিয়াটাই নাস্তিকদের প্রাধান্য দিচ্ছে। মাঠে আয় কুত্তার বাচ্চারা দেখি কার বুকের পাটায় কতো জোর।	Negative
1241	আমাদের দেশের ছেলে আবাল গুলোএদের কাছ থেকে অনেক কিছু শেখার আছে আবাল গুলো কোথায় আজ	Neutral
1242	রিভিউ ছিল অসাধারণ!	Positive
1243	কিছু চামচা সাংবাদিক তথ্য দিয়ে সমাজকে বিব্রত করাই কাজ। টিউলিপের কথাটা ঠিকভাবে শুনে তারপর চামচামি করেন সা্ংবাদিক সাহেব। আপনার শিখায় প্রবলেম আছে।	Negative
1244	তুই একটা বেয়াদব!!!	Negative
1245	হৃদয় ভারাকান্ত।	Negative
1246	বিদেশে থেকে অনেক কিছু বলা যায় দেশে বলে নাবুজে কথা বলেছি। চাচা বাচাও।	Neutral
1247	প্রত্যেক বাবা মা 'র উচিত অবশ্যই এই নাটক টা দেখা	Positive
1248	ইমরানের মা য়েরে চুদি আর এই খানে যে দুই মাগি আছে তাদের দুই জন কে চুদি	Negative
1249	ধুর, আমি কাউরেই কিনতে দিমু না।।।।	Negative
1250	সৃজনশীলতা বাদ দিয়ে এমসিকিউ বাড়ান	Neutral
1251	অসাধারণ সুন্দর হয়েছে	Positive
1252	এই গানটা শুনার পর কেন জানিনা মন টা ভালো হয়ে যায়। ossum song. Love u minar	Positive
1253	দেখুন তিন কুলাঙগার নাস্তি এক জনকে কুকুরের মতো কামড়াছেন	Negative
1254	আর ওদের বাঁচতে হলে আল্লাহর কালাম যাদের মধ্যে আছে তাদের দরকার	Positive
1255	ভাল সিস্টেম	Positive
1256	ইমরান মাদার চুদ বিনপি আইলে তোর রগ কাডবো মনে রাখিস।	Negative
1257	B Uddin একদম রাইট কথা বলছেন	Positive
1258	তিন মালাউন এক সাথে । মাথায় কাপড় নাই । ।	Negative
1259	নাটকের সমাপ্তি টা ভালো লাগলো না।হ্যাপী এন্ডিং হতে পারতো।	Negative
1260	hurry!!!!!! বাংলাদেশ হারছে আমি খুব খুশি।।।	Positive
1261	এই টাইমটা আমিও পার করে এসেছি।সত্তিই খুব কষ্টদায়ক। ছেলেদের জন্য এভাবে ঘরে আটকে থেকে পড়াশোনা করা খুব কষ্টের।	Positive
1262	বাংলাদেশে মুক্তিযুদ্ধ কোটা ১০০% থাকবে।ইচ্ছা হলে তোমরা বাংলাদেশে থাক না থাকলে বাইরে চলে যাও।	Negative
1263	সুমি মাগি হিনদূর চোদখাস তোর দেসনিয়া বাবনা কিবাবে সটিক হবে	Negative
1264	ভিডিও টা আসলেই জোশ ছিলো। অনেক ভালো লাগলো, আজ গরিব বলে X কিনা হলো না, ফোন কিনি বা না কিনি ভিডিও গুলা মিস করি না। Keep it up :)	Positive
1265	হালার পুত তিমি একটা পাগল	Negative
1266	ভাই আপনার কথায় কতগুলো ইংরেজী শব্দ ব্যবহার করেছেন তা লক্ষ করছেন,,?	Neutral
1267	মীর জাফরকে জুতার মালাপড়ানো হউক।	Negative
1268	শমী কায়সার আলোচনায় না নিলোও হত	Negative
1269	আপনি কি সাটেলাইট সাইন্স নিয়ে পাস?	Neutral
1270	অসাধারণ সুন্দর হয়েছে	Positive
1271	এরক তিন নাস্তিক কে দুতা মারার দরখার	Negative
1272	অশিক্ষিত দালালদের কাছ থেকে আর কত ভালো কথা আশা করা যেতে পারে। বোকার মত কথা না বলে সত্য কে মেনে নিয়ে সঠিক পথে গমন করেন।	Negative
1273	ফালতু নাটক	Negative
1274	রোজগার তো আর মন্ত্রি পরিষদ( আওয়ামী সরকার) করে না তাদের মাথা ব্যাথাও পায়ে পা দিয়ে জনগনের টাকা ভোগ জনগনের কষ্টার্জিত টাকা বৃথা নষ্ট !	Neutral
1275	ভাই। অনেক বড় কুতুব আপনি বোঝা গেল	Negative
1276	ওয়াও, ব্রাজিল টীম থেকেও ভালো খেলেছে	Positive
1277	রেন্ডিয়ানদের মাকে চুদি,কুত্তার বাচ্চারা সব খারাপ খারাপ কাজ করে আর অন্যকে খারাপ বলে,খানকির পুলারা	Negative
1278	part ৩ এর আপেক্ষায় থাকব ধন্নবাদ তালাশ টিম	Positive
1279	এই গুলায় আমাদের দেশ কে খারাপ করছে	Negative
1280	এতো সুন্দর কথা বলছেন খুব ভালো লাগছে	Positive
1281	ইমরানের গালে গালে জুতা মারে তালে বাচ্ছা কই যাওয়ার সময় পাবি না.	Negative
1282	কিছু কিছু গান আছে যা শুনতেই হবে তার মধ্যে এটা একটা।কি যে মাদকতা।মনকে পাগল করে ফেলে!!	Positive
1283	ঐ ঘাসগুলা মনে হয় আপনারে খাওয়াছে মানে যা মাথায় আসে তাই বকে। আর দুবাইয়ে বসবাস করা ৮০% মানুষ আমেরিকা সহ অন্যান্য দেশের	Negative
1284	ভাল লাগার গান।	Positive
1285	তোমার জন্যে নীল যে তারার একটু খানি আলো,ভোরে রঙ রাতে মিশে কালো	Positive
1286	তোরা হালারা এমন শিক্ষিত বলদ নিজেদের ভুল কখনো শিকার কোরবিনা	Negative
1287	Md Safikul Islam খুব লাগলো বুঝি!?	Negative
1288	নাটকটা এককথায় খুবই চমৎকার।	Positive
1289	ভাই আপনি ঠান্ডা মাথার খুনী। হা হা হা ভালো লাগলো আপনার কথা গুলো।	Positive
1290	এসব নাসতিকদের সাথে আপনার বসা ঠিক হয়নি মাওলানা সাহেব	Negative
1291	সবাই যা বলুক মুসফিকুর রহমান বাংলাদেশ কে দারুন একটা জয় এনে দিলো,,,,,,Ami.	Positive
1292	আসলেই ফিজ একটা কাটার	Positive
1293	তিন পাগল কে জুতা দিয়ে পিটা দরকার	Positive
1294	Tamanna Akther ভাল আইডিয়া	Positive
1295	ভাই আপনার কথায় কতগুলো ইংরেজী শব্দ ব্যবহার করেছেন তা লক্ষ করছেন,,?	Neutral
1296	মিনারের কারণেই হিন্দি গান ছেড়েছি আমি ।	Positive
1297	ভাই, সব শেষ।	Negative
1298	অসাধারণ একটা গল্প! অপূর্ব + মম আর অপূর্ব + মেহজাবিন এর পর এখন অপূব + সাফা আগামীর মেগা-হিট জুটি :)	Positive
1299	নওফেল গায়ের জোরে কথা বলছেন	Negative
1300	আসলেই এটা খুবই দুংখজনক ।সাকিব আল হাসানের সাথে প্রতারণা করেছে আইপিএল	Negative
1301	মাদারচোদ পাছাদিয়া একবার গরমা ডিম দিছিল আরেকবার দিব	Negative
1302	মাবরুর রশিদ বান্নাহ এর মতো পরিচালকের কাছ থেকে এমন ফালতু নাটক আশা করিনি	Negative
1303	প্রকৃত মুক্তিযোদ্ধা	Positive
1304	স্যালুট ভাই	Positive
1305	আশরাফুলকে চাই।	Neutral
1306	বাংলার বাঘ আজ হোক কাল হোক জেগে উঠবেই।	Positive
1307	আকাশে লিখে দিলাম মনের সব কথা,, তাহলে বুঝতে পারবে আমার মনের ব্যাথা,, বাতাসে ভালোবাসা দিলাম উড়িয়ে,, যদি ধরতে চাও তাহলে হাত দাও বাড়িয়ে ???	Neutral
1308	বালের শিক্ষা	Negative
1309	শে‌ষে এরকম এ‌ক্সি‌ডেন্ট আর কত নাট‌কে দেখ‌বো ভাল লা‌গে না আর এই সব !¡! সব নাট‌কের শে‌ষে একই কা‌হিনী ।	Neutral
1310	iqbal ami ooo bro. আমার একটা ছট্ট চ্যানেল আছে হয়তো আপনার ভাল লাকতে পারে। গুরে আসার দাওয়াত রইল।	Neutral
1311	abzar ahmed কে করবে	Negative
1312	হা সুবাস সিংহ	Positive
1313	আমরা আরো একদাপ এগিয়ে গেলাম	Neutral
1314	ইমরান ভাইকে স্যালুট সাখাওয়াত মোল্লাটাকে ধোলাই দেয়ার জন্য। এই বদমাইশ মোল্লা চাপাবাজি দিয়ে জোর করে ইমরানকে থামাতে চাইলেও সত্য থেকে বাঁচতে পারেনি। ইমরান যখন তাকে জিজ্ঞেস করেছিলেন হেফাজতিরা মেয়েদের ক্লাস ফাইভের বেশি পড়াতে চায়না কিন্তু নিজের মেয়েদের আবার মেয়ে ডাক্তার ছাড়া দেখাতে চায়না সেটার কি হবে? ত্খন বদমাইশটা কথা পাল্টে দিল। যখন তাকে জিজ্ঞেস করা হলো শফির তেতুল ওয়াজ নিয়ে, সে সেটা সরাসরি অস্বীকার করলো!! কতবড় মিথ্যাবাদি বদমাইশ। এই বদমাইশ হেফাজতিদের জন্যইতো বায়তুল মোকাররমের লাইব্রেরি পুড়ে কোরানও পুড়লো, নাইলে জীবনে বাংলাদেশে কোন তাণ্ডবে এমন হয়েছে?	Positive
1315	রেপ টাকা কইলো তো!	Negative
1316	এসব নাসতিকদের সাথে আপনার বসা ঠিক হয়নি মাওলানা সাহেব	Neutral
1317	Thanks to all >>200k dislike! over অভিনন্দন সবাইকে! এই অর্জন শুধু আপনার একার নয়, এই অর্জন বিশ্বে প্রতিটি মানুষের। অনেক হাড়ভাংগা পরিশ্রম করেছেন, এখন শুধু বিজয়কে বরণ করার পালা।	Positive
1318	ধ্যনবাদ তালাশ টিমকে	Positive
1319	শালা তোকে কি পাগলা কুথা কামরায়ছে	Negative
1320	গুট আগের মত আর এখন ফিনিসিং দেওয়া হয় না কেন ভাই ৭৫ % মনে হয় শেষ করে দিন আমি এক জন প্রবাসী ১ থেকে ১৪৫ পর্যন্ত দেখেছি আলহামদুলিল্লাহ	Positive
1321	সবাই যদি কি রেজাকার।	Negative
1322	এটা কোন ব্যপার হলো ভাই	Neutral
1323	ভালো হতে ফয়সা লাগে না।	Neutral
1324	অটো এম পি মুজাম লজ্জা পাইছে।	Neutral
1325	Md Jahidsany আর লাখ লাখ মেম্বার দের ব্যান দিসে গ্রুপ থেকে। ব্যান দেওয়া মানেই ভয় পাইসে আর নিজের দোষ শিকার করসে। নাহলে সরাসরি পোস্ট দিয়া অশিকার করতো মিথ্যা হলে	Neutral
1326	zawad khan zawad khan না ভাই। তার প্রতি ভালোবাসাটা এখনও আছে কিন্তু সম্পর্কটা আজ নেই।	Neutral
1327	ডিজিটাল চাপাবাজি	Negative
1328	Pixel 2 এর ফ্রন্ট ক্যাম বেস্ট! ইভেন ব্যাক ক্যামেরাও!	Positive
1329	একটা ব্যাপার আমি পরিস্কার হতে পারিনা, সবাই বলছে প্রিলিতে নাকি কৌটা নেই; এটা কি আদৌ বিশ্বাসযোগ্য? আমরা যখন কোন পরীক্ষা দেই, তখন কি প্রশ্ন সমাধান করে এর ফল বের করতে পারিনা। একজন সাধারণ পরীক্ষার্থী যে নম্বর পেয়ে প্রিলি উত্তীর্ণ হয়, একজন কোটাধারী মিনিমাম ৪-৫ নম্বর কম পেয়েও উত্তীর্ণ হতে পারে। আর দেশে কি শুধু বিসিএস পরীক্ষাই আছে? সবাই যে শুধু বিসিএস এর উদাহরণ দেয়।	Negative
1330	ওরা ছাত্রলীগ না ওরা হারামীর বাচ্চা	Negative
1331	হায়রে হালার ব্যাপারে সরকারের জরুরী পদক্ষেপ নেওয়া উচিত।	Neutral
1332	বাংলাদেশে চাত্রলীগ কে রাজনীতি নিষিদ্ব করা হোক।	Neutral
1333	সময়ের মতো সময় চলে যায় কিন্তু কিছু আবাল আলগা সিদ্দিক আবালি থেকে যায়।	Negative
1334	১লা বৈশাখ,	Neutral
1335	আপনি তো নাটকের মাজে মানোষ কে আজ কাল অনেক পেরা দিচ্ছেন কেনো ভাই।	Negative
1336	still listening in 2017,,,,, অদ্ভুত মাদকতা গানটায়	Positive
1337	পাঠির পাঠির ঘরে পাঠি তরে পেটে ধরছে কোন বেটি	Negative
1338	কথা সত্যি	Positive
1339	দুুই রেন্ডি ও জারস ইমরান এর মুখে প্রসাব কর।	Negative
1340	হ্যা রুশনা ইন্টারমিডিয়েটে পড়ে কিন্তু ও বাচ্চা একটা মেয়ে,,,Robot Lamia	Positive
1341	আমিও একজন মুত্তিযোদ্ধার সন্তান। শমি কায়সার এখানে একটাও যুত্তিক কথা বলেন নাই।	Negative
1342	আমি কোন দিনো এর সমর্থন করি না। যদি পায়ে বড় ধরনের আঘাত পায়।	Neutral
1343	ভালো মানের একজন কোচ দরকার	Positive
1344	খুব ভালো লেগেছে ড. আসিফ নজরুল এর প্রত্যেকটা যুক্তিক সত্য কথা গুলো।	Positive
1345	কিশোরগঞ্জ বলে কথা,	Neutral
1346	হাজারো শাউন তিলেতিলে এইভাবে শেষ হচ্ছে প্রতিনিয়ত	Negative
1347	কোন মাদারচোদরা খাবি মরার পরে জাহার নুমেও জাগা পাবিনা রে তোরা	Negative
1348	মাদারকাফ দের ধরিয়ে দেন।	Negative
1349	হ্া হা হা	Neutral
1350	ওদের পুটকির মধ্যে গরম তেল দেওয়া উচিত	Negative
1351	অবশ্যই সব উন্নয়নে ভাগ বসাবে আর ডিজিটাল নকলে ভাগ বসাবে না এটা কেমন কথা।ডিজিটাল বাঙ্গলা দেশে ডিজিটাল নকল।	Negative
1352	মাঝেমধ্যে বাহিরে খাইতাম | আজ থেকে তাও বাদ	Negative
1353	ফালতু কি একটু বুঝিয়ে বলবেন আপু	Negative
1354	Arman Rahman Bushra jahan তুইতো শুয়োরের পেটে জন্মেছিস আর ওদেরই মাংস খাস	Negative
1355	আন লাইক কোন বলদে মারলিরে।।।।	Negative
1356	আসরাফুল কে আমরা চাই	Positive
1357	তাই বলছি ওদের কে আমার আল্লাহ মহান ইচ্ছা করলে এখননি আপনাদের জান বাহির করে নিতে পারে ?? এইযে ভুল তর্ক করতাছেন , তৌবা করে নিন আল্লাহর কাছে	Neutral
1358	শরিফ অাহম্মেদ অভি Apni no good	Negative
1359	গান টা না পাল্টে পোশাক টা পালটালে বেশী ভালো হতো পোশাক টা ঠিক রেখে গানের কথা পাল্টিয়ে কাকে অপমান করলেন তা কি একবারো ভেবেছেন যাই হক আল্লহ সবার উপর রহমত দান করুন,,,, আমিন	Negative
1360	কমেন্ট করে জেলখানায় যাই আর কি!! যা হচ্ছে ভালই হচ্ছে, যা হবে ভালই হবে। ওকে???	Neutral
1361	সুলতানা কামাল তর মাং ফাইরা লবন লাগামু।খানকির জি	Negative
1362	ভাই google pixle 2 রিভিউ করবেন না??	Neutral
1363	এ কেমন অনিয়ম রেস্তোরা	Negative
1364	সবগুলাই গরু।	Negative
1365	পটাকা আবার কোন ধরনের শব্দ? এইটার মানে কি?	Neutral
1366	সাব্বাস আসিফ।	Positive
1367	আরে ভাই সায়েন্স আর আর্টস এর ছেলে মেয়েরা প্রেম করলেই হবে আমাদের কাছে আসতে হবে টাকা ছাড়া সবকিছুই অচল। আমাদের(Commerce) খেলা টাকা নিয়ে, এ খেলায় তাদের অংশগ্রহন করতে হবেই।	Positive
1368	পুরাই বাইনচোৎ পাগলচুদা, ঠিকমতো কথাই বলতে পারেনা সে আবার দেশের শিক্ষামন্ত্রী। পাগলচুদা বলেইতো সাংসদরা বক্তব্য দিতে দিলনা।	Neutral
1369	অপু তুই একটা মাগি	Negative
1370	১০০% কথা বলেছেন	Positive
1371	হায় ছাত্রলীগ, হায় বাংলাদেশ! এ কলঙ্ক শুধু আমাদেরই। শুধুই	Neutral
1372	সেই একটা নাটক!!!!!!	Positive
1373	কিরে গাজী মুখে দাড়ি রাখসনা কিলিন সেভ করস আর বড় বড় কথা বলস ইসলামে কি গালি দেওয়া জায়েজ আছে ইসলামের কথা বল আবার গালিও দেও গালি ছাড়া কথা বললে মানুষ সুনবেনা গালি দিলে কথা বললে ভাল কথা বললেও মানুষ অপছনদ করে	Negative
1374	৪০ হাজার কোটি টাকা খরচ করে পদ্মার মত অন্তত ৩ টা বানাইতে পারত।	Neutral
1375	অনেক গোস্ত হবে আমাদের এলাকায় হলে জবাই করে খেয়ে দেখাতাম ওদের দেবতা আমাদের পায়খানার রাস্তা দিয়ে বের হয়েগেছে।	Negative
1376	বলদ নি তুই আওয়ামীলীগ ভয় পাইলে এই লুক রে ই পায়,	Negative
1377	এখানে খালিদ। আর সমি কায়সার থাকলেই হত। আর অতিথি দরকার নাই	Neutral
1378	সত্যিই অসাধারন	Positive
1379	এখন আমি অন্য আমি হয়ে ছুটে চলি তোমারই শহরে হারিয়ে চোখের যত ঘুম ঝুম উড়ে উড়ে দুরে দুরে ঝুম মেঘে মেঘে ডানা মেলে ঝুম উড়ে ঘুরে তারে ডাকি ঝুম উড়ে উড়ে দুরে দুরে ঝুম মেঘে মেঘে ডানা মেলে ঝুম উড়ি ঘুরে তারেই খুজি আলো আধারির এ মায়ায় এই অবেলায় মন যে হারায় চেনা মেঘে ভচেনা কত পথ হঠাত কেনো থমকে দাঁড়ায় তোমার আমার ফেলে আসা যত রঙিন রঙিন স্মৃতি লুকিয়ে অবুঝ ঠিকানায় অচিনমনের অচিন কোন কোণে বন্দী আজও আমি ভুল সে পথের সীমানায় এখন আমি অন্য আমি হয়ে ছুটে চলি তোমারই শহরে হারিয়ে চোখের যত ঘুম ঝুম উড়ে উড়ে দুরে দুরে ঝুম মেঘে মেঘে ডানা মেলে ঝুম উড়ে ঘুরে তারে ডাকি ঝুম উড়ে উড়ে দুরে দুরে ঝুম মেঘে মেঘে ডানা মেলে ঝুম উড়ি ঘুরে তারেই খুজি	Neutral
1380	এত ভালো লাগে শুনতে!	Positive
1381	কেউ কি চিরকুট গানটার নাম বলতে পারবেন . .	Neutral
1382	অসাধারণ একটি প্রতিবেদন জন্য তাজা নিউজ কে অসংখ্য ধন্যবাদ। এই জন্য তাজা নিউজকে একটি ভালো লাগে	Positive
1383	এই দুইটা মাগি খানকিমাগি মাদার চোদ ইমরান	Negative
1384	ইমরান কুত্তার বাচ্চা। একটা জাওরার বাচ্চাও বটে আর সাথে আছে দুই বেইশসা	Negative
1385	ধন্যবাদ ভাই, সব সময় অপেক্ষায় থাকি	Positive
1386	খানকির পুতাইন ভিডিও বানাস ভাল।কিন্তু sex sound দেস কেন?	Negative
1387	ইমরান এইচ সরকার, অপু উকিল ও সুলতানা কামালের সব গুল কুত্তার বাচ্চা ।	Negative
1388	মাহি তুমি সবসময়	Neutral
1389	ভাই, সব শেষ।	Negative
1390	বেডা তরে দেখতে মন চায়না সালা লুইচ্চা	Negative
1391	razwan siam এই কারণে পড়া বানানটাও বেটা শুদ্ধ করে লিখতে পারস না।আরে বেটা পাবলিক বানানটা আলাদা হবে,সংযুক্ত হবে না।এইবার তো বুঝলি তোদের জায়গা পাবলিক বিশ্ববিদ্যালয়ে কেন হয়না।আবাল ঘরের আবাল।	Negative
1392	hurry!!!!!! বাংলাদেশ হারছে আমি খুব খুশি।।।	Negative
1393	জাফর ইকবাল কে সমত্তন করে যে, নাস্তিক হবে সে, নাস্তিকের বাচ্চা নাস্তিক,	Negative
1394	অপূর্ব মানেই সুন্দর অভিনয় সুন্দর গল্প নাটক কি বেস ভালো লেগেছে তব একটা জিনিষ ঠিক বুজলাম না সাফা কবির একটু বেসিই এক্সেস করছে	Positive
1395	কাচি দিয়া জিপলাইন বানাইছে	Neutral
1396	আপনার ভয়েস সুন্দর, আর কিছু আপডেট হউন, Supersaf TV / Unbox Therapy এদের মত লাগবে যদি আপনি নিজের ফেস দেখিয়ে ভিডিও করেন আর সাবস্ক্রাইব তো হবেই। এগিয়ে যান	Positive
1397	এইজন্যই রাজাকারের বাচ্চারা বলে বংগবন্ধু তো মাঠে গিয়ে যুদ্ধ করে নাই, তাইলে দেশের জন্য তার অবদান কি! আরে রাজাকারের বাচ্চারা এইটা ভুলে যায়, সে যদি ডাক না দিত তাইলে সারাজীবন বাঙালি পাইক্যাদের পায় ধরে মাফ চাইতো আর হালই চাষ করত। আসি বুদ্ধিজীবি প্রসঙ্গ! বুদ্ধিজীবিরা যদি রাজাকাদের বাপেদের জন্য হুমকি ই না হইতো তাইলে লিস্টি কইরা কইরা বুদ্ধিজীবিদের জবাই করা লাগতো না রাজাকারের বাপেদের। কারন ওরা বাঙালির মেরুদন্ড ছিল। ওরা যুদ্ধের আগে থেকেই আপামর বাঙালিরে বুদ্ধি বিলাইছে, সাহস দিছে, স্বাধীনতার প্রয়োজনীয়তা বুঝাইছে। যুদ্ধ হইছে নয় নাস। তারা বায়ান্ন থেকে ৭১ পর্যন্ত বিশ বছর বাঙালিরে নিজের অধিকার চিনতে, চাইতে শিখাইছে। এটা বুঝতে মহাজ্ঞানী হইতে হয় ভাইয়া? তখনকার বুদ্ধিজীবি আর আজকের দলচাটা বুদ্ধিজীবী এক ছিল না। পড়েন নাই? বাংলা ইতিহাস কি উর্দুতে পড়ছেন?	Negative
1398	ভাই শেষে যেই ছবিটা দেখিয়ে বল্লেন বাজেটে এই গরিবদের জন্য কিছুই নেই? বাংলাদেশের কোন ইতিহাসে আপনি দেখাতে পারবেন না যে তাদের জন্য কেও কোন উদ্যোগ নিয়েছে। এদের সবাই ইউস করে ইমোশনাল অস্ত্র হিসেবে	Neutral
1399	বাংলাদেশ ফুটবল টিম থেকে গোছানো খেলা খেলসে।	Positive
1400	কেমন দুনিয়া	Neutral
1401	আমি মনে করি শেখ হাসিনার সরকার ক্ষমতায় থাকলে বাংলাদেশ অনেক উন্নত হবে।	Positive
1402	তুই একটা খানকি,,,,, খানকি মাগি	Negative
1403	আসিফ সারাজীবন টকশো দালালী ই করতে পারবি এর বেশী কিছু পারবিনা	Negative
1404	আপনার ভিজুয়াল top notch।আপনার কন্টেন্ট বাংলা YouTubing এ YouTube এর টপ চ্যানেল গুলোর প্রিমিয়াম স্ট্যান্ডার্ড আনলো।চালিয়ে যান।	Positive
1405	চমৎকার	Positive
1406	কিসের মধ্যে কি, পান্তা ভাতে ঘি('!')	Negative
1407	আবার হাসিমুখ কথা ও সুরঃ জিয়া সেই কবে ছিল উচ্ছাস, কিছু শঙ্কায় ভরা চুম্বন ছিল প্রেমিকার ঘন নিশ্বাস, হাসিমুখে ফোয়ারা। এই অবেলায় ফোঁটা কাশফুল, নিয়তির মত নির্ভুল যেন আহত কোন যোদ্ধার বুকে বেঁচে থাকা এক মেঘফুল যদি ঘরে ফেরা পাখি নিশ্চুপ, হৃদয়ে ঢেউ ভাঙ্গে ছুপছুপ, তবু জাহাজীর নাগরিক ঢেউ, অপরাধ মেনে নিয়ে কেউ কেউ, যদি শোঁকগাথা হাতে বহূদুর যাও একদিন ঠিকই এনে দেব হাসিমুখ।। রোদ্দুর, একসাথে হেঁটে হেঁটে যেতে চাই বহূদুর বুকের ভেতর ডানা ঝাপ্ টায় পাখি, বেপরোয়া ভাংচুর। তুমি চেয়ে আছ তাই আমি পথে হেঁটে যাই, তুমি চেয়ে আছ তাই আমি পথে হেঁটে যাই। বুকের পাঁজরে ওড়ে প্রজাপতি, স্বপ্নের দিগন্ত রঙিন। ইচ্ছে হলেই এনে দিতে পারে বেপরোয়া রোদ্দুর ঝলমল দিন। প্রেমিকার মুখ রক্তিম ছিল রোদ উঠে গেছে তাই তো্মাদের নগরীতে আমি আজও হেঁটে বেড়াই।। বৃষ্টি ভেজা সুখ-দুখ, খোলা জানালায় হাসিমুখ উড়ছে কিছু প্রজাপতি মেঘ মনের জানালায়। জানালায় ছিল রোদ্দুর, মেঘ ভেসে গেল বহূদুর নগরের প্রিয় চিরকুট সব জীবন ছেড়ে পালায়। তুমি চেয়ে আছ তাই আমি পথে হেঁটে যাই, হেটে হেটে বহুদূর, বহুদূর যেতে চাই। প্রতিটি রাস্তায় প্রতিটি জানালায় তোমাদের যারা হাসিমুখে বহুদূর যেতে চায়; তুমি চেয়ে আছ তাই, আমি পথে হেটে যাই, হেটে হেটে বহুদূর, বহুদূর …………	Positive
1408	এখন আমি অন্য আমি হয়ে ছুটে চলি তোমারই শহরে হারিয়ে চোখের যত ঘুম ঝুম উড়ে উড়ে দুরে দুরে ঝুম মেঘে মেঘে ডানা মেলে ঝুম উড়ে ঘুরে তারে ডাকি ঝুম উড়ে উড়ে দুরে দুরে ঝুম মেঘে মেঘে ডানা মেলে ঝুম উড়ি ঘুরে তারেই খুজি আলো আধারির এ মায়ায় এই অবেলায় মন যে হারায় চেনা মেঘে ভচেনা কত পথ হঠাত কেনো থমকে দাঁড়ায় তোমার আমার ফেলে আসা যত রঙিন রঙিন স্মৃতি লুকিয়ে অবুঝ ঠিকানায় অচিনমনের অচিন কোন কোণে বন্দী আজও আমি ভুল সে পথের সীমানায় এখন আমি অন্য আমি হয়ে ছুটে চলি তোমারই শহরে হারিয়ে চোখের যত ঘুম ঝুম উড়ে উড়ে দুরে দুরে ঝুম মেঘে মেঘে ডানা মেলে ঝুম উড়ে ঘুরে তারে ডাকি ঝুম উড়ে উড়ে দুরে দুরে ঝুম মেঘে মেঘে ডানা মেলে ঝুম উড়ি ঘুরে তারেই খুজি	Positive
1409	এখানে আলেমকে আনা হয়েছে অপমান করার জন্য৷সব নাস্তিক এক হয়েছে	Negative
1410	ভ্যাই আরো চাই এমন .	Positive
1411	টিউলিপের মতো আবর্জনার পা ধুতে মাহমুদুর রহমানের মতো ব্যক্তিত্ব সম্পন্ন ব্যক্তি কেন যাবে ?	Neutral
1412	ভারত জিতলে জিতে যায় সাকিব	Negative
1413	এখানে মুসলিমদের বেপার এখানে পতিতা দুই জন কেন	Negative
1414	এটার মূলের তথ্য কোথায় পেলেন তা আগে বলেন। না দিতে পারলে এমন তথ্য দেবেন না।	Neutral
1415	ভাই ভালো তো	Positive
1416	যারা আওয়ামীলীগকে ভোট দিবে তারা জাতীয় বেইমান,,, ছাএলীগ নব্য রাজাকার,,উন্নয়নের নামে ব্যাংক খালি করে বিদেশে টাকা পাচার,,এদেশে ফেরেশতাও পরপর তিনবার ক্ষমতায় যেতে পারবে না ,,জনগন মেনে নিবে না,,,,	Neutral
1417	হায়রে বাংলাদেশ, কোথায় যাবো আমরা।	Negative
1418	Nahid Hassan হ্যাপি এন্ডিং দিলে মানুষ বেশিদিন মনে রাখেনা। তাই স্যাড এন্ডিং লাগে।	Neutral
1419	,ওকে আমি খুন করবো	Negative
1420	akomt badiu vai ভাই আমি কাতার থেকে বলচি,আপনাদের অনুস্টান অনেক দিন থেকে দেখচি,কিন্তু মাজে মাজে আমি গোলক ধাধার মদ্দে পরে জাই কারনটা হলো,আপনাদের এপিসুড গুলো এলো মেলো করা থাকে,।আমার মতে আপনারা যদি প্রতের্কটা এপিসুডের উপরে এপিসুড নাম্বার সহ একটা উয়েল পেপার সেট করে দেন তাহলে সবার জন্যে ভালো হয়।	Negative
1421	ভাই এই কমেন্টগুলো দেখলেইতো বুঝা যায় কার সাপোর্ট বেশী। নাস্তিকদের নাকি আলেমদের	Neutral
1422	আমরা অল বাং গালি আবার দেখতে চাই	Neutral
1423	এগিয়ে জান	Positive
1424	ভাই আলপিন লুমির পেন রাও আছে =D !	Positive
1425	আপন চরকায় তেল দেন	Neutral
1426	ইংরেজি word? এটাকে ভাষা দূষণ বলে। বুঝেছেন?	Neutral
1427	shakil ahmed - গাবতলি থেকে গুলশান/বসুন্ধরা পর্যন্ত মেট্রো ট্রেন এর কাজ শুরু হয়েছে। যেখানে ট্রেন মাটির নিচ দিয়ে যাবে। গাবতলি বাস টার্মিনাল সরানো হলেই কাজ পুরোদমে শুরু হবে।	Neutral
1428	আসিফ নকরুল ও তোহিন এ দুই হালায় সব কিছোর।মাজে বাম হাত দেয়	Negative
1429	আশরাফুল ভাই কে চাই	Positive
1430	আচ্ছা আপনারা যারা writer আছেন তারা কি চান যে viewers দের নাটকের শেষে কাদতেই হবে। না হলে সফল হবেন না। Happy ending হলে দোষ কি??????	Negative
1431	মহান একজন মানুষ স্যার আাপনি	Positive
1432	আশা করছি সবাই এই ভিডিওটি ফেইজবুকে শেয়ার করবেন। ও ফেজবুক ব্যাবহার করে চাঁদাবাজি করছে আমরা সেই ফেইজবুক ব্যাবহার করবো সত্য প্রকাশের জন্য।	Positive
1433	দুই মাগী আর খানকির পলা কমেনডে দেখ বাংলার মানুষ কনদিকে আচে	Negative
1434	অপূর্ব মানে অস্থির	Positive
1435	শেষ ৬ ওভার! যেভাবে আমরা ম্যাচে জিতে গিয়ে হেরে গেলাম!	Negative
1436	একটা ফোন কিনবো, কি ফোন ভাল হবে , ২০ থেকে ২৫ মধ্যে?	Neutral
1437	এ তিন জন নাসতিক	Neutral
1438	আওয়ামীলীগ মানে বেয়াদব	Negative
1439	দূর হালা,,, বই পড়সনা, আবার ফালতু কথা বলস।	Negative
1440	শয়তানের বাচ্ছ জাফর ইকবাল	Negative
1441	নাটকটি অনেক জোস, কিন্তু ঢাবি, বুয়েটের গল্প IUBAT তে	Positive
1442	কোন মাদারচোদরা খাবি মরার পরে জাহার নুমেও জাগা পাবিনা রে তোরা	Negative
1443	অনেক সুন্দর হইছে আরফান ভাইয়া।You are relly awesome actor.	Positive
1444	৪ ৫ বার হারার পর একবার জিতেই নাগিন ড্যান্স । অথচ এই বাংলাদেশকে শ্রীলংকা যে কতবার হারিয়েছে তার হিসাব নেই । পরিসংখ্যানের দিক দিয়ে হিসাব মিলিয়ে দেখবেন কে কতবার জিতেছে । আর র‌্যাংকিংয়ে কার কোন অবস্থানে আছে । শ্রীলংকা চাইলে বাংলাদেশকে অনেকবার নাগিন ড্যান্স দেখাতে পারে । সে ক্ষমতা অবশ্যই তাদের আছে । তো এ সব ক্ষেত্রে বড়াই না করাই ভালো । বরং জেতার পর পরাজিতদের প্রতি সৌহার্দ্য বজায় রাখাটাই সব চাইতে বুদ্ধিমানের কাজ । জেতার পর কাউকে ব্যঙ্গ করাটা ভবিষ্যতের জন্য শুভকর নয় । ইতিহাসে এ্র পরিণতি লক্ষ্য করা গেছে ।	Negative
1445	আসিফ নজরুলের মতো ইচড়ে পড়া বুদ্ধিজীবীরা সব সময়ের জন্য মানুষের দোষ ধরার ব্যস্ত থাকে নিজের দেশ কখনই দেখতে পায়না রোকেয়া প্রাচীর কে ডিভোর্স দিয়েছে কেন নিজের বন্ধুর মেয়েকে ফুসলিয়ে তার সংসার ভেঙ্গে তাকে বিয়ে করা তিনি আবার টকশো বিশারদ	Negative
1446	"২০ কোটি করে মুক্তিযদ্ধে দেয় হোক। আর ৫০ কোটি করে আমলা দের দেয় হোক, আর বাঁশ দেয় হোক সাধারনদের ""??? ওকে, আর মাটি য়া চোধরি কে গলা বাজি র জন্য ১০০ কোটি টাকা দেয় হোক, আর পিটু পুলিশ কে ৬০ কোটি করে আর নেতী কে ৫ হাজার লাখ কোটি টাকা দেয় হোক, তিনি বড় তাই, আর মিথ্যা মুনতি দের ১০০ কোটি আর তা রা না ধা না কে ৪০ কোটি লীগ নেতা ছাত্র দের ৩ কোটি, শিক্ষা মুনতি ২০০ কোটি দেয় হোক, সাধারনদের লাঠি পেটা ও গুলি দেয় হোক ওকে???? হা,,,,"	Negative
1447	'পাগলে কয় কি আর ছাগলেরা খায় কি'! !!!!!	Negative
1448	২০ মিলিয়ন কবে হবে????	Neutral
1449	ভালো, এগিয়ে যাক দেশ কিন্তু এরকম যেন না হয় কারও সম্পদ কেউ দখল করে নিচ্ছে।	Neutral
1450	এত কিছু হয়েছে অতচ বাঙ্গালি কিছুই জানে না।।	Negative
1451	পুলিশের অবহেলা এর মুল কারন।	Negative
1452	Meherun Mit পড়া‌শোনা না কইরা সারা‌দিন খা‌লি টো টো ঘুইড়া বেড়াই‌লে তো রেজা‌ল্টের এই অবস্থা হইবই । এখন দোষ দাও শিক্ষামন্ত্রীর নাহ ?	Negative
1453	কথায় কথায় রাজাকারের বাচ্ছা বলে গালি দেয়। যাই কিছু করে জামাত শিবিরের দোষ। এটা সরকারের কি ধরনের আচরন?	Negative
1454	সুলতানা কামলকে চৌর রাস্ত মাজে নিয়া লেংটার করে বাররাতে হবে এবং ইমরাকে জুতা মারা দরকার।	Negative
1455	কথা আছে মা ভালো সন্ধান ভাল হয় ।ভালো বীজ থেকে ভালো ফসল পাওয়া যাই । আর আওয়ামী লীগের প্রধান যদি কথা ই কথা ই মিথ্যা কথা বলে তাহলে আওয়ামী লীগের এ টু জেট মিথ্যা কথা বলবে ই তাই এই আওয়ামী লীগকে মিথ্যা দল বলে ঘোষণা করা হোক ।	Negative
1456	দেখুন তিন কুলাঙগার নাস্তি এক জনকে কুকুরের মতো কামড়াছেন	Negative
1457	মাহমুদূর রহমানের কথা তুই কি জন্য শুনচত তুই হইলে এক নামবার গরু ছাগল,	Negative
1458	হুমায়ুন আহমেদ এর ভাই তো ওজনটা ওরকমই।।	Neutral
1459	ভাই সবাইতো ভিডিওটা দেখচেন।এখন আপনারা কি বুজতে পারচেন এদের মধ্যে তিন জন লোক একে বারেই গেন হীন মানুষ এবং নাস্তিক	Negative
1460	himel mahmud ভাই আপনি খুব সুন্দর কথা বলছেন আল্লাহ্‌ তালা কখন কী করেন তা বলা অনেক কঠিন আমরা সাধারন মানুষ এখন কিছু বলতে পারি না সত্যি বলে হয়তো নিখুজ আর নইতো জেলে	Positive
1461	অনেক বড় পলিটিসিয়ান আপনে,,,,!!মানুষকে বলদ মনে করেন,,!!মানুষ বুঝে না,,!	Negative
1462	সবাই ভাল অভিনয় করছে	Positive
1463	ধন্যবাদ ইলিয়াচ কানচন ভাই	Positive
1464	গোল্ডেন জিপিএ ফাইভ কখনো একজনকে ভালো ছাত্র হিসেবে জাজ করতে পারে না।কিন্ত আমাদের পরিবার,সমাজ মেতে থাকে গোল্ডেন জিপিএ ফাইভ এর উৎসবে ।আমাদের সকলের উচিত প্রতিটি সন্তানের পাশে থাকা ।তাদের কর্মদক্ষতা সম্পর্কে অবহিত থাকা। তাদের উপর ভালো রেজাল্ট করার ভার চাপিয়ে না দেয়া।আপনার সঠিক দিক নির্দেশনা ও মোটিভেশনে পারে আপনার সন্তানের সুন্দর ভবিষ্যতের পথের দিশা দিতে।	Positive
1465	অসাধারণ একটা নাটক	Positive
1466	নতুন ভিডিও চাই	Positive
1467	আর মেয়ে পেলেন খালেক,ভাই।	Neutral
1468	কি দারুন তিনজন বনাম একজন। তিন শুয়োরের সাথে এক মুসলিমকে কামড়ানোর আয়োজন । উপস্থাপক আরেকটা কুত্তা	Negative
1469	আসলে উপহাস করা ঠিক নয় এখন দুনিয়াতে সব কিছু উলটো হয়ে যাচ্ছে, পাপ বেচে যাচ্ছে, তাই আল্লাহর ইচ্ছে তে কত কিছু ঘটছে, আমরা বাঙ্গালী রা, গিবতটা খুব করি, এ, ভাল না, ও ভাল,।	Neutral
1470	কে কে ২০১৮ তেও শুনছো আমার মত	Neutral
1471	ভালই বলসেন বি এন পি-র হাহা হা	Negative
1472	দেখতে শুরু করলাম আশা করি ভাল লাগবে	Positive
1473	আত সুন্দর গল্প। নিস ভাই এর অভিনয় খুব সুন্দর!	Positive
1474	ঘটনাটা দেখে ভাদাইমার ভিডিওর কথা মনে পড়ে গেলো ভাই	Negative
1475	এগিয়ে যাও আমরা আছি তোমাদের সাথে	Positive
1476	বুঝাই যাচ্ছে আপনি বিএনপির লোক,, ভাই দেখা যাক না কি হয়???আগে ভাগেই মানুষকে বিভ্রান্ত করবেন না, ইতিবাচক হোন	Neutral
1477	Nice review তুষার vai	Positive
1478	চেলেদেরকে বলে মাগি বাজ সুমি কি . হিন্দুচোদা খাওয়া বাজ?	Neutral
1479	বাংলাদেশে উপরে ফিটফাট ভীতরে সদরঘাট। দুনিয়ার আকাম কুকাম, দুর্নীতিতে ভরা আর এল্কোহল খাইলেই জাত যায়। তাছাড়া রেস্টুরেন্ট এ খাওয়ারত বিদেশী কাস্টোমারদের জিজ্ঞাসাবাদ করার অধিকার এই প্রতিবেদক কোত্থেকে পেল??!! বা** ফেলতে আর জ্যামের মধ্যে বসে থাকার জন্য বিদেশীরা এখানে আসবে?? আমি হইলে এই ক্যামেরামেনের পাছায় দুইটা লাত্থি দিতাম।	Negative
1480	রাইট কাদের সাহেব,,	Positive
1481	৩ তিন জন ঘান কির বাচছা এবং নাসতি	Negative
1482	সরকার এদের কিছুই বল বেনা	Negative
1483	জাকির ভাইয়ের কাছে আমার প্রশ্ন চট্টগ্রামে যে রনি অধক্ষ্য মহাদয়কে পিটালো আপনি এটা কে কিভাবে দেখছেন বা ব্যাখ্যা করবেন	Negative
1484	আমি সেখ হাছিনাকে বলছি আপনি ইমরান সুলতানা কামাল কে গ্রেপতার করুন নাহলে আপনি খমতা ছারুন	Negative
1485	কমেন্ট করে জেলখানায় যাই আর কি!! যা হচ্ছে ভালই হচ্ছে, যা হবে ভালই হবে। ওকে???	Neutral
1486	List 10 মিনিট মোটেও ভালো লাগি নি ।	Negative
1487	ছেলেটা যখন চিরকুট পেলো আমাকে আর সাথে (যতদূর সম্ভব তার দেয়া) তখন সভাবতই তার মন তবে, যখন বৃষ্টি আসলো তখন তাকে অনেক আনন্দিত মনে সে কিন্তু গানটা না যাকে বলি স্যাড ঘটনাও শুরুটাও তবুও সে এটা কি স্যাকা খাওয়ার পর তার দেয়া দামি চুরি ফেরত পাওয়ার খূশী??? এটা কি পরিচালকের মুর্খতার প্রমাণ?? নাকি অন্যকিছু?	Negative
1488	ভাইয়া কি খিলগাঁও থাকেন ?	Neutral
1489	সম্প ভঙেগর বেদনার নীল আকাসের নীচে আবারও দাঁড়িয়ে ছিলাম আমরা ষোল কোটি মানুষ কিন্তু হল না	Negative
1490	রুবেল এর দোষ দিয়ে লাব নাই। সেতো আর ইচ্ছা করে হারাইনি। তাছাড়া এই ক্রিজে এই রান নেয়ার এবিলিটি তাদের আছে। এত আবেগময় হলে চলবেনা। এইবার হারছি তো কি হইছে। আবার লরাই করবো আবার জিতবো। জয় বাংলা। আমার সোনার বাংলা আমি তোমায় ভালবাসি!!!	Positive
1491	এই মানুষটার অনেক বই পরেছি, হটাত করেই youtube এ video টা চোখে পড়লো। একাত্তর এর গল্পটা শুনে কান্না পেয়ে গেল। sir আপনাকে প্রণাম। যেমন আপনার লেখা পরে মুগ্ধ হয়েছি তেমন আপনার অসাধারণ কথা শুনে ধন্ন হলাম। krishnendu - from howrah, kolkata,west bangal.	Positive
1492	"ধ্যাততেরিকি বাংলা কমেডি মুভি টি দেখুন এবং চ্যানেল টি অবশ্যই ""SUBSCRIBE"" করুন"	Neutral
1493	মনে থাকবে কোনো এক বৈশাখের কথা	Neutral
1494	জায়গা টা কোতায়?????	Neutral
1495	সেষ টি একটু কেমন হয়ে গেল	Negative
1496	মাগিরা বড বড কথা বলে	Negative
1497	সাকিব বোদাই চোদা কিজন্য সোম্য চোদনাকে লাস্ট ওভারে বল দিল। এজন্য রাগ উঠে যায়। তারপরও বাংলাদেশকে সাপোর্ট করে যাব। আশা করি এরপর ভূল সিদ্ধান্ত আরো কম নিবে। আজেবাজে বোলারদের আর গুরুত্বপূর্ণ সময়ে বল দিবে না।	Negative
1498	নওপেল জারজ তাই।এসব বলে	Negative
1499	ধন্যবাদ ভাই।নাস্তিক জাফর ইকবালকে জুতা দিয়া পিটাইয়া মারা দরকার।	Negative
1500	still listening in 2017,,,,, অদ্ভুত মাদকতা গানটায়	Positive
1501	অনেক ভালো হইছে নাটকটা	Positive
1502	এই প্রেমের পুরনো খেলা আর জমেনা, তোমার প্রেমের নেশা আমায় আর পাবেনা। বেসেছি ভালো তাই বলে কি! মেনে নেবো তোমার সবই! ছলাকলা লুকোচুরি আমার সাথে না। কথা যে ছিলো দু'জনে হবো দু'জনের পুরোটাই। না জেনে শুধু ব্যথা তুমি দিয়েছো আমি তাই হয়েছিরে পটাকা, রে পটাকা, রে পটাকা। মাতাল রোমিও হলে হবে কী! প্রমাণ করতে না পারো যদি। মুখের কথায় গলবে না এ মন দূরে দূরে থাকো তাই ভালো। ডাকতে তুমি কতো নামে কী দেখালে পরিণামে! মিছে কথার বাতি জ্বেলে, বারেবারে শুধু বোকা সাজালে। শিখেছি আমি তোমার থেকেই, 'না' বলে ফিরিয়ে দিতে তোমাকেই। চেয়েছো তুমি আমায় পোড়াতে। আমি ভালো থাকি বিপরীতে।	Neutral
1503	kawsar alam আপনার অসাধারণ, সুন্দর ও সাবলীল ভাষার কমেন্ট পরে আমি মুদ্ধ। আপনি নিশ্চই আপনার কমেন্টে উল্লেখ করা ফ্যামিলির লোক।	Positive
1504	আওয়ামীলীগ মানে বেয়াদব	Negative
1505	ইমরানের মুখে জুতা মারা দরকার। ওই মহিলা দুটিকে পিটানো উচিৎ।	Negative
1506	মুক্ত চিন্তা মানেই কি ০ ইসলামের বিরুদ্ধে কথা বা লেখাই ? ০ আর হুমায়ুন জাফর এরা কি মুক্তি যোদ্ধা ? এদের তো মুক্তিজুধদে জাওয়ার বয়স ছিল জুধদে জাওয়ার কেহ তো গেলেন না - আর তাদের মাতাই তার লিখিত বইয়ে লিখেছেন তাদের নানাকে মেরেছে মুক্তিজধদারা - তাদের বাবা তো পাকিস্তান স্রকারের পক্ষ ত্যাগ না করে জুদ্দে জান নাই ০ স্বাধীনতার আগ পর্যন্ত পাকিস্তান সরকারের গলাম ছিলেন ০ উনারা পাকিস্তান সরকারের মাহিনা খাইছেন - আর জাফর সাহেবের ইস্তির গায়ে হাত কারা দিয়েছিল ? আর নুহাশ পল্লী হল গেনি পাপিদের পতিতা লয়	Negative
1507	আমি ১০০% সিওর আপনি বিরদি দলের না হলে একটিতো ভালো গুন তুলে ধরতেন ভাই, দেশের মানুষ সব গুলো গাধা, ধন্যবাদ ভাইয়া চালিয়ে যান একদিন সফল হবেন ইনসা আল্লাহ????	Neutral
1508	ইমরান একটা পাগল(ছাগল)! আমি আফসোস করি! কারণ, ওইটার জন্ম আমার প্রিয় কুড়িগ্রামে!!!	Negative
1509	এগিয়ে যাও	Positive
1510	এটা তাহলে তো দেশের আরও বাঁশ দেবে	Neutral
1511	TopTenTech আমি	Neutral
1512	ছিঃ,এভাবে অপমান নিজের দেশের ক্রিয়েটিভ পিউপিলকে,ছিঃ	Negative
1513	মরলেও লরাই করে মরছি	Positive
1514	আর ফাজলামির জায়গা পায়না তারা ভাবছিলাম কি জানি কি অদ্ভুত ব্যাপার এখন দেখি ফালতু নিউজ!!	Negative
1515	দারুন লাগলো,তবে USB TYPE, C কি জানাবেন,এর কাজ কি,	Positive
1516	নো নো ফিনিশিং টা হলো না	Negative
1517	আহা ফেসবুক	Positive
1518	ভাত খাইতে বইয়া ভিডিওটা দেখতে লইসিলাম। দেখা অর্ধেক শেষ হইতে না হইতে হাসতে হাসতে গলায় ভাত ঠেইকা গেসে	Positive
1519	এই ছেলে পাগল। বিদেশে ঐ দেশের ভাষায় কথা না বলে ওখানকার লোকদের সহিত ও বাংলায় কথায় বলতে হবে পাগলামি ছাড়া আর কি ? বাংলাদেশের রাষ্টীয় ভাষা বাংলা তাই বলে ইউরোপের দেশগুলির রাষ্ট্র ভাষা কি বাংলা হতে হবে । এই সব কি ? মুসলমানরা অসভ্য অন্ধবিশ্বাসী । মোল্লারা জানে না মানুষ মরে গেলে সব শেষ ,হৃদপিন্ড বন্ধ হয়ে যাই ,রক্ত উৎপন্ন হয় না, রক্ত চলাচল হয় না আর তাই লাশের কোন অনুভূতি থাকে না । তাই কোন লাশকে কবরে দাফন করার পরে সাওয়াল জবাব হয়, লাশ কথা বলে এইসব মিথ্যা কথা, জাল কথা । ভয় ভীতি প্রদর্শন কি সন্ত্রাস বা terrorism নয় ? ইসলাম যে বলে লাশ দাফন করার পরে সাওয়াল জবাবে ফেল করলে ভয়ংকর আজাব হবে কবরে ,ইহা কি মিথ্যা ভয় ভীতি প্রদর্শন নয় ? তাই ইসলাম সন্ত্রাস বা terrorism . প্রমানিত। আরেকটি প্রমান দেখুন , মরা মানুষের রক্ত হয় না তাই রক্ত চলাচল করেন বলে পচে গলে নিশ্চহ্ন হয়ে যাই কিছুই থাকে না তাই আল্লাহ যে বলে হাশর হবে , সেইদিন হাড , আংগুলের অগ্রভাগ পর্যন্ত জোগাড় করে আবার মানুষ বানিয়ে মানুষের হৃদপিন্ড লাগিয়ে , চালু করে , জীবিত করে কবর থেকে তুলে আমলনামা হাতে দিয়ে বিচার করবে , হয় জান্নাত দিবে নয়তো জাহান্নমের আগুনে জালাবে ? এইসব কি ? যদি জাহান্নামের আগুনে জলায় মৃত মানুষকে হাড ,টার জোগাড করে আবার মানুষ করে দোজকের আগুনে জালালে সে তো পুডে আবার ছাই হয়ে যাবে ? যেই লাউ সেই কদু নয় কি ? এই যে মিথ্যা জাহান্নামের আগুনের ভয়ংকর ভয় ভীতি প্রদর্শন সন্ত্রাস বা terrorism নয় ? ইসলাম হলো সন্ত্রাস বা terrorism । ভয়ংকর ভয় ভীতি প্রদর্শন করে ঈমান বা বিশ্বাস অর্জনই ইসলাম। মিথ্যা বলবেন না ? কুরআন যে মিথ্যা শুধু সুরা ইনফিতরের (৮২) ১,২,৩,,৪,৫ আয়াত গুলি পড়েন । ১) আকাশ ভেঙ্গে যাবে। আকাশ কি ভাংগার জিনিস ভেঙ্গে যাবে ? আল্লাহ কিছুই জানে না ,সৃষ্টি কর্তা নয় । তাই কুরানে মিথ্যা কথা বলেছে। আকাশ মহাশুন্য যাতে গ্যাস থাকে যাহা ভাংগার জিনিস নয়। ২) তারা গুলি মাটিতে পরবে । তারা কি জমিনে পরতে পারে ? আল্লাহ সৃষ্টি কর্তা নয় তাই তারা কি জিনিস জানে না ।তারা সূর্যের ছেয়ে বড আলো যাহা জমিনে পরতে পারে না তাই আল্লাহ কুরানে তারা গুলি পরার মিথ্যা গল্প বলেছে। কুরআনে আল্লাহ মিথ্যা কথা বলে নাই ? তাই কুরআন মিথ্যা গ্রন্থ । আল্লাহ একজন বিশ্ব প্রতারক।অনেক অনেক প্রমান কুরআনের আছে । বলব। আস্তে।তাই মোল্লারা ও সন্ত্রাসী হয়েছে শহীদ হয়ে চিরকাল ৪০ টি হুরপরীর সহিত সেক্স করার জন্য ।ছি: হে চরিত্রহীন অন্ধবিশ্বাসী মোল্লাগন ও তাদের সন্ত্রসী অনুসারীরা তোমরা মানুষ নও । তোমরা খুনি ।নিজের বিচার নিজে করো আগে , কুরআন মিথ্যা নয় কি?	Positive
1520	এমন বীর পুরুষ ঘরেঘরে দরকার	Positive
1521	ভয়ঙ্কর সুন্দর বলে যা থাকে। তাই	Positive
1522	আমার পছন্দের দুটি চেনেল ।তাজা নিউজ এব‌ং sk Tv	Neutral
1523	plz ar সৃজনশীল koiren nah dada	Neutral
1524	thank you vai এই রকম আরো ভালো ভালো ভিড়িও তৈরী করেন। যেন আমাদের সত্যর চোখ টি খুলে যায়।	Positive
1525	বাংলার সব বড় বড় চোর জারা এর সাথে আছে তারা আর বড় চোর	Negative
1526	Xiaomi A1 er review টা যত তাড়াতাড়ি সম্ভব দিলে ভালো ধন্যবাদ	Neutral
1527	শালার পুতরে লজ্জা দিয়ে পয়দা করেনাই।	Negative
1528	গরুটা কখন জবাই করে খেয়ে বলে কথা	Neutral
1529	মাগি পাগল হয়ছে গেছে	Negative
1530	ভাই আপনে ভালো বলিছেন	Positive
1531	এটা কি টকশু নাকি অন্য কারো দালালি	Negative
1532	আমি 2K18 তেও।	Neutral
1533	ভীষণ ভালবাসি স্যার আপনাকে।আপনার দীর্ঘায়ু ও সুস্থতা কামনা করি আল্লাহর কাছে।অনেক অনেক ভাল থাকবেন। নিউজ২৪ কে ও অনেক ধন্যবাদ স্যারকে ইনভাইট করার জন্য।	Positive
1534	Yellow Pepoles কে ভাই	Neutral
1535	বন্ধুরা আমার নাম Nakib jahan // নকিব জাহান // আমার এটা youtube channal so সবাই যদি দয়া করে আমার channal টিকে subscribe করেন তাহলে ভালো হয় আমার 1k subscribe দরকার সবাই subscribe করুন বাই plz subscribe	Neutral
1536	রাজাকার রা জে মুক্তিযোদ্ধার সর্টিফফিকেট নিযে় বসে আছে ওইটা দেখেনা মতিয়া চৌধুরী ?ওরা কি ওর বাপ লাগে ?	Negative
1537	শেষের দৃশ্যটা অসাধারণ ছিলো :)	Positive
1538	গান টা শুনলে কোথায় যেনো হারিয়ে যাই,কোনো এক অজানায়।কিছু পেতে চায়,কিছু বলতে চায়।বুকের বাম পাশ টা নাড়িয়ে দিয়ে যায়।	Positive
1539	জাযাক আল্লাহ হু খাইরান ভাইয়া	Positive
1540	ভাই ওর বড় শাস্তি চাই	Positive
1541	ভাল ছিলো	Positive
1542	পড়াশোনা মানুষের জীবন না জীবনের একটা অংশ । প্রতি টা বাবা মায়ের এই নাটক টা দেখা দরকার আছে যারা সন্তান দের কে এমন golden A+ এর চাপে রাখে	Neutral
1543	এই জন্য দেশের কোন উন্নতি নাই। বাল করার আগে বদনাম।	Neutral
1544	এটা কি হইল শেষে???আমার কান্না আসতেছে	Negative
1545	সাধারন মানুষের গলা কাটার মত অবস্থা,,,,	Negative
1546	আমি কিছু বুঝতাছি না কি বলবো?	Neutral
1547	সুন্দর বলেছেন	Positive
1548	সত্যিই আমার কাছে মনে হচ্ছে আজ যদি আশরাফুল কে নিয়ে খেলা করতেন বিসিবি একাদশ তাহলে আজ আমরা নিহাধ ট্রফি চ্যাম্পিয়ন হতাম। 10000000000% সত্য ।	Neutral
1549	এই শালা জারজ ইমরান,	Negative
1550	অপূর্বের নাটক গুলো সব সময় অসাধরণ। সব নাটকে শিখার কিছু থাকে এই জন্য অপূর্বকে এতো ভালো লাগে।সমাজের বাস্তব দিক গুলো তুলে ধরতে চায় সে।	Positive
1551	টাকার জন্য কতো পাপ করতাছে আল্লাহ জানে	Neutral
1552	PINOY PINOY অাপনার কথাই আমিও একমত ভাই	Positive
1553	এই হালা পাগল	Negative
1554	না এটা ঠিক না মহিলাদের জন্য ওনেক কাজ আসে।	Positive
1555	উল্লুক ঐটা সাইড কার, হুইলচেয়ার না। জার্মানরা ইউজ করে।	Negative
1556	জাফর একা কফের	Negative
1557	নওফেল না জেনে বানোয়াট কথা বন্ধ করেন,,,,,মূর্খতামির পরিচয় দিলেন	Neutral
1558	বি পি এল সুন্দর হবে কেমন করে।জাগায় নিয়ম পালটায়। যারে ভালো লাগে তাকে সাপট দেয়।বি পি এল কর্তারা।	Negative
1559	নুসরাত কে বাংলাদেশ থেকে ভাগানো হক আমারা চাই	Negative
1560	আপনি ও and না বলে এবং বলেননি কেন?	Neutral
1561	maruf ete যারা এই গান কে রুচিঁসম্মত মনে করে তারা যেকোনো বিষয়ের মতামত দেওয়ার অধিকার হারিয়েফেলে।	Negative
1562	এই গরুটা আমিই হইতাম বাল	Negative
1563	করলাম জলদি করে কাতার থেকে আছি সব সময়	Positive
1564	জনগনের সামনে কমা চাইতে হবে এবং জুতার মালা গলা দিয়ে খমা চাইতে হবে	Negative
1565	ভালোবাসার বাহিরেও কিছু করা যায়। বালের ভালোবাসার নাটক সবদিকে	Negative
1566	আজও মনে পরে সেই টানটান সময়।যদিও আমি SSC বাংলাদেশে দিতে পারিনি,তবে ২০১৬ সালের JSC এর সেই ব্যাস্ত বছর এখনো মনে পরে।যদিও golden A* পেয়ে whole থানা থেকে first হয়েছিলাম ,তবু অই পরালেখার চাপটাকে মিস করি।পরীক্ষার পরপরই ইতালিতে চলে আসি এবং অইখানেই রেজাল্ট পাই।আজ সেই রেজাল্টের কোনো মূল্য নেই।ইতালি থেকে London আসি এবং পড়ালেখার ekta ব্যাস্ত সময় পার করছি। এখনো দেশে যাওয়ার জন্য মুখিয়ে আছি।দিন গুনছি জুন মাস কবে আসবে-	Positive
1567	iPhone X এর apps close করার gesturess সবার প্রথমে BlackBerry নিয়ে আসে, Meizu না। প্রমানঃ	Neutral
1568	খুবই গবেষণালব্ধ ভিডিও, খুবই উপভোগ্য =) শুভকামনা রইল পরবর্তী কাজের জন্য।	Positive
1569	তুই ত কোরআন জানোস না তোরে হত্যা করা ফরজ বিয়াদব	Negative
1570	বর্তমানে বাংলাদেশের সেরা খেলয়ার তামিম ছাড়া কেও এমন শর্ত পুরন করতে আমরা আশরাফুল কে চাই	Neutral
1571	হাসিনারে ধইরা গন জুতা পিটা করলে বাহির হইয়া যাইবো যে বাকি টাকা কই	Negative
1572	নাস্তিকরা কিসের জন্যে এত খুশি?	Negative
1573	I love নিশো	Positive
1574	আসল বিষয় ওনার(নওফেল) ভালোভাবেই জানা আছে। আসলে এই ধরনের কথাবার্তা বলা ওনাদের রক্তে মিশে গেছে।	Negative
1575	শমী কাওয়া ফাজলামি চুদাও?? বাল উঠেনি এখনো?	Negative
1576	The Undertaker আপনি ঠিক বলছেন	Positive
1577	বেগম মতিয়া কে বহিস্কার করা হোক	Negative
1578	অামরা অছি তো এই গুলা কেনার দরকার কিসের	Neutral
1579	তালাশ টিমকে ধন্যাবাত	Positive
1580	অসাধারন ভাই।আপনি ব্রিলিয়ান্ট,টেলেন্টেড।বস।	Positive
1581	এরা এইদেশের কুলাংগার। এদের সাথে আলেমদের বসা ঠিক না।	Negative
1582	অনেক ধন্যবাদ, সঠিক যুক্তি উপস্থাপন করার জন্য	Positive
1583	এমরান একটা জারোজ সুলতানাকামাল একটা মাগি শাথে আর একটা খানকি	Negative
1584	আশরাফুল আবার আসবে পিরে আমাদের মাজে	Neutral
1585	ভাই উপস্থাপক আপনিত সরাসরি আন্দোলনের বিরধিতা করছেন	Negative
1586	Şƥåŕťãčūŝ what is ajaira? রাস্তা আমি কেন বানাব? সরকার বানাবে। জায়গা ও সরকার করে নেবে।বুঝছেন।	Neutral
1587	ঐ খানকির পুলাড়া কি অনুষ্ঠান বানাচ মাদারচোদ,, ইমাম একজন নিচো কেন পারলে সমান সমান লোক নিতা, ৪ মাদারচোদ মিলে একজনকে ডাবাও,	Negative
1588	ছোটন কাকা দেখতেছি এখন সবখানে বিচরন	Neutral
1589	Banna vi অসাধারণ	Positive
1590	এই প্রোগ্রামের জন্য শমী কায়সার কোন ভাবেই যোগ্য ছিল না	Negative
1591	তিনটি কুতার বাচা জদি একটা মানুসকে তারা করে সে কোনো দিন পারেনা	Negative
1592	বলদ দুইটারে কেউ খানকিতে Novel দাও। they deserved khanky price!	Negative
1593	তিন কুত্তা কুত্তী মিলে একজনের পিছে লাগছে।	Negative
1594	সাংবাদিক কুত্তার বাচ্চা	Negative
1595	Allah নিয়ে মজা করা হচছে	Negative
1596	2017 সালেও শুনতেছি কি আর কবো বলার কিছুই নাই	Positive
1597	মোটা মাথা চিলাটা ইংলিশে এতো পটর পটর করে কেন? হালারপুত কি বাংলা জানে না???	Negative
1598	কাউকে বলারতো সুযোগ ই দেওয়া হচ্চে না।	Negative
1599	এই ছাগলদের সাথে বিতর্ক করাই বোকামি	Negative
1600	আমি চাই, প্রধান মন্ত্রী কোটায় রাখা হক, শুধু মুক্তিযোদ্ধা সন্তান প্রধান মন্ত্রী হয়েতে পারবে,। তাহলে আমাদের স্বৈরাচার অবৈধ প্রধান মন্ত্রী তো কনো মুক্তিযোদ্ধা সন্তান না তো ওনার কি হবে,,??	Negative
1601	পুলিশের অবহেলা এর মুল কারন।	Negative
1602	জানিনা এখানে কমেন্ট করে পাপন সাহেবের কাছে আমার বার্তা পৌছবে কিনা, তবে আমি উনাকে বলতে চাই লিটন, সৌম্য, সাব্বির এদের তো অনেক সুযোগ দিয়েছেন, আশরাফুল ভাইকে কয়েক টা ম্যাচ সুযোগ দেন না প্লিজ, আপনার এই শর্তগুলো পূর্ণ করা কঠিন তাই বলব শর্ত না দিয়ে তাকে একবার সুযোগ দিন।	Neutral
1603	অসাধারণ সুন্দর হয়েছে	Positive
1604	সত্যিই এইরকম নাটকগুলোই হৃদয়ে দাগ কেটে যায়। অনেক সুন্দর love	Positive
1605	ইমরানকে জুতা মার মুখে	Negative
1606	সঠিক কথা বললেই দুস বন্ধু।	Negative
1607	১১ টা সাবজেক্ট পুরাই সৃজনশীল হওয়া চাই।	Neutral
1608	আশরাফুল ভাইকে দলে চাই।	Neutral
1609	Md Safikul Islam খুব লাগলো বুঝি!?	Neutral
1610	কালকের ম্যাচটা তো কপালের জোড়ে জিতে গেলি আবার বড় বড় কথা বলিস।	Negative
1611	ইমরান আর কত দালালি করবি পরের কথা ভাব পালাবি কোথায় জায়গা রেডি করে রাক	Negative
1612	Arman Rahman তোর মা international rendy তোদের মীরজাফরের বংশ কাটা বিচি নিয়ে বেশি বাল ছিড়িস না দেখলি তো কি অবস্থা হয়েছে	Negative
1613	আপনারা পাশে না থাকলে আমরা কখনো বড় কিছু করতে পারবো না। তাই একটু কস্ট করে আমাদের চ্যানেল টা ঘুরে আসুন। আমাদের channel এ subscribe করলে আমরাও আপনার Channel এ Subscribe করব। ধন্যবাদ। আমাদের Channel এ subscribe করে, প্রথম ভিডিও তে comment করে জানিয়ে দিন আপনি কত Number Subscribe করেছেন। আমরাও Subscribe করে জানিয়ে দিব আপনাকে।	Positive
1614	সোনার বাংলা	Positive
1615	ছাগলের ছাগলামি	Negative
1616	তোরা সবাই বাল ফেলা	Negative
1617	শমী কাওয়া ফাজলামি চুদাও?? বাল উঠেনি এখনো?	Negative
1618	আপনার সুন্দর মন্তব্যটির জন্য আন্তরিক ধন্যবাদ :D অনেকেই আপনার সাথে একমত।	Positive
1619	Sakib তোর থেকে ভাল খেলা খেলে মাইয়ারা বুজসোস	Negative
1620	সালমান তোরে এই মাদারচোতের সাথে দেইখা ভাল্লাগলোনা।	Negative
1621	প্রতিটা মুহূর্তে প্রেমে পড়েই গেছি আমি।অসাধারণ একটা নাটক দেখলাম। আর নিশো ভাই তো	Positive
1622	গত রমজানের মত নুসরাত পাদিয়া এবারও,,,,এসব শুরু করল।	Neutral
1623	সুন্দর নাটক সুন্দর অভিনয়।শেষ দৃশ্যটা এমন হবে ভাবতেই পারিনাই,অসাধারন।	Positive
1624	হাইরে কুওা লিগ মিথ্যা বলে দেশের মানুষ কে আর কত ভোকা বানাইতে ছায় কুওা লিগ।জুতা মার তাদের মুকে।	Negative
1625	রুবেল একটা ছক্কা কম খাইলে জিতে যেতাম	Neutral
1626	passport & visa লাগবে???	Neutral
1627	সুলতানা কামাল তর মাং ফাইরা লবন লাগামু।খানকির জি	Negative
1628	একদম সঠিক বলছেন স্যাটেলাইট এর নামে আরো কত টাকা যে সরকার মেরে দিবে তা সাধারন মানুষ কিভাবে জানবে। যতটুকু খরচ হয়েছে তার তিনগুন বলে বাকি দুইগুন পকেট এ যাবে। মানুষ লে বেকা বানানোর ধান্দা, বাস্তবে কত টাকা খরচ হয়েছে তা সাধারন মানুসকে বলে না	Negative
1629	ভাত পায়না চা খায়	Negative
1630	গনজাগরণ মন্চ জাসদ,বাসদের গোস্টী।রাশিয়ার দালাল।	Negative
1631	আপনাদের খবর প্রকাশে তারিখ না থাকায় কত দিন আগের খবর তা বুঝা যাচ্ছে না। আশা করছি পরবর্তীতে তারিখ সহ বিস্তারিত সংক্ষিপ্ত পুংতি সংযুক্ত করবেন। ধন্যবাদ	Negative
1632	ওই শালীর মাগি ভাংচুর করলাম কবে???	Negative
1633	আচ্ছা আপনারা নাস্তিক আনেন তিন- চারজন আর মাওলানা আনেন একজন কেন? জবাব চাই।	Negative
1634	ইমরান অার কুকুরের মধ্যে কোন পার্থক্য অাছে কিনা সেটা অামার সন্দেহ হচ্ছে	Negative
1635	তিনটি কুতা চিলাচিলি করে বেসি। একটু থামান পিলিচ।এখানে টকসো হয়।রামরাম পুজো হয়না।তোর মায়রে চুদা তুই জরমো নিছোচ।মাদার চোদ।রাম চোদ রাম কম কর।তুই মরলে মনদিরে তোরে পোরানো হবে।মোললা দিয়ে জানাজা হবেনা	Negative
1636	বড় মাপের তিন নাস্তিক	Negative
1637	জুতা মারার দরকার ইমরান	Negative
1638	তুমি ফিরে আসবে আবার আমার জীবনে এই বিশ্বাস যেদিন ভেঙ্গে গেছে, সেদিন থেকে হয়তো নিজেকে পুনরায় সাজাতে অনেক চেষ্টা করছি বাঁচার চেষ্টা করছি জানি না কতটা পেরেছি তবে জীবনের কাছে হার মানিনি তবু ও মাঝে মাঝে তোমার নিষ্পাপ মুখটির পিছনে লুকিয়ে থাকা ছবিটার কথা মনে হলেই আমার সবকিছু এলোমেলো হয়ে যায়, বুকের মাঝে জমে থাকা কষ্টগুলো অশ্রু হয়ে দু’চোখ বেয়ে নেমে আসে বুঝে উঠতে পারি না এই অশ্রু গুলো কিসের? তোমার মিথ্যা ভালোবাসার নাকি অভিনয়ের? না আমার স্বপ্নগুলো হারানোর? শুধু বলবো তুমি আমার পৃথিবীটা চিনতে ভুল কোন একদিন তুমি যাকে ভালোবাসবে সে তোমার কষ্টটা অনুভব করবে না সেও তোমার পৃথিবীটা চিনতে ভুল করবে । আর তখন হয়তো বুঝতে পারবে ক্ষত বিক্ষত হৃদয়ের বেদনাগুলো কষ্টের চিৎকার করে কান্নার শব্ধ গুলো, বুঝতে পারবে সবকিছু থাকার পরও কি জেন একটা নেই, অদ্ভূত শূণ্যতায় প্রতিক্ষীত মানুষের ফিরে আসার অপেক্ষা করবে সে দিন হয়তো আমি এই পৃথিবী ছেরে অনেক দূরে চলে যাবো :	Negative
1639	আশরাফুলকে আবার দেখতে চাই	Neutral
1640	md bilal তোমায় মায়রে কি ধর্ষন করছে নাকি	Negative
1641	মাহবুদুর রহমান ভাই এক জন সাহস বীর পরুষ,,, তাকে হাজার সেলাম,	Positive
1642	বিদেশে থেকে অনেক কিছু বলা যায় দেশে বলে নাবুজে কথা বলেছি। চাচা বাচাও।	Neutral
1643	শালা জারজ তুইকি জানিস তর বাবা কে,,, তর মা ও জানেনা তুই কি করে জানবি ?? আর তুই বড় বড় কথা বলিস।।।	Negative
1644	শুনে ছিলাম army রাস্তায় অধ উলঙ্গ মহিলাদের ধরে কালি মাখিয়ে দিতো ছেলেদের বড়ো চুল কেটে দিতো ।তারা আজ কোথায় গেছে।কেমপে বসে থাকলে দেশে সুশাসন আসবে কি করে ।রাস্তা গলি সব জায়গায় টহল দিতে হবে।	Negative
1645	পাঠির পাঠির ঘরে পাঠি তরে পেটে ধরছে কোন বেটি	Negative
1646	এই ন্যান্সি না রে ভাউ আপনে বুঝতে ভুল করসেন আমি সাব্রিনা ন্যান্সির কথা কইসি।লাগলে ইউটিউবে সার্চ দেন । :)	Neutral
1647	ইসলামী বক্তিত	Neutral
1648	জীননটা শেষকরে দিছে ৭ সৃজনশীল এ,,	Negative
1649	হিন্দুদের দালাল	Negative
1650	ঠিক বলেছে এরশাদ	Positive
1651	এই ছেলে পাগল। বিদেশে ঐ দেশের ভাষায় কথা না বলে ওখানকার লোকদের সহিত ও বাংলায় কথায় বলতে হবে পাগলামি ছাড়া আর কি ? বাংলাদেশের রাষ্টীয় ভাষা বাংলা তাই বলে ইউরোপের দেশগুলির রাষ্ট্র ভাষা কি বাংলা হতে হবে । এই সব কি ? মুসলমানরা অসভ্য অন্ধবিশ্বাসী । মোল্লারা জানে না মানুষ মরে গেলে সব শেষ ,হৃদপিন্ড বন্ধ হয়ে যাই ,রক্ত উৎপন্ন হয় না, রক্ত চলাচল হয় না আর তাই লাশের কোন অনুভূতি থাকে না । তাই কোন লাশকে কবরে দাফন করার পরে সাওয়াল জবাব হয়, লাশ কথা বলে এইসব মিথ্যা কথা, জাল কথা । ভয় ভীতি প্রদর্শন কি সন্ত্রাস বা terrorism নয় ? ইসলাম যে বলে লাশ দাফন করার পরে সাওয়াল জবাবে ফেল করলে ভয়ংকর আজাব হবে কবরে ,ইহা কি মিথ্যা ভয় ভীতি প্রদর্শন নয় ? তাই ইসলাম সন্ত্রাস বা terrorism . প্রমানিত। আরেকটি প্রমান দেখুন , মরা মানুষের রক্ত হয় না তাই রক্ত চলাচল করেন বলে পচে গলে নিশ্চহ্ন হয়ে যাই কিছুই থাকে না তাই আল্লাহ যে বলে হাশর হবে , সেইদিন হাড , আংগুলের অগ্রভাগ পর্যন্ত জোগাড় করে আবার মানুষ বানিয়ে মানুষের হৃদপিন্ড লাগিয়ে , চালু করে , জীবিত করে কবর থেকে তুলে আমলনামা হাতে দিয়ে বিচার করবে , হয় জান্নাত দিবে নয়তো জাহান্নমের আগুনে জালাবে ? এইসব কি ? যদি জাহান্নামের আগুনে জলায় মৃত মানুষকে হাড ,টার জোগাড করে আবার মানুষ করে দোজকের আগুনে জালালে সে তো পুডে আবার ছাই হয়ে যাবে ? যেই লাউ সেই কদু নয় কি ? এই যে মিথ্যা জাহান্নামের আগুনের ভয়ংকর ভয় ভীতি প্রদর্শন সন্ত্রাস বা terrorism নয় ? ইসলাম হলো সন্ত্রাস বা terrorism । ভয়ংকর ভয় ভীতি প্রদর্শন করে ঈমান বা বিশ্বাস অর্জনই ইসলাম। মিথ্যা বলবেন না ? কুরআন যে মিথ্যা শুধু সুরা ইনফিতরের (৮২) ১,২,৩,,৪,৫ আয়াত গুলি পড়েন । ১) আকাশ ভেঙ্গে যাবে। আকাশ কি ভাংগার জিনিস ভেঙ্গে যাবে ? আল্লাহ কিছুই জানে না ,সৃষ্টি কর্তা নয় । তাই কুরানে মিথ্যা কথা বলেছে। আকাশ মহাশুন্য যাতে গ্যাস থাকে যাহা ভাংগার জিনিস নয়। ২) তারা গুলি মাটিতে পরবে । তারা কি জমিনে পরতে পারে ? আল্লাহ সৃষ্টি কর্তা নয় তাই তারা কি জিনিস জানে না ।তারা সূর্যের ছেয়ে বড আলো যাহা জমিনে পরতে পারে না তাই আল্লাহ কুরানে তারা গুলি পরার মিথ্যা গল্প বলেছে। কুরআনে আল্লাহ মিথ্যা কথা বলে নাই ? তাই কুরআন মিথ্যা গ্রন্থ । আল্লাহ একজন বিশ্ব প্রতারক।অনেক অনেক প্রমান কুরআনের আছে । বলব। আস্তে।তাই মোল্লারা ও সন্ত্রাসী হয়েছে শহীদ হয়ে চিরকাল ৪০ টি হুরপরীর সহিত সেক্স করার জন্য ।ছি: হে চরিত্রহীন অন্ধবিশ্বাসী মোল্লাগন ও তাদের সন্ত্রসী অনুসারীরা তোমরা মানুষ নও । তোমরা খুনি ।নিজের বিচার নিজে করো আগে , কুরআন মিথ্যা নয় কি?	Neutral
1652	মদ কেনার টাকা নাই। তাই নুসরাত পাদিয়ার 'পটাকা' গান শুনে মাতলামি শুরু করছি! :)	Negative
1653	স্যার,একদম সঠিক কথা বলছেন।	Positive
1654	সুলতানা কামালের বোদা মদেদ কছু ডলে দিতে হবে	Negative
1655	এতো সুন্দর হয় কিভাবে একটা গান ? যতবার শুনেছি এক জীবনে তত কদম হাটলে চাঁদে চলে যেতাম শিওর । দ্যাট সং মেক মি আ গ্রেট ফ্যান অব অর্ণব সিন্স টু থাউজেন্ড সেভেন । পুরনো হবে না রুদ্র মুহাম্মদ শহীদুল্লার ভালো আছি ভালো থেকোর মতই :) আর ডিজলাইক দেয়া পাবলিকগুলোকে দয়া করে কেউ প্রান গোপাল দত্তের কাছে পাঠিয়ে দিয়েন	Positive
1656	বান্নাহ ভাই বেষ্ট	Positive
1657	তুই তুকারি টা সংলাপে অতিরিক্ত হয়ে গেছে	Negative
1658	নাটকের নামে বানান টা ঠিক করা দরকার। SCIENCE.	Negative
1659	ইমরান এ শালা তো পাকা নাস্তিক	Negative
1660	সায়েন্স বানান ঠিক করেন	Negative
1661	মাহমুদুর রহমান!! টিউলিপের পা ধোয়ার যোগ্যতা নেই তোমার।	Negative
1662	আল্লাহ তার সাথে আছে ভাই	Neutral
1663	আমি গোল্ডেন পাইনাই ২ নাম্বার এর কারনে।তাও ইঞ্জিনিয়ারিং পড়ি।অনেক গোল্ডেন পাব্লিক চান্সই পায়নাই।	Positive
1664	কর্মকর্তাগুলানরা সকাল-বিকাল থাপড়ান উচিৎ, এরা বলতেছে অনুমতি নাই তাহলে তার তদারকি এরা কেন করতেছে না? আরেকটা ইস্যু হল বিদেশীরা মদ বা অ্যালকোহলকে খারাপ কিছু মনে করে না- বাইরের দেশে বাঙ্গালী মুসলিমরা যে রকম হালাল মাংস খুঁজে এবং সেটা খাওয়া তাদের অধিকার মনে করে বিদেশীদের জন্যও অ্যাালকোহল অনেক একই রকম। দেশে ভিনদেশী নাগরিকরা থাকতে হলে তাদের জন্য সেই ধরনের ব্যবস্থাও থাকতে হবে, তবে সব কিছুই আইনানুযায়ী হতে হবে। বার বা বিদেশী রেস্তুরেন্ট সিস্টেমেটিক ভাবে গড়তে দিতে হবে যাতে লাভ বা ট্যাক্স সরকার পায়- দুর্নিতিগ্রস্থ কর্মচারিরা না।	Negative
1665	আরে পাগলের বাচ্চার,তারেক আসলে তোদের সবাইকে ভারতের নাগরিক বানাবো	Negative
1666	আশরাফুনকে দলে চাই বালো খেলবে দোয়া করি	Neutral
1667	তুই জারজ সন্তান	Negative
1668	কি দারুন তিনজন বনাম একজন। তিন শুয়োরের সাথে এক মুসলিমকে কামড়ানোর আয়োজন । উপস্থাপক আরেকটা কুত্তা	Negative
1669	shobe কুত্তার বাচ্চা তুর মা বোন তো সবাই হিন্দু খানকির পলা তুই ইস্লামের কি বুজছ আর সাথে যে ২ টা এরা তো মহিলা নামের হিজডা bt তুর মা লাগে তাইনা	Negative
1670	প্র‍্যাক্টিক্যাল শিক্ষায় জোর দেওয়া উচিৎ। সৃজনশীল ৫ টা এমসিকিয়ু ৫০ করা উচিৎ। ক্লাসে স্যার এসে চুল বুঝায়। প্রাইভেট গিয়ে বুঝে নিতে হয় মোটা টাকা দিয়ে। ব্যাবহারিক এর টাকা কোথায় জায়। ল্যাবের করুণ অবস্থা।	Negative
1671	"আজ বঙ্গবন্ধু শেখ মুজিবুর রহমান বেচে থাকলে এই গানের বিরুদ্ধে স্বাধীনতা যুদ্ধ ঘোষণা করতেন। তিনি বলতেন "" যার যা একাউন্ট আছে তাই নিয়ে পটাকা গানের মোকাবেলা করতে হবে, দেশকে পটাকা গান মুক্ত বাংলাদেশ হিসাবে গড়ে তুলবো ইনশাল্লাহ """	Neutral
1672	আমি মনে করি যে টাকা স্যাটেলায়ি তৈরি করছে টাকা গুলা নষ্ট বাংলাদেশের মানুষ যদি বিড়ি কিনে খেতো টাকা গুলো দিয়ে তাও কাছে আসতো	Negative
1673	Rubaiya Tabassum হুম তাই তো দেখছি	Neutral
1674	Rzaman really nice plase Rzaman এতে তোমার সমস্যা কি ভাই	Neutral
1675	এই খানিকটা বাংলাদেশের কলঙ্ক, খানকি সানি লিয়ন হইতে চায়, চুতিয়ার মায়রে বাপ।	Negative
1676	এই বুড়ির এত বয়স হল এখনো ভালো হলো না কিছু হইলে জামাত শিবিরের উপরে চাপাইবার চেষ্টা করে আল্লাহ পাক আপনাদের কে হেদায়েত দান করুক	Neutral
1677	দেখা যাক কি হয়	Neutral
1678	মামুবুল রা কোথায়/?	Negative
1679	বাপ‌ের ব‌েটা!	Positive
1680	asha's dream kitchen এত বড় বড় যে কথা বলছেন,এই আপনি ই bollywood er অরধনগ্ন মডেল দের গান শুনছেন।	Negative
1681	নওফেল একটা অশিক্ষিত ছাগল টকশোতে কেন ডাকা হয়	Negative
1682	ছাত্রলীগের সভাপতি just একটা মূর্খ।। He doesn't deserve chatro	Negative
1683	পটাকা এর মানে কি নুসরাত পাদিয়া??	Neutral
1684	চলে দেখার মতোই	Positive
1685	সৃষ্টিকর্তার আজাব এখনও পড়ে না কেন এই দেশে!!!!	Negative
1686	আপনেরা দেশের ভাইরাস।	Negative
1687	একজন শিক্ষিত মানুষ কখনো অন্ধ বিশ্বাসে বিশ্বাস রাখতে পারেনা।	Neutral
1688	ভাইয়া খুশি হুননি মনে হয়!	Negative
1689	হাসিনা তোরে পোদাতাম মাগি	Negative
1690	সেম্পল কিন্তু অসাধারণ	Positive
1691	আল্লাহ্ এই নাস্তিকদের উচিত শিক্ষা দিন, আমিন,,,,,,,, কারন সেই হল আওয়ামী লীগের পাচাটা গোলাম,,,,,,,	Neutral
1692	Lalchand Ali ইন্ডিয়ান ছাগল	Negative
1693	সেই কবে ছিল উচ্ছাস, কিছু শঙ্কায় ভরা চুম্বন ছিল প্রেমিকার ঘন নিশ্বাস, হাসিমুখে ফোয়ারা।	Neutral
1694	খানকির মতো কথা,,,ইমরান তুই তো একটা জারজ	Negative
1695	এত চাপ দেওয়া কি কারো উপর তো দেখেই	Positive
1696	ভাই আপনাদের পরামর্শ অনুযায়ি কোন সেট এ তো পছন্দ হয় না	Neutral
1697	হাসাইলিরে পাগলা মন্ত্রী কে যে তরে শিক্ষার মন্ত্রী বানাইলো বুঝলাম না মূর্খ মন্ত্রীরও তো এর যে বেশি বুদ্ধি আছে	Negative
1698	আশা করছি সবাই এই ভিডিওটি ফেইজবুকে শেয়ার করবেন। ও ফেজবুক ব্যাবহার করে চাঁদাবাজি করছে আমরা সেই ফেইজবুক ব্যাবহার করবো সত্য প্রকাশের জন্য।	Neutral
1699	যত শুনি ততো ভালো লাগে।	Positive
1700	বাংলাদেশ ন্যাশনাল ট্রিমের চেয়ে ভাল খেলতেছে টাইগাররা বাহিনী	Positive
1701	GPA এর ভিত্তিতে ভর্তি বন্ধ করতে হবে!	Neutral
1702	ইমরান ভাই আললাহ তুমাকে হেদায়াত দেন	Negative
1703	শান্ত-মারিয়ম ইউনিভার্সিটি এসে দেখে যাও পড়াশুনা কাকে বলে,আউল-পাউল ইউনিভার্সিটি সাথে সব ভাসিটির তুলনা করবেন না,সব প্রাইভেট ভার্সিটি এক পাল্লায় মাপবেন না!	Neutral
1704	মাল একখান,,,,	Positive
1705	তোমার কথা শুনে মনে হয় নীচ শেৃনীর ছাগল।	Negative
1706	ডিজিটাল দেশে সব হয়	Negative
1707	অমর গান,,অমরত্বের জন্য,,	Neutral
1708	মাহফুজুর রহমানের বংশধর।।।	Negative
1709	একজনের সাথে তিন জন এটা কি হলো	Neutral
1710	অনেক ভাল লাগছে,, নিশো ভাইয়ের পাগলামি টা ভাল,,, গল্পটাও ভাল	Positive
1711	তুমি একটা শাউয়া,তুমি সোনার গান গাও,পটাকা তোমার সোনায় দাও,পটাকার সাথে কোনো খেলা নাই,সোনা তোমার যাবে উড়ে,শাউয়া শাউয়া শাউয়াতুমি আসলে একটা শাউয়া।।।।সাইডে গিয়া মারা খাও,গান নষ্ট করা ছেড়ে দাও,নকল করতে না পারলে নকল কেনো করতে যাও?শাউয়া শাউয়া শাউয়াতুমি আসলেই একটা শাউয়া।।।।।	Negative
1712	যখন আমার ১৭ বছর তখন থেকে এখনও ভাবি কবে আমার আম্মু বলবে আমরা কোটিপতি , আমি শুধু তোকে শিখ্খা দেওয়ার জন্য এমন করছিলাম hahahahah	Positive
1713	আমি কোন দিনো এর সমর্থন করি না। যদি পায়ে বড় ধরনের আঘাত পায়।	Negative
1714	যারা আওয়ামীলীগকে ভোট দিবে তারা জাতীয় বেইমান,,, ছাএলীগ নব্য রাজাকার,,উন্নয়নের নামে ব্যাংক খালি করে বিদেশে টাকা পাচার,,এদেশে ফেরেশতাও পরপর তিনবার ক্ষমতায় যেতে পারবে না ,,জনগন মেনে নিবে না,,,,	Negative
1715	সুলতানা ও অপু তুদের কে কুততা দিয়ে চুদাতে হবে কারন তুরা মানুষ না।তুরা আজ থেকেকুততার সাথে ঘুমাবি।	Negative
1716	বিলাইয়ের বাচ্চা পাকিস্তানের দালালের দল	Negative
1717	এটা কেমন অালোচনা একটা গেস্টকে তুমি করে বলার সাহস পায় কীভাবে???বালের অনুষ্ঠান।	Negative
1718	অাপনি কথা বলতে গিয়ে কতটা ইংলিশ শব্দ বলেছেন লক্ষ্য করছেন? বাল পাকনামী কম করেন। এগুলো প্রতিবাদ না বন্ডামীর নতুন নাম।	Negative
1719	তিনটি কুতা চিলাচিলি করে বেসি। একটু থামান পিলিচ।এখানে টকসো হয়।রামরাম পুজো হয়না।তোর মায়রে চুদা তুই জরমো নিছোচ।মাদার চোদ।রাম চোদ রাম কম কর।তুই মরলে মনদিরে তোরে পোরানো হবে।মোললা দিয়ে জানাজা হবেনা	Negative
1720	CMV খারাপ	Negative
1721	তারাতারি আনুন ওকে	Neutral
1722	উন্নয়নে আওয়ামী লীগ – মোবাইল অ্যাপ || ইন্সটল করুন এবং শেয়ার করুন। ধন্যবাদ	Neutral
1723	Sakib LM10, ধন্যবাদ	Positive
1724	অনেক শক্তিশালী মোডারেটার হয়ে উঠছেন নবনীতা। নির্মোহ থাকুন যেমন্টা আছেন।	Positive
1725	কিশোরগঞ্জ বলে কথা,	Neutral
1726	ভাইয়া htc u ultra একটা review দেন দয়া করেন।	Neutral
1727	বাস্তব কথা বলেছেন	Neutral
1728	jahid hasan অনেক হল শিক্ষিত মূর্খ আর কে লেখাপড়া না করেও এ শিক্ষিত মূর্খদের চেয়েও ভালো।আর আসিফ সাহেব হলেন সেই কাতারে। তই আপনার চুলকায় কেন। যারা সর্বোচ্চ ত‍্যাগ শিকার করে এ দেশ দিয়ে গেছেন তাদের পিছনে লাগলো কেন। নকল করে পাস করা কুশিক্ষায় ছাত্ররা। যারা শিক্ষকের গায়ে হাত তুলতে পিছপা হয়না। এদের থেকে ক্ষেতে-খামারে যারা কাজ করে তারা অনেক ভালো।	Neutral
1729	এরক তিন নাস্তিক কে দুতা মারার দরখার	Negative
1730	ধন্যবাদ ভাইয়া	Positive
1731	লমপোট গুলির মুখে সাধুর বানী। এই মাগীর ছেলে দের কেও জুতা পিটা করা দরকার।	Negative
1732	সবার আগে ভি ভি আই পি কমাতে হবে ভি আই পিরা হুট করে যেখান সেখানে গাড়ী ডুকিয়ে রাস্তা জ্যাম করে ফেলে	Negative
1733	Md didar তুই বজন্মার বাচ্চা।	Negative
1734	আরো ভালো হবে আশা করেছিলাম	Neutral
1735	Litu Khan তোর তো বাচ্চা হবে হবে হবে না	Negative
1736	ঝুম আমার ভালবাসা , আমার সবকিছু, আমি তোমাকে ভালবাসি	Positive
1737	খুবই ভাল হয়েছে ।	Positive
1738	বাংলার শাকিব কী বাংলার অপূর্ব হিরো	Neutral
1739	কিভাবে কথা এড়িয়ে গেল।,,, শালা চোরের দল। হেডার লীগ, কুত্তা লীগ, ভোঁদার লীগ ছাত্রলীগ। দেশটারে ধ্বংস করে দিছে। তোগোরে ভোট চোদামু দেখিস এবার।	Negative
1740	আমার চুলের ভিডিও হইছে।	Neutral
1741	ইমরান মারে চুদি জারজ মাদারচুদ শালিগো হাসি জেন রেনডি মাগিগো মত	Negative
1742	Foyej Ahmed আচারে ডাল মিশাইচ কেন? আমি কি বুঝি না বুঝি তোকে বলতে হবে না। তাছাড়া রিয়ালিটি বললে তুই বিরোধিতা করবি। নিজেই তো সত্য হতে অনেক দুরে। তাছাড়া ইংলিশ চুদাইছ না। বানান ভুল গুলা একই কম করিস প্লিজ। আমাকে বলছিস সিরিয়াস ইস্যু নিয়ে কথা বলতে অথব তুই নিজেও তোর ইস্যু বাদ দিয়ে ওই মহিলা না তোর মা এই নিয়া পড়ছস। ভুদাই কোথা কার।	Negative
1743	পুলিশ ভাইয়ের নতূন দান্দা হবে ভালই	Negative
1744	ধন্যবাদ স্যার	Positive
1745	ধন্যবাদ ও শুভেচ্ছা।	Positive
1746	খালেদা জিয়া কেন এতিমের টাকাগুলো দিয়ে এতিমখানা না বানিয়ে ব্যাংকে ফেলে রেখে সুদ বাড়িয়েছে তার কোন জবাব কি আছে? ব্যাংকের লুটেরা বাচ্চু, তানভীররা হচ্ছে বেনামী চোর ছ্যাঁছড়, তাদের লুটপাটের সাথে কি খালেদার এসব জোচ্চরি মেলানো উচিত? তাহলে যে উভয়ই একই গোত্রের হয়ে গেল! আসলে মাছের পঁচন হয় মাথা থেকে তেমনি বিএনপি নামক পঁচা, দুষিত, দুর্গন্ধময় দলটির মাথা খালেদা তারেকের পঁচনেই পুরো দলটি পঁচে আছে আগে থেকেই। শুধু কি এতিমের টাকা? খালেদা এর আগে কালো টাকা সাদা করেনি? কোকোর পাচার করা ১১ কোটি টাকা সিঙ্গাপুর থেকে আনা হয়নি? যে মামলায় তারেক জিয়া খালাস পায় সেই একই মামলায় তারেকের ঘনিষ্ট ব্যবসায়িক বন্ধু গিয়াসুদ্দিন মামুন কেন দণ্ডিত হলো? তার মানে মামুনের কাঁধে বন্দুক রেখে অপকর্ম করে তারেক বন্ধুকে ফাঁসিয়েছে!! আসলে বিএনপিওয়ালাদের ন্যুনতম লজ্জাবোধ নাই, তাই দুর্নীতিবাজ শীর্ষ নেতৃত্বের পক্ষে নিয়মিত গলাবাজি করে চলেছে।	Negative
1747	বালের ফুল	Negative
1748	নাটকের পরিচালক কাহিনীকারদের মাথায় গ্রেট প্রব্লেম।।। বড় ছেলে হিট হয়েছে বলে সব কিছুই ঐ ধাচের করা লাগবে	Negative
1749	ওটা নো বল শ্রীলঙ্কা নো বল দেয় নাই।। শ্রীলঙ্কা চুর চুর চুর চুর আই সি সি চুর বি সি সি চুর আমাগো লুঙ্গি খুইলা গেল	Negative
1750	Md Mosarof Hossain কমার্স মুড়ি খায় না, মানে হল, কমার্স ছাড়া সাইন্স/আর্টস	Negative
1751	Md Jahidsany আর লাখ লাখ মেম্বার দের ব্যান দিসে গ্রুপ থেকে। ব্যান দেওয়া মানেই ভয় পাইসে আর নিজের দোষ শিকার করসে। নাহলে সরাসরি পোস্ট দিয়া অশিকার করতো মিথ্যা হলে	Negative
1752	আমার চ্যানেলটি ঘুরে আসার দাওয়াত রইলো। ;-) ক্রিকেটারদের জীবনের গল্প নিয়ে ভিডিও তৈরি করি। ভালো লাগলে সাবস্ক্রাইব করবেন। :-)	Neutral
1753	বাহ!! এরা তো দেখছি ভালই খেলে।	Positive
1754	আরে ভাই সায়েন্স আর আর্টস এর ছেলে মেয়েরা প্রেম করলেই হবে আমাদের কাছে আসতে হবে টাকা ছাড়া সবকিছুই অচল। আমাদের(Commerce) খেলা টাকা নিয়ে, এ খেলায় তাদের অংশগ্রহন করতে হবেই।	Neutral
1755	জাফর নাস্তিক মাদারচুদকে আগুনে পুরে মারার দরকার,	Negative
1756	এই নিউজ গুলো আপনাদের কাছে কিভাবে আসলো	Neutral
1757	কুত্তার বাচ্ছা তোরে জুতা মারি	Negative
1758	এমরান তোরে পাইলে জুতা মারবো	Negative
1759	পালতু বিড়িও	Negative
1760	পুরো কৃতিত্ব মুশিকে দিলি?? লিটন যদি ওই স্টার্ট না করতো তবে,মুশির বাপও জয় আনতে পারতো না	Negative
1761	ইমরান এইচ সরকার কুকুরের চোদার মানুষ, তার জন্মের কোন ঠিক নেই, কুতার বাচ্চা তরে গরুর মত জবাই দিমু, ইসলাম নিয়ে বিরধীতা করে, তর শরীলের মাংস, কুকুর আর শিহাল দিয়ে কাবাব বানিয়ে খায়াব। তুই একটা জারক জারক জারক, তুই একটা কুকিরের চেয়ে জারক।	Negative
1762	ছাত্রলীগ মানে কত্তা লীগ	Negative
1763	ভাই মনে করেন আমি ফেইস লক দিলাম।তারপর হটাৎ একদিন উস্টা খেয়ে পরে একটা চোখ কানা হয়ে গেল।তখন আমার ১ লক্ষ টাকার X আই মিন iPhone X এর কি হবে??	Negative
1764	মতিয়া চৌধুরি মুক্তি যুদ্ধা করিনি?	Neutral
1765	এই হিন্দুর সালার বউকে যদি ছাত্রলীগের পোলাপাইনরা,তারই সামনে ধর্ষন করত,তা হলে ভালো ছিলো	Negative
1766	তিন পাগল কে জুতা দিয়ে পিটা দরকার	Negative
1767	নুসরাত ফারিয়ার দালাল রা সক্রিয় হয়েছে।এরাই ফেক একাউন্ট খুলে ১৬ হাজার লাইক দিয়েছে। কিন্তু সত্যের জয় হবেই।আনলাইক কখনোই লাইক এর কাছে পরাজিত হবে না।এত আনলাইক দেখে যারা ইচ্ছে মত গান বানিয়ে লেংটা নাচ দেখিয়ে আমাদের দেশের মানুষ কে কষ্ট দেয়,সংগীত কে নিচে নামায়,সংগীত শিল্পী দের যুগের পর যুগ সাধনা কে অস্বীকার করার সুযোগ দেয়,একরাতের ভিতর সংগীত শিল্পি বনে যায়,তাদের জন্য এটা মহা শিক্ষা।তারা যেন ভবিষ্যতে এমন করার দুঃসাহস ও না দেখায়,সেটাই হউক আমাদের সকল প্রতিবাত ও ডিসলাইকের মূল লক্ষ্য।ধন্যবাদ।	Negative
1768	নাটকের গল্প ভাল।	Positive
1769	বাংলাদেশ কি হইলু	Neutral
1770	অামার শৈশব।।	Neutral
1771	এটা হলে ওনেক ভালো হবে।	Positive
1772	জানি ভাল হবে, আগে লাইক দিলাম All The Best Talash	Positive
1773	বাজে	Negative
1774	নওফেলকে ডাকেন কেন আপনারা????? ও বললো হেফাজত ধ্বংস করেছে!!!! কি ধংস করেছে????? তাকে বলে যেতে হবে!!!!! বেয়াদব কথাকার!!!!	Negative
1775	ধন্যবাদ আপনাকে সুপার ।	Positive
1776	পানি আনতে গিয়ে নায়কের মৃত্যু তো দেখি বাংলা নাটকে কমন ব্যাপার হয়ে যাচ্ছে। অপুর্ব আপনার এখন বেছে বেছে কাজ করা উচিৎ।	Neutral
1777	আপনার সুন্দর মন্তব্যটির জন্য আন্তরিক ধন্যবাদ :D অনেকেই আপনার সাথে একমত।	Positive
1778	তিন জনকে জুতা মারার দরকার আমি মনে করি	Negative
1779	Mohammad Sagor ভাইয়া একটা কথা মাথায় রাখেন এই সাংবাদিকরা যদি না থাকে তাইলে দিনে দুপুর এ পুলিশ আপনার পিছনে বাস দিবে,,,করার কিছুই তাকবে না,,,,	Negative
1780	আহত কেন হয়েছিলরে মাগি	Negative
1781	জয় বাংলা।	Positive
1782	নাটক টা অনেক সুন্দর তবে শেষের টুকু কষ্ট দিলো	Neutral
1783	অনেক সুন্দর কথা বলার জন্য ধন্যবাদ	Positive
1784	আশরাফুল এর অবদান আমরা ভুলতে পারবোনা , বিশ্বের কাছে বাংলাদেশ কে আশরাফুল চিনিয়েছেন ।	Positive
1785	দুইটা আসলেই খানকি ইমরান এইচ সরকার হচ্চে কুকুরের বাচ্চা	Negative
1786	নাস্তিক কে গালে জুতা মার।	Negative
1787	রাস্তাতে রোড মনিটরিং রাডার লাগাইতে হবে, তার আগে দেশের নিয়ম কানুন গুলো ঠিক করতে হবে, রক্ষক যদি বক্ষক হয় তাহলে কোনো কিছুই করে লাভ নেই। অাইন-কানুন কে সঠিক ভাবে প্রয়োগ করতে হবে, তাহলে কানুন গুলো সবাই মানলে এমনিতেই অনেক টা পরিবর্তন হবো। দেশের রক্ষক এর উপর কোনো ভরসা	Negative
1788	মিডিয়া জণগনেৱ খবৱ বাদদিয়া গুৰু, কুকুৱ, লইয়া চলছে	Negative
1789	অসাধারণ নাটক, আমার দু'টো ছেলে ঠিক তাদের ই বয়সি, বাট আমার স্ত্রী কেয়ারলেস, আমি বিদেশে চাকুরী করি, আমার স্ত্রী যদি এই নাটকটি দেখতো, তাহলে অনেক কিছু শিখতে পারতো। ধন্যবাদ এই নাটকের সবাইকে।।। স্যালুট।।।	Positive
1790	সৌম্য ভাল বল করেছে	Positive
1791	১৮+ কন্টেন্ট বাদ দেন, ধর্মের পথে	Positive
1792	ভাল লাগল স্যার	Positive
1793	পদ্দা সেতুর কাজের আগ্রগতি দেখে আমি মুগধ। তাই আগ্রগতি আব্বাহত রাখতে।শেখ হাসিনাকে বার বার ভোট দেওয়া দরকার।	Negative
1794	যতবার youtobe আসি ঠিক ততবার ই শুনি। একটা গান এত সুন্দর হয় কিভাবে। কতবার শুনেছি ঠিক মনে নেই	Positive
1795	কিশোরগঞ্জ বলে কথা,	Neutral
1796	bd ঈ তো ৫৭ তম!	Neutral
1797	Khuub khuuuuub খুউব ভালো story	Positive
1798	কি করবে ভাই প্রসাশন কিছু না করলে।	Neutral
1799	হহহহহজ	Neutral
1800	অস্থির হইসে ভাই।এখন xiaomi mi A1 এর review টা দেন	Positive
1801	তোর বাবা কে কেটে বড়ো ভোজ দে	Negative
1802	তোমার ঘিরে এত গুলো রাত অধির হয়ে জেগে থাকা তোমায় ঘিরে আমার ভালো	Positive
1803	রাতে নোটিফিকেশন আসছে, ক্লিক করলাম বাট লেখা আসছে video হলো এটা?	Neutral
1804	খোব ভালো লাগলো নাটক টা	Positive
1805	খালেদ উপস্থাপক না হয়ে আওয়ামিলীগের পক্ষে আসলে ভালো হতো কারণ বক্তাকে না বলতে দিয়ে তিনি নিজেই বিতর্কে জড়িয়ে পড়ছেন।	Negative
1806	অসাধারন।।।মাই ফেভারিট সং।।।।।	Positive
1807	সুলতানা কালাম, ইমরান তোরা যে দুশ্চরিত্র, চরিত্রহীন,লোভী, মিথ্যাবাদি তা তো সবাই জানে। কুরআন ও মসজিদে কোনো মুসলিম আগুন দিতে পারেনা। এইটা হল ইসলাম বিদ্বেষীদের কাজ।	Negative
1808	ওয়াও, ব্রাজিল টীম থেকেও ভালো খেলেছে	Positive
1809	+The Undertaker কাকে বললেন??	Neutral
1810	ব্রডকাস্ট আর ধারাভাষ্যকার ঠিক করতে বলেন আগে	Negative
1811	চার নাস্তিকের সাথে একজন কিভাবে সামাল	Neutral
1812	ইমরান মাদার চুদ বিনপি আইলে তোর রগ কাডবো মনে রাখিস।	Negative
1813	Prottay Raj সবার ই অবদান আছে, লিটন পড়ে যাবার পর তামিম যদি টিকে না থাকতো, বা শেষে যদি মুশফিক ভালো না খেলতো তাহলে লিটন তামিম যতই আগে রান করুক না কেন টিম হারতো !	Neutral
1814	গান টা কি এতটাই খারাপ ছিল ?কেন মানুষ এত খারাপ মন্তব্য করলো?আমার কাছে গানটা ভালো ই লেগেছে। আর যারা অশ্লীল মন্তব্য করে তারা কতটা নীচু মনের মানুষ তারা কি জানে?	Neutral
1815	যারা ফুল দয় তারা আবার আগ আক্মন করছ	Negative
1816	ভাই আপনার কথা অনেক যুক্তি আছে ধন্যবাদ	Positive
1817	+Osmaan Gony আরে মাদারী তোর অন্য বাবাদের ইকোনোমি রেট ১২,১৪,১৬, আর তোর মুস্তাফিজ বাপের ইকোনোমি রেট ৬,	Neutral
1818	বাংলাদেশ যদি ভারতের কলোনি হয় তবে খালেদা প্রধান মনএী হবে কোন দেশের ? ।	Neutral
1819	আমার প্রিয় গানের মর্ধে একটা।	Positive
1820	ভাই প্রমিজ করছি subscribe করব তোমাদের channel ইনশাআল্লাহ .আমাকে subscribe কর ও comments এ জানাও .আমি back দিচ্ছি	Neutral
1821	আমি চাই আশরাফুল ভাই দলে পিরোক	Neutral
1822	সংস্কার করলে কি সবাই চাকরী পেয়েযাবে? যারা চাকরী পাবেনা তারা কি করবে?	Neutral
1823	আপনারা কি মনে করেন take and talk 100%original phn বিক্রি করে???? একমাত্র অফিসিয়াল ফোন ছাড়া কোন ফোন ই বিশ্বাসযোগ্য না,	Negative
1824	ইমরান,কুকুর,মার,লোক,কি,বাংলাদেশ,নাই,তারপর,তিন,কুকুর,মার,ইচিত	Negative
1825	খুব-ই ভালো লেগেছে,এরকম আরো দেখতে	Positive
1826	ভারতের Top 5 regular প্লেয়ার এই সিরিজে খেলেনি। মহেন্দ্র সিং ধোনি, ভিরাট কোহলি, ভুবনেশ্বর কুমার, যশপ্রীত বুম্রাহ, হার্দিক পান্ডেয়া, রবিচন্দ্রন অশ্বিন, রভিন্দ্র জাদেজা, অজিঙ্ক্য রাহানে, উমেশ যাদব, কুলদিপ যাদব এরা সবাই বিশ্রামে রয়েছে। ভারতের সবচেয়ে বড় অস্ত্র ও ভারতীয় দলের অধিনায়ক (ভিরাট) পর্যন্ত দলে নেই। তুলনামূলক দুর্বল ভারতের কাছে হেরেছে বাংলাদেশ। যদি এই ফাইনাল ম্যাচের ফলাফল উল্টো হত, তাহলে Social Mediaতে আমার ভারত নিয়ে কুৎসা করে meme বানিয়ে আমাদের অপমান করতেন। এর আগেও ম্যাচের আগে সেটা বাংলাদেশীরা করেছে, তাই বলছি। ম্যাচের পর আর কুৎসা করতে পারেনি কারন কোনো খেলা জেতেনি। আগের ম্যাচে ওইরকম আচরণের কারনে শ্রীলংকার জনতাও বাংলাদেশের ওপর রেগে আছে। খেলা চলাকালীন খেলার মাঠে প্রতিপক্ষ দলের অধিনায়ক কে আঙ্গুল দেখিয়ে ঝগড়া করা, প্রতিপক্ষ প্লেয়ারদের হুমকি দেওয়ার মত করে কথা বলা, আম্পায়ারের সাথে অভদ্র আচরণ, ড্রেসিং রুমের কাঁচের দরজা ভেঙ্গে দেওয়া, সাফল্যর উল্লাসে সবাইকে সাপের ছোবল দেখানোর দৃষ্টিকটু ভঙ্গিমা মোটেই ভদ্রসুলভ আচরণের মধ্যে পরে না। আপনাদের সাথে অন্যায় হলে প্রতিবাদ নিশ্চয়ই করবেন, কিন্তু সেটা হতে হবে শালীনতার সীমা বজায় রেখে। সেই দিন শ্রীলঙ্কান খেলোয়াড়দের অপমান সেই দেশের জনগন মেনে নিতে পারেনি। এমন অপমানের পর শ্রীলঙ্কার জনতা তাই ফাইনালে ভারতকে সমর্থন করেছে। তার ওপর নাগিন নাচের উদ্দেশ্য আনন্দ উদযাপনের থেকে বেশি প্রতিপক্ষকে রাগানো। তাই আজ শ্রীলংকান জনতা গ্যালারী থেকে ভারতের সফলতায় মানে বাংলাদেশের Wicket পড়লে বা ভারতের চার ছয় রান হলে বাংলাদেশকে খ্যাপানোর জন্য নাগিন নাচ দেখাচ্ছিল। বাংলাদেশিদের এই রকম Attitude এর কারনেই প্রতিপক্ষ রেগে যায়। এরপরে তাদের অহঙ্কার যখন চূর্ণ হয়, সেটা দেখতে খুব ভাল লাগে। যদিও হারের পরেও বাংলাদেশিদের অহঙ্কার যায় না। ভাঙ্গবে তবু মচকাবে না। নিজের হার মেনে নিয়ে উচিত পরের বার ভাল করার চেষ্টা করার। তা না করে উল্টো গালিগালাজ, দোষারোপ, কাদা ছোড়া ইত্যাদি করবে। সম্মান না দিতে জানলে, সম্মান পাওয়ার আশা করা উচিত নয়। এই নিদাহাস ত্রিদেশীয় সিরিজে ভারত শ্রীলংকার ম্যাচ হয়েছে। সেখানে কখনো ভারত হেরেছে, শ্রীলঙ্কা জিতেছে। আবার শ্রীলঙ্কা হেরেছে, ভারত জিতেছে। সেখানে কেই কাউকে ব্যাঙ্গ করেনি। কেউ কার সাথে মারমুখী ভঙ্গিতে ঝগড়া করতে আসেনি। কারন তারা একপরকে সম্মান করে। তারা ক্রিকেট খেলাকে সম্মান করতে জানে।	Negative
1827	আমি l pon	Neutral
1828	সময় পার হয়ে যায়। কান্না নিয়ে বসে থাকার আর সময় নেই। এখন নতুন করে উঠে দাড়ানোর পালা। এই চোখ মুছে বাস্তবতাটা হিসেব করার পালা। আমি বারবার বলি, এইসব ফাইনালের পরাজয় কোথাও না কোথাও আমাদের জন্য জমা থাকছে। কোথাও না কোথাও আমাদের জন্য অপেক্ষায় আছে একটা বড় ফাইনাল। এইসব ছোট ছোট ফাইনালের জবাব নেবো আমরা বড় একটা ফাইনালে। আজ বরং আসুন, সকলে উঠে দাড়াই। ক্রিকেটকে পাশে রেখে যার যার কাজে যাই। আর অপেক্ষায় থাকি সেই বিশাল এক ফাইনাল জয়ের। কাদিস না সাকিব,রিয়াদ সৌম্য, রনি তোদের কাদতে ভাল দেখায় না,,,তোরা হাসবি আর আমাদের হাসাবি আজ পারিস নি তো কি হইছে সামনে পারবি সেদিন আমরা হাসব তোদের সাথে প্রাণ খুলে হাসব জয়ের আনন্দে।	Positive
1829	কাদের চিদ্দি কার সাথেবসেছেন এদের গেয়ান বলতে আছে কিনা আমার সন্দহ আছে	Neutral
1830	Shoeb Ahmed ভাই,আপনে আপনার নামবার টা দেন আমরা একে অপরের সাথে কথা বলি আপনে আমাকে বুজাতে পারলে বালে কথা	Neutral
1831	এই ভিডিওটার সত্ততা কতটুকু?????	Neutral
1832	সুমি কায়সার কে? তারা কী যুদ্ধ করেছিল দেশের জন? ২৫ মার্চ যুদ্ধ শুরু হল, আর তার বাবা মারা গেলেন ১৪ ডিসেম্বর। মুক্তিযুদ্ধের সময় সারাবছর পাকিস্থান সরকারের গোলামী করে তারাও আবার মুক্তিযুদ্ধার সুবিধা পায়।	Negative
1833	আমি একটা গান পরবেন সবাই নুসারট ফারিয়া আমার কমরটা দিলাইয়া তরে আর তর মারে বিসানায় ফালইয়া এমন চুদাচুদমু না মাগির বাচ্চা সব ভুলে যাবি যে গানটা লিখছে সে একটা মাগির পুত বা মাগির জি মনে।।। এক কথায় বুঝাতে চায় হট বাবা মায়ের হট সন্তান####	Negative
1834	স্যর আপনাকে স্যালুট	Positive
1835	রাজাকার।	Negative
1836	এই গুলো দেকে মানুষের কি লাপ হয় অামি যানতে চাই? ওরা টাকা ইনকেম করে অামাদের সময় নষ্ট হয়? ২ বেয়াদব	Negative
1837	নাইস ভিডিও অামার চ্যানেলটা একটু ঘুরে অাসুন	Positive
1838	GALAXI S8 অনেক ভালো,,iphone x থেকে✌✌✌,,	Positive
1839	ইমরান একটা খানকির পুলা	Negative
1840	ভাই! আপনি কথা বলে উপস্থাপন করলেন নাকি ছড়া বললেন, বুঝতে পারলাম না। প্রেজেনটেশান টা ভাল করে শিখুন ভবিষ্যৎ এ কাজে আসবে। আবালের মতো এসব আবালগিরি আর যেনো না শুনি।	Negative
1841	ইউটিউব চ্যানেল চালাতে হলে বাংলাটাও ভালো জানা থাকা প্রয়োজন। টাইটেলে গোজব লেখা আছে সেটা গুজব হবে!	Neutral
1842	ভাই কেমন আছেন। তালাশ কে ধন্যবাত।?	Positive
1843	তিসা এত হট কেন	Positive
1844	ভাই সবাইতো ভিডিওটা দেখচেন।এখন আপনারা কি বুজতে পারচেন এদের মধ্যে তিন জন লোক একে বারেই গেন হীন মানুষ এবং নাস্তিক	Neutral
1845	সুন্দর হয়েছে নাটক, তবে শেষের অপূর্বর এক্সিডেন্ট করা অভিনয়টা ভাল লাগেনি ।	Neutral
1846	খানকি দুজন,খানকির পুলা একজন,,সবাই মিলে কট কট করে,,উপস্তাপক চুপ।	Negative
1847	নেইনেই	Negative
1848	কোরআন শরীফ কে পুড়াইছে??? আবার বল তো???	Negative
1849	বলে পাম্পটা আর ইকটু কম হলে আমাদের টাইগার বাহিনী আরো ৪গোল বেশি দিত।	Positive
1850	মরনের টিকেট কিনে নিজের হাতে মৃত্যু ডেকে আনে ওরা কিন্তু ওরা নিজেরাই জানেনা কতটা ভয়াবহ রুপ নিবে এই সকল পন্য	Neutral
1851	ইমরান হোসেন সরকার ভাইকে আমি একটা কথা বলতে চাই আপনারা শুধু যুদ্ধাপরাধীর ফাঁসি হওয়ার জন্য	Positive
1852	কুত্তার বাচ্চা প্রশ্ন কি করা হল আর উত্তর কি দিল।প্রশ্নের উত্তর দে	Negative
1853	প্রিয় একজন অনেক মত মানুষগুলো আছে বলেই এদেশ এত শুনে আশা বহুগুনে বেড়ে	Neutral
1854	সুন্দর কথা এই আমার সোনার বাংলাদেশ। মানুষ মরে খাওয়া অভাবে আর তুমি (সরকার) স্যাটেলাইট পাঠাও দেখার আছে কি পাও তুমি এটা দিয়া	Neutral
1855	সংশোধন	Positive
1856	জাফরইকবাল একটা মাদার চুর নাসতিক	Negative
1857	যদি না আসে আবার সেখহাসিনা সেতু বলবে টাটা	Negative
1858	বালের ফুল	Negative
1859	তোমার মুজিব বাপের থেকে শুরু করে তার শেষ বংশধরের কেউই মাহমুদুর রহমানের মতো ব্যক্তিত্বের নিকটবর্তী হওয়ার যোগ্যতা রাখে ?	Positive
1860	ছেচড়া :D btw, ফানি সাউন্ড এর ব্যবহারটা একটু বাড়ান, তাহলে আরো ভালো লাগবে :)	Negative
1861	মুরসেদ সালা তরে জেখানেই জাই সেখানেই দেখি কাল কলেজে আসবি নাকি তুইকি mou নাম দিয়ে আইডি চালাইলেই কি তকে ভালোবাসার কথা বলবে এখোনো তো বলতে পারলিনা আর তর নাম পিক দেখে আবুলরা তকে মেয়ে মনেকরে আর কাল imote phone দিস ok	Negative
1862	স্যাটেলাইট দিয়ে দেশের কিছু না হোক, কিছু লোকের তো কোটি কোটি টাকা খাওয়ার রাস্তা হল ।	Negative
1863	Jonny Seins নিয়ে একটা ভিড়িও হপ্পে	Neutral
1864	মুতিয়া চোদির কথা শোনে মনে হচছে ভারতের কোন পতিতালয় এর এক মুখ পুরা নসটা মহিলা । আসলে আওয়ামী নামের দল টাই এক নসটার দল আর এই দলের প্রধান সব চাইতে বড় নসটা । এই মালাউন রা যত দিন দেশের গারে বসে থাকবে ততদিন দেশে কোন শানতি থাকবে না	Negative
1865	এই টিভিসেটকে সবাই গালাগালি করে	Negative
1866	ভাই,আমার বাসা Lamborghini র Factory র বাসা।লাগলে বলবেন।BOLOGNA, ITALY	Neutral
1867	গাধার বাচ্ছা তোর মত জারয কুত্তার বাচ্ছা একজন শিক্ষিত লোকের সমালোচনা করা শোভা পায়না।	Negative
1868	Tv chanel খানকির গুলারে বোলাস কেন	Negative
1869	বাংলাদেশের নাটক গুলা দেখার প্রত্যকটা নাটক গুলা অনেক	Positive
1870	3 idea movie ta দেখবেন আরো ভাল বুঝবেন, যে কি বুঝাইতে চাইছে,!	Positive
1871	ভাই আমি কতগুলো কমন্টে পরেছি কত মানুষ কত মতোব করেছে কিন্তু ভাই কথাগুলো কতটা সত্য তা আমিও জানতে চাই আপনার কি মনে হয়না যে খারাপ মতোব করা লোকগুলো জুতা পিটা করতে আর যদি তা না হয় তাহলে তো জুতোটা আপনার দিকে তাই বলি আপনে কথাগুলোর প্রমান দেন আমরা যারা রাজনীতি করে তারা দেশের জন্য করেনা পকেটার জন্য করে যারা দেশকে ভালোবাসে তারা রাজনীতি করেনা রাজনীতি নামটা এখন চোর বাটপার হয়েগেছে	Neutral
1872	কিছুই বলার নাই ভাই। এসব নিয়ে মাথা ঘামালে আর যাই হোক না কেন। আমাদের মতো খেটে খাওয়া মানুষদের কোন কাজে আসবে না। So,,,,,,,,no	Neutral
1873	সুশীল কর্মকার of course	Neutral
1874	আন্দলিপ পার্থ কে আন্তি দেখতাম নাস্তিক রা কথা বলতো কিভাবে,যে সাংবাদিক ৩ নাস্তিক রে আনছস পারলে ৩ টা আস্তিক রে আন্তি,	Negative
1875	আমি সত্যি গরবো বোদ করি।একজন আলেম হিসাবে যে ভাবে বলার দরকার সেই ভাবেই কথা গুলি বলছেন।সেলুট মাওলানা সাহেব।	Positive
1876	বাল করিস তোরা।তোদের বিপিএল নিষিদ্ধ করা উচিৎ। এত নিম্নমানের টুর্নামেন্ট তোরা করিস কেন?	Negative
1877	প্রশ্ন কে দিয়েছে??? নাহিদ। হা হা হা, এটা বেষ্ট ছিল।	Positive
1878	তারেক রহমানের অডিও ফাঁস করে নিজেরাই বিপাকে !	Negative
1879	মিনার সত্যি খুব অসাধারণ একজন শিল্পি।। তার এক্সপ্রেশন প্রত্তেক টা গানে খুব দারুন আসে	Positive
1880	সত্যি কথা বলতে এটাই কিছু একটা গণ্ডগোল তো নাহয় এত টাকার লেনদেন কোনো মুখের কথা আর বাংলাদেশ সরকারের কাছে কি টাকার অভাব পড়ছে যে লোন নিতে কোন দেশরে স্যাটেলাইট ভাড়া বাংলাদেশ ছাড়া বাকি সব দেশ অনেকে আগেই নিজস্ব স্যাটেলাইট এ আসছে ডিজিটাল দেশ দেশরে লোনের মুখে রেখে ডিজিটাল বানিয়ে লাভ পারছেনা এমন মানুষ গুলো সরকারের চোখে পড়েনা	Neutral
1881	"নুসরাত ফারিয়ার ""পাটাকা"" গানটা দেখলাম ইউ টিউবে। ""পাটাকা"" শব্দটার সাথে প্রথম পরিচয় কোলকাতা ক্লাবে। আমার মতো মদ্যপানে নিরাসক্ত সংগীর জন্য কোন নিরামিষ পানীয়ের অর্ডার দেয়া যায়, সেটা চিন্তা করতে করতে আমার বন্ধুরা ""পাটাকা"" অর্ডার দিলেন। সোডা ওয়াটারের মধ্যে নানা মশলা মিশিয়ে তৈরি এই ""পাটাকা""। দারুণ স্বাদ, যাকে বলা যায় ট্যানটালাইজিং। ""পাটাকা"" মানে কী, জানতে চাইলে বন্ধুরা বললো এটা পটকা বা ফায়ার ক্র‍্যাকার্সের হিন্দুস্তানি উচ্চারণ। আর আরেকটা মানে আছে সেটা হচ্ছে পাঞ্জাবী স্ল্যাং। হট গার্লকে পাঞ্জাবী ভাষায় লোফার পোলাপাইন ""পাটাকা"" বলে ডাকে। নুসরাত ফারিয়ার গানে পাঞ্জাবী স্ল্যাং টাই ব্যবহার করা হয়েছে। সে নেচে নেচে ঘোষণা করছে, যে সে ""পাটাকা"" হয়েছে; ""হয়েছিরে পাটাকা""। এভাবেই বাংলাদেশে অপরিচিত এই শব্দটাকে বাংলা ভোকাবুলারিতে ঢুকিয়ে দেয়া হবে। ছাত্রলিক মার্কা পোলাপাইন রাস্তায় মেয়েদের ""পাটাকা"" বলে ডাকবে। কেউ কেউ নুসরাত ফারিয়ার মতো ""পাটাকা"" হওয়ার আপ্রাণ চেস্টায় নিয়োজিত হবে। এই গানটার সাথে নুসরাত ফারিয়া না নাচলে বাংলাদেশে এই গানটা এতোটা পরচিতি পেতোনা। আমাদের দেশের মেয়েদের অরুন্ধতী রায় বা বেগম রোকেয়া না বানিয়ে পাঞ্জাবী ""পাটাকা"" বানানোর উস্কানি দেয়া হবে। আর নুসরাত ফারিয়ারা অল্প পয়সায় বিক্রি হয়ে পাছা দুলায়ে সেই এজেন্ডা বাস্তবায়ন করবে। উর্দু হরফে বাংলা লেখানোর শয়তানী বাস্তবায়িত না হলেও; হিন্দুস্থানি ভোকাবুলারিতে বাংলা বলানোর প্রজেক্ট এভাবেই এগিয়ে চলবে যদিও গানের শিল্পী, গীতিকার আর সুরকার সবাই বাংলাদেশী। আফসোস!!! Pinaki Bhattacharya এর ফেইসবুক ওয়াল থেকে।"	Neutral
1882	বন্ধুরা আমার চ্যানেল টি সবাস্ক্রাইব করুন আপনাদের ভালোবাসা পেলেই আমি ভিডিও আপলোড	Neutral
1883	দাম কত ?	Neutral
1884	নাম ভূল করলে যে এত্তো ভালো লাগে জানতাম না, joss ntk	Positive
1885	Lg V30 এর একটা video বানান	Neutral
1886	সাধারন মানুষের গলা কাটার মত অবস্থা,,,,	Negative
1887	science বানান হয়নি	Negative
1888	আপনারা যদি দেশ ভালই করতে পারেন,এতই যখন কনফিডেন্ট তাহলে দেশে আসেন না কেন? আর আগে লিখতে শিখেন তারপর লিখেন,এই টাকলা ভাষা পড়তে ২ দিন সময় লাগে!	Negative
1889	সুমি তুই হলি মাগি	Negative
1890	মতিয়া একটা মাগির বাচ্চা	Negative
1891	একটা পুরুস শয়তান সাথে দুইটা কিযে বলব নিজের উপড়ই লজ্জা লাগছে৷আমিও একজন নারী৷	Negative
1892	অবশ্যই ভাংচুৱ হবে! যখন ছাএদেৱ মাৱা হয়েছে, যখন গুলী কৱা হয়েছে তখন কই ছিলা তোমৱা !!!	Negative
1893	নিশো আসলে তুমি রিয়েল বস	Positive
1894	সুন্দর খেলেছে	Positive
1895	বলদ নি তুই আওয়ামীলীগ ভয় পাইলে এই লুক রে ই পায়,	Negative
1896	ভাল্লাগছে।	Positive
1897	ভাইয়া একটা রিভিউ দেন দুইটার	Neutral
1898	Bulbul Ahmed কথার আগামাথা আছে?বীর্য অর্জন করলো মানে?কিছু খাইয়া লিখতে বসছেন নাকি	Negative
1899	মনটা ভালো হয়ে গেলো গানটা শোনে।	Positive
1900	সত্য কথা বলার জন্য ধন্যবাদ	Positive
1901	মনে থাকবে কোনো এক বৈশাখের কথা	Positive
1902	ভাই আমি তো,, কমার্স নিছি তা হলে কি হবে	Neutral
1903	কিনু ভাইয়া কিনু? আমি আস্তিক। তো? ভাই নিজের ধর্ম নিজে পালন করুন।বইটা নিছক একটা গল্পের বই।জাফর ইকবাল যতই জ্ঞানী হোক,ইসলাম ধর্মে চুল পরিমাণ আচড় দেওয়ার মত যোগ্যতা হয় নাই।ধর্মকে ধর্মের জায়গায় রাখুন।✌	Neutral
1904	ফকিন্নি দেশ কাংগাল দেশে	Negative
1905	জারা বাংলাদেসের জোনো জুধ করেছে তারা কখোনো নিজের সারথের জনো জুধ করেনাই আর এখোন জারা কোটার পখে বলে তারা কোনো দিনো দেসকে ভালো বাসে নাই	Negative
1906	ভাই দেশটা মুসলিম দেশ সু কিছু করলে মান সম্মত করলে ভাল লাগে আর কি। শহরটা তু দেশের মধ্যে পরে ভাইয়া	Neutral
1907	দলে চাই	Neutral
1908	আন্দালিনের উচিত আন্দোলনে অংশ নিয়ে রাস্তায় স্পিকার নিয়ে এই কথাহুলো বললে সবাই জানতে পারবে।	Neutral
1909	কমার্স কি মুড়ি খাইবো নি???? কমার্স ছাড়া সাইন্স/আর্টস	Negative
1910	প্রাইভেটের ব্যাপারে আপনাদের এত এলার্জি কেন ???	Negative
1911	খবরের।মারে।চুদি।আর।কিছু।আছে।	Negative
1912	৩ তিন জন ঘান কির বাচছা এবং নাসতি	Neutral
1913	একটু নেচে গেয়ে আমার মনটা চাঙা করে দাও না!	Positive
1914	মা এর অভিনয় অসাধারণ হইসে	Positive
1915	সুলতানা কামাল আপনি এত বাচাল কেন?	Negative
1916	তারেক জিযা জিনদাবাদ নাসতিক লীগ নিপাত যাক	Negative
1917	আন্নেরে নানী সংসদে মানায় না, নির্বাচন করে কবে আসলেন,। দুর্নীতি করে সংসদে এসে বড় বড় কথা বলাই যায়,। তানা হলে আপনাদের রাজপথে ভিক্ষা করতে হবে,। ফালতু বান্দরের মত কথা কয় পাগল ছাগলের মত স্টুপিড অযোগ্য অবৈধ হিজরা মন্ত্রী	Negative
1918	সন্ত্রাসী ছাত্রলীগ তোদের ধ্বংশ চাই	Negative
1919	আমি UAE থেকে অনেক ভালো লাগলো গান টি অন্যরকম এক অনুভূতি ।।।	Positive
1920	মিনার লাভ	Positive
1921	সুইট একটা নাটক ♥♥♥♥♥♥	Positive
1922	এইসব জেশ্চার ব্লেকবেরিতে সেই অনেক আগে থেকেই।	Negative
1923	২৩ মিলিয়ন	Neutral
1924	দেব কে ছারা আর কেউ, কিছু ভালো বলতে পারে না,,	Negative
1925	Dihan তিন তালাক, চার বিবি, দিনে পাঁচবার পোঁদ উল্টে চিৎকার, আর যখন তখন চোদার শখ! কিন্তু চোদার দম নেই তাই ভারত ও চীন থেকে ওষুধ আনতে হচ্ছে। আগেও বলেছি, আবার বলছি, ধানমন্ডিতে গিয়ে তুই তোর ধোনের মুন্ডিটা কেটে উল্লাহঃ কে উৎসর্গ কর। চোদার শক্তি পাবি। তোদের জাত ভাই রোহিঙ্গারা পর্যন্ত তোদের চুদে দিয়ে গেল তবুও তোদের লজ্জা নেই, তোদের দেশের মেয়েরাও তোদের দিয়ে চোদাতে রাজি নয়। তোদের অস্তিত্বই এখন প্রশ্নের মুখে। তুই এই link টা দেখ	Negative
1926	সাথে থাকার জন্য অনেক ধন্যবাদ Md Rajikul Islam Amus । এই চ্যানেলের যে কোন ভিডিও নিয়ে ভালো লাগা বা খারাপ লাগা নিয়ে মন্তব্য করুন।ধীরে ধীরে একটা টিভি চ্যানেলের মতোই বিষয়ভিত্তিক ভিডিও দিয়ে সমৃদ্ধ করা হবে এই চ্যানেল। লাইক দিন, মন্তব্য করুন, শেয়ার করুন- নিজেকে সাবস্ক্রাইব করুন এবং অন্যদের সাবস্ক্রাইব করতে উদ্বুদ্ধ করুন- Click here to subscribe: at facebook: with Munzurul Karim: Facebook Page:	Neutral
1927	আগের চেয়ে সুন্দরী হয়েছেন।	Positive
1928	আমার বাবা একজন মুক্তিযোদ্ধা কিন্তু তার কোন ছাড়টি ফিকেট নাই	Neutral
1929	ভাই কাল কে আপনাকে বিজয় সরণিতে	Neutral
1930	উনি বোঝেন চাকরি না পাওয়ার কষ্ট কি	Positive
1931	মোস্তাফিজ কোথায় খারাপ বল করছে? লাস্ট ওভারে ১১ রান বিশ্বের যে কোনো বলারের জন্য আটকানো ৯৯% অবম্ভব!তারপরও বলে ডেত ওভারে ভাল করতেছে না।অযৌক্তিক কথা।।	Negative
1932	আশরাফুল ভাইকে দলে চাই।	Neutral
1933	বড়লোকের সরকার	Negative
1934	খালেদ মাগী কায়সার রে পাইয়ারা অন্য কারো রে সুযোগ দিতাছে না।	Negative
1935	এগুলা রে কি কারণে নেত্রী পোস্ট দিছেন	Negative
1936	শমি নামের এই brainless woman কে এখানে ডাকাটা ঠিক হয় নি। উনার কথার কোনো যৌক্তিকতা নেই।	Negative
1937	হাজার বছেরে বাংলাদেশ জিতে পারবেনা বাংলা দেশ হা হা হা হা ভারত জিতেছে অল্প বয়েসে মারা জেতে চাই লে বাংদেয়্শ করবেন	Neutral
1938	যদিও পহেলা বৈশাখে সাথে নিয়ে ঘোরার বিশেষ কেউ কখনোই ছিল না এখন ও নেই । নাটকের ২৮ মিনিটের পর অদ্ভুত মায়াবী যে বাঁশির সুর ওইটা শোনার পর মনে হল এমন কেউ একজন থাকলে ভালই হত । যার হাত ধরে হাঁটতাম আর অদুদ্ভুত এই মায়াবী সুর	Positive
1939	নাটক দেখার মুড নষ্ট করে দেয় এরা । কেন লাস্ট এ এটা না করলে আর হতো	Negative
1940	এই গাধার বাচ্চা তোর পরিচয় অার বংশ পরিচয় নিয়া সন্দেহ হয়। জাতীয় বিশ্ববিদ্যালয় কি তোরে পুটকি মারছে?? পাবলিকের পরেই, অাল্পের জন্য বাদ পড়া মেধাবীরা জাতীয় তে পড়ে। দেখিস না প্রতিবছর জাতীয় থেকে বিসিএস পায়, ৩৬ তম তে ১৩ তম জাতীয় থেকে। ঢাকা, কবি নজরুল, তীতুমীর, কারমাইকেল, ভিক্টোরীয়া, এম সি, সিটি সহ দেশের নাম করা কলেজ গুলা কি খারাপ নাকি?? অসভ্য মুর্খ। মনে তো হয় না তোর কোন নিজস্ব পরিচয় অাছে।	Negative
1941	অসাধারণ,, দুইজনই ভালো,এবং আপুর প্রতি ক্রাশ খেলাম, এখন রাত ০১:১৪ জানি ঘুম আজ আর আসবে না,,,,,!	Positive
1942	অ সাধারন একটি গান যত সুনি ততো সুন্তে ভাল লাগে	Positive
1943	মরলেও লরাই করে মরছি	Positive
1944	নাটকের মধ্যে গানটা গাইছে কোন ছাগলের	Negative
1945	জাফর নাস্তিক মাদারচুদকে আগুনে পুরে মারার দরকার,	Negative
1946	মাহমুদুর রহমান ধন্যবাদ ভাই	Positive
1947	ভাই violin কে বাজাইছে?? চরম	Positive
1948	কবে গেলে এ খেলা।??	Neutral
1949	হিন্দুদের দালাল	Negative
1950	দেশের নির্বাচিত ব্যক্তিদের নষ্ট করার জন্যে চলে দুতাবাসগুলোর অপকর্ম। সাংবাদিক ভাই ধন্যবাদ।	Positive
1951	ধন্যবাদ স্যার।আপনি বাস্তব এবং যুক্তিসংগত কথাগুলো বলেছেন।	Positive
1952	মাহমুদূর রহমানের কথা তুই কি জন্য শুনচত তুই হইলে এক নামবার গরু ছাগল,	Negative
1953	খান কির পোলা ইমরান কে দেখলে পিটাইতে মন চাই	Negative
1954	ভাই আপনাকে অনেক ধন্যবাদ।	Positive
1955	আমরা student রা সবাই চাই 50 ta mcq এবং 5 ta সৃজনশীল।	Neutral
1956	Md Anam লিংক আছে??? এগুলা কেন বলেন	Negative
1957	আপনি বাংলাদেশী এইটা সত্যি অবাক করার বিষয়	Neutral
1958	হালা গোরা হালা	Negative
1959	সুপার দুপার	Positive
1960	অসাধারণ	Positive
1961	Nure Alam এইগুলা কে মুভি বলে নাকি !	Negative
1962	আরে বলদা আনানta জলিল আর বসতির ছেলে হিজলা খান রে নিয়া vedio বানাও। হাসতে হাসতে stroke করলে দায়ী থাকব শাকিব খান ( হিজলা ) ওরুফে বসতি দি সুইপার ইশtar	Negative
1963	Adnan Ahmed Khan আমার নাম zunaed	Neutral
1964	ভাই আপনি থামেন।হাসতে হাসতে পেট বেথা হয়ে গেছে।	Positive
1965	বায়ূচুম্বন	Positive
1966	একের অধিক ব্যাক্তি নেই। একজনই আছেন। ধন্যবাদ শুভ কামনার জন্য, চেষ্টা চলবে :)	Positive
1967	এতো লেট হইলো কেন ভাই?	Negative
1968	creativity দিয়ে নিজের দেশকে তুলে ধরুন,বিশ্বের কাছে পরিচয় করিয়ে দিন দেশকে নতুন ভাবে।আর আপনারা কি আসলেই বাংলাদেশের??সন্দেহ হয়	Negative
1969	মজা পাইছি	Positive
1970	শুভ নববর্ষ ♪♥♥ দারুন হয়েছে♥♥	Positive
1971	কোনো কথা হবে ভাই	Neutral
1972	শুভ নববর্ষ Bangla Talkies	Positive
1973	বেশি ফানি হয় নায়	Neutral
1974	বাজে	Negative
1975	Finish টা ফালতু -_-	Negative
1976	শেষ টা খুব খারাব লেগেছিল uppppppppppp	Negative
1977	এখানে মারা যাবার কি আছে যত সব ফালতু কনসেপ্ট।	Negative
1978	নাটকের শেষটায় নাটকীয় হয়ে গেলো ! বাস্তব ছিল সবই শেষে আবেগে মারাইলা	Neutral
1979	শেষের দৃশ্যটা অসাধারণ ছিলো :)	Positive
1980	ভাই অপূর্ব তোকে বুঝতে হবে কুকুরের পেটে ঘি হজম হয় না	Negative
1981	ভাই অপূর্ব তোকে বুঝতে হবে কুকুরের পেটে ঘি হজম হয় না	Neutral
1982	আচ্ছা আপনারা যারা writer আছেন তারা কি চান যে viewers দের নাটকের শেষে কাদতেই হবে। না হলে সফল হবেন না। Happy ending হলে দোষ কি??????	Negative
1983	বাল নাটক	Negative
1984	মেয়েটার ছেলেটা	Neutral
1985	এই নাটক এ সব সময় মনে হয়েছে নাটক হচ্ছে	Negative
1986	আসলে ই নাইচ	Neutral
1987	কেমন যে নাটক টা	Negative
1988	এত্ত বাজে ! ছিহ !	Negative
1989	এটা কি হইল শেষে???আমার কান্না আসতেছে	Neutral
1990	ডাইরেক্টরদের মাথায় দোষ আছে, নায়ক না মরলে শান্তি নাই তাদের।	Negative
1991	এত ভালো লাগেনাই	Negative
1992	রশিদ ভাই এর নাটক তু ভালো হবেই	Positive
1993	মাবরুর রশিদ বান্না সাহেব, বার বার পুরানো জিনিস নতুন প্যাকেটে ভরে বেঁচা শুরু করছে।	Negative
1994	এ রকম হবে শেষ টা কখনো ভাবি নাই । ভাল লাগছে নাটক টা।	Positive
1995	ইদানীং অপুর্ব ভাই খুব বেশি বেকার হয়ে	Negative
1996	ভাল লাগার একটি নাটক।।।	Positive
1997	What's going on শিরোনামহীন	Neutral
1998	কিছু আবাল অনলাইনে পর্ণ খুঁজে না পেয়ে এরকম অমর গানগুলোতে আনলাইক মেরে চলে যায় ! :3	Negative
1999	৪ বছর জাবত এইগান্টা সুনি যত সুনি তত ভালো লাগে	Positive
2000	ডেইলি কম হলেও ১০ বার শুনি, নেশার মত হয়ে গেছে, ধন্যবাদ অর্ণব দা।	Positive
2001	২০১৮ তে ও শুনি। আছ কেউ?	Positive
2002	২০০৮ এস এস সি পরীক্ষা দেবার পর গানটা কতবার যে শুনেছি। ভালই লাগত। প্রায় ৯ বছর পর প্রবাসে বসে রাত ১২ টার দিকে গানটা শুনলাম। সেই আগের দিনের কথা মনে পড়ে গেল।।।	Positive
2003	অর্নব যার গানে অর্থবহ কিছু থাকে। ক্লাস নাইন থেকেই গান শুনে বড় হয়ে উঠা। চমৎকার ব্যক্তিত্ব সম্পন একজন মানুষ। Respect Ornob!	Positive
2004	কেন জানি না!!!!!!!! গানটা এতো ভালো লাগে। সবসময় শুনতে ভালো লাগে।	Positive
2005	তুমি কি বানাও দাদা এগুলা মাদকের মত কাজ করে তোমার এই গানগুলা। প্লিজ দাদা আবার ফিরে আস এন্ড আবার বানানো শুরু কর গান ।/।	Positive
2006	মনের সাথে কেনো জানি মিলে যায়	Positive
2007	বল্লায় কামড় মারলে কি ফেস রিকগনিশন কাজ করে?	Neutral
2008	এত বিনুদুন	Positive
2009	ভুলেও কিনব না। ফকির হয়িয়া যাব	Negative
2010	ভাই google pixle 2 রিভিউ করবেন না??	Neutral
2011	GALAXI S8 অনেক ভালো,,iphone x থেকে✌✌✌,,	Positive
2012	এরোকম আপরাধীদের কে দরিয়ে dan	Positive
2013	see this সন্তান কমান্ড কিভাবে মুক্তিযোদ্ধাদের টাকা আত্মসাৎ	Negative
2014	ভাই ওর বড় শাস্তি চাই	Neutral
2015	অনলাইন কবুতর মার্কেট এর উপর একটা পর্ব করলে ভালো হতো!!!	Neutral
2016	ভাই খুব সুন্দর একটা পব্	Positive
2017	সাহারিরার পোস্টে আপনাদের এই ভিডিও লিংক দেয়াতে আমাকে ব্লক করে দিয়েছে ব্রো	Neutral
2018	ওই শুয়োরের বাচ্চা সৌম্য কে ICT Act 2013 তে দিতে হবে আর সাথে ঐ পেজের সকল এঠমিনদের ও। সাথে দেশের সংশ্লিষ্ট হ্যাকারদের বলছি ওর ঐ ফেসবুক পেইজ ও গ্রুপ গায়েব করে দিন।।।	Negative
2019	মনজুরুল করিম ভাই এর কি কোন বিচার হবে না????	Negative
2020	মনজুরুল ভাই তালাশ দেখতে অামি খুব পছন্দ করি।অামি পব-১ থেকে ১৪৫ পব দেখে অাসছি।অামি অারও নতুন পব দেখতে	Positive
2021	ভাই অনেক দিন ধরে চ্যানেল খুলছি,কিন্তু কাজ হচ্ছে না আমার চ্যানেল টা একটু প্রমোট করে দিবেন।	Neutral
2022	Aangan এর ভাইটা অনেক ভালো মানুস ছিলেন	Positive
2023	অপেক্ষার দিন আজ শেষ। অনেক ধন্যবাদ	Positive
2024	জানি ভাল হবে, আগে লাইক দিলাম All The Best Talash	Positive
2025	সত্যি খুব মিষ্টি গান আর ভিডিও টা খুব সুন্দর।বাংলাদেশ আজ অনেক ভাল প্রোডাক্সন করছে। আমি ভারতে থাকলেও বাংলাদেশি গান খুব শুনি	Positive
2026	অ সাধারন একটি গান যত সুনি ততো সুন্তে ভাল লাগে	Positive
2027	এই গানটি মিনারের অন্যতম একটি গান ! বক্তদের মাজে এই গানটি অনেক পছন্দনিয় ৷ যা সবার মাজে সেই গানটি পছন্দ !!!!!	Positive
2028	মিনারের কারণেই হিন্দি গান ছেড়েছি আমি ।	Positive
2029	করলাম জলদি করে কাতার থেকে আছি সব সময়	Neutral
2030	সালা দালালি কর কার	Negative
2031	নওফেল নাম্বার ওয়ান ছাগল	Negative
2032	নওফেলটা এভাবে চিল্লায় কেন???? বলদের বাচ্চা!!!! অশিক্ষিত নাকি???? চুদির বেটা।	Negative
2033	নবনীতাকে ধন্যবাদ।	Positive
2034	মুক্তিযুদ্ধের চেতনা যদি মানতেন তাহলে বীরশ্রেষ্ঠ রুহুল আমিনের ছেলে বোতল কুড়িয়ে খেতনা।মুক্তিযোদ্ধা রা না খেয়ে, বিনা চিকিৎসায়য় মারা যেতনা।সরকারের উচিত অস্বচ্ছল মুক্তিযোদ্ধা ও তার পরিবারের জন্য কোটা রেখে বাকি টুকু সংস্কার করা উচিত।মন্ত্রী সচিবের ছেলে কোটা নিয়ে কি করবে নওফল সাহেব।	Negative
2035	নবণীতার উগ্রপ্রশ্নবাণ শালীন নয় । সঞ্চালক কে অনেক ধৈর্যশীল হতে হয় । অথচ নবণীতা যেভাবে কথা বলে মনে হয় তার সাথে ঝগড়া আছে । প্রশ্ন ভদ্রতার সহিত করা যায় উত্তেজিত হয়ে নয় ।	Negative
2036	একটা বোকচোদকে আনছে।কথা বলতে পারে না।	Negative
2037	সুমি মাগি একটা বেশশা মাগি।	Negative
2038	সুমি_ তুইযে একটা পতিতা মেয়ে সেটা ভুলে গ্যছোদ।	Negative
2039	সমি কাইসার,,,,,, ওরে আনছে কি করতে	Negative
2040	শমি কায়সারকে আনে কি জন্যে?? বিরক্তিকর প্যানপ্যানানিতে কান ঝালাপালা করে দিল!!	Negative
2041	সে তো কথায় বলতে পারে না	Negative
2042	তোমরা মুক্তিযোদ্ধা আর আমরা রাজাকার???	Negative
2043	কথা বলতে না দিলে অনুষ্ঠানে আমন্ত্রণ জানানোর কি দরকার?	Negative
2044	সুমি কায়সার এর ভোদা টা খেতে মন ছাইতেছে	Negative
2045	শমি কায়সার আওয়ামীলীগের বড় ধরনের দালাল।।	Negative
2046	বাংলাদেশের প্রথম পর্নোস্টার শমী কায়সার।	Neutral
2047	The Undertaker আমি তো ভাই আগেই লিখচি। কোটার পক্খে না। তবে আওয়ামী কোটার পক্ষে না	Neutral
2048	আসল কথাটাই কেউ বলল না, ৪৬ বছর ধরে এদেশের ৩০% নিয়োগ মুক্তিযোদ্ধারা পেয়েছে। বছরে ১০০০০ হলেও ৩ লাখ পাওয়ার কথা, অথচ গ্যাজেটে এসেছে ৬৮ হাজার মুক্তিযোদ্ধা।	Neutral
2049	Israt Mou তোর বাবার পরিচয় দিতে হবে না ! ওনি মুক্তিযোদ্ধা হলে স্যালুট রইল ওনার জন্য । আর আমাকে রাজাকারের ছেলে বল্লে তোকেও কি তাই বলা উচিত না ?	Neutral
2050	তোমি ভারতে পোলার চোদা খেয়ে সক মিটেনাই।	Negative
2051	বেশ্যা সুমি কয় কি	Negative
2052	আসল মুক্তিযোদ্ধার ছেলে মেয়ে দের কোটা দরকার হয় না	Positive
2053	হিন্দু চুদা খাওয়া মাগী,	Negative
2054	আসল দুর্নিতি বাজ খালেদা ও তার দল বল	Negative
2055	রাইট ভাই	Positive
2056	বানরের পুত উচিত কথা বললে রাজাকার ,তোর বাপ রাজাকার	Negative
2057	আন্দালিবের মত দেশে আরো কিছু নেতা থাকতো তাহলে বাংলাদেশের এই অব্সথা থাকতো না	Neutral
2058	‌যে চোর সে সবাই‌কে চোর ভা‌বে।	Negative
2059	ভাই আপনাকে অনেক ধন্যবাদ	Positive
2060	100/ আওমীলীগের হস্তক্ষেপ শুধু তাই না জামাতের নিজামী থেকে আললামা দেলোয়ার হোসেন সাইদী সহ সবাইকে সরকার তার নিজের ইচ্ছামতে ফাসি এবং জেল জরিমানা করেছে, এগুলো সবই জুলুম, এগুলো চলতো জাহিলিয়াতের যুগে।আর এগুলোই হলো জালিমদের কাজ।জালিম রা যুগে যুগে সমাজে ঘৃণিত এবং পাপীষঠ প্রকৃতির লোক।	Negative
2061	আরে রাজাকার	Negative
2062	নোকেয়া 7 প্লাস এর দাম কত ভাই,,,,????	Neutral
2063	তুষার ভাই miss u	Neutral
2064	ধন্যবাদ -- শুধু আপনাদের রিভিও ওই শুধু সবকিছু আমার বিশ্বাস লাগে - অন্যদের রিভিও গুলা কেমন জানি ফাউ ❤❤ I ❤❤ atc	Neutral
2065	vai plz sumsung j7 pro নিয়ে রিভিউ করেন	Neutral
2066	Q6 রিভু লাগবো ভায়া :)	Neutral
2067	পুলিশ জরিত না তাকিলে।এই সব হতে পারবে না।	Negative
2068	মমননরাাচহকসািডডডেনকগততনর	Neutral
2069	আওমিলিক প্রতারক	Negative
2070	ফারজানা রুপা একজন বিতর্কিত নারী	Negative
2071	যারা মানুষ পুরিয়ে মারে তারা বাঘের / কুকুরের / জানোয়ারের বাচচাই হয়। তারেকও জানোয়ারের বাচচা।	Negative
2072	জনগনের সামনে কমা চাইতে হবে এবং জুতার মালা গলা দিয়ে খমা চাইতে হবে	Negative
2073	PINOY PINOY শুধু পাকিস্তানের জারজ সন্তারাই সত‍্যবাদি। পাকিস্তান মুদ্রাবাজার।	Negative
2074	মাদারির বাচ্চা	Negative
2075	খান কির পুলা	Negative
2076	বাংলাভাষার এই কি	Negative
2077	আমার ছাত্র জীবন শেষ হওয়ার পর ৮তলা১০তালা ভবোন হইবো। হেই ভবোন দিয়া আমি কি করমু।	Negative
2078	আগে তুই নিজে কিছু শিখ। তোরে মন্ত্রী দিছে কোন হালা?? এত বছর তুই কুত্তার মত ঘেউ ঘেউ করছস!!	Negative
2079	আমি মনে করি শেখ হাসিনার সরকার ক্ষমতায় থাকলে বাংলাদেশ অনেক উন্নত হবে।	Positive
2080	কোন পাগল রে অর্থমন্ত্রী দিছে হাছিনা দেশ তো শেষ কইরা ফালাইবো সালায়	Negative
2081	Saif Ovi কাকে পাগল বলতাছ ভাই	Negative
2082	ছাএলীগের সাথে সাধারন শিহ্মার্তি যায় না!!!!!!!	Negative
2083	কুত্তালীগ তোদের কথার ঠিক নেই, তোদের জন্মের ও ঠিক নেই।	Negative
2084	চোরের দল তারা	Negative
2085	কুত্তালীগ অনেক বড় জানুওয়ার এই টা সবাই জানে,,আমি কুত্তালীগ নামের নাম টা জেনো না থাকে সে দোয়া করি	Negative
2086	চোদনারা তোগো পা উপরে দিয়া মাথা নিচে পিটানো হবে	Negative
2087	জাকির শুদ্ধভাবে কথায় বলতে পারে না।	Negative
2088	এটা ঠিক না	Negative
2089	Don't mess with me ওরে মহম্মদের বেটা চোদমমোদ! তোরা ঢাকায় দোকান খুলে বসে আছিস, ধোনে তোদের জোর নেই, তাই তোদের মেয়েরা যাকে তাকে দিয়ে লাগিয়ে নিচ্ছে। এতে ইন্ডিয়া আর ময়নামার এর দোষ কোথায়? চোদার এত্তো শখ কিন্তু মোহাম্মদ চোদার ক্ষমতা দিচ্ছে না, ছিঃ!	Negative
2090	মরনের টিকেট কিনে নিজের হাতে মৃত্যু ডেকে আনে ওরা কিন্তু ওরা নিজেরাই জানেনা কতটা ভয়াবহ রুপ নিবে এই সকল পন্য	Negative
2091	ঢাকায় এসব নতুন চিত্র না	Positive
2092	গুলি করে মারতো,, ভেজাল কমে গেলো	Negative
2093	গুলি করে মারতো,, ভেজাল কমে গেলো	Neutral
2094	এগুলো তুলে ধরেন ভালো কতা কিন্তু প্রতি রোধ করেন না কেনো?	Neutral
2095	ali alamin তাহলে আবার এরশাদকে লাগবে খমতায়	Neutral
2096	Riyan রাইট	Neutral
2097	সত্যিই অসাধারন, ছুঁয়ে গেল মন।	Positive
2098	সত্যিই অসাধারন, ছুঁয়ে গেল মন।	Positive
2099	ওসা ধারোন একটা নাটক	Neutral
2100	প্রতিটা মুহূর্তে প্রেমে পড়েই গেছি আমি।অসাধারণ একটা নাটক দেখলাম। আর নিশো ভাই তো	Positive
2101	খাইয়া ছারে নাই হয়তোবা,, খেতেই পারেনাই	Neutral
2102	নিশু ভাই, আপনি এত ভালো অভিনয় করেন কি করে !!! খুবই ভালো একটা নাটক ।	Positive
2103	নাটক টা সেই হয়েছে	Positive
2104	ভালো লাগছে	Positive
2105	আমার স্বপ্নের নায়িকা মেহজাবিন	Positive
2106	অসম্ভব সুন্দর একটা নাটক	Positive
2107	চো চুট	Negative
2108	List 10 মিনিট মোটেও ভালো লাগি নি ।	Negative
2109	সাহিত্যেও নোবেল পুরস্কার আছে মিস মেহজাবিন।।	Neutral
2110	Vision Plus শালা আবাল	Negative
2111	ধন্যবাদ পরিচালককে এমন একটি নাটক উপহার দেওয়ার জন্য।সবার অভিনয় ন্যাচারাল।	Positive
2112	নাটকের সাথে জীবনটা পুরো মিলে গেছে। তার নাটকটা বারবার দেখি আর নিজের সাথে মেলাই। ভাগ্যিস golden a+ পাইছিলাম। নইলে ইশানের মতই করতে হত।।।	Positive
2113	আমার আব্বু কে এই নাটক টা দেখানো উচিত!!!	Neutral
2114	অসাধারণ একটা নাটক। কোন ওভার একটিং নাই । এত্ত ন্যাচারাল ! এমন নাটক আরো বেশি বেশি হওয়া দরকার। <3	Positive
2115	টিক এমন টা করা ভাল না পরে যে টা হয় সে টা আর নিতে পারে না।তাই বাচ্চার সাতে এমন ছাপ দিবেন না	Negative
2116	আমার আম্মু আব্বু সবসময় বলে বেশি চাপ নিও না পাস করলেই হবে।আর তাতে আমার পড়ার প্রতি আগ্রহ টা বেড়ে যায়। যারা এইরকম সিচুয়েশান এ পরে তারা আসলে বুঝে।	Neutral
2117	সত্যিই বুঝার মতো কিছু একটা	Positive
2118	আহারে,সব বাবা মা যদি নাটকটা দেখত,আমাদের কষ্ট কিছুটা হলেও বুঝত আফসোস!	Positive
2119	বাংলাদেশ শুধু ঢাকা আর চ্রগ্ৰাম মাঠ ছাড়া আর কোন খেলার মাঠ নেই তাই এই অবস্থা	Negative
2120	আরে ভাই ভার আমাদের বন্দ্বু নয়,শত্রু,	Negative
2121	I P L এ এমন করবে সাকিবের সাথে ভাবতে ও পারিনি	Neutral
2122	আবাল কথা বলতে দেয়না।। আবাল আবাল আবাল উপস্থাপনা	Negative
2123	We are Tigers আরে ভাই রাসেদ তো ও দিন উকেটই পায়নি, রান দিয়াছে অনেক।	Positive
2124	বাহ আমাদের সেই ছোট বেলায় গ্রামের কথা মনে পরি গেলো	Positive
2125	সেক্সি থাই মহিলা রেফারির রুপ,দুধ আর পাছা দেখে অনেকবার ধন খিঁচে মাল বের করেছি !! আর আমাদের দেশের মেয়েগুলো যথেষ্ট সুন্দরী।	Negative
2126	MD MIRAZ UDDIN MINTU হুম ঠিক ফিটনেসটা অনেক গুরুত্বপূর্ণ যেকোনো খেলার জন্য	Neutral
2127	অভিনন্দন	Positive
2128	বাংলাদেশ জাতীয় পুরুষ দলেও এরকম দক্ষতা কখনো দেখিনি। বয়সভিত্তিক মেয়ে দলগুলো ১০০ ভাগ বেশী ভাল খেলে জাতীয় পুরুষ দল থেকে। আশা করি, সুযোগ গুলো গোলে পরিণত করার দক্ষতা অনেকাংশে বৃদ্ধি করবে খুব দ্রুত।	Positive
2129	আমি চাই	Neutral
2130	আমরা অল বাং গালি আবার দেখতে চাই	Positive
2131	আমি দেখতে চাই আসরাফুল কে	Positive
2132	অাশরাফুলকে জাতীয় দলে সুযোগ দেওয়া হোক ৷	Neutral
2133	আশরাফুল চাই	Neutral
2134	আসাপুল ভাই boss	Positive
2135	দলে চাই খুব তাড়াতাড়ি	Neutral
2136	বাংলার বাঘকে ফেরত চাই	Neutral
2137	আশাফুল কে দলে চাই আমরা	Neutral
2138	আশরাফুল ফিরবেই!!	Positive
2139	কবে আসবে আমার ভাই আশাফুল	Neutral
2140	আপনার আশায় এখনো আছি আশরাফুল ভাই কভে আসবেন দলে	Neutral
2141	OOOO এক হালি দিলাম আর?	Positive
2142	রুবেল হালা	Neutral
2143	টাইগারদের মুখে জুতা গসে দিল ইনডিয়া। সেই সাথে দরসক দের ও	Negative
2144	নাচা হল না বাঙালি জাতির।এই কথাটা বলবেন না । কেন না আমরা পশ্চিমবঙ্গে বাস করি।আমরা ভারতবাসী।	Positive
2145	রুবেল খেলা টাকে বরবাদ করে দিলো।	Negative
2146	হাসির পরে কান্না আসে সুখের পর দুখ এটাই জগৎতের নিয়ম আমি বাংলাদেশকে ভালবাসি তবে বাংলাদেশের অহংকারকে নয় বাংলাদেশ ফাইনালের ডান্চটা আগেই দিয়ে দিয়েছে তাই ফাইনালে আর ডান্চটা হল না তারা একটা কথা ভুলে গিয়েছিল যে এই দিন দিন নয় আরো দিন আছে সেই দিন নিয়ে যাবে কোন দিনের কাছে।	Positive
2147	এদের টাকা দিয়ে পুষে	Negative
2148	দিনেস কারতিক কোবরাদের রাতের ঘুম উরিয়ে দিয়েছে। এই টিমেতো বিরাট .ধৌনি. পানডেয়া. বুভি .বুমরা কেউ এই নেই তাও জিততে পারলো না বাংলাদেশ	Negative
2149	ইনশাল্লাহ্ পরবর্তী এশিয়া কাপে হবে।	Positive
2150	আজকে নাগিন গুলো সব নেতিয়ে গেছে।। এই কে কোথায় আছিস একটু জাপানি তেল ঢেলে দে।।	Negative
2151	Sharif islam Sharif কিছু বুঝি আর না বুঝি তবে তোকে বুঝেছি৷তুই যে তাদের দালাল৷	Negative
2152	খুবই অসাধারণভাবে রিপোর্ট টি উপস্থাপন করা হয়েছে!!! hats off buddy!!	Positive
2153	জিলতেই যে সব শেষ তা নয় হিসাবের অনেক কিছু বাকি এখনো পরিবর্তন আনতে হবে দলে	Neutral
2154	তাসকিন এবং সাব্বির এই দুজনের পরিবর্তনে অন্য দুইজন কে নিলে আরো ভালো,	Positive
2155	Shah Alam ভাই একদম ঠিক বলসেন,হাঁইটা হাঁইটা রান নেয়,,,,,	Neutral
2156	আস্সালামুআলাইকুম ভাইয়া, আপনার অনেক ফলোয়ার, আপনি দয়া করে ইসলাম নিয়ে ভিডিও বানান, যেই ভিডিও তে মানুষ নামাজ, কুরআন, সুন্নাহ সম্পর্কে জানবে, তাহলে আপনার মাধ্যমে আপনার অনেক ফলোয়ার যারা আপনাকে ভালোবাসে তারা অনেক বেশি উপকৃত হবে। জাজাকাল্লহ খায়ের।	Neutral
2157	বাহ আমার নাম	Positive
2158	নিন্দুক রবীন্দ্রনাথ ঠাকুর নিন্দুকেরে বাসি আমি সবার চেয়ে ভাল, যুগ জনমের বন্ধু আমার আঁধার ঘরের আঁলো। সবাই মোরে ছাড়তে পারে, বন্ধু যারা আছে, নিন্দুক সে ছায়ার মত থাকবে পাছে পাছে। বিশ্বজনে নিঃস্ব করে পবিত্রতা আনে, সাধক জনে নিস্তারিতে তার মত কে জানে? বিনামূল্যে ময়লা ধুয়ে করে পরিষ্কার, বিশ্বমাঝে এমন দয়াল মিলবে কোথা আর? নিন্দুকে সে বেঁচে থাকুক বিশ্ব হিতের তরে; আমার আশা পূর্ণ হবে তাহার কৃপা ভরে।	Neutral
2159	চুদা,বাল,ফাক,মাদার ইত্যাদি শব্দকে ডট না দিয়ে শুনালেই বেটার	Negative
2160	পুরোনো জিনিস দেখি	Neutral
2161	ভাই নেক্সট টাইম সালমান দাদাকে হাতের কাছে পাইলে আমার হইয়া ওর ঘারেতলে একটা দিয়েন।	Negative
2162	তা হলে কি আমিও গিনা করবো? জদি তাতে আপনাদের ভাল হয়।	Negative
2163	ভাল ছিলো	Positive
2164	এদের দেখলে মনে হয় না এদেশে গরিব বলে কিছু আছে!	Neutral
2165	খালি টুট টুট লাগায়,,,,,,টুট না লাগায়া গালি না দিলেই পারস রে ভাই	Negative
2166	সাক্ষ্য আইনের ১৫৯ ধারা দলিল দেখে সাক্ষ্য দিতে পারেন। ১৫১ অশ­ীল জিজ্ঞাসাবাদ থেকে (আইনজীবীকে) বিরত থাকতে বলেছে। ১১৯ বোবা সাক্ষী (পৃঃ ১৪১৮)	Neutral
2167	সালাম বগবীর কাদের সাহেব	Neutral
2168	এই মাএ | আৱ শত শত উপাৱ জানি আমৱা মানে ছাএ বা ছাএি	Neutral
2169	হাহাহাহাহাহাহাহা	Neutral
2170	hahaha আজব	Neutral
2171	খুউউব সুন্দর।যারা বাজে কথা বলছেন তাদের লেখা দেখলেই বোঝা জায় কত ভয়ংকর তারা।পশু পাখির প্রতি আপনাদের কন দয়া নাই।এরকম মানবিকতা অরা দেখিয়েছে আপ্নারা তো আর দেখাতে পারবেননা	Negative
2172	হজ্জে গিয়ে কালা যোনী পাথরে চুম্মাচাটি করার থেকে, সাত পাক ঘুরার থেকে, উলুধ্বনি দেয়ার থেকে, শয়তানকে পাথর মারার থেকে জ্যান্ত গরুর পূজা করা ভাল।	Negative
2173	আল্লাহও কোন দেবতা নয়। কাবা বলে কখনো ধ্বংস হবে না। কাবায় অ্যাটাক হলে আল্লাহ বলে আবাবিল পাখি পাঠাবে। এজিদ বাহিনী ৬৮৩ সালে যখন মক্কায় হামলা করেছে, মুহম্মদের আত্মীয়-স্বজনকে কচু কাটা করেছে আল্লাহ কোন আবাবিল পাখি পাঠায় নি। কাবার ধ্বংসস্তুপের উপরে দাঁড়িয়ে এজিদ যখন মুসলমানদের জিজ্ঞাসা করেছে, কোথায় তোমাদের আল্লাহ - মুসলমানদের কাছে কোন জবাব ছিল না। তাই আল্লাহ বলে কিছু নাই। ইসলাম একটা মিথ্যা ধর্ম, মুহম্মদ একজন মিথ্যা নবী।	Negative
2174	+Mintu Kundu তরা রেঈু পুজা কর	Negative
2175	Jumon একটু বেশী বলে ফেললেন , আপনার কমেন্টের জবাবে হাজার টা উদাহরণ টানতে পারি , অনেক লম্বা রিপ্লে দিতে পারি । কিন্তু আমার রুচিতে বাঁধছে আপনার মত নোংরা মেন্টালিটির মানুষ উদ্দেশ্যে কথা বলতে । আপনার মত মানুষের জ্ঞ্যানের পরিধি এতোই কম যে জানেন ই না লক্ষ জন প্রবাসী আছে যারা শুধু বিএমডব্লিউ,অডি,পোর্সে, লেক্সাস কিনে ব্যাবহার করছে অহরহ। শুধু তাই নয়, তোমার মত আবালের চৌদ্দগুস্টি কে এক লাইনে দাঁড় করানোর ক্যাপাবিলিটি রাখে ।	Negative
2176	এই কাজটা খুবি ভালো হবে,পুরান ঢাকার কথা সুনলে সরিল খির খির করে,কি বাজে অবস্তা,,	Positive
2177	সবার আগে ভি ভি আই পি কমাতে হবে ভি আই পিরা হুট করে যেখান সেখানে গাড়ী ডুকিয়ে রাস্তা জ্যাম করে ফেলে	Neutral
2178	সবার আগে ভি ভি আই পি কমাতে হবে ভি আই পিরা হুট করে যেখান সেখানে গাড়ী ডুকিয়ে রাস্তা জ্যাম করে ফেলে	Negative
2179	এটা কি বাংলাদেশ ট্রাফিক আজকে জানলো নাকি,এ সিস্টেমতো অনেক আগেই থেকে ইন্টারন্যাশনাল ভাবে চালু হয়ে আছে	Negative
2180	ট্রাফিক পুলিশ (ঘূষখোর) এর বেতন বৃদ্ধিই একমাত্র সমাধান।	Negative
2181	তুমি কি গান্জা খাইছ কথা এরকম কা	Negative
2182	এই রেল চলবে ঘণ্টায় ৩২ কিমি , এই রেলের কর্মকর্তারা যদি সাবেক রেলের লোক হয় তবে এটাও ঢাকার বিষফোড়া হয়ে যাবে । কারন আমাদের এই দেশের রেল ধ্বংস করছে রেলের সাবেক দুর্নীতিবাজ কিছু কর্মকর্তারা । ভালো লোকদের কখনও কোন কাজ দেয়া হয়নাই । ঢাকা এখন গযবের শহর । এ শহরের ৭০-৮০% প্রাইভেট গাড়ী যদি সরকারী ও রাজনীতিবিদ লোকের হয় তবে এ দেশ কি ভাবে উন্নতি হবে । এখন সরকারী লোক সাবাই এখন বড় লোক !	Neutral
2183	রং নিয়ে ফাল না পাড় ভালো মানের রেল দেশে নিয়ে আসবেন কিভাবে সেগুলো ভাবুন। matro train এর জন্য আমরা অনেক ভুগান্তিতে আছি। আশা করি এর ফল পাব	Negative
2184	ভাই বাংলাদেশ স্বপ্ন।দেখাতে জানে কিন্তু স্বপ্ন পুরন করতে পারেনা,সবি স্বপ্ন হয়ে থাকে,এইসব শুনতে শুনতে আর ভাল লাগেনা এইসব ভুয়া দেখা জা এ কথা আর কাজে কুনো মিল নাই, ও থাকেনা তখন কতো দাদা চাচা এসে খমতা দেখাতে এসে যাবে	Negative
2185	মতিঝিল শেষ না করে ভবিষ্যতে সদরঘাট পর্যন্ত করা যায় সেই ব্যবস্থা রাখলে আরো বেশি উপকিরত হবে।	Positive
2186	ধন্যবাদ শেখ হাসিনা	Positive
2187	ব্রাক,আহসানউল্লাহ,এআইইউবি,সাউথইষ্ট,ইউআইইউ,নর্থ সাউথ,ইনডিপেনডেন্ড,ড্যাফোডিল,ইষ্টওয়েষ্ট,এশিয়াপপ্যাসিফিক এদের সর্ম্পকে তো কিছু বললেন না কারন এরা দেশের টপ প্রাইভেট বিশ্ববিদ্যালয়।একটি বাজে ইউনিভার্সিটির জন্য আপনি সবাই কে নিশ্চই খারাপ বলতে পারেন না।আর আমি নিজেও ঢাকা ইউনিভার্সিটিতে চান্স পেয়েও পরি নাই এখন পরাশোনা করছি আহসানউল্লাহ তে।আর আমি জানি আহসানউল্লাহ তে চান্স নিতে শতগুন বেশি কষ্ট হয়েছে ঢাকা বিশ্ববিদ্যালয় থেকে।আর প্রাইভেট ও পাবলিকের মধ্যাকার কম্পারিজন আমি তুলে ধরছি: ১/২০১২ থেকে ২০১৮ পর্যন্ত বাংলাদেশ রোবোকোপ চ্যাম্পিয়নরা হল(ব্রাক,ব্রাক,আহসানউল্লাহ,ইউআইইউ,এআইইউবি, আহসানউল্লাহ,সাউথইষ্ট) এখানে আপনার পাবলিকরা কেন প্রযুক্তিগত এই প্রতিযোগিতা জিততে পারছে না বলতে পারেন? ২/পাবলিকের বয়স কত আর প্রাইভেট এর বয়স কত?এত অল্প সময়ের ব্যাবধানেই পাবলিক ধরাশায়ী হচ্ছে নামী দামী প্রাইভেট এর কাছে আর প্রাইভেট বিশ্ববিদ্যালয় গুলো যদি পাবলিক এর মত শতবর্ষী হয় তাহলে এমন অবস্থা দাড়াবে যে সরকার ভর্তুকি দিয়েও আর পাবলিক এর জন্য স্টুডেন্ড খুজে পাবে না। ৩/পাবলিক বিশ্ববিদ্যালয় এর জন্য এত সরকারী বাজেট থাকা সত্বেও এই অবস্থা!! আর মজার ব্যাপার হলো সরকার এখন সেই বাজেট আহসানউল্লাহকেও দিতে চায় ৪/পাবলিকের রাজনীতির কথা আমরা সবাই জানি একটা কথা আছে ''পাবলিকে ডুকে মানুষ হয়ে আর বের হয় অমানুষ হয়ে'' এর কারন স্পষ্টই রাজনীতি। ৫/পাবলিকে কয়টা ক্লাস ঠীকমত হয় তা সবারই জানা পাবলিকের টিচারদের ডিউটি টাইমে ক্যাম্পাসে পাওয়া গেলে সেটাকে ভাগ্যের ব্যাপার বলে মনে করা হয় ৫/ইলেকট্রিকাল ও ইলেকট্রনিক্স অলিম্পিয়াড এর গত কয়েক বছরের চ্যাম্পিয়ন বিশ্ববিদ্যালয় গুলো হল:(ব্রাক,সাউথইষ্ট,বুয়েট,আাহসানউল্লাহ,আহসানউল্লাহ,ঢাকা ইউনিভার্সিটি) এখানেও পাবলিকের সাফল্য কম ৬/আইইবি(IEB): এই রেঙ্ক এও প্রাইভেট ই সেরা আরো অনেক তথ্যই দেয়া যেতে পারে তবে সময় সল্পতার জন্য এখানেই সমাপ্ত করলাম আর যাবার আগে একটি প্রশ্ন আপনার কাছে,আপনি কেন প্রাইভেট টেলিভিশনে সাংবাদিকতা বা উপস্থাপনা করছেন আপনার কি যোগ্যতা নাই??	Negative
2188	কুরআনের তাফসির নাকি সন্দেহজনক আবালীয়	Negative
2189	ক্ষ্যাপেন ক্যান, বেশ কয়েকটা বিশ্ববিদ্যালয়ের নাম তো উল্লেখ করা হয়েছে।	Neutral
2190	এই খানকির জন্মা , কুরআনের তাফসীর বই কিভাবে সন্দেহজনক বই হতে পারে???? ।	Negative
2191	গাঁজাখোর রিপোর্টার	Negative
2192	সাংবাদিক ভাই হাঁপাতে হাঁপাতে বিশাল যে সব খবর শোনালেন তা আগে থেকেই বাজারে চাউর ছিল । নতুন কছুই নয় ( অথচ নতুন কিছু শোনার প্রত্যাশায় আধাঘণ্টা ঠায় বসেছিলাম । কেউ অনুরোধ করেনি , বোকারা চিরকাল যা করে আর কি ) । ব্যাঙের ছাতার মত গজিয়ে ওঠা শত শত বেসরকারী বিশ্ববিদ্যালয় , ব্যাংক আর টেলিভিশন চ্যানেলে দেশ সয়লাব হয়ে গেছে । কে কি করছে সেসবের কোন জবাবদিহিতা নাই । এ অবস্থায় প্রতিটি নাগরিককে জেনে বুঝে পা বাড়াতে হবে । সাংবাদিক ভাইকে বলবো , দয়া করে টি ভি ক্যামেরার সামনে শ্বাস-প্রশ্বাস নিয়ন্ত্রনে রাখার কৌশলটা রপ্ত করে নিন । তাহলে উপস্থাপনা দৃষ্টিকটু লাগবে না । টি ভি চ্যানেলগুলোর প্রতি অনুরোধ , চালুনীর একটি ছিদ্র আবিষ্কার করে ইউরেকা' 'ইউরেকা' বলে পাড়া মাত করবেন না । এতে আমাদের ক্ষতির সম্ভাবনা ষোল আনা ( বাকী ছদ্রগুলো যথাস্থানে রেখেই এসব ফের আমাদের সামনে হাজির করা হবে । নিরীহ মানুশকে বিভ্রান্ত করা হবে ) । সবাইকে ধন্যবাদ । বাংলাদেশ এগিয়ে চলুক , দূর্বার ।	Negative
2193	সাংবাদিক ভাই হাঁপাতে হাঁপাতে বিশাল যে সব খবর শোনালেন তা আগে থেকেই বাজারে চাউর ছিল । নতুন কছুই নয় ( অথচ নতুন কিছু শোনার প্রত্যাশায় আধাঘণ্টা ঠায় বসেছিলাম । কেউ অনুরোধ করেনি , বোকারা চিরকাল যা করে আর কি ) । ব্যাঙের ছাতার মত গজিয়ে ওঠা শত শত বেসরকারী বিশ্ববিদ্যালয় , ব্যাংক আর টেলিভিশন চ্যানেলে দেশ সয়লাব হয়ে গেছে । কে কি করছে সেসবের কোন জবাবদিহিতা নাই । এ অবস্থায় প্রতিটি নাগরিককে জেনে বুঝে পা বাড়াতে হবে । সাংবাদিক ভাইকে বলবো , দয়া করে টি ভি ক্যামেরার সামনে শ্বাস-প্রশ্বাস নিয়ন্ত্রনে রাখার কৌশলটা রপ্ত করে নিন । তাহলে উপস্থাপনা দৃষ্টিকটু লাগবে না । টি ভি চ্যানেলগুলোর প্রতি অনুরোধ , চালুনীর একটি ছিদ্র আবিষ্কার করে ইউরেকা' 'ইউরেকা' বলে পাড়া মাত করবেন না । এতে আমাদের ক্ষতির সম্ভাবনা ষোল আনা ( বাকী ছদ্রগুলো যথাস্থানে রেখেই এসব ফের আমাদের সামনে হাজির করা হবে । নিরীহ মানুশকে বিভ্রান্ত করা হবে ) । সবাইকে ধন্যবাদ । বাংলাদেশ এগিয়ে চলুক , দূর্বার ।	Negative
2194	razwan siam এই কারণে পড়া বানানটাও বেটা শুদ্ধ করে লিখতে পারস না।আরে বেটা পাবলিক বানানটা আলাদা হবে,সংযুক্ত হবে না।এইবার তো বুঝলি তোদের জায়গা পাবলিক বিশ্ববিদ্যালয়ে কেন হয়না।আবাল ঘরের আবাল।	Negative
2195	ওরা খাইলে সমস্যা কি	Neutral
2196	সাবাস সাংবাদিকগন	Positive
2197	এই সব চ্যানেলের বাইনচোদ রা এসব হোটেলের মালিকদের কাছে টাকা চায় আর টাকা না দিলে এসব বাল ছাল ইনায়ে বিনায়ে নিউজ বানায়। যে হালায় বানায় সে নিজে ও মদ খায় এবং সে রাতে টাকার অভাবে মাগি না চুদে নিজে মা কে চুদে। সব কিছু নিয়েই মাদার চুদ দের মাথা ব্যাথা। দেশে কত বড় বড় ক্রাইম হয় জানস বাইনচোদরা। সেগুলা তুলে ধর। তরা বাইরে গিয়া মাগি চুদার যোগ্যতা রাখস না বলে হাতের কাছের নিজের বোনরে চুদস। কত টাকা চাইসিলি রেস্টুরেন্টের মালিকদের কাছ তদের মত চুদনা দের ত ওরা চুদে না পুটি মাছের	Negative
2198	এ সবটির বৈধ কাগজ না থাকলে ও অবৈধ বিজন্মা ঘোস খোর পুলিশ প্রশাসন উর্ধত কর্মকত্তারা ঠিক জানে তাদের জন্ম যেমন অবৈধ ভাবে হইছে তেমনি অবৈধ কাজ ওচালাচ্ছে অপেন।	Negative
2199	দেশে মানুষ ভাত পায়না বিদেশিরা কুব মজায় আছে	Negative
2200	সরকার এদের কিছুই বল বেনা	Negative
2201	আমার বিশ্বাস, মুক্তি যোদ্ধা কোটা বাতিল হলে মুক্তি যুদ্ধের সনদ নেবার জন্য কেউ দুর্নীতি করবে না	Positive
2202	স্যার আপনাকে	Neutral
2203	তুই মাদারচুদ	Negative
2204	আসিফ নজরুল ইসলাম স্যার সত্য কথাই বলেছে	Positive
2205	নাস্তিক দের সাথে কিসের টকশো	Negative
2206	ইমরান শালার পুত,,,,খানকির পুলা,,,বাইনচোদ।।।।	Negative
2207	কুকুরের বাচ্চারা	Negative
2208	দুই ফালতু মহিলা	Negative
2209	সাখায়াত হুসাইন জয় নাস্তিকদের পরাজয় অথ্রব কুথাকার	Negative
2210	সুলতানা কামাল অপু উকিল এদের বোদার মদেদ ছয় সুতা রট ডুকাতে হবে	Negative
2211	শয়তানের সাথে তর্ককরে লাভ নাই	Negative
2212	কুত্তার বাচ্চা তিনটা কি বেউক বেউক করে। এক জন আলিম কতনা সুন্দর কথা বলিতেছেন	Negative
2213	হুজুর আপনি কেন এই বিয়াদবদের সাথে গেছেন আপনি নবির ওয়ারিস ওরা ইবলিশ	Negative
2214	আরে ভাই ইমরানের গায়ে রাজাকারের রক্ত	Negative
2215	তিন নাসতিক এক আলেম।	Neutral
2216	তিন নাসতিক এক আলেম।	Negative
2217	তিন বেয়াদবের সাথে ত্রক জন কিভাবে পারবে	Negative
2218	মাদার চোদ	Negative
2219	ABDUL MATIN ভাইরে নাস্তিকদের বুঝালে ও বুঝবে না	Neutral
2220	দুই জন হিন্দু আছে ওরা তো এমনিতেই ইসলামের বিপক্ষে আর কি বলা লাগবে	Neutral
2221	কুতার বাচ্চ ইম রান স সরকার	Negative
2222	এক এক জনে বলেন মাওলানা সাহেব উওর দিবেন 3জনে এক সাথে question করলে উওর দিবেন কিভাবে তিন শিয়ালে এক মুরগি	Neutral
2223	এই দুই মাগিরে জুতা মারি	Negative
2224	মানুষ,নামে,জানোয়ার,,	Negative
2225	‌তিন কুও্বার(না‌স্তিক) সা‌থে একজন মানুষ পা‌রে না	Neutral
2226	আরে টুকাই,,,মুফতি সাহেবের কথা শোন	Neutral
2227	কোন শয়তান ও বিশ্বাস করবেনা যে আলেম ওলামারা এবং হেফাজত কোরআন পুড়িয়েছে !যদি শয়তানের চেয়ে নিক্রিষ্ট কোন লোক থাকে তাহলে তারা হল ইমরান সরকার,সুলতানা কামাল,অপু উকিল	Negative
2228	আর ওদের বাঁচতে হলে আল্লাহর কালাম যাদের মধ্যে আছে তাদের দরকার	Neutral
2229	ইসলামের পক্ষথেকে যে ভাই আসছেন আপনি বলছেন ওরা তিনজন এক দলের আর আপনি একা ,,, ওঁকে ভাই একাই একশ ,, কারুন এই দুনিয়াতে ও আখেরাতে আল্লাহর কালাম কোর আনের আইন চলবেই ,, আর যদি আল্লাহর কালাম না থাকে তাহলে ওরা তিনজন না শুধু ওদের দুষ্টু ও থাকবে না ,	Positive
2230	এই মহিলাগুলা এত ষ্টুপিড কেন? কি বলতেছে না বলতেছে ছাগলের মত। কাদের চ্যানেলে আনতে হয় এগুলা চ্যানেলের বোঝা উচিত। সুফিয়া কামাল জ্ঞানী বলে যে তার মেয়ে ছাগলী হতে পারবে না এরকম তো কোন কথা নেই	Negative
2231	ইমরান এইচ সরকার কে জুম্মার নামাজ কয় রাকাত বলতে পারলে ইসলাম সম্পক্রে ওর কতা সুনত না হলে ইসলামের কতা ওর মোকে মানায় না	Negative
2232	দুুই রেন্ডি ও জারস ইমরান এর মুখে প্রসাব কর।	Negative
2233	এমরান সরকারের ফাশি ছাই	Negative
2234	নাস্তিকরা কিসের জন্যে এত খুশি?	Neutral
2235	দুইটা খানকি আর একটা খানকির পোলা এই তোর বোনের চুদি মাদারচোদ ইমরান ৷তোর বাপরা কি লেখে দেখছ না চুতমারানির পোলা ৷ সালা ফেরাঊনের বাচ্চা	Negative
2236	ইমরান হল জারদ স্নতান	Negative
2237	ইমরানের গালে গালে জুতা মারো তালে তালে।	Negative
2238	উপস্থাপক কে ধন্যবাদ।	Positive
2239	এখানে মোট ৫জন সদস্য আছে । তার মধ্যে দুই জন নারী কেয়াল করবেন দর্শকরা । বুঝতেছি এখানে ১০থেকে ১৫জন নারীর উপস্থিত বুঝা যাচ্ছে দুই অসভ্য নারির আলামতে	Negative
2240	এমরান্না তুই কেরে । তর বাড়ি কই ।	Neutral
2241	তিন মালাউন এক সাথে । মাথায় কাপড় নাই । ।	Negative
2242	জুতা মারী সালা তুর গালে ইমরান	Negative
2243	টকশোতে মুফতি সাখাওয়াত হোসাইন ভাইকে বলি, বিতর্ক হয় সমন সমান সংখা মানুষ নিয়ে। কিন্তু ইমরান, সুলতানা কামাল, অপু উকিল, রুবায়েত রা 4 জন থাকলেও পাওয়ারে কিন্তু আপনার থেকে হাজার গুন কম! তাই ওনাদের আরও কিছু সংখ্যক জনসংখ্যা দেওয়া উচিত বলে আমার মনে হয়।	Neutral
2244	ইমরান এইচ সরকার কুকুরের চোদার মানুষ, তার জন্মের কোন ঠিক নেই, কুতার বাচ্চা তরে গরুর মত জবাই দিমু, ইসলাম নিয়ে বিরধীতা করে, তর শরীলের মাংস, কুকুর আর শিহাল দিয়ে কাবাব বানিয়ে খায়াব। তুই একটা জারক জারক জারক, তুই একটা কুকিরের চেয়ে জারক।	Negative
2245	ভাই সবাইতো ভিডিওটা দেখচেন।এখন আপনারা কি বুজতে পারচেন এদের মধ্যে তিন জন লোক একে বারেই গেন হীন মানুষ এবং নাস্তিক	Negative
2246	ভাই সবাইতো ভিডিওটা দেখচেন।এখন আপনারা কি বুজতে পারচেন এদের মধ্যে তিন জন লোক একে বারেই গেন হীন মানুষ এবং নাস্তিক	Negative
2247	জুতা মারো তালে তালে ইমরান আর সুলতানার গালে	Negative
2248	ইমরান তুর গালে জুতা মারি	Negative
2249	ইমরান তুর গালে জুতা মারি	Negative
2250	ইমরান কত আর চামচামি করবি	Negative
2251	ভাই আলেম।।সইতানদের সাতে কতা বলেন না।।এদের বিচার আল্লাহু কাচে ছাড়ে দেন।।	Neutral
2252	লানত ইম্রান সহ মিত্থুক দের উপর	Negative
2253	আপনার কথাই ঠিক ভাই	Positive
2254	একজনের সাথে তিন জন এটা কি হলো	Negative
2255	প্রতিবাদী মিলন dqqqq	Neutral
2256	আমি একমত	Positive
2257	মাদারির চোদ ইমরান তুর গালে জুতা মারি,	Negative
2258	ইমরান ভাই আললাহ তুমাকে হেদায়াত দেন	Positive
2259	Anwar Ibrahim এই খাঙ্কি মাগি বেশ্যা বান্দির বাচ্চা মুখ খারাপ করস কেন শুয়োরের বাচ্চা? তোর নাম্বার দে মাগির বাচ্চা, তোর হোগায় যদি শাউয়া না ঢুকাইসি, তাড়াতাড়ি নাম্বার দে বান্দির পুত।	Negative
2260	এই হিন্দুর সালার বউকে যদি ছাত্রলীগের পোলাপাইনরা,তারই সামনে ধর্ষন করত,তা হলে ভালো ছিলো	Neutral
2261	The Undertaker তুর মার ভুদা সালা খানকির পোলা পতিতার ছেলে কুলাংগারের বাচ্চা.	Negative
2262	সুভাষ কে ডিম থেরাপি দেবে একদিন ছাএ লীগ।	Neutral
2263	শেখ রায়হান বিন হাতেম Ppp to	Neutral
2264	বেয়াদবের ঘরে তো বেয়াদব ই হয়।	Negative
2265	মাহামুদা তুই পাকিসতানের জারজ	Negative
2266	মাহামুদা খানকি মাগির পোলা	Negative
2267	ফইন্নি,,,,, টিউলিপ ইংল্যান্ডের এমপি।তুই তো একটা ফাউল।	Negative
2268	আপনারা খমতায় থাকা কালিন কি কোরেছেন তা আপনাদের মনেনাই কি বলেন আপনারা কি, এক হয়ে দেশ চালান দেশ আর আগে নিয়েজান আমরা আর আপনাদের বি তরকো সুন্তে চায়না	Negative
2269	সুয়ার বাচচা তুই আজ এখানে আজ কথা বলতে পারছিস কার জন্য শেখমুজিবর এর জন্য	Negative
2270	এরা বিএনপির দালাল চক্রের লোক এরা সব পারেন ।কারণ এদের কাজহই কুত্তার মত খ‍্যাদ খ‍্যাদ করা ।	Negative
2271	সেলুট বস !! আপনি একজন সাহসী ব্যক্তিত্ব	Positive
2272	আজকে যদি ওনাকে কোন পদ দিত তাহলে বিরোদিতা কোরতোনা	Neutral
2273	মাহমুদুর রহমান তোর আর তোদের বাপ । তোদের বাবারা যে শিক্ষা তোদেরকে দিতে পারেনি মাহমুদুর রহমান তা তোকে এবং তোদেরকে দিচ্ছে । ভাল করে গিলে নে ।	Negative
2274	বাংলাদেশ যদি ভারতের কলোনি হয় তবে খালেদা প্রধান মনএী হবে কোন দেশের ? ।	Neutral
2275	Kamrul Hassun আপনার ভাষাই বলে দিচ্ছে আপনি কুত্তা খাইয়া কুত্তালীগ হইছেন। আপনি কি আওয়ামীলীগের মিছিলে গিয়ে কুত্তার মাংস মিশ্রিত বিরানী খেয়ে কুত্তালীগ হইছেন?	Negative
2276	মাহমুদুর কথা গরুু ছাগল চাড়া কেউ শুনেনা	Negative
2277	মাহমুদুর কথা গরুু ছাগল চাড়া কেউ শুনেনা	Negative
2278	আপনার ভাষাই বলে দিচ্ছে আপনি কুত্তা খাইয়া কুত্তালীগ হইছেন। আপনি কি আওয়ামীলীগের মিছিলে গিয়ে কুত্তার মাংস মিশ্রিত বিরানী খেয়ে কুত্তালীগ হইছেন?	Negative
2279	এত এত আত্মত্যাগ করে যে দেশটা হয়েছে , খোদা সেই দেশটাকে ফেলে দেবে না… ❤️	Neutral
2280	আশাবাদী মানুষের আশার কথা শুনে অনেক ভালো লাগল । ধন্যবাদ সমিয়া রাহমান ।	Positive
2281	অনেক ভালোবাসা রইলো স্যারের জন্য।	Positive
2282	bla bla বলতা ভাই :) গোবর মস্তিষ্কে তেল দেও। ভালো দিক থেকে ভাবতে শিখ। নতুন ভাবো ভাবতে শিখ। বিখ্যাত না হয় পরে হইও। :3	Neutral
2283	এই ভুদাই তুই কয়টা ইংরেজি বলছিস?	Negative
2284	জাফর নাস্তিক মাদারচুদকে আগুনে পুরে মারার দরকার,	Negative
2285	ভাই আপনাকে হাজার বা সালাম	Positive
2286	ভাই আপনাকে অনেক ধন্যবাদ।আপনার মত সচেতন মোসলমান দেশে দরকার।যারাই আজ ইসলামের পক্ষে কথা বলে তারাই আজ আসামি।আল্লাপাক আপনাকে হেফাজত করুন।	Positive
2287	সত্য বলেছেন	Positive
2288	বইয়ের ভিতরে কি লিখা আছে সেটা দেখেছেন?	Neutral
2289	ধুর মাগির পোলা	Negative
2290	কিরে চাকরের বাচ্চা চাকর।তোর মতো বিদেশী অশিক্ষিত চাকরের কারনে দেশের এই অবস্থা।বিদেশে কাজ করতে গেছস খানকির পোলা মন দিয়ে কাজ কর।কাজ বাদ দিয়ে দেশ নিয়ে ভাবতে বলছে কে তোকে চাকরের বাচ্চা চাকর।	Negative
2291	আমরা মুসলিম ভাই ভাই নাস্তিক মুক্তো বাংলাদেশ	Positive
2292	নাসতিক জাফরকে যে কোপ দিয়েছিল দার কম ছিল সালার এক কোপে মাথাটা ফালাইয়া দেওয়ার দরকার ছিল	Negative
2293	youtube search করে দেখ ভূতের বাচ্চা সোলায়মান নাটক, কোন নাস্তিকতা নাই	Negative
2294	"অাবে বোকাচোদা, তাইলে তুই অাগে ইংরেজী বলা বন্ধ কর! ""গ্রাজুয়েশন কমপ্লিট"", ""ভার্সিটি"", ""ওয়ার্ড', ""এরেস্ট"", এগুলার বাংলা শব্দ কি বাংলা ভাষায় নাই? বোকাচোদা ! তুই কয় ওয়াক্ত নামাজ পড়িস, প্রমান দে! ""একজন মুসলমান হয়ে অারেকজন মুসলমানকে নাস্তিক বলা হারাম"" এই হাদীস কখোনো শুনেছিস? শালার যতসব অশিক্ষিত মূর্খ বালছাল অাইসা ইউটিউব জায়গাটাকেই দূষিত করে ফেলেছে!"	Negative
2295	অসাধারণ অসাধারণ অসাধারণ,, ভাই আপনাকে হাজার সালাম,,, এই নাস্তিকের বিরুদ্ধে কথা বলার জন্য,,, আল্লাহ আপনাকে হেফাজত করুক এবং জাফরের মতো নাস্তিকদের বাংলার মাটি থেকে বিতারিত করুন,, আমিন,	Positive
2296	ভাই তুমাকে টেনকিও	Positive
2297	অাপনি কথা বলতে গিয়ে কতটা ইংলিশ শব্দ বলেছেন লক্ষ্য করছেন? বাল পাকনামী কম করেন। এগুলো প্রতিবাদ না বন্ডামীর নতুন নাম।	Negative
2298	The Undertaker তুইতো ব্যাটা একটা কুত্তার বাচ্চা।তুই তোর মায়ের কাছ থেকে শুনে দেখ,তোরে জন্ম দেওয়ার জন্য তোর মা এজটা কুত্তার সাথে গুদ মারা দিয়েছিলো। যার ফলে তোর মতো একটা কুলাঙ্গারের জন্ম হয়েছে।	Negative
2299	জাফর ইকবালের জন্য জাহান্নাম অপেক্ষা করছে।	Negative
2300	সাবাস বাঙালি মুসলমান প্রতিবাদীদের প্রতিবাদ করতে যাওয়া নাস্তিকের বিরুদ্ধে করতেই থাকবে থাকবে না কখনো প্রত্যেক মুসলমানের দরকার জেগে ওঠার মুসলিম জাগো	Neutral
2301	এই শয়তান কাফররে কুপিয়ে মারলে খুসি হতাম	Negative
2302	এই শয়তান কাফররে কুপিয়ে মারলে খুসি হতাম	Negative
2303	বয়রা মতিয়ার, শালি কান পরিষকার করেনা।	Negative
2304	মুতিয়া মাগি বলে আমি------ দিয়েছি,, তুর হেডার বাল দিছস মুতুরা মাগি	Negative
2305	মতিয়া কে মন্ত্রী কে বানিয়েছে উফ জত্তসব পাগল ছাগল মন্ত্রী হয়েছে,মনে হচ্ছে কোনো এক সময় কাজের বুয়া ছিলো	Negative
2306	ইলিয়াস কাঞ্চন কে ধন্যবাদ	Positive
2307	এটা আবার কেমন মন্ত্রী,যে কীনা কথাই বোঝতে পারে না।	Negative
2308	রাইট ইলিয়াস ভাই	Positive
2309	Pretty queen আপনাকে তো নোবেল দেয়া উচিত	Neutral
2310	maruf ete শূয়ার, তাদের কি ভাল ভাষায় বলার কোন উপায় রেখেছে?	Negative
2311	নুসরাত ফারিয়ার দালাল রা সক্রিয় হয়েছে।এরাই ফেক একাউন্ট খুলে ১৬ হাজার লাইক দিয়েছে। কিন্তু সত্যের জয় হবেই।আনলাইক কখনোই লাইক এর কাছে পরাজিত হবে না।এত আনলাইক দেখে যারা ইচ্ছে মত গান বানিয়ে লেংটা নাচ দেখিয়ে আমাদের দেশের মানুষ কে কষ্ট দেয়,সংগীত কে নিচে নামায়,সংগীত শিল্পী দের যুগের পর যুগ সাধনা কে অস্বীকার করার সুযোগ দেয়,একরাতের ভিতর সংগীত শিল্পি বনে যায়,তাদের জন্য এটা মহা শিক্ষা।তারা যেন ভবিষ্যতে এমন করার দুঃসাহস ও না দেখায়,সেটাই হউক আমাদের সকল প্রতিবাত ও ডিসলাইকের মূল লক্ষ্য।ধন্যবাদ।	Negative
2312	নুসরাত ফারিয়ার দালাল রা সক্রিয় হয়েছে।এরাই ফেক একাউন্ট খুলে ১৬ হাজার লাইক দিয়েছে। কিন্তু সত্যের জয় হবেই।আনলাইক কখনোই লাইক এর কাছে পরাজিত হবে না।এত আনলাইক দেখে যারা ইচ্ছে মত গান বানিয়ে লেংটা নাচ দেখিয়ে আমাদের দেশের মানুষ কে কষ্ট দেয়,সংগীত কে নিচে নামায়,সংগীত শিল্পী দের যুগের পর যুগ সাধনা কে অস্বীকার করার সুযোগ দেয়,একরাতের ভিতর সংগীত শিল্পি বনে যায়,তাদের জন্য এটা মহা শিক্ষা।তারা যেন ভবিষ্যতে এমন করার দুঃসাহস ও না দেখায়,সেটাই হউক আমাদের সকল প্রতিবাত ও ডিসলাইকের মূল লক্ষ্য।ধন্যবাদ।	Negative
2313	CMV ভাই পটাকা	Neutral
2314	মারা খা, বাইঞ্চদ	Negative
2315	এটা কোন ধরনের গান?আসলে গান না অন্য কিছু?রুচিতে বাধে।।।ছিহ	Negative
2316	mind এর চেয় বাজে গান আর কি হতে পারে।	Negative
2317	Ak Anik + মাছি ডুকব মুখে	Neutral
2318	বালের গান এইটা কোনো গান হলো মনে হচ্ছে কেরতন গাইছে	Negative
2319	বালের গান এইটা কোনো গান হলো মনে হচ্ছে কেরতন গাইছে	Negative
2320	এই গানে কি ভাবে, এ পোষাক আর এ নাছ হয়??	Negative
2321	এই খানিকটা বাংলাদেশের কলঙ্ক, খানকি সানি লিয়ন হইতে চায়, চুতিয়ার মায়রে বাপ।	Negative
2322	এই খানিকটা বাংলাদেশের কলঙ্ক, খানকি সানি লিয়ন হইতে চায়, চুতিয়ার মায়রে বাপ।	Negative
2323	মানুষ নামে কলংক। আল্লাহর গানে এসব জামা কেন। হিরো আর হিরোইন কচু গাছে ফাসি দাও :( :(	Negative
2324	গানটা দেখলে মেজাজ খারাপ হয়ে যায়। নুসরাত কে পুরাই ফইন্নি লাগে। তোমার পোষাক না থাকলে আমাকে বল। আমার অনেক পোষাক। লাগলে পাঠিয়ে দিচ্ছি	Negative
2325	Xiaomi Mi A1 Oreo Update, Special Edition Red টা কি পাওয়া যাবে ?	Neutral
2326	Xiaomi Mi A1 Review. Awesome! আজকেই সাবস্ক্রাইব করলাম	Positive
2327	আমি কনফিউসড ভাইয়া কোনটা নিব	Neutral
2328	ভাইয়া একটা রিভিউ দেন দুইটার	Neutral
2329	সবি ঠিক আছে অবস্থান নিয়ে আমার সংশয় রয়েছে, অবস্থান হলো কেনো? পূর্ব থেকে দ্রাঘিমাংশে অর্থাৎ বাংলাদেশের নিজস্ব অবস্থানে হলো না কেন? কেউ সঠিক উত্তর জানলে জানাবেন	Neutral
2330	ঠিক আছে	Positive
2331	কত টাকা লাগলো এই কাজের জন্য	Neutral
2332	প্রধানমন্ত্রী শেখ হাসিনাকে ধন্যবাদ ছোটলোকের পাঠানোর জন্য ইন্টারনেট সুবিধার জন্য	Positive
2333	আলহাদুলিল্লাহ	Positive
2334	জয় বাংলা।	Neutral
2335	জীবন যুদ্দে পরাজিত সৈনিক Hi	Negative
2336	মাসাআল্লাহ	Positive
2337	Mokbul Kuwait ভাই এইটার মধ্যে কি শেখ হাসিনা আছে না কি?	Neutral
2338	চহজততৃোজব	Neutral
2339	ভাই অাপনাদের কাছে অনুরোধ সামনে নিরবাচনে বিএনপি, এরশাদ যাকে মন চায় দিয়েন।অাওয়ামিলিগ কে দিয়েন না।অামি সত্য পথে,অামি চাই ভাল সরকার যে দেশের জন্য ভাবে।অামাদের দেশ অনেক সুদে ঝন এর মধ্যে অাছে,সেতু এবং স্যাটেলাইট জন্য।	Positive
2340	আমি একজন Electronic & Telecommunication Engineering এর student তাই রাজনীতির বাইরে গিয়ে নিরপেক্ষভাবে বলব যে তর্কের খাতিরে মেনে নিলাম যে এখানে কিছু সমস্যা আছে। কিন্তু একটি জায়গা থেকে তো শুরু করা লাগবে তাই না? এই ব্যাপারটি যেহেতু আমাদের কাছে একবারেই নতুন অভিজ্ঞতা তাই শুরুতে কিছু লস,কিছু ভুল থাকতেই পারে।কিন্তু আমরা এগিয়েছি এটাই বড় পাওয়া।আস্তে আস্তে সব ঠিক হয়ে যাবে। ইনশাআল্লাহ্‌	Neutral
2341	ভাই আপনার কথা অনেক যুক্তি আছে ধন্যবাদ	Positive
2342	খমতা বিহিন	Negative
2343	ভাই স্যাটেলাইট এ মাদ্ধমে কী পেলাম জানিনা তবে আগের ২ টা ডায়লগ এর সাথে নতুন একটা ডায়লগ পেলাম আগের ২টা ডায়লগ ১/ আমরা ৭১ এ বাংলাদেশ জয় করেছি ২/ আমরা সমুদ্র জয় করেছি আর নতুনটা হলো ৩/ আমরা মহাকাশ জয় করেছি কারো লাভ হোক না হোক আমার লাভ হয়েছে এই ডায়লগ ছড়া বানিয়ে আমার BABY কে ঘুম পাড়াই।	Negative
2344	ডিজিটাল দুর্নীতি। সাবাস বাংলাদেশ, কাংগালদেশ হতে আর বাকী নেই।	Negative
2345	আপনার এই video-র জন্য Taza news channelটি unsubscribe করলাম।	Neutral
2346	স্যাটেলাইট ছাড়া এতোদিন বাংলাদেশ চলেনায় কি অসুবিধা হতো	Negative
2347	অসম্ভব সুন্দর পুরাই খেলে	Positive
2348	ভাওতাবাজি তখন হবে যখন এটি আসলেই আমাদের কাজে লাগবেনা বা লাভবান হবে না। তবে আশা করি এটি আমাদের দেশের মানুষের কাজে লাগবে এবং দেশ লাভবান হবে।	Positive
2349	সরকার, বিড়ালের নিকট শুটকির পুদ্দারী দিয়েছে।	Negative
2350	সব কিছুরই একটা খারাপ দুক আছে, ভালো কিছু পেতে হলে কিছুটা একটা ত্যাগ করতেই হবে, বাঙ্গালী সব চায়, আগে দেশের উন্নতি হোক দেশে আরো উন্নতি করার জন্য স্যাটেলাইট এর কোনো বিকল্প নাই	Neutral
2351	বাংলাদেশের লোকের ঐ এক সভাব নিজের কাজ নাক না গলিয়ে অন্যর কাজে না গলায়, জনগন তো জানেই কোন দল কেমন পারে? সব দলই তো লুটে পুটে খায় আমার কথা হচ্ছে এর মধ্য কোন দল ভাল কাজ করলে জনগন তাকেই সাধুবাদ জানাই	Neutral
2352	বাংলাদেশের লোকের ঐ এক সভাব নিজের কাজ নাক না গলিয়ে অন্যর কাজে না গলায়, জনগন তো জানেই কোন দল কেমন পারে? সব দলই তো লুটে পুটে খায় আমার কথা হচ্ছে এর মধ্য কোন দল ভাল কাজ করলে জনগন তাকেই সাধুবাদ জানাই	Positive
2353	বিকিয়ে খাচ্ছে বাংলাদেশ কে,,,মুজিব কন্যা,,,দেশ ধ্বংস করে তবেই ছাড়বে,,,চুরি করে নিজের ঝুলি ভরছে,,,	Negative
2354	রাইট বলেছেন বাংগালী আবাল তাই যে যা বলে সবাই তাই মানে	Negative
2355	সরকার যদি দেশটাকে সিঙ্গাপুরও বানাই ফেলে তারপরও বলবে ব্যাপক দুর্নীতির মাধ্যমে সিঙ্গাপুরে বানানো হইছে। সিঙ্গাপুরের মতো হইতে খরচ পড়ত এতো কিন্তু খরচ পড়ছে এতো। কিন্তু জনগন জানেই না শুধুমাত্র চিনির উপর কতটাকা ভর্তুকি দিতে হয় সরকারকে।	Negative
2356	MIX CHANNIL তোরাই ঠেলা সামলা হিজড়া দল	Negative
2357	বাংলাদেশের জনগনের সাথে তামাশা করা হয়েছে । এর জন্য ধিক্কার জানাই ।	Neutral
2358	বাংলাদেশ কে আমার সালাম ।।।। সরকার নিয়ে কথা বলতে চাই না।।। কে জানি জেলেই দিয়ে দেয় ভাল নিজেরা না বুঝলে কি দরকার সরকার।।।।। I love my country nothingss to কারণ আপন ভাই খুন করে অপর ভাইকে সেখানে এমন কথার মানে হয় সাবাই এক হও	Negative
2359	বাংলাদেশ কে আমার সালাম ।।।। সরকার নিয়ে কথা বলতে চাই না।।। কে জানি জেলেই দিয়ে দেয় ভাল নিজেরা না বুঝলে কি দরকার সরকার।।।।। I love my country nothingss to কারণ আপন ভাই খুন করে অপর ভাইকে সেখানে এমন কথার মানে হয় সাবাই এক হও	Negative
2360	কমেন্ট করলে রাজাকার হয়ে যাব	Negative
2361	সত্য কথা সবাই জানুক আশা করি,,,জনগন এর টাকা কি বিলাশ,,, এর হিসাব দিতেয় হবে এক দিন?,,,আর আপনাকে very very thanks	Neutral
2362	ভাই ডিজাইন টা আমি বানাইসি	Positive
2363	জাজাকাল্লা, সবার বাজ‌টে যেন ঠিক থাক‌ে এটাই চাই	Positive
2364	আমি কোন পলিটিক্স কর্নার থেকে বলছি না। একটা দেশের সেটেলাইট কখনোই শুধু আর্থিক সুবিধার জন্য না। আমাদের অভ্যন্তরীণ নিরাপত্তা,তথ্য প্রযুক্তি, আর্মি,ন্যভাল, এয়ারফোরস এসব বাহিনীর অপারেশনাল কাজে সেটেলাইটর বিকল্প ভাল কিছু নাই। তরুন গবেষক, মহাকাশ সম্পর্কিত বিষয়ে আমাদের অনেক অগ্রসর হবে। দুরনিতি নেই কোথায়! তবে যেখানে সারা পৃথিবি এগিয়ে যাচ্ছে বিজ্ঞানে সেখানে বাংলাদেশের জন্য সেটেলাইট অনেক বড় অর্জন। ভাই ভাল কাজের নুন্যতম কৃতজ্ঞতা প্রকাশ করা উচিত।	Neutral
2365	শেষটা ভাল ছিল	Positive
2366	সব ফাইজলামি ভাই	Negative
2367	রেফারেন্স কোথায়?	Neutral
2368	মাগি ছুদনের ব্যাথা	Negative
2369	নাস্তিক খানকিরর পুলারে পিটা	Negative
2370	যেই দেশে ছাত্র নামে কিছু কুকুরগুলা শিক্ষকদের উপর হামলা করতে পারে, সেই দেশে কিচ্ছু হবে না। সাবাশ বাংলাদেশ!	Neutral
2371	সাববাশ বেটি	Positive
2372	আয় করুন আপনার Android মোবাইল বা কম্পিঊটার দিয়ে কোন রকম ইনভেষ্ট ছাড়া প্রতিদিন ৫০০ থেকে ১০০০ টাকা ইনকাম করতে পারবেন এই সাইট দিয়ে। এটি একটি মার্কেটিং কোম্পানি। এটা থেকে ইনকাম করতে পারবেন খুব সহজে, খুব বেশী। -------------------- প্রথমে আপনার ফোন বা কম্পিঊটার থেকে ওয়েব সাইট টি তে যাবেন, --------------------- ১. Name: আপার নাম দিন। ২. Email: আপনার ইমেল দিন। ৩. Passwd: পাসওয়ার্ড দিন। (মনে রাখার No: আপনার মোবাইল আইডিঃ ME38748 ৬. Country Name: আপনার দেশ কাজ কি? মিনিট করে video দেখবেন এবং video তে Like, Comment,ও শেয়ার করবেন।Facebook,Twitter,Pinterest, Google plus সহ যে কোনো একটি সোশ্যাল মিডিয়াতে শেয়ার করবেন। দেখবেন আপনার একাউণ্ট এ ডলার জমা হচ্ছে।Video কিভাবে টাকা BKash,, Payoneer, PayPal, অথবা Bank Account এর মাধ্যমে। Payment বিঃদ্রঃ জয়েন করার পরে কাজ বুজতে প্রবলেম হলে কমেন্টস এ যোগাযোগ করুন। অথবা আমার ইউটিউব চ্যানেল এ গেলে সব টিউটেরিয়াল ও পেমেন্ট প্রুভ দেখতে পাবেন।	Neutral
2373	ম‌তিয়া চৌধু‌রির ৭১ সা‌লের ভু‌মিকার কথা সবাই জা‌নে,প্রধানমন্ত্রী ও‌দের সা‌থে রাজনী‌তি ক‌রে বঙ্গবন্দুর সা‌থে প্রহসন কর‌ছেন,এই ম‌তিয়া গংরাই বঙ্গবন্দু হত্যার প‌রি‌স্হি‌তি তৈ‌রি কর‌লেন,	Negative
2374	সবাই যদি কি রেজাকার।	Negative
2375	এধরনের রাজাকারের বাচ্চাদের কুকরের মতপেটানো হোক	Negative
2376	Md খাইছি তােরে oiiii bolder bacha thiki to bolce	Negative
2377	এগিয়ে জান তালাশ টিম আমরা আছি আপনাদের পাশে	Positive
2378	shakil ahmed মাইরালা অামারে হানি খাই মরি রাই	Neutral
2379	ঘেউ!  :P	Negative
2380	মাল যথার্থ ঠিক কথাই বলেছেন।	Positive
2381	পাঠির পাঠির ঘরে পাঠি তরে পেটে ধরছে কোন বেটি	Negative
2382	প্রকৃত মুক্তিযোদ্ধা	Neutral
2383	এটাতো মেসিন না জনগনকে বাউতা বাজি দিয়ে টাকা আতসাদ করার ফনদি।। দুর নিতি বাজ সরকার।।	Negative
2384	পুরোনো জিনিস দেখি	Neutral
2385	এই বটম জেস্চার মে বি প্রথম আনে ব্ল্যাকবেরি!	Neutral
2386	কিশোরগঞ্জ বলে কথা,	Positive
2387	Don't mess with me এক একটা ঘূর্ণি ঝড় হয়, আর লক্ষ লক্ষ কাংলাদেশী শুওরের বাচ্চার মতন মারা যায়। তোরা ভালো করে চোদ। আল্লাহর কাছে পোঁদ উল্টে প্রার্থনা কর যাতে তোদের ডান্ডার সাইজ ঠিক হয়।	Negative
2388	নাস্তিক জাফর	Negative
2389	এই চেনেল নইতুএদের তিনজন কেন Bnpথেকে একজনো নেইকেন আরজখন ইমরান কে রাজাকারের ছেলে বলাহল ঠিক তখক চেনেলের লাইভ অফ কেরাহল কেন কারন এটা তাদের চালাকি	Negative
2390	আসলেই আমরা নিরিহ বাঙালী	Neutral
2391	এই গানটা শুনার পর কেন জানিনা মন টা ভালো হয়ে যায়। ossum song. Love u minar	Positive
2392	CLASHER ZILANI আপনি মনে করিয়ে দেওয়ার জন্য আপনাকে অনেক ধন্যবাদ,,?	Positive
2393	শান্ত-মারিয়ম ইউনিভার্সিটি এসে দেখে যাও পড়াশুনা কাকে বলে,আউল-পাউল ইউনিভার্সিটি সাথে সব ভাসিটির তুলনা করবেন না,সব প্রাইভেট ভার্সিটি এক পাল্লায় মাপবেন না!	Neutral
2394	শেষের দৃশ্যটা অসাধারণ ছিলো :)	Positive
2395	সত্যি অসাধারন বস	Positive
2396	সুলতানা কামাল আর অপু উকিল এদেরকে তো মরার পরে পুরিয়ে ফেলবে। এরাতো নর্থকি। নাচনে ওয়ালী। আর এমরান তো চামচা তাদের সাথে মাওলানা সাকাওয়াত হোসন সাহেব ই যতেষ্ট।	Negative
2397	তাসকিনকে বাদ দিয়ে আবু হায়দার রনিকে দলে চায়	Neutral
2398	কেন শেষে মারা জেতে হল আজব ত	Negative
2399	সাইন্স এর মেয়ে আর্টস এর ছেলে যদি এইভাবে প্রেম হয় তাহলে আমরা অসহায় Commerce এর ছাত্র/ছাত্রী রা কি করব ? সাইন্স আর আর্টস এর ছেলে মেয়েদের প্রেমে সহযোগিতা করব ?	Negative
2400	হিন্দুদের দালাল	Negative
2401	আমার গল্প দিয়ে নাটক তৈরি করলে কয়েকটি গল্প পাঠালাম	Neutral
2402	এটা আবার কেমন মন্ত্রী,যে কীনা কথাই বোঝতে পারে না।	Negative
2403	গল্পের রাইটার মনে হয় বলদ! গল্পের আগামাথা বলদামীতে ভরা!!	Negative
2404	এই চ্যানেলের ভুমিকাটাই পরিষ্কার যারা কোন একজন আলেমকে মুখমুখি করে ইসলাম বিরোধী একাধিক মুনাফিকের সাথে।	Neutral
2405	CMV ভালো ছিল।	Positive
2406	Mamun Afsar আরে আবাল, ওরা ছিল রাজাকারদের জন্য হুমকি, আবাল গুলো জানে না এরা সবচেয়ে জ্ঞানি। এরা মুক্তিযুদ্ধে নানা ভাবে নেতৃত্ব দেন। আপনি ইতিহাস বলতে কিছুই জানেন না। নিশ্চই জামায়াতের লোক। ওরাও জানত যে বুদ্ধিজীবিরা বেচে থাকলে তারা দেশকে অনেক এগিয়ে নিয়ে যেত।	Negative
2407	ধন্যবাদ স্যার অাপনাকে সত্য বলার জন্য.	Neutral
2408	মাদার চোদ	Negative
2409	ব্যবস্থা অবশ্যক	Neutral
2410	প্রশ্ন ফাস রোধ করার একটা সিস্টেম আছে।।কি জানেন?? প্রশ্ন ছাড়া মৌখিক পরিক্ষা	Neutral
2411	সৌম্য রে বাদ দিয়ে আশরাফুল কে দলে নেওয়া হয় না কেন।।।	Neutral
2412	নারীরা বাংলার বাঘ	Neutral
2413	দিনের বেলায় কেন আমি টিয়ারশেলের গন্ধে হলে থাকতে পারিনি। নওফেল চোখে দেখেন না। বিকাল মেলায় আজিজ সুপার এর দোকানকাররা দোকান বন্ধ কেন করলো	Negative
2414	কখন স্যার কে চোখে দেখিনি । আমার বাংলাদেশের বন্ধুদের কাছে গল্প শুনেছি । তারপর অসম্ভব ভালোবেসে ফেলেছি । কখনও কঠিন পরিস্থিতিতে পড়লে ওনার সাথে মনে মনে কথা বলার চেষ্টা করি , মনে হয় জীবনটা হয়ত এত কঠিন নয় , ঠিক একটা রাস্তা পাওয়া যাবে । আশা রাখি কোনদিন আপনার সাথে দেখা হবে । খুব ভালো থাকবেন স্যার	Positive
2415	এত বেশি দাম কেনো? India তো normal price 14000 but offer থাকলে 12000	Neutral
2416	কান্চন সাহেব দারুন কতা বলছেন	Positive
2417	শমী কায়সার কখনোই শহীদুল্লাহ কায়সার এর সন্তান নন। তিনি শহীদুল্লাহ কায়সারের ২য় স্ত্রীর সন্তান।	Neutral
2418	আপনার কথার সাথে আমি একমত।আমাদের নিজস্ব কোনো sports chanel নেই।আমরা প্রচারের দিক থেকে অনেক পিছিয়ে আছি।যতই ঢাকঢোল পিটটয়ে বলা হয় যে বিপিএল সেরা।বাস্তবিক ক্ষেত্রে কিন্তু সেটা আদও হয়নি।	Neutral
2419	মামুবুল রা কোথায়/?	Neutral
2420	নওফেল একটা ছাগল ৷ ছাগলের মত মে মে করছে শুধু ছাগল ছাগলই	Negative
2421	তিন জন এসালারা পাগল	Negative
2422	হেহে দারুন হবে আবার এই কমেন্ট তালাশ হার্ট দিসে মানে বিবেচনা করবে	Positive
2423	সন্দেহজনক	Negative
2424	তুইযে মাদারচোতটা জানি khankir pola গাজী	Negative
2425	দর্শকের মনে আক্ষেপ থাকার গল্পকারের সাথর্কতা	Positive
2426	রোদ্দুর, একসাথে হেটে, হেটে যেতে চাই বহুদূর, বুকের ভিতর ডানা ঝাপ্টায় পাখি বেপরোয়া ভাংচুর।	Neutral
2427	তুই তুকারি টা সংলাপে অতিরিক্ত হয়ে গেছে	Negative
2428	দয়া করে সবাই rj tv Ruaida চ্যানেল টি সাবস্ক্রাইব করবেন	Neutral
2429	আপনার মতো প্রতিবাদী লোকের অভাব	Positive
2430	কুত্তালীগ একটু দারা ক্ষমতায় আইসা লই,তোদের সব গুলার নাম নিসানা মুছে ফেলবো	Negative
2431	এই স্বর্ণললতা	Neutral
2432	ওনেক বাটপারি করে গেছে এই ভোটকা এতদিন। তালাশ টিমকে ধন্যবাদ এর চেহারা সবার সামনে প্রকাশ করার জন্য। সবাই বাংলাদেশ ব্যাংকে ইমেইল করুন এই ভিডিও সহ, এই চিটার ব্যাটা এত ব একটা প্রতষ্ঠানের উপ-পরিচালক। এরা উপরের পদে থাকে দেখেই এত দুর্নীতি। বাংলাদেশ ব্যাংকের নজরে আনা উচিত ব্যাপারটা	Negative
2433	এমরান সরকারের ফাশি ছাই	Negative
2434	জাপানের শিক্ষা ব্যবস্থা কথা না বল্লেই নয়। সেখানে শ্রেণী কক্ষে ১২৩ নাই	Neutral
2435	কার সাথে?	Neutral
2436	CMV আপনাদের চ্যালেনের নামটাই খারাপ করে ফেলছন, এতো জঘন্য কোন গান হয়না, ফালতু একটা মেয়ে।	Negative
2437	মাহমুদূর রহমানের কথা তুই কি জন্য শুনচত তুই হইলে এক নামবার গরু ছাগল,	Negative
2438	এই ফেসবুকের কারনে কত মানুষের জীবন নস্ট হচ্ছে	Negative
2439	মেয়েরা এরকমই হয়। সে ম্যাথ বুঝাতে পারেনি, আর ছেলেটি বুঝাতে পেরেছিল,।। এটাতে মেয়েটি এপ্রিসিয়েট না করে, উলটা হিংসা করা শুরু করে দিয়েছে।।	Negative
2440	সত্যি মিথ্যা সব সময়ই বলে দিবে	Neutral
2441	মাহামুদুর তুই পাকিস্তানের জারজ দেশে গনতন্ত্র না থাকলে তুই কথা বলিছ কি ভাবে।	Negative
2442	কি দারুন তিনজন বনাম একজন। তিন শুয়োরের সাথে এক মুসলিমকে কামড়ানোর আয়োজন । উপস্থাপক আরেকটা কুত্তা	Negative
2443	এক কথাই অসাধারন	Positive
2444	এইমহিলা মাকিৱদালাল আৱ এমৱান হল টিকাদাৱ	Negative
2445	yousuf farid জনাব আপনি আপনার প্রথম কমেন্ট টা ভালো করে আবার পডেন ,তাহলেই বুঝতে পারবেন আপনি কি বলেছেন ৷	Neutral
2446	খুব ভালো লাগল	Positive
2447	গাজাখোরী গল্প!!! ফাউল অভিনয়!!! গল্প আর খুজে পায় না নাকি!!! ফাজলামী যত্তোসব!!!	Negative
2448	ইলিয়াছ ভাই আপনে অনেক ধন্যবাদ৷	Positive
2449	Cry Mind আমি আর আমার দশ বন্দু জাতীয় দলটিকে রিপ্লেস করলে, মেয়েদের কাছে হারা তো দুরের কথা অন্তত এশিয়াকাপ পর্যন্ত নিয়া যাইতাম বাংলাদেশরে।	Neutral
2450	আওমীলিকের নেতা কর্মিরা জতো টাকাই আর্থোসাত করে লুটিয়ে লোক না কেনো তাদের কুনো লাভ হবেনা	Negative
2451	শালার গুষ্টিরা কামটা করল কি শেষমেশ নায়ক মাইরা ফালাইলো	Negative
2452	জয় বাংলা!!	Positive
2453	নাটকের শেষটা ভালো হলে ভাল হত না??? :(	Negative
2454	মীর জাফরকে জুতার মালাপড়ানো হউক।	Negative
2455	সব কিছুতে লাভ ক্ষতি ভাবলে চলেনা।হক ব্যয় বহল তার পর ও নিজের।	Neutral
2456	স্যাটেলাইটে লেখা,বঙ্গবন্ধু বানা টা ভুল	Negative
2457	প্র‍্যাক্টিক্যাল শিক্ষায় জোর দেওয়া উচিৎ। সৃজনশীল ৫ টা এমসিকিয়ু ৫০ করা উচিৎ। ক্লাসে স্যার এসে চুল বুঝায়। প্রাইভেট গিয়ে বুঝে নিতে হয় মোটা টাকা দিয়ে। ব্যাবহারিক এর টাকা কোথায় জায়। ল্যাবের করুণ অবস্থা।	Negative
2458	akbar hossin নিজে ভালো হন তাইলে অন্যরাও ভালো হবে।পুলিশ খারাপ কারন আপনে খারাপ তাই মনে হয়	Neutral
2459	আমি ছাত্রলীগ এর পক্ষে আছি অবশ্যই। তবে জাফর ইকবাল ভালো?? কি খারাপ???	Neutral
2460	তোগ জন্য সরকার আর কি করবে???	Neutral
2461	কিসব মন্ত্রী-মিনিস্টার ,কি মুখ ,গরুর পুটকি এর থেকে ঢের ভাল। ঠেটঢের করে গোবর পরে তবু অনেক মার্জিত	Negative
2462	সালাম স্যার	Positive
2463	মহান একজন মানুষ স্যার আাপনি	Positive
2464	List 10 মিনিট মোটেও ভালো লাগি নি ।	Negative
2465	"নুসরাত ফারিয়ার ""পাটাকা"" গানটা দেখলাম ইউ টিউবে। ""পাটাকা"" শব্দটার সাথে প্রথম পরিচয় কোলকাতা ক্লাবে। আমার মতো মদ্যপানে নিরাসক্ত সংগীর জন্য কোন নিরামিষ পানীয়ের অর্ডার দেয়া যায়, সেটা চিন্তা করতে করতে আমার বন্ধুরা ""পাটাকা"" অর্ডার দিলেন। সোডা ওয়াটারের মধ্যে নানা মশলা মিশিয়ে তৈরি এই ""পাটাকা""। দারুণ স্বাদ, যাকে বলা যায় ট্যানটালাইজিং। পাটাকা মানে কী, জানতে চাইলে বন্ধুরা বললো এটা পটকা বা ফায়ার ক্র‍্যাকার্সের হিন্দুস্তানি উচ্চারণ। আর আরেকটা মানে আছে সেটা হচ্ছে পাঞ্জাবী স্ল্যাং। হট গার্লকে পাঞ্জাবী ভাষায় লোফার পোলাপাইন ""পাটাকা"" বলে। নুসরাত ফারিয়ার গানে পাঞ্জাবী স্ল্যাং টাই ব্যবহার করা হয়েছে। সে নেচে নেচে ঘোষণা করছে, যে সে ""পাটাকা"" হয়েছে। এভাবেই বাংলাদেশে অপরিচিত এই শব্দটাকে বাংলা ভোকাবুলারিতে ঢুকিয়ে দেয়া হবে। ছাত্রলিক মার্কা পোলাপাইন রাস্তায় মেয়েদের ""পাটাকা"" বলে ডাকবে। কেউ কেউ নুসরাত ফারিয়ার মতো ""পাটাকা"" হওয়ার আপ্রাণ চেস্টায় নিয়োজিত হবে। এই গানটার সাথে নুসরাত ফারিয়া না নাচলে বাংলাদেশে এই গানটা এতোটা পরচিতি পেতোনা। আমাদের দেশের মেয়েদের অরুন্ধতী রায় বা বেগম রোকেয়া না বানিয়ে পাঞ্জাবী ""পাটাকা"" বানানোর উস্কানি দেয়া হবে। আর নুসরাত ফারিয়ারা অল্প পয়সায় বিক্রি হয়ে পাছা দুলায়ে সেই এজেন্ডা বাস্তবায়ন করবে। উর্দু হরফে বাংলা লেখানোর শয়তানী বাস্তবায়িত না হলেও; হিন্দুস্থানি ভোকাবুলারিতে বাংলা বলানোর প্রজেক্ট এভাবেই এগিয়ে চলবে।"	Negative
2466	আপনার মত মানুষ আসে বলেই ইসলামের এই অবস্থা । গালি না দিয়ে ঠাণ্ডা মাথায় প্রকাশ করা উচিত ছিল । গালি দাওায় কোন না কোন নাস্তিক ইসলামের বিরুধে কথা বলার সাহস পাবে ।	Negative
2467	Munem Shahariar ভাইয়া শিট না চুদাইয়া শাকিব খান এর ছবি নিয়া ট্রল চুদান	Negative
2468	সবগুলো ভুয়ো মামলা	Negative
2469	মদ মদ রে ভাই?? খাইছে কি? জাপান করিয়া যদি চায় বাংলাদেশ কে কান্দাতে পারবে।	Negative
2470	প্রিয় তুষার ভাই,ডিম কি ৩ টাকার হয়??? :v	Negative
2471	মিনার ফরেভার , ঝুম গানটাও আমার ফরেভার।	Positive
2472	India চুর	Negative
2473	বাংলাদেশ ক্রিকেট দল শুধু ক্রিকেটই খেলতে জানেনা, ফুটবলও খেলতে জানে। একটি গুছানো ফুটবল খেলা উপভোগ করলাম। অসাধারণ	Positive
2474	বন্ধুরা আমার চ্যানেল টি সবাস্ক্রাইব করুন আপনাদের ভালোবাসা পেলেই আমি ভিডিও আপলোড	Neutral
2475	সবার সাথে আমিও একমত	Neutral
2476	যাদের এতই ঘেন্না তারা আইপিএল না দেখলেও পারে	Neutral
2477	সরকারি লাইসেন্স ছাড়া মদ বিক্রি অবশ্যই দন্ডনীয় অপরাধ।	Neutral
2478	Rubaiya Tabassum হুম তাই তো দেখছি	Neutral
2479	আহা ফেসবুক! শুভকামনা রইলো তালাশ টিম	Positive
2480	সময় যখন ক্রিকেট পাগলদের তখন কেন ফুটবল নিয়ে আনাগোনা	Negative
2481	ভাই চালিয়ে যান	Positive
2482	আইন দিয়ে কোন কিছু হবে না, আগে করমোসংস্থান এর ব্যবস্থা করতে হবে!	Neutral
2483	ভালো হতে ফয়সা লাগে না।	Neutral
2484	নোকিয়া ৩ এর রিভিউ	Neutral
2485	ভালবাসা।। স্যার	Positive
2486	ভাই এই কমেন্টগুলো দেখলেইতো বুঝা যায় কার সাপোর্ট বেশী। নাস্তিকদের নাকি আলেমদের	Neutral
2487	Vai tut tut tut এটা ভালো লাগলো না	Negative
2488	ছাগলে কিনা খায় পাগলে কিনা বলে	Negative
2489	অসাধারণ একটা কাহিনী খুব ভালো লেগেছে??	Positive
2490	অপুকে মুসলমানি করাতে হবে,	Negative
2491	জয় জনগন ঠেলা সামলা	Negative
2492	কেনো ভায়া? আলি	Neutral
2493	শিক্ষা বেড়েছে ঠিক কিন্তু, আদর্শ শিক্ষা বাদ পড়ে গেছে	Negative
2494	দেশ গড়েছেন তারেক জিয়া, নেতা মোদের জোনায়েদ জিয়া। আমলীগ নাস্তেক, বিম্পি মোনাফেক। এরদোয়ানের শাসন চাই। আল্লাহর আইন চাই।	Negative
2495	Reference link দিয়ে কথা বলবেন, এভাবে কথা বলে দেশের উন্নতি দুরে ঠেলে দিবেন না, প্রতিটা জিনিসেই কমবেশি নেগেটিভ, পজিটিভ থাকে!!	Neutral
2496	নাটকটা এককথায় খুবই চমৎকার।	Positive
2497	এই বুড়ো বয়সেও ফিলিংছে আছি । উলটা পালটা কি প্রশ্ন করেন ?	Negative
2498	আস্সালামুআলাইকুম ভাইয়া, আপনার অনেক ফলোয়ার, আপনি দয়া করে ইসলাম নিয়ে ভিডিও বানান, যেই ভিডিও তে মানুষ নামাজ, কুরআন, সুন্নাহ সম্পর্কে জানবে, তাহলে আপনার মাধ্যমে আপনার অনেক ফলোয়ার যারা আপনাকে ভালোবাসে তারা অনেক বেশি উপকৃত হবে। জাজাকাল্লহ খায়ের।	Positive
2499	পুরো নাটক আমার আমার কাইনি ছিল ।But শেষে কি হল । আমি কি মরে যাব । Boos	Neutral
2500	গানটা এতোটাও খারাপ না।। আমার মতে অনেক ভালো	Positive
2501	এতো সুন্দর হয় কিভাবে একটা গান ? যতবার শুনেছি এক জীবনে তত কদম হাটলে চাঁদে চলে যেতাম শিওর । দ্যাট সং মেক মি আ গ্রেট ফ্যান অব অর্ণব সিন্স টু থাউজেন্ড সেভেন । পুরনো হবে না রুদ্র মুহাম্মদ শহীদুল্লার ভালো আছি ভালো থেকোর মতই :) আর ডিজলাইক দেয়া পাবলিকগুলোকে দয়া করে কেউ প্রান গোপাল দত্তের কাছে পাঠিয়ে দিয়েন	Positive
2502	সবি ঠিক আছে অবস্থান নিয়ে আমার সংশয় রয়েছে, অবস্থান হলো কেনো? পূর্ব থেকে দ্রাঘিমাংশে অর্থাৎ বাংলাদেশের নিজস্ব অবস্থানে হলো না কেন? কেউ সঠিক উত্তর জানলে জানাবেন	Neutral
2503	মতিয়া নয়তো সুতিয়া তাই	Negative
2504	"যত অপ্রাসঙ্গিক কথা বলে এই ইমরান। যেমন ""নারী ডাক্তার ছাড়া কিন্তু উনারা দেখান না""। অসভ্য"	Negative
2505	মুফতি সাহেব দেখি গায়ের জোরে মিথ্যা বলেই যাচ্ছে। এই যদি হয় আলেমদের চরিত্র!! এদের কারনেই আজ শান্তির ধর্ম ইসলাম কলঙ্কিত হচ্ছে।	Negative
2506	কিন্তু	Neutral
2507	ভাইয়া Nokia 8 না কি One Plus 5T?কোনটা ভালো হবে?	Neutral
2508	আশা করি খুব ভাল হবে কারণ Apurba vai	Positive
2509	সেটালাইট খুব ভালো কথা কিনতু মানুষসে কি উপুকার হবে	Neutral
2510	চমৎকার বাল মারা ফিনিশিং	Negative
2511	বাংলাদেশে বলে কথা	Neutral
2512	এই শালা জারজ ইমরান,	Negative
2513	ধণ্যবাদ জনাব আসিফ নজরুলকে সাহসিক বক্তব্যের জন্য	Positive
2514	প্রতিটা মুহূর্তে প্রেমে পড়েই গেছি আমি।অসাধারণ একটা নাটক দেখলাম। আর নিশো ভাই তো	Positive
2515	এসব মাগিরে কুততা দিয়ে গুয়া মাড়া দরকার।	Negative
2516	ভাই আমি আপনাকে আমার এফবি id (black hole) থেকে ADD সেন্ড করছি। kindly accept করে আমি আপনার একজন ভক্ত। ভাল থাকবেন। আপনার জন্য শুভ কামনা রইল।	Positive
2517	খুব ভালবাসি আপনাকে, আপনার কথা গুলো অনুপ্রেরনা যোগায়।	Positive
2518	মিউজিক ভিডিওটার কনসেপ্টটা ঠিক বুঝতে পারলাম না :(	Negative
2519	প্রধানমন্ত্রী শেখ হাসিনাকে ধন্যবাদ ছোটলোকের পাঠানোর জন্য ইন্টারনেট সুবিধার জন্য	Positive
2520	সাবাস ভাই ঠিক বলছেন। জাফর মুসলিম নামের একটা সয়তান	Neutral
2521	অশিক্ষিত, মুর্খ, জঙ্গি জামাত সাপোর্টাররা জাফর ইকবালকে সহ্য করতে পারেনা। এই কমেন্ট সেকশনেই তাদের কুৎসিত কমেন্ট দেখে হাতে নাতে প্রমাণ পাবেন।	Negative
2522	প্রিও তুষার ভাই ।।। অনেক দিন পর আপনার কন্ঠ শুনে খুব ভাল লাগছে	Positive
2523	nowsher siraj শ্রী পুর	Neutral
2524	সানি লিওনের নকল করলেই সানি লিওন হওয়া যায়না। তা ছাড়া এখানে আল্লাহ খোদার নাম নিয়ে জঘন্য কাজ করেছে।	Negative
2525	নোট ৫ প্রো ৪/৬৪ --২৩০০০ আর ৬/৬৪ --২৭০০০ টাকা	Neutral
2526	বিতর্কিতভাবে নির্বাচিত হবার পরও শুধু শুধুই ক্ষমতায় টিকা নাই, যা উন্নয়ন করছেন প্রধানমন্ত্রী তা পরবর্তী যেকোন সরকারের জন্য এক আদর্শ	Negative
2527	love u boss,,,,,,অপূর্ব	Positive
2528	আরে হারামজাদা নাস্তিক রা,, বিভিন্ন বানোয়াট কথার মাধ্যমে আল্লাহর একজন আলেমকে অপমান করা ছুটায় যাবে তোদের। এমন তো না যে সারা জীবন বাঁচি থাকবি তোরা। একদিন না একদিন তো মরবিই নাস্তিক তোরা। যেদিন-যখন মরবি ঠিক তখন থেকেই হারে হারে উপলব্ধি করতে পারবি তোরা যে জাহান্নামের শাস্তি কতটা কঠোর ও	Negative
2529	অস্থির নাটক , অনেক ভাল লাগলো । ধন্যবাদ	Positive
2530	এদের টাকা দিয়ে পুষে	Negative
2531	মিথ্যাচার হচ্চে এই আমলে	Negative
2532	হালার পুত তিমি একটা পাগল	Negative
2533	Md খাইছি তােরে tor moto bolder bujer dorker nai	Negative
2534	ইমরান কুত্তার বাচ্চা	Negative
2535	বাংলাদেশের নাটক গুলা দেখার প্রত্যকটা নাটক গুলা অনেক	Positive
2536	যে চাএ চাএি শিখ্খকের শম্মান দিতে পারে না তাদের আবার কোটা কিচের।	Negative
2537	আশরাফুল ভাইকে আবার বাংলাদেশ জাতীয় দলের হয়ে আন্তর্জাতিক ম্যাচ খেলতে দেখতে চাই	Neutral
2538	স্যালুট শুভ ভাই	Positive
2539	আফরান নিশো আর তানজিন তিশার অসম্ভব সুন্দর একটা নাটক। love u Afran Nisho এভাবেই আমাদের জন্য সুন্দর সুন্দর নাটক উপহার দিয়ে যাও যেটা থেকে আমরা কিছু শিখতে পারি, জানতে পারি।।।	Positive
2540	অমাদের নতুন ব্যান্ড এর লিংক। এখানে Frinds নিয়ে নতুন গান তৈরি করে uplod করা হয়… pliz লিংকে ক্লিক করুন	Neutral
2541	ঠিক আছে	Neutral
2542	আজ আট বছর ধরে আমার একমাত্র ওয়েলকাম টিউন - হাসিমুখ।গানটা কতটা পছন্দের তা বোঝাতে এই একটা কথাই যথেষ্ট।	Positive
2543	বে।পরদা।মহিলার।সামনে।হুজুরের।আলোচনা।ঠিক।হয়নাই	Negative
2544	youtube search করে দেখ ভূতের বাচ্চা সোলায়মান নাটক, কোন নাস্তিকতা নাই	Neutral
2545	আহা ফেসবুক পর্ব ৩ দেখার অপেক্ষায় তাকালাম।	Positive
2546	ভাল লাগল স্যার	Positive
2547	সুয়ার বাচচা তুই আজ এখানে আজ কথা বলতে পারছিস কার জন্য শেখমুজিবর এর জন্য	Negative
2548	প্রতিবন্দীদের জন্য ১%-জেলা+ নারী কোটা -২০% ।অাহারে কী সিস্টেম ??	Negative
2549	Prottay Raj এই গালা গালি করেন কেন লিটন এর কৃতিত্ব তো কেউ না বলেনি তাহলে ব্যবহার খারাপ কেন	Negative
2550	অনেক সুন্দর	Positive
2551	কুত্তার বাচ্চা নাস্তিকের জন্ম কাফেরেরা।	Negative
2552	বেয়াদবের ঘরে তো বেয়াদব ই হয়।	Negative
2553	Shamim Hasan ভালোবাসার সকল রকমের ভিডিও পেতে আমাদের চেনেলে ঘুরে আসুন।	Neutral
2554	শালা, চোরের মায়ের বড় গলা।	Negative
2555	যথার্থ বলেছেন। টিউলিপ সিদ্দিকী গোয়া বিক্রি করে। গোয়া বিক্রি করিন্নার কাছে মাহমুদুর রহমান যাওয়ার প্রশ্নই আসে না।	Negative
2556	তারেকের কথা কেন বলেন তারেক তো একটা চোর	Negative
2557	১ টা টিউশন ১৫০০০ টাকা! ঢাকা শহরে এমন টিউশনও আছে নাকি!?	Neutral
2558	anamil anamil অবশ্যই রাজাকার ছিলো	Negative
2559	তোরা আর কত দেশটাকে লুটে খাবি আল্লাহ্‌ তোদের কি হাল করবে দেখবি বেশি সময় নাই।	Neutral
2560	নাস্তিক তিনটি নয় তিন লক্ষ হলেও মোমিন এক জনের পায়ের ধূলির সমান হতে পারবেনা	Positive
2561	১৩ তম নিবন্ধন ধারিরা প্রিলি, রিটেন, ভাইভা দিয়ে পাশ করে চাকরি পাচ্ছেনা, আপনি বলেছেন সরাসরি নিয়োগ দেওয়া দেওয়া হবে ৬ মাস হয়ে গেল এখনো চাকরি পাচ্ছেনা। বি সি এস এর আদলে পরিক্ষা নিয়ে ১৩তম দের চাকরি হচ্ছেনা। শিক্ষার মান বাড়বে কি ভাবে?????	Negative
2562	ওপারের নাথের লেখা জাতীয় সঙ্গীত প্রতিদিন গাইলে কি ছওয়াব হবে আর না গাইলে আল্লাহ কি নারাজ হবেন ?	Neutral
2563	সুন্দর	Positive
2564	question and analysis are not পুরায় বাল। এভিন লুইস আগা গোরাই	Negative
2565	ভাই এখানে ডিজলাইক দিয়েছে মমতাজ এর গান শোনার পাবলিকেরা	Negative
2566	২০০০ সনের b+ আর এখন কার দিনের golden a+চেয়ে বেশী মান রাখে।বরতমানের লেখাপরার মান খুবেই খারাপ	Negative
2567	আরে ছাগল বইটা পরে	Negative
2568	এক বৈশাখ, ৭১.	Neutral
2569	আওয়ামিলিগের জন্মই তো টা বল্লাম না।	Negative
2570	ঘোরার আনডা হবে	Negative
2571	মানুষ বলে আমরা ঢাকাইয়ারা নাকি গালাগালি বেশি করি।	Negative
2572	একটা নায়ক যে চরিত্রই করুক তার উচ্চারণ কবিদের মতো। অপূর্ব এই বিষয়টা নিয়ে কাজ করলে আরো পরিণত অভিনেতা হবে। আর গল্প আজাইরা। বাস্তবতার সাথে কোন মিল নাই। কোন বাপ সেরকম সুযোগ দিবেনা, আর কোন বেকার সেই সুযোগ ছাড়বেও না। ১৫০০০ টাকা (৬ষ্ঠ শ্রেণী), আমরা তো পাই না। যার বাড়ি জমি জমা আছে সে এই ৩০ বছর বয়সে এসে জানবে এমন না। অনেক আগে থেকেই জানবে। সব মিলিয়ে অন্যতম বাজে গল্প।	Positive
2573	আরে থামেন বীর বাঙগালী৷ জাতিকে আর কত নীচে নামাবেন?	Negative
2574	এসব মাগিরে কুততা দিয়ে গুয়া মাড়া দরকার।	Negative
2575	জানি না এখানে স্যার কতটুকু আবেগের কথা বলে ছিল, কিন্তু অনেকবার পুরো ভিডিও টা দেখে চোখের জল ধরে রাখতে পারিনি। এমন সম্পদ ও এ জাতি নিঃশেষ করে দিতে চায়। সত্যি আমরা কে চাই???	Negative
2576	যারা মাদকদ্রব্য কমিশনে কাজ করেন তাদেরকে আগে বিচারের আওতায় আনা দরকার।তাদের কাজটা কি শুধু আইন বাতলে দেওয়া?	Negative
2577	নজরূল স্যার সুন্দর সমাধান দেওয়ার কথা বলেছেন ধন্যবাদ	Positive
2578	মূরখ মন্এী ছাগল	Negative
2579	মেধাবী কথা বলতে চাইলে, বিরতি যেতে হয়, সুমির কথার স্টাইল হাহাহা	Positive
2580	সময়ের মতো সময় চলে যায় কিন্তু কিছু আবাল আলগা সিদ্দিক আবালি থেকে যায়।	Negative
2581	আরসাফুল ভাই তুমি এগিয়ে চলো আমারা আছি তোমার সাথে।।একমত হলে লাইক করবেন।।।।।	Positive
2582	shakil ahmed মাইরালা অামারে হানি খাই মরি রাই	Neutral
2583	সুমি কায়ছার কেমনে শহীদ পরিবারের লোক হলো? pls আমাকে একটু বলবেন।	Neutral
2584	"Admiral Ashik ""বিদেশী হোক কিংবা দেশী, এলকোহল পান করার অধিকার আছে সবারই! কিন্তু, তা নিজস্ব দ্বায়িত্বে! ""আর ব্যবসা করার জন্য অনুমোদন লাগে তা নিশ্চয়ই ভুলে গেলে চলবেনা!"" 'দুঃখজনক যে বিদেশী অনুমোদনহীন বার*/রেষ্টুরেন্টে এলকোহল সার্ভিস দেয়া হচ্ছে এ ব্যাপারে প্রসাশন কি ভূমিকা পালন করছে!?? 'আবার মিডিয়ার উপর চড়াঁও হচ্ছেন কেউ কেউ! ""এতো সাহস এদের আসে কোথথেকে!!??"" ""এই বিদেশীরাই তাদের দেশের নিয়ম ভংগো করতে দেবেনা,যেখানে তারা আমাদের দেশে করার সাহস পাচ্ছে!!"	Negative
2585	বয়রা মতিয়ার, শালি কান পরিষকার করেনা।	Negative
2586	খুব ভালো একটি নাটক	Positive
2587	বাংলাদেশ কে আমার সালাম ।।।। সরকার নিয়ে কথা বলতে চাই না।।। কে জানি জেলেই দিয়ে দেয় ভাল নিজেরা না বুঝলে কি দরকার সরকার।।।।। I love my country nothingss to কারণ আপন ভাই খুন করে অপর ভাইকে সেখানে এমন কথার মানে হয় সাবাই এক হও	Neutral
2588	খবরের।মারে।চুদি।আর।কিছু।আছে।	Negative
2589	ভালবাসার থেকে টিউশনি বড় সালা মের্ধা	Neutral
2590	nowsher siraj ইমরান ত্রইচ জারজ সন্তন তুই ত্রকটি নাস্তক তুই হিন্দু তোর মুখে মরজিদ কোরান শরিফের কথা মানা না গাদা কুকুরের বাচ্চ মুনাফেক আর তার সাথে দুই পতিতা মাগী	Negative
2591	'পাগলে কয় কি আর ছাগলেরা খায় কি'! !!!!!	Negative
2592	আরে ভাই ইমরানের গায়ে রাজাকারের রক্ত	Negative
2593	বেয়াদব আর বেতলব হেদায়েত পায় না।	Negative
2594	নাস্তিক জাপুর ইবাল	Negative
2595	"তাড়াতাড়ি ফিরে আসুক আশরাফুল"""	Neutral
2596	Mojibo Mojibor / মুজিবুর তুমি নিজে ভেবে দেখ এটা কি কমেন্ট করে	Neutral
2597	সজলের নাটক	Neutral
2598	শমী কাওয়া ফাজলামি চুদাও?? বাল উঠেনি এখনো?	Negative
2599	আশা করি ওই সময় টায় সবাই চোখ বন্ধ করে দেখেন তাহলে বুঝতে পারবেন আসলে রহস্য টা কি ছিলো,,	Neutral
2600	নওফেল প্রশ্ন ফাস করে পাস করছে	Negative
2601	অসাধারণ অপূর্ব ভাইয়ের অভিনয় apurbo no 1 actor	Positive
2602	ইমরান হাসৃমি আপনি দেকেন জনগন রা কি লিখে এটা ওয়ামিৃলিগ এর কিনা দেশ নাকি এটা জনগনের দেশ	Negative
2603	চুদির বেটি হাসিনা তর জালায় আর বাচিনা	Negative
2604	OnePlus 5T এর review চাই ATC ভাই রা	Neutral
2605	"লিটন আপনি কে আমি জানিনা। তবে মাঝে মাঝেই আমি আপনার ভিডিও দেখি।। আপনি প্রতিবাদ করেন, দেখে ভাল লাগে। কিন্তু কতটুকু যুক্তিসহ হয় সেটাই বুঝতে পারিনা। ""সোলায়মান "" যখন বলি তাতে করে নবীরর নাম বুঝায় না। এটা একটা নাম মাত্র। নবীর নাম বুঝাতে হলে আপনাকে সোলায়মান (আ:) লিখতে হবে। বাংলাদেশে হাজারো সোলায়মান আছে। সবাই কি ভাল মানুষ? সবাই কি নামের ককারনে নবী হয়ে গেলেন?? সোলায়মান নামধারী কোন মানুষ খারাপ কাজ করলে তাকে নিয়ে কি ব্যাজ্ঞ করা যাবে না? তিনি কি শাস্তি পাবেন না? নাকি তিনি শুধু মাত্র নবীর নামের কারনে পার পেয়ে যাবেন? আপনাদের মত কিছু মানুষের কারনে দিন দিন 'ইসলাম' ছোট হয়ে যাচ্ছে,এটা বুঝতে শিখুন।। আপনাকে দেখেত কেউ বুঝবেনা আপনি মুসলিম। না আছে আপনার দাড়ী না আছে লেবাস! শুরুতেই বললেন, শহীদ ভাইদের প্রতি শ্রদ্ধা, ভালবাসা! একবারো বললেন নাতো তাদের রুহের মাগফেরাত কামনা করছি, তাদের জন্য নামাজ পড়ে দোয়া করেছি! আগে নিজে ভাল হোন। আপনার বা আমার মুখে এই সব কথা মানায় না। তারপরেও বলছি কারন, আপনার যুক্তি আমার কাছে হাস্যকর মনে হচ্ছে। আর একটা কথা জাফর ইকবাল নাস্তিক কিনা সে তর্কে আমি যাবনা। না জেনে বলাটা মুর্খতা। তারপরেও মানলাম উনি নাস্তিক! একজন মুসলমান হিসেবে এতটুকু বুঝি, আমার উচিৎ তার জন্য প্রার্থনা করা যাতে তিনি দিনের পথে আসেন। তার যে মেধা আছে সেটা দিনের কাজে লাগুক, দেশের কাজে লাগুক, দশের কাজে লাগুক। আমিন।"	Negative
2606	ভাইয়া আমি গরিব তো, আপনাদের কাছে যদি iphone se সেট টা থাকে একটা রিভিও আগামি মাসে	Neutral
2607	ভাই অপূর্ব তোকে বুঝতে হবে কুকুরের পেটে ঘি হজম হয় না	Neutral
2608	শালারপুত ভালো করে কথাও বলতে পারে	Negative
2609	lol Sohag HMRA ,@ MIzan Rahman আপনারা মনে হয় কিছুটা বাজে মধ্যবিত্ত পরিবার থেকে উঠে এসেছেন তাই আপনাদের চিন্তা ভাবনা গুলাও নিম্নমানের এবং অনেক backdated । আপনারা বলেছেন যে যারা chance পায়না public university তে ঠিক তারাই private universityতে পড়েন ! তাই এই কথাটার কোন সঠিক যুক্তিকতা নাই এবং এর সঠিক reference ও দিতে পাড়বেন না। আমি নিজে গত ২০১৭-১৮ accademic year এ জাহাঙ্গীরনগর বিশ্ববিদ্যালয়ে chance পেয়ে ও বেক্তিগত কারনে ভর্তি হইনি ( তারা নিখিত পরীক্ষার ফল প্রকাশের পর ১60 জনের মতো নিয়েছে ২৮৫ জন থেকে) । তাছাড়া আমার জানা মতে এইরকম আনকে student আছে যারা বেসরকারি ইউনিভার্সিটি থেকে পাস করে বর্তমানে public university তেই পড়ছে ( জোরালো ভাবেই বলছি এইখানে public university বলতে DU ,JnU, JU, RU, CU, BUET, CUET, BUP, KUET, RUET, BIM & IBA chance নিয়ে পড়ছে) তাহলে আপনি এই ব্যাপারটাকে কি ভাবে নিবেন???? আরো জানিয়ে রাখা ভালো যে তারা এমনকি IBA এর মতো institutionএ MPhil করছে ! আর যদি আমার কথা বিশ্বাস না হয় তাহলে আপনারা physically বিশ্ববিদ্যালয় গুলোতে গিয়ে বর্তমান এবং প্রাক্তনিদের সম্পর্কে খবর নিন তাহলেই বুঝে জাবেন।plus এই পর্যন্ত কতো জন chance পেয়েও পড়েনি তার খবরটাও নিবেন। তাই বলবো এইভাবে আন্তাজি ঢিল ছুড়ে কিংবা মূর্খের অভিব্যক্তি না দেখিয়ে একটু জেনে বুঝে কথা	Negative
2610	হা হা হা সালার সব বাটপারি করতাছে বাংলাদেশে	Negative
2611	আপনি বা আপনার পরিবার কি বাল ফেলেছেন??	Negative
2612	Shoeb Ahmed আল্লাহ কে বয় কর একদিন হিসাব সভাই কে দিতে হবে এখানে জতো,লোক,কমেট,করেচে তুই শয়তান চাড়া সবাই এমরান শয়তান কে জুতা মারতে বলেচে এখনো সময় আচে আল্লাহ কাচে মাপচা আল্লাহ বড় দয়ালু ইসলামের পএে পিরে আয়	Neutral
2613	অবৈধ প্রতিমন্ত্রি	Negative
2614	আল্লাহ মূর্তি পছন্দ না করলেতো উনি নিজ থেকেই কোন অলৌকিক শক্তির বদৌলতে তা ভেঙ্গে দিতে পারতেন, কই কেউ কি শুনেছে সাত আসমান থেকে কোন গজব নেমে এসে কোন মূর্তি ভেঙ্গেছে? প্রাচীন গ্রীক রোমান মূর্তিগুলো হাজার বছর ধরে টিকে আছে, আইএস কিংবা ইসলামি কিছু আক্রমনকারিরা ছাড়া এসবতো কখনো ভাঙ্গেনি। মিশরের স্ফিংস কিংবা নেফেরতিতির ভাস্কর্য টিকে আছে। মাইকেলেঞ্জেলোর সেণ্ট পিটারসে পিয়েতা টিকে আছে, আমেরিকার স্ট্যাচু অব লিবার্টি, ব্রাজিলের ক্রাইস্ট অব রিডিমার, মালয়েশিয়ার লর্ড মুরুগান, চীন জাপান কোরিয়া থাইল্যাণ্ডের হাজার হাজার বৌদ্ধ মূর্তি, ভারতের অজন্তা ইলোরা সহ হাজার হাজার মূর্তি হাজার হাজার বছর ধরে টিকে আছে। এগুলো আল্লাহর অপছন্দ হলে বহু আগেই এমনি এমনি ভেঙ্গে যেত। অথচ যা ভাঙ্গে সব মোল্লা জাতীয় বর্বর হায়েনারাই ভাঙ্গে। কাজেই আল্লাহর দোহাই দিয়ে যার ভাস্কর্য কিংবা মূর্তির বিরোধিতা করে তারা চুড়ান্তরকমের ভণ্ড, এরা কিছুতেই আল্লাহর মনোনীত হতে পারেনা।	Neutral
2615	অসাধারন লাগছিলো খুব খুব ভালো হইছে হাড়িয়ে যাওয়ার মতো অনুভব করলাম বাট যায়গা নেই	Positive
2616	নাটকের নামে বানান টা ঠিক করা দরকার। SCIENCE.	Negative
2617	দারুণ খবর	Positive
2618	তাছকিনকে বাদ দেওয়া হক	Neutral
2619	আলহামদুলিল্লাহ, সঠিক ভাবে, সঠিক সময়ে বাস্তবায়ন হওয়া চাই।	Positive
2620	বংগবন্ধুর চামরা দিয়া জারা ধুগদগি বানাতে পাকিস্তান পাতিয়ে দেয়া হউক।	Negative
2621	সেস মেস রাগ টা উঠলো	Positive
2622	এমরান তুই কি কুকুরের ছেলে নাকি বিড়ালের ছেলে	Negative
2623	বোলিং কোচ কথা বলুন,।	Neutral
2624	ভাই তরা দুই ছাগল তগরে কি ভাবস আল্লাহ ই ভাল জানে. পুরান পাগলে ভাত পায় না নতুন পাগলের আমদানি. carry on paglazzzzzz	Negative
2625	সুমি বর্তমান রেট কত?	Neutral
2626	একজন ভালো মানুষ	Positive
2627	জাফর মাদারচুদ জুতা মারি জাফর রে	Negative
2628	বাংলাদেশ ব্যাংক এর উপ পরিচালক ব্যাংকিং খাত খেয়ে সাবার করে এখন সত্যিকার খাদ্য খাত সাবার করে চলছেন।।সাবাস খাদক কমর্কতা ও ডিজিটাল বাটপার	Negative
2629	বালের চেতনার কারনেই এই অবস্থা :P	Negative
2630	matchটা এখনো গা শিউরে দেয়	Positive
2631	কুওার বাচ্চা ইমরান উপু	Negative
2632	বাঁশ দিলে হবেনা গাঁছ দিতে হবে।	Neutral
2633	ভাগ্গিস খেলা দেখতে শ্রীলংকা যাই নাই ! গেলে একটা হত্যার জন্ম নিত !	Negative
2634	ইমরান ভাইয়ের অভিযোগ প্রশ্ন তথ্যগুলো ঠিক নয়! হেফাজতিরা মেয়েদের ক্লাস ফাইভের বেশি পড়াতে চায়না - এই দাবিতো হাস্যকর!! আর বাকিগুলোও মিথ্যা নয়তো বুঝার ভুল!!!	Negative
2635	Zafar Iqbal-Liton Gazi আপনাদের মতন মানুষদের দেখলে লজ্জা বোধ হয়,ইউটুবে এসে ভিডিও তৌরি করছেন,কিন্তূ দুঃখের বিষয় আপনার প্রতিটা বাংলা শব্দ,উচ্চারণ,বাক্য নির্মাণ একেবারে ভুলে ভরা,যাকে বলে লেজে গোবড়ে! মানুষকে অকথ্য ভাষায় গালাগাল ছাড়াও ভদ্র ভাষায় সমালোচনা করা যায়। নিজেকে প্রথমে শিক্ষিত করুন অন্যের ত্রুটি বের করার আগে,বাংলাদেশের ভাবমূর্তি ছোট করার কোন অধিকার আপনার নাই। অশ্রাব্য, অকথ্য ভাষা ব্যবহার করে ভিডিও বানিয়ে পুরু বিশ্বের বাংলাভাষীদের কাছে বাংলাদেশিদের সম্মানহানি করে আপনি স্বয়ং ক্ষুদ্রতার পরিচয় দিয়ে যাচ্ছেন প্রতিনিয়ত। আগে নিজের ভাষাটি আয়ত্ব করুন পরিপূর্ন রূপে,তবেই অন্যকে শোধরানোর অধিকার আপনি পেতে পারেন তাও একটা সীমারেখার মধ্যে থেকে। ধন্যবাদ	Neutral
2636	ছাত্রলীগ হচ্ছে বেয়াদব লীগ।	Negative
2637	ভাই যতো কথাই বলেননা কেন এদের লজ্জা নেই।সব বন্যায় ধুয়ে মুছে গেছে।	Neutral
2638	নাগিন, নাগিন !! ফ্যাজলামির একটা সীমা থাকে ? Motherchor ra!	Negative
2639	তিন কাফের একজন আললাহ ওয়ালকে দরছে ইমামি শক্তি আছে	Negative
2640	কোন মাদারচুদেরা আন লাইক দিছে	Negative
2641	হেই সুওরের বাচচা ইমরান বাড়িছনা ৩ নাস্তিক কে আগুনে জালাবি মুছলমারা সিমা ওতিকরম করীওনা আর মনেরাকা উচিত তাস্নিমা নাস্রিন বাংলাসারতে বাদ্দ আর বুড়ি নাস্তিক গলাবেসি বাড়িগেছেনা মাগি	Negative
2642	ধন্যবাদ ইলিয়াচ কানচন ভাই	Neutral
2643	জয় জনগন ঠেলা সামলা	Negative
2644	এমরান্না তুই কেরে । তর বাড়ি কই ।	Negative
2645	সরকারের কি হবে,হবেতো বাংলার খেটে খাওয়া মানুষের।	Neutral
2646	অন্য ফোন থেকে ভালো হবে 6 জিবি 64 জিবি নড়াইলে কত টাকা পড়বে আপনার ফোন নাম্বারটা দিন আমি আপনার ইউটুব পতিদিন দেখি	Neutral
2647	Nasrin Akther আপি শিরোনামহীন ওয়ারফেজ অর্থহীন এরা লেজেন্ড না এরা পাড়ার ছোটখাট ব্যান্ড আর বাচ্চাদের কোন কাম নাই তাই হালকা পাতলা টুং টাং করে এই আর কমেন্টটা দেখে আমার এমনই মনে হলো(নো অফেন্স)	Negative
2648	ভালবাসা।। স্যার	Positive
2649	শেষটা এতো নির্মমভাবে না হলেও চলতো,,নাকি??	Neutral
2650	সমি কায়সার,একজন অভিনয় শিল্পী হিসেবে নিজের প্রতি সর্বশেষ শ্রদ্ধাটুকু হারালেন সাথে নিজের বাপকেও অসম্মানিত	Negative
2651	স্যাটেলাইট দিয়ে দেশের কিছু না হোক, কিছু লোকের তো কোটি কোটি টাকা খাওয়ার রাস্তা হল ।	Negative
2652	Daud Zubair হ্যা ভাই	Neutral
2653	Didarul Karim হুদাই কমেন্ট করে লাভ কি? পোলাপাইন এখন আর আদি বাংলা গান দেখে না। সে কতটা সুন্দরী বা স্মার্ট সেটা কারো দেখার বিষয় না। তিশা খুব একটা সুন্দরী না হয়েও দর্শকমহলে খুব সুন্দর ভাবে জায়গা করে নিয়েছে। ওকে?	Neutral
2654	Mystery With DEBOBROTO এই কাজ টা অন্য কেউ করলে সবাই তালি বাজাতো ঠিকই। কিন্ত একজন বাঙালি স্টার যখন এই সব কাজ করে তখন মেনে নেয়া যায়। কারন এইগুলো আমাদের কালচারের বাইরে।	Neutral
2655	খুব ভালো লেগেছে নাটকটা । ধন্যবাদ তুহিন ভাই ।	Positive
2656	টুর্নামেন্ট শেষ হওয়ার আগেই পুরষ্কার ঘোষণা ঠিক না। এটা পাপনের বোঝা উচিত।	Negative
2657	খুদাত্র মানুষের মুখে খাবার জরুরী আর কিছু না।	Neutral
2658	জাফর নামের কুকুর কে বাংলাদেশ তেকে বের করে দেয়া হোক	Negative
2659	ভাই প্লিজ একটু sure হয়ে জানান । আর শোরুম থেকে কিনলেই তো অরিজিনাল তা পাবো । তাই না ,,,? কিন্তু , রাজশাহীতে শোরুম কোথায় ,,,,?	Neutral
2660	ওরা ছাত্রলীগ না ওরা হারামীর বাচ্চা	Negative
2661	পুরো কৃতিত্ব মুশিকে দিলি?? লিটন যদি ওই স্টার্ট না করতো তবে,মুশির বাপও জয় আনতে পারতো না	Negative
2662	বাংলাদেশ ফুটবল টিম থেকে গোছানো খেলা খেলসে।	Positive
2663	মুক্তিযোদ্ধার সন্তানেরা এখন পরিচয় দিতে লজ্জা পায়।	Negative
2664	চোরেরা ..	Negative
2665	এমরাইননা মাগীর পোলারে সেশ করে দিলে এই দেশটা বালো থাকবে। খাকি মাগীর পোলার পুটকিতে হাজার কিরমি আছে	Negative
2666	সাখায়াত হুসাইন জয় নাস্তিকদের পরাজয় অথ্রব কুথাকার	Negative
2667	ত্রসব হুজূর না ত্রগূলো হল শয়তান আমী যা বুজী যারা অরজীনাল হুজূর তারা কখনো রাজনিতী করেনা তারা শূধূ ইসলমের বেপারে সবাইকে বুজায়	Negative
2668	2018 তে ও শুনতেছি আছে কেউ	Positive
2669	নাস্তিক জাপুর ইবাল	Negative
2670	আমি আসা করছি আশরাফুল আগের ফর্ম ফিরে পাবে,সেই সাথে বাংলাদেশ এর জন্য ভালো কিছু নিয়ে আসবে চমক,তার বক্তদের জন্য। আমরা সেই আসাতেই আছি।	Positive
2671	BNP মানেই শান্তির দল কাবণ BNP ইসলাম মানে। কিন্তু আওয়ামীলীগ হলো মালায়নদের দল, আর মালায়নরা হলো মোনাফেক। হাসিনা হলো বেয়াদব, শয়তান, ছোটলোক, লোভী, জানোয়ার, নাস্তিক।	Negative
2672	"এসবের দ্বারা আমাদের লাভ কি হলো? এতে আমাদের কয়টা মৌলিক চাহিদা পূরন হয়েছে? না খাদ্য, না বস্ত্র, না বাসস্হান, না শিক্ষা, না চিকিৎসা,,,,কোনটা? এতে কয়জন বেকারের কর্মসংস্হানের ব্যাবস্হা হয়েছে? কয়জন অনাথ - দারিদ্রের পেটে ভাত জুটেছে? নাকি দেশের দুর্নীতিগ্রস্ত সরকারদের, দুর্নীতি বন্ধ হয়েছে? আসলে এসব হলো মূর্খ জনগনের টাকা মারার ধান্ধা,,,,। আরে ভাই, এসব স্যাটেলাইট - সাবমেরিন না করে, আগে দেশের মানুষের মৌলিক অধিকারগুলো নিশ্চিত করো,,,,, পর্যাপ্ত কর্মসংস্হানের ব্যাবস্হা করো, , ,মেধার সঠিক মূল্য দিতে শিখো,,,, দেশের দারিদ্রতা বিমোচন করো,,,, কলুষিত রাজনীতি, মারামারি , ধর্ষণ বা সামাজিক ব্যাবস্হার উন্নতি সাধন করো,,,, এসব মৌলিক বিষয়গুলোর খবর নেই, তাও আবার স্যাটেলাইট - সাবমেরিন নিয়ে দৌড়াদৌড়ি,,,,,? সত্যিই খুব মজা পেলাম, তোমাদের মূর্খতা দেখে,,, এসব মূর্খতার কারনেই উন্নত দেশেগুলোর তালিকায় আসতে পারছোনা,,, এসবের কারনেই বহির্বিশ্বের পাবলিক এখনো নাক ছিটকায়,,, মনে আছে? যেখানে বাংলাদেশ ICC চ্যাম্পিয়ানের পর ফুটবলার ম্যারাডোনা বলোছিলো "" বাংলাদেশ? প্রথম শুনলাম"" এসই হলো তোমাদের স্যাটেলাইট- সাবমেরিন? এসবই তোমাদের গিনেস বুকে নাম লিখা? থু থু দিই এসব দুর্নীতিগ্রস্ত সরকারগুলোকে,,,, থু থু দেই এসব নোংরা সমাজ ব্যাবস্হাকে, ধিক্কার জানাই মেধার অবমূল্যায়ন বা অন্ধ এই শিক্ষাব্যাবস্হাকে,,,,।ভাই, আসুন আমাদের প্রকৃত সমস্যাগুলো পরিএানে এগিয়ে আসি,,, এসব অমূলক ,অহেতুক বা অবান্তর স্যাটেলাইট - সাবমেরিন নিয়ে নাচানাচি বন্ধ করি।বুঝতে শিখি, এগুলো আমাদের সম্পদ, আমাদের টাকা, যেগুলোর সঠিক মূল্যায়ন অবশ্যক। আমরা শিক্ষিত, সচেতন নাগরিক হিসেবে আমরা আমাদের অধিকার আদায়ে সচেষ্ট হই,,, নিজের ক্ষুদ্র থেকে ক্ষুদ্রতম প্রয়াস দিয়ে হলেও আমাদের এসব সমস্যাগুলো লাগবের চেষ্টা করি, যদিও খুববেশি করার ক্ষমতা, সাধ্য বা সামর্থ্য আমাদের নেই,,,তবুও করবো। কারন, এদেশ আমার প্রিয় জন্মভূমি, এদেশ আমার মা, নিজের জীবনের চেয়ে বেশি ভালোবাসি প্রানপ্রিয় এই জন্মভূমিকে। সত্যিই, আমাদের অমন সুন্দর সুন্দর মানসিকতা বা ক্ষুদ্র -ক্ষুদ্র চেষ্টা থাকলেই দেশ পরিবর্তন হতে বাধ্য। আর, এভাবেই আমাদের প্রিয় জন্মভূমি বিশ্বের দরবারে মাথা উঁচু করে দাঁড়াবে।ধন্যবাদ।"	Negative
2673	প্রিয় হিরো ঠিক বলছেন	Positive
2674	কিশোরগঞ্জ বলে কথা,	Positive
2675	মামুবুল রা কোথায়/?	Neutral
2676	"Code - Uncode ""তুনি কি কখনো রাষ্ট্রবিজ্ঞান পড়িছিলি ?"" আমার কাছে এলে আমি তোমাকে ( মি. মাহমুদুর রহমান ) ফ্রি শিখাবো ।"	Negative
2677	এতো সুন্দর হয় কিভাবে একটা গান ?	Positive
2678	Samir Islam আবালের বাচ্চা	Negative
2679	আল্লাহ গো ইত্তা দেখলে তো আমারে আর ঢাকা গিয়া পড়তে ওই দিব না।,,, এ সব কি চলে?? আইনবিদরা কই??	Negative
2680	+Neamot Ullah সহজ বাংলায় ENT specialist হলো নাক-কান-গলা বিশেষজ্ঞ । :)	Neutral
2681	নউফল মাদারচোদ রে কেডা আনছে।	Negative
2682	মদ কেয়ে গানটা গেয়েছে তাই আমন হয়েছে	Negative
2683	মুর্খের বাচ্চারা। এখন এটার আগা খা।	Negative
2684	মাহমুদুর রহমান তোর আর তোদের বাপ । তোদের বাবারা যে শিক্ষা তোদেরকে দিতে পারেনি মাহমুদুর রহমান তা তোকে এবং তোদেরকে দিচ্ছে । ভাল করে গিলে নে ।	Negative
2685	প্রাক্তন থাকাকালে এমন এই নাটকটা বানালে ভালো নামের সাথেও মিল আছে দেখছি। নাটক তো জমে ক্ষীর!	Positive
2686	মুক্ত চিন্তা মানেই কি ০ ইসলামের বিরুদ্ধে কথা বা লেখাই ? ০ আর হুমায়ুন জাফর এরা কি মুক্তি যোদ্ধা ? এদের তো মুক্তিজুধদে জাওয়ার বয়স ছিল জুধদে জাওয়ার কেহ তো গেলেন না - আর তাদের মাতাই তার লিখিত বইয়ে লিখেছেন তাদের নানাকে মেরেছে মুক্তিজধদারা - তাদের বাবা তো পাকিস্তান স্রকারের পক্ষ ত্যাগ না করে জুদ্দে জান নাই ০ স্বাধীনতার আগ পর্যন্ত পাকিস্তান সরকারের গলাম ছিলেন ০ উনারা পাকিস্তান সরকারের মাহিনা খাইছেন - আর জাফর সাহেবের ইস্তির গায়ে হাত কারা দিয়েছিল ? আর নুহাশ পল্লী হল গেনি পাপিদের পতিতা লয়	Negative
2687	শেষের কাহিনী টা এরকম না করলেই ভালো হতো।	Negative
2688	জবাই করে খাও।	Negative
2689	আমার প্রিয় ব্যক্তিত্ব।	Positive
2690	যদি আজ বি এন পি এটি উঠাতো তাহলে কি বলতেন? এটার প্রয়োজন অবশ্যই আছে। যেটা আপনি জানেন। মানেন না এই কারণে যে, এটার দ্বারা অপরাধীরা সহজেই ধরা পড়বে।	Neutral
2691	MD MIRAZ UDDIN MINTU হুম ঠিক ফিটনেসটা অনেক গুরুত্বপূর্ণ যেকোনো খেলার জন্য	Neutral
2692	নাস্তিকরা কিসের জন্যে এত খুশি?	Neutral
2693	এই বয়সে মোসলমান হয়ে মাথায় কাপর নাই। এসব মানুষ মরলে কবর দেওয়া ঠিক না মাটিও কষট পাবে।	Negative
2694	কোরআন কি বুজবিরে কুত্তা বাচ্চা	Negative
2695	মাহমুদুর রহমান একটা অনু ভাঙ্গলে অনুই মিলে - একটা হিরু কোন পা চাটা কুকুর নয় ।	Negative
2696	Disliker এই নাসর বান্দা গুলন কারা এতো ভালো গানটারে Dishlike করছে ??	Negative
2697	কুকুরে জন্ম দিছে মুতিয়ারে তাই তাই তো কথায় কথায় গালি দেয়।	Neutral
2698	"ফুড ব্লগারের এডমিন ""সৌম্য শাহরিয়ার"" কে আইনের আওতায় নেয়া হোক।"	Negative
2699	Sharif Ahmad Saha r8 আমার একটা ছট্ট চ্যানেল আছে হয়তো আপনার ভাল লাকতে পারে। গুরে আসার দাওয়াত রইল।	Positive
2700	যে দেশের রাস্তাই ঠিক নেই। একটু বৃষ্টি হলেই রাস্তার মধ্য হাটু জল থাকে। ফিটনেস বীহিন গাড়ি, ব্যক্তিগত গাড়ি আর আমাদের নিয়ম ভাঙ্গার অভ্যাস তো আছেই।	Negative
2701	~ ভালো ছিলো খারাপ নয়	Positive
2702	বাজেট - কনফগারেশান রেশিওতে এটাকে এই বছরের বেস্ট ফোন বলা হচ্ছে! এমনকি ক্যামেরা টেস্টে এটা পিক্সেল-আই ফোন এক্স এর সাথে টেস্ট করা হয়েছে, তখন দেখা যায় এর আশ্চর্য রকমের পারফর্মেন্স! এর সাথে হুয়াই নোভা, অপ্পো F5 তুলনাই হয় না_______	Positive
2703	আপনি কি সাটেলাইট সাইন্স নিয়ে পাস?	Neutral
2704	শিক্ষণীয় একটা বিষয় তুলে ধরা হয়েছে। Bus HD কে ধন্যবাদ সাইন্স আর্টস এর ফালতু দাম্ভিকতাকে এত্ত সুন্দরভাবে উপস্থাপন করার জন্য। ভালো শিক্ষা প্রতিষ্ঠানে পড়লেই ভালো রেজাল্ট হয়ে জন্য নিজেকে মেহনৎ করতে হয়। তেমনি সাবজেক্ট জেটাই হোক নিজের মেধাকে কাজে লাগালে দুনিয়ার কোথাও কর্মক্ষেত্রের অভাব এমনি এমনিই একটা সাবজেক্ট বানায়নি। সেটা নিয়ে গবেষণা করার মতো ওয়ে আছে বলেই তারা :/	Neutral
2705	সালামু আলাইকুম ভাই কেমন আছেন আমি আপনার সাথে একটা কথা বলতে চাচ্ছিলাম আমি এক বিশাল বড় চক্রের ভিতর পড়ে গেছি দুয়া করে আমাকে আপনি একটু হেল্প করবেন please	Neutral
2706	সমি কায়সার অনেক বড় চেতনা দন্ডের	Negative
2707	আপনারা পাদিকা গান বানাতেন তাও ভাল হত। পটাকা মানে কি? পটকার মত করে নুনুস্রাত পাদিয়া পাদেন এইটাই তো নাকি?	Negative
2708	আমি ওমান থেকে	Neutral
2709	শেষটা????	Negative
2710	তোর কোন বাবায় দুইটা বাউন্ডারি মারবো,,	Negative
2711	শমী কায়সার কোথায় নৈরার্জ দেখেছেন,তা বলে যেতে হবে	Negative
2712	নাগিনের বিষাক্ত দংশনের যন্ত্রণা কেমন দেখেছ , হে ! হুজুগে মাতাল জাতি ?	Negative
2713	সত্যি কথা কি গানের কথাগুলা সুন্দর কিন্তু গায়িকা অন্য কেও হলে গানটা হিট হত।	Positive
2714	দুই মাগীরে জোতা দিয়া পিঠানো হোক।	Negative
2715	পোলায় ক্লাস সেভেনের পড়াও বোঝেনা।	Negative
2716	ভালোবাসার বাহিরেও কিছু করা যায়। বালের ভালোবাসার নাটক সবদিকে	Negative
2717	ড্রোন দিয়ে চিরুনি তল্লাশি করা এলাকায় পপি চাষ হয়। আর ধ্বংশ করা হোক	Negative
2718	এমরান তুই কি কুকুরের ছেলে নাকি বিড়ালের ছেলে	Negative
2719	ওরা মেয়ে হয়ে এত সুন্দর খেলা দেখাল দু হাত তুলে তাদের জন্য দোয়া করতে মোন চায়, আর পুরুষ নামে কাপুরুরা যা খেলা দেখায় তাদের খেলা এত জগন্ন, তাদের দরকার এই মেয়েদের পা দোয়া পানি খাইতে।	Negative
2720	ISLAM ISLAM তোর হার্ডিক বাবা,আকিলা বাবায় কি করছে,	Negative
2721	সুলতানা কামাল আপনি এত বাচাল কেন?	Negative
2722	আমি সবাই কে বলিনি। এখানে সব গুলা মেয়ে হাই ফেমেলী। এক জন ১০ জন কে বদনাম করে। আমি সেটাই বলছি।	Negative
2723	Lg v30 এর খেলা কি হপ্পে ভাই	Positive
2724	পরিচালক মহোদয় সবসময় পত্র-পত্রিকায় সড়ক দুর্ঘটনার খবর পড়তে পড়তে এ্যাক্সিডেন্টের প্যাড়া মাথায় ঢুকিয়ে ফেলেছেন। তিনি বোঝানোর চেষ্টা করেছেন যে একটি সড়ক দুর্ঘটনা মানে একজন প্রেমিকার সারাজীবনের কান্না। ঝামেলাপূর্ণ নাটক। মাবরুর রশিদ বান্নার নিকট থেকে এই টাইপের ওভারঅল নির্মাণশৈলী আশা করিনি। সমগ্র নাটকের বেশিরভাগই উল্টাপাল্টা। পরিচালক এ্যাক্সিডেন্ট নিয়ে টেনশনে ছিলেন।	Negative
2725	আন্দলিব ভাইয়া প্রধানমন্ত্রি হলে দেশ ১০০% উন্নত :)	Positive
2726	মাহমুদুর রহমান তোর আর তোদের বাপ । তোদের বাবারা যে শিক্ষা তোদেরকে দিতে পারেনি মাহমুদুর রহমান তা তোকে এবং তোদেরকে দিচ্ছে । ভাল করে গিলে নে ।	Neutral
2727	ভালো হতে ফয়সা লাগে না।	Negative
2728	the undertaker এর পার্ট গুলা জোস ছিল	Positive
2729	Didarul Karim নুসরাত ফারিয়া কিন্তু এই মুর্খ, কমশিক্ষিত আর বাঙালি জাতীকে রিপ্রেজেন্ট করে। সকলের আপত্তির জায়গাটা কে সম্মান দিতে শিখুন! আমিও ফারিয়ার শিক্ষা স্মার্টনেস কে পছন্দ মেয়ে! ছয়মাস অনুশীলনের ফল : বাংলা উচ্চারণ সব মিলে এই আউট	Neutral
2730	N S Naem পাপন সারকে বলছি আপনে তারাতারি আশরাফুল কে দলে আনেন পিলিস সার পিলিস	Neutral
2731	আচ্ছা আপনারা নাস্তিক আনেন তিন- চারজন আর মাওলানা আনেন একজন কেন? জবাব চাই।	Negative
2732	সালার প্রোফাইল যান দুইটা গালি দিয়া আসেন , আমার আইডি ব্লক মারছে আর এই লোকের নামে কেউ মামলা করে না কেন ? সরকারি চাকরি চলে যাওয়ার কথা । বাটপার একটা আগেও অভিযোগ উঠেছিল । টাকা নিত রিভিউ দিত একটা কথা ছিল কিন্তু জিম্মি করে টাকা আদায় । এটাই আমার বিজনেস , খাইশটা সালা	Negative
2733	আমি আসা করছি আশরাফুল আগের ফর্ম ফিরে পাবে,সেই সাথে বাংলাদেশ এর জন্য ভালো কিছু নিয়ে আসবে চমক,তার বক্তদের জন্য। আমরা সেই আসাতেই আছি।	Neutral
2734	আইন চিনকলা বাহিনি মদ্দদাতা এই সব কাজ না চলে পুলিশের পকেট কি ভাবে বরবে। আমার এই অবিযোগ শুধু কিছু কিছু পুলিশ হেমারের কারনে আরব দেশে পুলিশ পুরা খমতা নিয়ে ছলে।	Negative
2735	ঠিক বলেছেন	Positive
2736	অসাধারণ কিছু Express! মনেহচ্ছিল বাস্তবে কিছু সুশিল সমাজের প্রতিছবি দেখতে পেলাম। যা মানুষের দৃষ্টিকোণ অনেক উচ্চতর করবে।	Positive
2737	ভাই আমাকে আপনাদের সাথে কাজে নিবেন?? ব্যাপক ইচ্ছা আমার	Positive
2738	"আপনাদের মুখে dislike এর কথা শুনতে শুনতে ভেবেছিলাম গানটি মনে হয় খুব খারাপ গাইছে, কিন্তু এখন দেখি চিত্রটা উল্টো হয়ে গেছে। আপনি লাইক দেন আর ডিসলাইক দেন আপনি কিন্তু এই গানটির একজন viewer, তাই নূসরাত সফল হয়েছে কারন সে যত ভাল গানই করুক না কেন এতগুলো দর্শক কখনই তৈরি করতে পারতোনা যদি না গানটি নেগেটিভ ধরনের না হতো। এতে বুঝা আমরা নেগেটিভ বিষয়টাকে ঘৃনা করি প্রকাশ্যে আবার লুকিয়ে লুকিয়ে খোলামেলা দৃশ্য দেখতেও খুব ভালবাসি, তা নাহলে Indian & Chinese adult movier দর্শক বাংলাদেশে বেশী হতোনা আর এটা আমার মতামত না ""অনলাইন জরিপ রিপোর্ট বলছে""। পাওলি দাম পুরো নগ্ন হয়ে চলচ্চিত্রে আলোচনায় এসেছে এখন যথেষ্ট সুনামও হচ্ছে। সেরকম নূসরাত তার নিজেকে সবার আলোচনার কেন্দ্রবিন্দুতে আসার জন্য একটা জাল ফেলেছে আর আমরা সেই জালে ধরা দিয়েছি। তাই আমার দৃষ্টিকোন থেকে সেও আমি like / dislike কোনটিই দেইনি।"	Neutral
2739	যে দেশের রাস্তাই ঠিক নেই। একটু বৃষ্টি হলেই রাস্তার মধ্য হাটু জল থাকে। ফিটনেস বীহিন গাড়ি, ব্যক্তিগত গাড়ি আর আমাদের নিয়ম ভাঙ্গার অভ্যাস তো আছেই।	Negative
2740	প্রধান মন্ত্রী শেখ হাসিনা তিনি যদি এই ছাত্র লীগের জন্য কঠিন শাস্তি না দেয় তাহলে এই ছাত্র লীগ তার জন্য চিন্তার কারণ হয়ে উঠবে যা তখন কিছু করার জন্য সময় থাকবে না।	Neutral
2741	স।ব।স ক।নচন ভ।ই	Positive
2742	বাংলাদেশের ছেলেরা বাল ছিড়তে পারে না মেয়ে গুলো বাল ছিড়ে।	Negative
2743	টাইগার না বলে ছাগল বলুন।	Neutral
2744	পোরান ঢাকার পরিচিতি একদম ভালোনা, যত তাডাতাডি ঠিক করা দরকার।	Negative
2745	ভাই আপনার কথা best funny	Positive
2746	ভারত খানকির পোলা গো মাথা খারাপ	Negative
2747	গ্রেট এবং টেলেন্টেড লিডার পার্থ।	Positive
2748	এই দামে S7 edge কিনাই তো	Neutral
2749	জবাই করে খাও।	Negative
2750	মাননীয় শিক্ষামন্ত্রী, আপনার পিএ ও আপনার যোগসাজসে প্রশ্ন ফাঁস হচ্ছে।রোধ করা আপনার পক্ষে সম্ভব নয়,তাই পদত্যাগ করা উচিত।	Negative
2751	ভালই খেললো ক্রিকেটাররা	Positive
2752	অনুষ্ঠানের নামটা খুব চমৎকার। সামিয়া রহমান এর উপস্থাপনা আর জাফর ইকবাল স্যারের কথা মুগ্ধ করেছে।	Positive
2753	ইমরানরে জুতা খুলে মুজা দিয়ে পিটানো উচিৎ। শালার তিনটা কাফিররে ফাসি দেওয়া উচিৎ	Negative
2754	আজ কথায় কথায়, সব মানুসেই ইংরেজি বাংলা ভুলে যাচ্ছে	Negative
2755	হিন্দুধর্মে গরুর মাংস খাওয়ায় কোন নিষেধ নেই। গরুর মাংস না খাওয়া একটি সামাজিক নিয়ম। বরং ইসলামে গরুর মাংস নিষিদ্ধ। গরুর মাংস হারাম না হলেও এটা মাক্রুহ অর্থাৎ খেতে discourage করা হয়েছে। এরপরেও কাটুয়া মাদারচোদের বাচ্চারা গরুর মাংস খায় শুধুমাত্র তাকিয়া আর জ্বিহাদের উদ্দেশ্যে। এই চুতমারানিরা বেহেশতে ৭২ বেশ্যা মাগী ভোগ করতে নিজের মায়ের মাংসও খাবে।	Negative
2756	২ মহিলা ও ইমরান কে জুতা পিটা করার বাচ্ছারা ইসলামের কি বুঝে???আর উপস্থাপক কে দেখে মনে হয় এক	Negative
2757	শেষে মারা যাওয়া টা ভাল লাগে নি	Negative
2758	ইয়া আল্লাহ তুমি বাংলাদেশের সকল হিন্দু ভাই দের হেদায়েত দিও,,,,,,,,	Positive
2759	দেশে দু একটা কুলাঙ্গার থাকবেই তবে দেশের কিছুই হবে না	Negative
2760	তূমি যে বাল পন্ডিত তোমার কথায় বুঝতে পারছি।	Negative
2761	সালা পাগল চুদা নাস্তিক তিন মাগি ইমরানের মা ছিল নাস্তিকদের কাছে, কপালে বড় বড় তিলক চুদাইছে আবার দাত বের করে হাসে সয়তান মাগি তোর ভুদার ভিতর নুনু না দিয়ে কাস দিয়ে খারা করে রাকবে?	Negative
2762	ধন্যবাদ ভাই	Positive
2763	অবশেষে অপেক্ষার পালা শেষ হলো ধন্যবাদ মঞ্জুরুল করিম স্যার	Positive
2764	আমি কিছু বুঝতাছি না কি বলবো?	Neutral
2765	এতো সুন্দর কেন????????????	Positive
2766	এধরনের রাজাকারের বাচ্চাদের কুকরের মতপেটানো হোক	Negative
2767	অবেষে প্রেম হল ♣♣♣♣♣^	Positive
2768	অনেক ভালো লাগলো স্যার। স্যার সাধারণ মানুষ আপনাকে ততটা বুঝে না, যেখানে আমরা আপনান ভালো করে চিনি না। তারপরেও আমি বলবো, আপনি যাদেরকে আপন মনে করেন আসলে তারা আপনার কতটা আপনজন।	Neutral
2769	শাহীন আখাউডা সৌদি প্রবাসী pagol	Negative
2770	ঠিক বলেছেন	Positive
2771	দুই খানকী মাগী ফোটা লাগিয়ে বসছে। ওদের সাথে কথা বলাই পাপ।	Negative
2772	কেউ কি আমাকে বলবেন পাতাকা মানে কি? এই গানের অর্থ কি? কিছুই বুঝলাম না :(	Neutral
2773	গনজাগরণ মন্চ জাসদ,বাসদের গোস্টী।রাশিয়ার দালাল।	Negative
2774	আশরাফুল কে চাই দলে	Neutral
2775	ভাই এটার ডিসপ্লে এত সুন্দর কারন এটার মেকার সামসং	Positive
2776	এখানে মোট ৫জন সদস্য আছে । তার মধ্যে দুই জন নারী কেয়াল করবেন দর্শকরা । বুঝতেছি এখানে ১০থেকে ১৫জন নারীর উপস্থিত বুঝা যাচ্ছে দুই অসভ্য নারির আলামতে	Negative
2777	ধন্যবাদ স্যার,	Neutral
2778	উপস্থাপক কে ধন্যবাদ।	Positive
2779	লিট ভাই সাবাস	Positive
2780	খুব ভাল লাগল । অনবদ্য গায়কী , সুন্দর সুর , কথা এবং মিউজিক ভিডিও টির সঠিক চিত্রায়নে দৃশ্য এবং শ্রুতি নন্দন হয়ে উঠেছে গানটি। অভিনয় এ সবাই যথাযথ । গায়কের প্রতি প্রত্যাশা বেড়ে গেল । কলকাতা থেকে ভালবাসা সহ ।	Positive
2781	সব দোষ ওরে কেন দিবেন? দোষ কি রেস্টুরেন্ট মালিকদের ছিল না, নিম্ন মানের খাবার পরিবেশন করে পোস্ট দিয়ে আমাদের মতো খাবার রসিকদের বোকা বানায়? ভাল হইছে। দুই ধরনের লোকদের সাস্তি হওয়া উচিৎ আমি মনে করি।	Negative
2782	CMV কি এইগুলো। কোন দেশের ওরা।।। লাথি মার	Negative
2783	আধুনিক হয়্যা গালি শিখছে মনে হয়,, পুরাই fuck videoo!!! মাথা খা--------	Negative
2784	অাপনি কথা বলতে গিয়ে কতটা ইংলিশ শব্দ বলেছেন লক্ষ্য করছেন? বাল পাকনামী কম করেন। এগুলো প্রতিবাদ না বন্ডামীর নতুন নাম।	Negative
2785	সত্যিই নাটকটা অনেক বেশি ভালো। কিন্তু নিজেকে খুব ভাগ্যবান মনে হচ্ছে কারন আমার পরিবার কখনওই বলেনি A+ পাইতে হবে।	Positive
2786	ভেরি নাইচ লাগচে ভায়া	Positive
2787	আরো সন্ধান চাই	Neutral
2788	ভাই এই মুবির নাম কি?	Neutral
2789	Didarul Karim নুসরাত ফারিয়া কিন্তু এই মুর্খ, কমশিক্ষিত আর বাঙালি জাতীকে রিপ্রেজেন্ট করে। সকলের আপত্তির জায়গাটা কে সম্মান দিতে শিখুন! আমিও ফারিয়ার শিক্ষা স্মার্টনেস কে পছন্দ মেয়ে! ছয়মাস অনুশীলনের ফল : বাংলা উচ্চারণ সব মিলে এই আউট	Neutral
2790	কমেন্ট পড়তে পড়তে নাটক দেখা হয়ে গেল।	Neutral
2791	ওরে টাইগার, আমরা তোদের ছাগল মনে করি,	Negative
2792	গান টা মোটামুটি ভালোই লাগছিলো নুসরাত ফারিয়ার গলায়, কিন্ত গানটা নষ্ট করছে ওর পোশাক অার টিকটিকির নাচন।	Neutral
2793	এমন কিচু জানোয়ার জন্ম নিয়ে সে সাধারন মানুষ কে কষটো দেয়ার জন্য,	Negative
2794	সবি ভালো লেগেছে নাটকের তবে ছাত্রীর ঢং করে কথা বলাটা বড়ই অপছন্দ লেগেছে,	Neutral
2795	ইমরানরে জুতা খুলে মুজা দিয়ে পিটানো উচিৎ। শালার তিনটা কাফিররে ফাসি দেওয়া উচিৎ	Negative
